"","age","contact","month","duration","pdays","previous","y"
"1",30,"cellular","oct",79,-1,0,"no"
"2",43,"cellular","nov",11,-1,0,"no"
"3",48,"cellular","may",612,344,1,"no"
"4",29,"cellular","jul",83,-1,0,"no"
"5",59,"unknown","may",226,-1,0,"no"
"6",36,"unknown","may",1044,-1,0,"no"
"7",36,"cellular","may",341,330,2,"no"
"8",55,"cellular","aug",159,-1,0,"no"
"9",41,"unknown","may",57,-1,0,"no"
"10",34,"cellular","mar",114,467,5,"no"
"11",39,"unknown","may",273,-1,0,"no"
"12",43,"cellular","apr",113,-1,0,"no"
"13",42,"cellular","nov",193,-1,0,"no"
"14",31,"cellular","jan",89,241,1,"no"
"15",40,"cellular","aug",189,-1,0,"no"
"16",56,"cellular","aug",239,-1,0,"no"
"17",37,"cellular","apr",114,152,2,"no"
"18",25,"unknown","may",250,-1,0,"no"
"19",31,"cellular","jul",148,152,1,"no"
"20",43,"cellular","nov",110,-1,0,"no"
"21",42,"cellular","nov",140,-1,0,"no"
"22",44,"unknown","jun",109,-1,0,"no"
"23",31,"cellular","nov",89,-1,0,"no"
"24",29,"cellular","jul",88,-1,0,"no"
"25",70,"telephone","may",338,185,2,"no"
"26",55,"unknown","may",247,-1,0,"no"
"27",40,"cellular","nov",64,-1,0,"no"
"28",56,"cellular","jul",149,-1,0,"no"
"29",53,"cellular","aug",74,-1,0,"no"
"30",31,"cellular","aug",81,-1,0,"no"
"31",59,"cellular","nov",40,-1,0,"no"
"32",42,"unknown","may",150,-1,0,"no"
"33",23,"unknown","may",16,-1,0,"no"
"34",37,"unknown","may",359,-1,0,"no"
"35",38,"unknown","may",364,-1,0,"no"
"36",37,"unknown","jun",66,-1,0,"no"
"37",44,"cellular","jun",130,-1,0,"no"
"38",32,"cellular","nov",11,-1,0,"no"
"39",34,"unknown","may",105,-1,0,"no"
"40",30,"unknown","jun",159,-1,0,"no"
"41",40,"cellular","feb",15,-1,0,"no"
"42",32,"cellular","feb",204,-1,0,"no"
"43",37,"cellular","aug",1740,-1,0,"no"
"44",38,"cellular","aug",98,-1,0,"no"
"45",53,"cellular","jul",272,-1,0,"no"
"46",48,"telephone","jul",159,-1,0,"no"
"47",57,"telephone","feb",140,-1,0,"no"
"48",28,"unknown","may",452,-1,0,"no"
"49",36,"unknown","may",314,-1,0,"no"
"50",37,"unknown","may",645,-1,0,"no"
"51",33,"unknown","may",410,-1,0,"no"
"52",63,"cellular","oct",323,-1,0,"no"
"53",35,"cellular","aug",112,-1,0,"no"
"54",48,"cellular","jul",134,-1,0,"no"
"55",56,"cellular","oct",223,-1,0,"no"
"56",44,"telephone","jul",73,-1,0,"no"
"57",55,"telephone","jul",208,-1,0,"no"
"58",29,"cellular","jul",130,-1,0,"no"
"59",41,"cellular","jul",630,-1,0,"no"
"60",32,"cellular","nov",164,-1,0,"no"
"61",42,"unknown","may",380,-1,0,"no"
"62",31,"unknown","may",154,-1,0,"no"
"63",41,"unknown","jun",154,-1,0,"no"
"64",56,"unknown","may",221,-1,0,"no"
"65",39,"cellular","may",561,369,3,"no"
"66",41,"cellular","may",367,297,1,"no"
"67",40,"cellular","aug",87,-1,0,"no"
"68",50,"cellular","feb",701,-1,0,"no"
"69",40,"cellular","nov",204,196,1,"no"
"70",54,"unknown","jun",23,-1,0,"no"
"71",28,"cellular","may",150,-1,0,"no"
"72",45,"cellular","jan",244,-1,0,"no"
"73",41,"cellular","jul",60,-1,0,"no"
"74",35,"unknown","may",521,-1,0,"no"
"75",38,"cellular","apr",279,-1,0,"no"
"76",57,"unknown","may",191,-1,0,"no"
"77",39,"cellular","nov",201,-1,0,"no"
"78",59,"unknown","jun",48,-1,0,"no"
"79",40,"cellular","nov",147,-1,0,"no"
"80",39,"cellular","apr",433,-1,0,"no"
"81",40,"telephone","jul",742,-1,0,"no"
"82",41,"unknown","may",149,-1,0,"no"
"83",30,"cellular","oct",233,137,20,"no"
"84",32,"cellular","aug",98,-1,0,"no"
"85",36,"unknown","may",337,-1,0,"no"
"86",26,"cellular","oct",116,-1,0,"no"
"87",49,"telephone","nov",345,-1,0,"no"
"88",57,"telephone","may",65,-1,0,"no"
"89",34,"unknown","aug",9,-1,0,"no"
"90",32,"cellular","apr",259,145,3,"no"
"91",38,"unknown","jun",179,-1,0,"no"
"92",33,"cellular","feb",280,-1,0,"no"
"93",27,"cellular","jul",435,-1,0,"no"
"94",31,"unknown","may",146,-1,0,"no"
"95",32,"cellular","jul",317,-1,0,"no"
"96",33,"cellular","jan",76,207,1,"no"
"97",30,"cellular","may",83,-1,0,"no"
"98",42,"cellular","aug",86,-1,0,"no"
"99",40,"cellular","feb",267,270,3,"no"
"100",46,"unknown","jun",564,-1,0,"no"
"101",31,"cellular","jul",588,-1,0,"no"
"102",45,"cellular","aug",113,-1,0,"no"
"103",33,"cellular","nov",58,122,4,"no"
"104",36,"cellular","jul",779,-1,0,"no"
"105",51,"cellular","may",281,266,6,"no"
"106",57,"cellular","nov",22,114,1,"no"
"107",45,"cellular","jul",32,-1,0,"no"
"108",34,"unknown","may",120,-1,0,"no"
"109",37,"cellular","may",53,-1,0,"no"
"110",49,"cellular","nov",60,-1,0,"no"
"111",43,"unknown","may",67,-1,0,"no"
"112",48,"cellular","may",85,168,2,"no"
"113",27,"unknown","may",317,-1,0,"no"
"114",33,"cellular","aug",236,-1,0,"no"
"115",29,"cellular","may",54,345,2,"no"
"116",34,"cellular","feb",71,-1,0,"no"
"117",60,"unknown","jun",39,-1,0,"no"
"118",32,"cellular","aug",204,-1,0,"no"
"119",32,"cellular","jul",455,-1,0,"no"
"120",26,"unknown","may",141,-1,0,"no"
"121",31,"cellular","nov",190,-1,0,"no"
"122",42,"unknown","may",280,-1,0,"no"
"123",35,"cellular","aug",588,-1,0,"no"
"124",58,"cellular","aug",131,-1,0,"no"
"125",48,"cellular","jul",168,-1,0,"no"
"126",46,"cellular","jan",194,436,1,"no"
"127",71,"cellular","jan",208,93,2,"no"
"128",41,"unknown","may",333,-1,0,"no"
"129",36,"cellular","jul",102,-1,0,"no"
"130",45,"unknown","jul",92,-1,0,"no"
"131",28,"cellular","may",253,107,5,"no"
"132",51,"unknown","jun",151,-1,0,"no"
"133",35,"cellular","aug",77,-1,0,"no"
"134",55,"cellular","jan",84,183,3,"no"
"135",56,"unknown","may",66,-1,0,"no"
"136",34,"cellular","jul",147,-1,0,"no"
"137",34,"unknown","oct",10,-1,0,"no"
"138",25,"unknown","may",199,-1,0,"no"
"139",41,"unknown","may",35,-1,0,"no"
"140",43,"unknown","may",82,-1,0,"no"
"141",31,"unknown","jun",455,-1,0,"no"
"142",78,"telephone","mar",80,-1,0,"no"
"143",45,"cellular","jan",549,-1,0,"no"
"144",44,"unknown","jun",29,-1,0,"no"
"145",32,"cellular","jul",412,-1,0,"no"
"146",50,"cellular","feb",116,253,1,"no"
"147",31,"cellular","jan",130,2,1,"no"
"148",42,"cellular","feb",119,195,8,"no"
"149",48,"cellular","may",90,-1,0,"no"
"150",42,"cellular","nov",135,-1,0,"no"
"151",43,"cellular","jul",166,-1,0,"no"
"152",44,"cellular","jul",18,-1,0,"no"
"153",37,"cellular","may",147,347,1,"no"
"154",59,"telephone","nov",207,153,1,"no"
"155",37,"cellular","nov",65,119,1,"no"
"156",31,"cellular","apr",224,74,4,"no"
"157",32,"cellular","jul",333,-1,0,"no"
"158",50,"cellular","may",141,297,2,"no"
"159",40,"unknown","jun",140,-1,0,"no"
"160",34,"unknown","jun",109,-1,0,"no"
"161",34,"cellular","jul",61,-1,0,"no"
"162",52,"unknown","may",420,-1,0,"no"
"163",37,"cellular","feb",96,271,2,"no"
"164",36,"cellular","may",152,347,1,"no"
"165",49,"telephone","jul",97,-1,0,"no"
"166",33,"cellular","jul",543,-1,0,"no"
"167",30,"cellular","nov",240,-1,0,"no"
"168",26,"cellular","may",101,-1,0,"no"
"169",39,"unknown","jun",217,-1,0,"no"
"170",31,"unknown","may",159,-1,0,"no"
"171",36,"unknown","jun",411,-1,0,"no"
"172",34,"cellular","jul",1156,-1,0,"no"
"173",42,"cellular","apr",285,-1,0,"no"
"174",32,"cellular","may",291,-1,0,"no"
"175",60,"unknown","may",113,-1,0,"no"
"176",39,"cellular","nov",1337,126,1,"no"
"177",45,"cellular","nov",139,-1,0,"no"
"178",42,"cellular","jul",196,-1,0,"no"
"179",29,"cellular","jul",115,61,1,"no"
"180",44,"cellular","nov",20,175,15,"no"
"181",56,"cellular","aug",17,-1,0,"no"
"182",42,"unknown","jun",57,-1,0,"no"
"183",25,"unknown","jun",95,-1,0,"no"
"184",33,"unknown","may",169,-1,0,"no"
"185",57,"cellular","nov",198,-1,0,"no"
"186",31,"cellular","aug",220,-1,0,"no"
"187",45,"cellular","aug",71,-1,0,"no"
"188",48,"cellular","nov",37,-1,0,"no"
"189",60,"unknown","jun",36,-1,0,"no"
"190",49,"cellular","aug",151,-1,0,"no"
"191",37,"unknown","may",412,-1,0,"no"
"192",44,"unknown","jun",476,-1,0,"no"
"193",49,"unknown","may",59,-1,0,"no"
"194",41,"cellular","aug",111,-1,0,"no"
"195",42,"cellular","feb",139,-1,0,"no"
"196",32,"unknown","may",227,-1,0,"no"
"197",26,"unknown","may",174,-1,0,"no"
"198",33,"cellular","apr",210,242,1,"no"
"199",36,"cellular","may",9,-1,0,"no"
"200",35,"cellular","sep",112,62,6,"no"
"201",42,"cellular","may",238,340,2,"no"
"202",40,"unknown","jun",222,-1,0,"no"
"203",57,"telephone","apr",137,-1,0,"no"
"204",45,"cellular","jul",768,91,5,"no"
"205",30,"cellular","jan",123,-1,0,"no"
"206",34,"cellular","jul",78,-1,0,"no"
"207",33,"cellular","apr",124,308,2,"no"
"208",57,"unknown","may",216,-1,0,"no"
"209",57,"unknown","jun",69,-1,0,"no"
"210",51,"cellular","jul",168,-1,0,"no"
"211",26,"unknown","may",302,-1,0,"no"
"212",50,"cellular","nov",690,-1,0,"no"
"213",44,"cellular","aug",125,-1,0,"no"
"214",27,"unknown","jun",344,-1,0,"no"
"215",50,"unknown","may",673,-1,0,"no"
"216",44,"cellular","aug",163,-1,0,"no"
"217",54,"cellular","aug",98,-1,0,"no"
"218",26,"unknown","may",351,-1,0,"no"
"219",48,"cellular","apr",104,-1,0,"no"
"220",43,"cellular","may",9,172,5,"no"
"221",31,"cellular","feb",155,-1,0,"no"
"222",32,"unknown","may",528,-1,0,"no"
"223",55,"cellular","jul",221,-1,0,"no"
"224",45,"unknown","may",62,-1,0,"no"
"225",46,"cellular","aug",71,-1,0,"no"
"226",58,"telephone","jul",122,-1,0,"no"
"227",34,"cellular","jul",361,-1,0,"no"
"228",28,"cellular","aug",119,-1,0,"no"
"229",40,"cellular","may",363,173,24,"no"
"230",38,"unknown","jun",118,-1,0,"no"
"231",32,"cellular","aug",181,-1,0,"no"
"232",27,"cellular","may",528,358,2,"no"
"233",53,"cellular","jul",180,-1,0,"no"
"234",58,"cellular","aug",543,78,2,"no"
"235",44,"telephone","jul",168,-1,0,"no"
"236",29,"unknown","may",230,-1,0,"no"
"237",33,"cellular","jul",83,-1,0,"no"
"238",49,"cellular","apr",390,-1,0,"no"
"239",56,"cellular","jul",88,-1,0,"no"
"240",40,"cellular","jun",297,28,3,"no"
"241",36,"unknown","jul",85,-1,0,"no"
"242",35,"cellular","nov",484,-1,0,"no"
"243",47,"cellular","aug",71,-1,0,"no"
"244",38,"unknown","jun",119,-1,0,"no"
"245",57,"cellular","aug",197,-1,0,"no"
"246",38,"cellular","aug",247,-1,0,"no"
"247",50,"cellular","nov",49,-1,0,"no"
"248",51,"cellular","may",341,-1,0,"no"
"249",59,"unknown","may",64,-1,0,"no"
"250",48,"unknown","jun",15,-1,0,"no"
"251",37,"unknown","jun",98,-1,0,"no"
"252",42,"unknown","may",650,-1,0,"no"
"253",40,"unknown","jun",197,-1,0,"no"
"254",28,"unknown","may",331,-1,0,"no"
"255",45,"cellular","nov",275,-1,0,"no"
"256",27,"unknown","may",138,-1,0,"no"
"257",41,"cellular","jul",312,-1,0,"no"
"258",47,"unknown","may",211,-1,0,"no"
"259",53,"cellular","aug",62,-1,0,"no"
"260",50,"cellular","aug",104,-1,0,"no"
"261",47,"cellular","aug",101,-1,0,"no"
"262",32,"cellular","nov",400,-1,0,"no"
"263",70,"cellular","may",445,-1,0,"no"
"264",65,"cellular","jun",383,188,5,"no"
"265",56,"telephone","jul",605,-1,0,"no"
"266",35,"cellular","jul",330,-1,0,"no"
"267",56,"cellular","jul",171,-1,0,"no"
"268",56,"cellular","jul",442,-1,0,"no"
"269",38,"unknown","may",249,-1,0,"no"
"270",35,"unknown","may",357,-1,0,"no"
"271",30,"cellular","jul",41,-1,0,"no"
"272",49,"cellular","may",199,167,1,"no"
"273",55,"cellular","jan",271,-1,0,"no"
"274",43,"cellular","jul",783,-1,0,"no"
"275",43,"cellular","aug",472,-1,0,"no"
"276",30,"unknown","may",395,-1,0,"no"
"277",49,"cellular","jul",474,-1,0,"no"
"278",50,"unknown","jun",641,-1,0,"no"
"279",26,"unknown","may",113,-1,0,"no"
"280",45,"unknown","jun",11,-1,0,"no"
"281",37,"cellular","feb",157,-1,0,"no"
"282",60,"cellular","jul",79,-1,0,"no"
"283",47,"unknown","jun",168,-1,0,"no"
"284",33,"cellular","nov",425,462,1,"no"
"285",54,"telephone","may",193,-1,0,"no"
"286",48,"unknown","may",357,-1,0,"no"
"287",37,"cellular","jul",22,-1,0,"no"
"288",51,"unknown","jun",65,-1,0,"no"
"289",34,"cellular","jul",56,-1,0,"no"
"290",47,"unknown","may",126,-1,0,"no"
"291",33,"unknown","sep",9,-1,0,"no"
"292",27,"cellular","may",143,-1,0,"no"
"293",42,"unknown","may",54,-1,0,"no"
"294",51,"cellular","may",106,-1,0,"no"
"295",32,"cellular","jul",624,-1,0,"no"
"296",46,"unknown","may",246,-1,0,"no"
"297",38,"telephone","jul",121,-1,0,"no"
"298",34,"cellular","jul",538,-1,0,"no"
"299",39,"cellular","may",126,-1,0,"no"
"300",36,"cellular","may",270,347,1,"no"
"301",57,"cellular","jul",339,-1,0,"no"
"302",44,"unknown","may",159,-1,0,"no"
"303",47,"cellular","may",323,364,1,"no"
"304",31,"cellular","apr",342,-1,0,"no"
"305",35,"cellular","nov",180,-1,0,"no"
"306",39,"cellular","jul",60,-1,0,"no"
"307",50,"cellular","nov",223,96,2,"no"
"308",24,"cellular","dec",390,-1,0,"no"
"309",51,"cellular","oct",272,102,8,"no"
"310",46,"unknown","may",134,-1,0,"no"
"311",27,"cellular","feb",10,-1,0,"no"
"312",26,"cellular","may",620,-1,0,"no"
"313",36,"cellular","nov",6,-1,0,"no"
"314",42,"cellular","may",209,-1,0,"no"
"315",50,"unknown","may",419,-1,0,"no"
"316",49,"cellular","nov",283,-1,0,"no"
"317",45,"cellular","aug",188,-1,0,"no"
"318",23,"cellular","sep",267,-1,0,"no"
"319",38,"cellular","apr",196,-1,0,"no"
"320",51,"cellular","jul",333,-1,0,"no"
"321",32,"cellular","may",145,-1,0,"no"
"322",44,"unknown","jun",202,-1,0,"no"
"323",60,"cellular","jun",207,-1,0,"no"
"324",38,"unknown","jun",456,-1,0,"no"
"325",51,"cellular","aug",261,-1,0,"no"
"326",53,"cellular","feb",288,-1,0,"no"
"327",30,"cellular","may",131,363,9,"no"
"328",40,"unknown","jun",94,-1,0,"no"
"329",36,"unknown","jun",435,-1,0,"no"
"330",27,"cellular","may",109,-1,0,"no"
"331",33,"unknown","may",226,-1,0,"no"
"332",39,"unknown","jun",77,-1,0,"no"
"333",37,"telephone","may",121,341,4,"no"
"334",41,"cellular","jul",155,-1,0,"no"
"335",45,"cellular","apr",108,-1,0,"no"
"336",37,"cellular","jul",413,-1,0,"no"
"337",48,"unknown","may",208,-1,0,"no"
"338",61,"cellular","aug",331,-1,0,"no"
"339",35,"unknown","may",597,-1,0,"no"
"340",35,"cellular","aug",428,336,6,"no"
"341",28,"unknown","jun",380,-1,0,"no"
"342",35,"cellular","may",85,-1,0,"no"
"343",41,"unknown","jun",127,-1,0,"no"
"344",41,"unknown","may",153,-1,0,"no"
"345",49,"unknown","may",168,-1,0,"no"
"346",34,"cellular","jun",80,-1,0,"no"
"347",37,"cellular","may",60,87,1,"no"
"348",38,"telephone","may",212,-1,0,"no"
"349",39,"cellular","apr",493,-1,0,"no"
"350",35,"cellular","nov",98,-1,0,"no"
"351",39,"unknown","may",160,-1,0,"no"
"352",46,"unknown","may",103,-1,0,"no"
"353",50,"unknown","jun",287,-1,0,"no"
"354",45,"cellular","aug",159,-1,0,"no"
"355",41,"unknown","may",125,-1,0,"no"
"356",39,"cellular","jul",202,-1,0,"no"
"357",29,"cellular","jul",167,-1,0,"no"
"358",49,"cellular","aug",72,-1,0,"no"
"359",34,"cellular","jul",326,-1,0,"no"
"360",42,"cellular","aug",325,-1,0,"no"
"361",53,"telephone","aug",223,-1,0,"no"
"362",61,"cellular","jul",195,-1,0,"no"
"363",33,"cellular","sep",156,127,8,"no"
"364",46,"cellular","may",105,366,2,"no"
"365",46,"cellular","nov",514,-1,0,"no"
"366",39,"unknown","jun",13,-1,0,"no"
"367",37,"cellular","may",551,351,1,"no"
"368",54,"unknown","jun",158,-1,0,"no"
"369",59,"telephone","feb",251,-1,0,"no"
"370",36,"unknown","may",142,-1,0,"no"
"371",29,"unknown","jun",135,-1,0,"no"
"372",33,"cellular","jul",400,-1,0,"no"
"373",26,"unknown","may",107,-1,0,"no"
"374",32,"unknown","may",127,-1,0,"no"
"375",27,"cellular","may",373,-1,0,"no"
"376",53,"cellular","feb",200,-1,0,"no"
"377",29,"cellular","may",418,-1,0,"no"
"378",34,"cellular","jul",387,-1,0,"no"
"379",43,"cellular","may",156,337,3,"no"
"380",56,"cellular","jul",121,-1,0,"no"
"381",55,"unknown","jun",108,-1,0,"no"
"382",29,"cellular","apr",341,-1,0,"no"
"383",27,"cellular","apr",16,322,4,"no"
"384",36,"cellular","nov",54,-1,0,"no"
"385",52,"cellular","aug",145,94,4,"no"
"386",37,"unknown","may",168,-1,0,"no"
"387",30,"cellular","may",115,-1,0,"no"
"388",32,"cellular","may",183,-1,0,"no"
"389",62,"cellular","sep",28,-1,0,"no"
"390",24,"cellular","apr",369,-1,0,"no"
"391",31,"unknown","may",247,-1,0,"no"
"392",66,"cellular","apr",155,-1,0,"no"
"393",47,"cellular","jul",89,-1,0,"no"
"394",26,"cellular","jul",136,-1,0,"no"
"395",35,"cellular","apr",46,-1,0,"no"
"396",60,"cellular","aug",54,-1,0,"no"
"397",32,"cellular","may",321,-1,0,"no"
"398",52,"cellular","jul",268,-1,0,"no"
"399",42,"unknown","may",147,-1,0,"no"
"400",25,"cellular","jul",264,-1,0,"no"
"401",40,"cellular","jul",156,-1,0,"no"
"402",43,"cellular","may",118,102,2,"no"
"403",55,"unknown","may",343,-1,0,"no"
"404",32,"unknown","may",297,-1,0,"no"
"405",45,"unknown","jun",5,-1,0,"no"
"406",46,"cellular","may",142,259,17,"no"
"407",28,"cellular","mar",76,-1,0,"no"
"408",55,"unknown","may",126,-1,0,"no"
"409",39,"unknown","may",142,-1,0,"no"
"410",40,"cellular","nov",523,-1,0,"no"
"411",59,"telephone","aug",91,-1,0,"no"
"412",40,"cellular","nov",153,-1,0,"no"
"413",55,"unknown","may",210,-1,0,"no"
"414",38,"cellular","jul",121,-1,0,"no"
"415",41,"unknown","may",253,-1,0,"no"
"416",57,"unknown","may",139,-1,0,"no"
"417",48,"unknown","may",71,-1,0,"no"
"418",42,"unknown","may",131,-1,0,"no"
"419",54,"unknown","may",108,-1,0,"no"
"420",37,"unknown","may",247,-1,0,"no"
"421",56,"telephone","jul",236,-1,0,"no"
"422",53,"cellular","apr",208,140,1,"no"
"423",40,"cellular","jul",109,-1,0,"no"
"424",34,"unknown","may",56,-1,0,"no"
"425",54,"telephone","aug",159,106,6,"no"
"426",57,"unknown","jun",97,-1,0,"no"
"427",52,"unknown","may",30,-1,0,"no"
"428",55,"unknown","jun",193,-1,0,"no"
"429",57,"unknown","may",339,-1,0,"no"
"430",52,"unknown","may",468,-1,0,"no"
"431",33,"unknown","may",148,-1,0,"no"
"432",60,"cellular","aug",122,-1,0,"no"
"433",50,"cellular","may",172,370,1,"no"
"434",34,"cellular","nov",117,-1,0,"no"
"435",36,"unknown","may",294,-1,0,"no"
"436",47,"cellular","aug",618,-1,0,"no"
"437",53,"unknown","may",331,-1,0,"no"
"438",58,"telephone","jul",282,-1,0,"no"
"439",31,"cellular","aug",110,-1,0,"no"
"440",41,"cellular","oct",231,-1,0,"no"
"441",31,"unknown","may",378,-1,0,"no"
"442",52,"cellular","jul",193,-1,0,"no"
"443",42,"unknown","jun",110,-1,0,"no"
"444",41,"cellular","may",92,-1,0,"no"
"445",47,"cellular","aug",310,-1,0,"no"
"446",32,"cellular","jul",738,-1,0,"no"
"447",48,"unknown","may",89,-1,0,"no"
"448",36,"cellular","jul",30,-1,0,"no"
"449",45,"cellular","apr",103,325,4,"no"
"450",34,"unknown","jun",70,-1,0,"no"
"451",36,"cellular","jul",172,-1,0,"no"
"452",61,"cellular","sep",336,81,2,"no"
"453",54,"unknown","jun",220,-1,0,"no"
"454",28,"unknown","may",133,-1,0,"no"
"455",43,"cellular","nov",585,191,4,"no"
"456",47,"cellular","aug",293,-1,0,"no"
"457",45,"unknown","may",68,-1,0,"no"
"458",57,"unknown","jun",97,-1,0,"no"
"459",38,"cellular","may",61,-1,0,"no"
"460",49,"cellular","jul",218,-1,0,"no"
"461",43,"cellular","may",109,360,2,"no"
"462",50,"cellular","aug",206,-1,0,"no"
"463",32,"cellular","may",145,-1,0,"no"
"464",58,"telephone","may",54,-1,0,"no"
"465",34,"cellular","apr",111,-1,0,"no"
"466",42,"unknown","may",22,-1,0,"no"
"467",29,"cellular","jun",136,-1,0,"no"
"468",52,"cellular","aug",273,-1,0,"no"
"469",39,"cellular","aug",63,-1,0,"no"
"470",34,"cellular","jul",118,-1,0,"no"
"471",40,"cellular","aug",44,-1,0,"no"
"472",41,"unknown","may",239,-1,0,"no"
"473",45,"unknown","jun",48,-1,0,"no"
"474",27,"cellular","jul",198,-1,0,"no"
"475",48,"unknown","may",73,-1,0,"no"
"476",49,"cellular","aug",157,-1,0,"no"
"477",35,"cellular","jul",90,-1,0,"no"
"478",47,"cellular","feb",236,-1,0,"no"
"479",54,"cellular","jul",118,-1,0,"no"
"480",39,"telephone","nov",40,-1,0,"no"
"481",28,"cellular","apr",346,-1,0,"no"
"482",54,"unknown","jun",200,-1,0,"no"
"483",34,"cellular","apr",187,332,3,"no"
"484",63,"cellular","sep",113,80,1,"no"
"485",42,"unknown","may",192,-1,0,"no"
"486",37,"unknown","may",514,-1,0,"no"
"487",27,"unknown","jun",236,-1,0,"no"
"488",42,"cellular","aug",94,-1,0,"no"
"489",47,"cellular","aug",405,-1,0,"no"
"490",34,"unknown","may",350,-1,0,"no"
"491",28,"cellular","apr",125,-1,0,"no"
"492",36,"cellular","may",36,-1,0,"no"
"493",50,"cellular","nov",35,176,1,"no"
"494",35,"unknown","may",389,-1,0,"no"
"495",35,"cellular","jan",219,246,1,"no"
"496",26,"cellular","jan",168,-1,0,"no"
"497",36,"unknown","jun",347,-1,0,"no"
"498",59,"cellular","jan",3025,-1,0,"no"
"499",35,"cellular","jan",41,184,7,"no"
"500",46,"unknown","may",332,-1,0,"no"
"501",50,"cellular","aug",219,-1,0,"no"
"502",53,"cellular","apr",427,150,1,"no"
"503",81,"cellular","aug",65,-1,0,"no"
"504",35,"cellular","may",192,-1,0,"no"
"505",58,"cellular","aug",155,-1,0,"no"
"506",44,"cellular","may",161,-1,0,"no"
"507",38,"cellular","jul",533,-1,0,"no"
"508",49,"cellular","feb",19,175,2,"no"
"509",32,"cellular","jul",72,-1,0,"no"
"510",29,"cellular","jul",819,-1,0,"no"
"511",31,"telephone","may",211,-1,0,"no"
"512",36,"unknown","jun",9,-1,0,"no"
"513",52,"cellular","jul",61,-1,0,"no"
"514",36,"cellular","aug",133,-1,0,"no"
"515",32,"cellular","may",34,-1,0,"no"
"516",36,"cellular","jul",95,-1,0,"no"
"517",27,"cellular","oct",190,82,1,"no"
"518",43,"cellular","jul",668,-1,0,"no"
"519",45,"unknown","jun",87,-1,0,"no"
"520",39,"cellular","jul",405,-1,0,"no"
"521",31,"cellular","aug",72,-1,0,"no"
"522",31,"cellular","jun",115,-1,0,"no"
"523",37,"cellular","jul",108,-1,0,"no"
"524",44,"cellular","aug",71,-1,0,"no"
"525",47,"cellular","aug",58,382,1,"no"
"526",37,"cellular","aug",148,-1,0,"no"
"527",60,"cellular","jan",188,261,2,"no"
"528",36,"unknown","may",223,-1,0,"no"
"529",58,"cellular","jul",523,-1,0,"no"
"530",30,"cellular","jul",423,-1,0,"no"
"531",50,"cellular","apr",146,147,4,"no"
"532",51,"unknown","may",57,-1,0,"no"
"533",34,"telephone","nov",46,182,2,"no"
"534",28,"unknown","may",251,-1,0,"no"
"535",62,"telephone","mar",139,-1,0,"no"
"536",42,"cellular","nov",96,-1,0,"no"
"537",50,"cellular","may",198,358,5,"no"
"538",50,"unknown","may",141,-1,0,"no"
"539",32,"unknown","jun",171,-1,0,"no"
"540",26,"cellular","jul",262,-1,0,"no"
"541",39,"cellular","apr",236,336,1,"no"
"542",40,"cellular","apr",57,-1,0,"no"
"543",28,"cellular","jul",568,-1,0,"no"
"544",31,"cellular","aug",105,-1,0,"no"
"545",30,"cellular","may",260,-1,0,"no"
"546",33,"unknown","jun",447,-1,0,"no"
"547",27,"telephone","jul",82,-1,0,"no"
"548",32,"cellular","may",426,-1,0,"no"
"549",40,"cellular","may",333,58,3,"no"
"550",31,"cellular","feb",174,-1,0,"no"
"551",36,"unknown","may",284,-1,0,"no"
"552",30,"unknown","may",244,-1,0,"no"
"553",57,"cellular","jul",236,-1,0,"no"
"554",45,"cellular","aug",150,-1,0,"no"
"555",59,"cellular","dec",237,206,2,"no"
"556",33,"cellular","nov",107,105,3,"no"
"557",52,"unknown","may",45,-1,0,"no"
"558",83,"cellular","mar",140,-1,0,"no"
"559",48,"unknown","may",697,-1,0,"no"
"560",29,"unknown","jul",134,-1,0,"no"
"561",60,"unknown","may",22,-1,0,"no"
"562",35,"cellular","jul",144,-1,0,"no"
"563",57,"unknown","jun",43,-1,0,"no"
"564",56,"unknown","jun",471,-1,0,"no"
"565",28,"unknown","may",147,-1,0,"no"
"566",39,"cellular","nov",108,-1,0,"no"
"567",56,"cellular","aug",103,-1,0,"no"
"568",46,"telephone","nov",249,112,2,"no"
"569",32,"cellular","jul",529,-1,0,"no"
"570",60,"cellular","apr",123,147,3,"no"
"571",33,"cellular","apr",199,146,2,"no"
"572",27,"cellular","feb",197,199,3,"no"
"573",50,"unknown","may",67,-1,0,"no"
"574",45,"cellular","jul",220,-1,0,"no"
"575",48,"cellular","feb",238,-1,0,"no"
"576",59,"unknown","may",104,-1,0,"no"
"577",57,"unknown","may",174,-1,0,"no"
"578",64,"cellular","mar",117,91,1,"no"
"579",26,"cellular","may",44,-1,0,"no"
"580",40,"cellular","jul",770,-1,0,"no"
"581",36,"cellular","apr",190,133,1,"no"
"582",53,"cellular","nov",854,170,3,"no"
"583",46,"unknown","may",293,-1,0,"no"
"584",54,"telephone","nov",986,94,8,"no"
"585",32,"cellular","nov",66,-1,0,"no"
"586",32,"unknown","may",700,-1,0,"no"
"587",55,"cellular","jul",205,-1,0,"no"
"588",56,"telephone","jul",31,-1,0,"no"
"589",40,"unknown","jun",113,-1,0,"no"
"590",44,"cellular","feb",200,253,1,"no"
"591",32,"cellular","nov",158,135,1,"no"
"592",33,"unknown","jun",99,-1,0,"no"
"593",76,"cellular","aug",192,-1,0,"no"
"594",37,"cellular","may",239,278,2,"no"
"595",58,"telephone","may",168,-1,0,"no"
"596",52,"cellular","aug",196,-1,0,"no"
"597",49,"unknown","jun",319,-1,0,"no"
"598",50,"cellular","jan",197,244,3,"no"
"599",41,"unknown","may",764,-1,0,"no"
"600",36,"cellular","jan",339,-1,0,"no"
"601",41,"cellular","jul",168,-1,0,"no"
"602",30,"cellular","feb",88,-1,0,"no"
"603",46,"cellular","apr",126,149,8,"no"
"604",47,"cellular","nov",157,-1,0,"no"
"605",35,"unknown","may",212,-1,0,"no"
"606",80,"telephone","oct",123,-1,0,"no"
"607",30,"unknown","may",306,-1,0,"no"
"608",35,"cellular","may",409,-1,0,"no"
"609",22,"cellular","jun",119,-1,0,"no"
"610",33,"unknown","may",29,-1,0,"no"
"611",53,"cellular","jul",117,-1,0,"no"
"612",31,"cellular","jan",203,2,3,"no"
"613",36,"cellular","aug",81,-1,0,"no"
"614",41,"cellular","nov",265,-1,0,"no"
"615",35,"unknown","may",427,-1,0,"no"
"616",51,"unknown","jun",51,-1,0,"no"
"617",35,"cellular","may",74,168,4,"no"
"618",29,"cellular","jul",183,-1,0,"no"
"619",40,"cellular","jul",631,-1,0,"no"
"620",48,"unknown","may",108,-1,0,"no"
"621",33,"cellular","aug",264,-1,0,"no"
"622",55,"unknown","jun",262,-1,0,"no"
"623",41,"unknown","may",244,-1,0,"no"
"624",42,"unknown","may",107,-1,0,"no"
"625",46,"unknown","jun",9,-1,0,"no"
"626",35,"cellular","jul",149,-1,0,"no"
"627",28,"cellular","jan",321,-1,0,"no"
"628",25,"cellular","apr",224,322,3,"no"
"629",30,"cellular","mar",78,-1,0,"no"
"630",30,"cellular","jul",250,-1,0,"no"
"631",34,"cellular","apr",29,152,1,"no"
"632",35,"cellular","apr",41,-1,0,"no"
"633",40,"cellular","may",55,298,4,"no"
"634",39,"cellular","jul",290,-1,0,"no"
"635",48,"unknown","jun",383,-1,0,"no"
"636",26,"unknown","may",127,-1,0,"no"
"637",32,"cellular","feb",124,-1,0,"no"
"638",34,"unknown","may",224,-1,0,"no"
"639",38,"unknown","jun",256,-1,0,"no"
"640",42,"cellular","aug",85,-1,0,"no"
"641",37,"cellular","may",133,-1,0,"no"
"642",29,"cellular","aug",91,-1,0,"no"
"643",34,"cellular","may",141,188,1,"no"
"644",47,"cellular","nov",192,-1,0,"no"
"645",38,"unknown","may",91,-1,0,"no"
"646",48,"cellular","nov",79,172,8,"no"
"647",33,"cellular","apr",25,-1,0,"no"
"648",28,"cellular","may",227,-1,0,"no"
"649",69,"telephone","sep",595,-1,0,"no"
"650",52,"cellular","aug",134,-1,0,"no"
"651",65,"cellular","sep",112,-1,0,"no"
"652",47,"cellular","apr",174,-1,0,"no"
"653",57,"cellular","aug",162,-1,0,"no"
"654",36,"cellular","aug",125,-1,0,"no"
"655",50,"telephone","jul",24,-1,0,"no"
"656",45,"cellular","may",262,352,2,"no"
"657",33,"cellular","apr",301,-1,0,"no"
"658",60,"cellular","may",63,-1,0,"no"
"659",35,"cellular","jul",259,-1,0,"no"
"660",45,"cellular","jul",212,-1,0,"no"
"661",57,"unknown","may",17,-1,0,"no"
"662",46,"telephone","nov",192,-1,0,"no"
"663",31,"unknown","may",97,-1,0,"no"
"664",53,"cellular","aug",41,-1,0,"no"
"665",35,"unknown","jun",200,-1,0,"no"
"666",32,"cellular","nov",91,-1,0,"no"
"667",50,"cellular","nov",397,-1,0,"no"
"668",31,"telephone","jul",94,-1,0,"no"
"669",42,"cellular","feb",446,-1,0,"no"
"670",59,"cellular","apr",304,-1,0,"no"
"671",27,"unknown","jun",88,-1,0,"no"
"672",32,"cellular","apr",86,-1,0,"no"
"673",35,"cellular","may",63,-1,0,"no"
"674",33,"cellular","nov",884,-1,0,"no"
"675",37,"cellular","jan",293,162,4,"no"
"676",57,"unknown","may",227,-1,0,"no"
"677",42,"unknown","may",146,-1,0,"no"
"678",55,"cellular","jul",276,-1,0,"no"
"679",52,"cellular","apr",238,323,2,"no"
"680",47,"cellular","nov",110,-1,0,"no"
"681",52,"unknown","may",144,-1,0,"no"
"682",30,"cellular","may",1130,-1,0,"no"
"683",33,"cellular","jul",132,-1,0,"no"
"684",35,"telephone","nov",1441,-1,0,"no"
"685",39,"cellular","jul",69,-1,0,"no"
"686",28,"telephone","may",40,349,6,"no"
"687",30,"unknown","may",614,-1,0,"no"
"688",33,"unknown","may",270,-1,0,"no"
"689",34,"cellular","jul",154,-1,0,"no"
"690",47,"cellular","may",577,368,1,"no"
"691",42,"cellular","may",79,-1,0,"no"
"692",37,"cellular","jun",101,-1,0,"no"
"693",59,"unknown","may",55,-1,0,"no"
"694",27,"unknown","may",205,-1,0,"no"
"695",31,"cellular","may",356,286,3,"no"
"696",51,"cellular","aug",60,-1,0,"no"
"697",43,"unknown","may",55,-1,0,"no"
"698",38,"cellular","jul",164,-1,0,"no"
"699",37,"telephone","may",42,-1,0,"no"
"700",53,"cellular","nov",77,-1,0,"no"
"701",41,"cellular","jul",80,-1,0,"no"
"702",48,"cellular","nov",81,-1,0,"no"
"703",49,"unknown","jun",29,-1,0,"no"
"704",55,"cellular","aug",200,-1,0,"no"
"705",38,"unknown","jun",430,-1,0,"no"
"706",58,"telephone","mar",58,-1,0,"no"
"707",34,"cellular","aug",279,117,1,"no"
"708",53,"cellular","jul",332,-1,0,"no"
"709",50,"cellular","aug",510,2,5,"no"
"710",30,"cellular","apr",218,330,2,"no"
"711",35,"cellular","feb",82,-1,0,"no"
"712",57,"cellular","oct",676,-1,0,"no"
"713",40,"cellular","may",1259,333,18,"no"
"714",41,"cellular","nov",285,116,4,"no"
"715",53,"cellular","may",298,-1,0,"no"
"716",48,"cellular","jul",225,-1,0,"no"
"717",32,"cellular","may",80,268,2,"no"
"718",46,"cellular","jul",404,-1,0,"no"
"719",32,"unknown","may",64,-1,0,"no"
"720",31,"cellular","may",8,267,4,"no"
"721",31,"cellular","may",164,-1,0,"no"
"722",34,"telephone","may",259,-1,0,"no"
"723",32,"cellular","may",121,-1,0,"no"
"724",41,"cellular","may",56,-1,0,"no"
"725",26,"cellular","jul",103,-1,0,"no"
"726",27,"cellular","jan",283,-1,0,"no"
"727",27,"cellular","may",113,337,2,"no"
"728",46,"cellular","nov",344,-1,0,"no"
"729",31,"cellular","feb",159,271,1,"no"
"730",36,"unknown","may",177,-1,0,"no"
"731",57,"cellular","feb",223,76,4,"no"
"732",37,"unknown","jun",45,-1,0,"no"
"733",48,"cellular","jul",114,-1,0,"no"
"734",38,"telephone","apr",5,150,6,"no"
"735",47,"telephone","jan",66,241,1,"no"
"736",35,"cellular","aug",135,-1,0,"no"
"737",42,"cellular","sep",99,-1,0,"no"
"738",59,"cellular","jul",464,-1,0,"no"
"739",38,"unknown","jun",20,-1,0,"no"
"740",50,"cellular","jul",206,-1,0,"no"
"741",50,"cellular","apr",736,-1,0,"no"
"742",55,"unknown","jun",64,-1,0,"no"
"743",31,"cellular","feb",73,-1,0,"no"
"744",58,"unknown","jun",199,-1,0,"no"
"745",38,"cellular","aug",310,-1,0,"no"
"746",32,"cellular","jul",99,-1,0,"no"
"747",40,"unknown","may",62,-1,0,"no"
"748",59,"cellular","jan",219,259,5,"no"
"749",44,"unknown","may",397,-1,0,"no"
"750",41,"unknown","jun",286,-1,0,"no"
"751",38,"cellular","jul",188,-1,0,"no"
"752",22,"telephone","may",25,-1,0,"no"
"753",41,"telephone","jul",121,-1,0,"no"
"754",33,"unknown","may",717,-1,0,"no"
"755",46,"cellular","aug",71,-1,0,"no"
"756",31,"cellular","jul",37,-1,0,"no"
"757",48,"cellular","jul",38,-1,0,"no"
"758",42,"cellular","aug",60,-1,0,"no"
"759",49,"unknown","jun",92,-1,0,"no"
"760",38,"telephone","jan",208,247,2,"no"
"761",34,"cellular","oct",104,85,19,"no"
"762",38,"unknown","jun",29,-1,0,"no"
"763",58,"cellular","aug",156,-1,0,"no"
"764",26,"cellular","sep",57,-1,0,"no"
"765",49,"unknown","may",84,-1,0,"no"
"766",43,"unknown","may",114,-1,0,"no"
"767",32,"unknown","jul",957,-1,0,"no"
"768",54,"unknown","jun",67,-1,0,"no"
"769",33,"cellular","jul",211,-1,0,"no"
"770",35,"cellular","aug",299,-1,0,"no"
"771",56,"cellular","may",102,349,1,"no"
"772",57,"unknown","may",225,-1,0,"no"
"773",33,"cellular","may",234,-1,0,"no"
"774",37,"cellular","may",432,-1,0,"no"
"775",51,"unknown","may",627,-1,0,"no"
"776",37,"cellular","may",500,-1,0,"no"
"777",33,"cellular","aug",22,-1,0,"no"
"778",30,"cellular","nov",258,-1,0,"no"
"779",31,"cellular","nov",177,-1,0,"no"
"780",28,"unknown","may",62,-1,0,"no"
"781",38,"cellular","nov",75,177,5,"no"
"782",50,"cellular","jul",184,-1,0,"no"
"783",45,"telephone","may",119,371,3,"no"
"784",48,"cellular","mar",77,-1,0,"no"
"785",41,"cellular","jul",107,-1,0,"no"
"786",41,"unknown","may",87,-1,0,"no"
"787",40,"unknown","may",660,-1,0,"no"
"788",36,"cellular","nov",107,-1,0,"no"
"789",40,"telephone","jul",201,-1,0,"no"
"790",28,"cellular","jan",94,205,2,"no"
"791",49,"cellular","jan",185,246,1,"no"
"792",49,"cellular","aug",285,-1,0,"no"
"793",31,"cellular","may",142,-1,0,"no"
"794",49,"cellular","aug",504,-1,0,"no"
"795",31,"cellular","nov",222,-1,0,"no"
"796",40,"cellular","may",50,-1,0,"no"
"797",51,"unknown","may",117,-1,0,"no"
"798",33,"cellular","aug",67,-1,0,"no"
"799",30,"cellular","may",45,169,2,"no"
"800",28,"unknown","may",386,-1,0,"no"
"801",34,"cellular","oct",76,69,2,"no"
"802",45,"cellular","aug",508,-1,0,"no"
"803",31,"cellular","apr",193,322,1,"no"
"804",40,"unknown","jun",172,-1,0,"no"
"805",30,"cellular","feb",142,-1,0,"no"
"806",39,"unknown","jun",77,-1,0,"no"
"807",54,"telephone","nov",168,-1,0,"no"
"808",34,"cellular","feb",45,-1,0,"no"
"809",43,"unknown","may",257,-1,0,"no"
"810",41,"cellular","jan",41,266,2,"no"
"811",40,"telephone","feb",148,-1,0,"no"
"812",39,"cellular","jul",243,-1,0,"no"
"813",57,"cellular","aug",188,-1,0,"no"
"814",32,"cellular","jul",184,-1,0,"no"
"815",25,"cellular","jul",225,-1,0,"no"
"816",25,"unknown","may",241,-1,0,"no"
"817",38,"cellular","aug",79,-1,0,"no"
"818",35,"cellular","aug",37,-1,0,"no"
"819",67,"cellular","oct",223,-1,0,"no"
"820",45,"telephone","jul",38,-1,0,"no"
"821",45,"cellular","aug",536,-1,0,"no"
"822",33,"unknown","may",304,-1,0,"no"
"823",38,"cellular","apr",196,315,2,"no"
"824",32,"unknown","may",298,-1,0,"no"
"825",54,"unknown","may",86,-1,0,"no"
"826",38,"cellular","aug",150,-1,0,"no"
"827",42,"cellular","jul",167,-1,0,"no"
"828",41,"cellular","jul",24,-1,0,"no"
"829",39,"cellular","aug",74,-1,0,"no"
"830",26,"unknown","jun",18,-1,0,"no"
"831",39,"unknown","may",1168,-1,0,"no"
"832",57,"cellular","aug",260,-1,0,"no"
"833",50,"cellular","feb",748,-1,0,"no"
"834",33,"unknown","may",364,-1,0,"no"
"835",37,"unknown","may",229,-1,0,"no"
"836",32,"cellular","aug",111,-1,0,"no"
"837",36,"cellular","may",317,169,2,"no"
"838",40,"unknown","jun",402,-1,0,"no"
"839",52,"cellular","aug",56,-1,0,"no"
"840",40,"unknown","may",169,-1,0,"no"
"841",48,"cellular","may",127,-1,0,"no"
"842",33,"cellular","aug",175,-1,0,"no"
"843",44,"cellular","aug",56,-1,0,"no"
"844",55,"cellular","jul",123,-1,0,"no"
"845",30,"unknown","jun",23,-1,0,"no"
"846",34,"cellular","feb",231,-1,0,"no"
"847",58,"cellular","jul",255,-1,0,"no"
"848",36,"unknown","may",219,-1,0,"no"
"849",48,"telephone","aug",29,-1,0,"no"
"850",55,"unknown","may",95,-1,0,"no"
"851",35,"unknown","jul",134,-1,0,"no"
"852",37,"cellular","apr",820,-1,0,"no"
"853",52,"cellular","feb",116,273,3,"no"
"854",41,"cellular","may",463,-1,0,"no"
"855",52,"cellular","aug",603,-1,0,"no"
"856",34,"unknown","may",47,-1,0,"no"
"857",31,"cellular","dec",69,185,2,"no"
"858",47,"unknown","jun",174,-1,0,"no"
"859",34,"unknown","may",213,-1,0,"no"
"860",53,"unknown","may",230,-1,0,"no"
"861",55,"telephone","apr",222,-1,0,"no"
"862",44,"cellular","jul",74,-1,0,"no"
"863",32,"cellular","feb",429,201,1,"no"
"864",37,"cellular","may",7,351,1,"no"
"865",41,"cellular","may",493,-1,0,"no"
"866",46,"cellular","nov",162,-1,0,"no"
"867",44,"cellular","aug",86,-1,0,"no"
"868",34,"cellular","nov",371,-1,0,"no"
"869",28,"unknown","may",21,-1,0,"no"
"870",28,"cellular","may",22,-1,0,"no"
"871",54,"unknown","may",266,-1,0,"no"
"872",45,"cellular","apr",1010,326,1,"no"
"873",58,"telephone","jul",264,-1,0,"no"
"874",56,"unknown","jun",184,-1,0,"no"
"875",32,"cellular","may",95,-1,0,"no"
"876",42,"cellular","aug",127,-1,0,"no"
"877",36,"cellular","nov",136,120,1,"no"
"878",46,"cellular","apr",174,-1,0,"no"
"879",39,"unknown","may",102,-1,0,"no"
"880",31,"cellular","apr",279,-1,0,"no"
"881",59,"cellular","aug",76,-1,0,"no"
"882",38,"cellular","may",472,-1,0,"no"
"883",58,"cellular","aug",84,-1,0,"no"
"884",34,"cellular","nov",271,184,1,"no"
"885",40,"unknown","may",754,-1,0,"no"
"886",35,"telephone","jan",122,-1,0,"no"
"887",34,"cellular","apr",375,-1,0,"no"
"888",31,"cellular","aug",130,-1,0,"no"
"889",48,"cellular","aug",445,-1,0,"no"
"890",34,"unknown","may",261,-1,0,"no"
"891",24,"cellular","apr",229,-1,0,"no"
"892",41,"cellular","jun",288,-1,0,"no"
"893",40,"cellular","nov",219,-1,0,"no"
"894",36,"unknown","may",204,-1,0,"no"
"895",53,"unknown","jun",19,-1,0,"no"
"896",23,"cellular","aug",158,-1,0,"no"
"897",42,"unknown","may",314,-1,0,"no"
"898",48,"unknown","may",215,-1,0,"no"
"899",40,"unknown","may",92,-1,0,"no"
"900",36,"cellular","jul",101,-1,0,"no"
"901",43,"unknown","may",15,-1,0,"no"
"902",36,"unknown","may",260,-1,0,"no"
"903",55,"unknown","jun",287,-1,0,"no"
"904",31,"unknown","may",32,-1,0,"no"
"905",32,"unknown","may",138,-1,0,"no"
"906",36,"unknown","jun",228,-1,0,"no"
"907",57,"unknown","may",352,-1,0,"no"
"908",41,"cellular","jul",76,-1,0,"no"
"909",31,"unknown","may",144,-1,0,"no"
"910",32,"cellular","aug",168,-1,0,"no"
"911",38,"cellular","jan",140,2,3,"no"
"912",49,"unknown","jun",94,-1,0,"no"
"913",46,"unknown","jun",118,-1,0,"no"
"914",29,"cellular","may",382,-1,0,"no"
"915",36,"cellular","nov",111,-1,0,"no"
"916",38,"cellular","may",298,-1,0,"no"
"917",53,"unknown","may",121,-1,0,"no"
"918",52,"unknown","may",41,-1,0,"no"
"919",41,"unknown","may",42,-1,0,"no"
"920",42,"cellular","aug",81,-1,0,"no"
"921",29,"cellular","may",12,342,9,"no"
"922",43,"cellular","may",130,172,2,"no"
"923",41,"cellular","may",432,-1,0,"no"
"924",44,"cellular","aug",126,-1,0,"no"
"925",37,"cellular","apr",219,-1,0,"no"
"926",35,"cellular","jan",136,-1,0,"no"
"927",27,"cellular","apr",1130,-1,0,"no"
"928",29,"unknown","may",68,-1,0,"no"
"929",36,"unknown","jun",332,-1,0,"no"
"930",38,"unknown","may",412,-1,0,"no"
"931",35,"cellular","jul",378,-1,0,"no"
"932",60,"cellular","jan",255,2,4,"no"
"933",41,"cellular","may",297,-1,0,"no"
"934",41,"unknown","jun",28,-1,0,"no"
"935",23,"cellular","apr",119,-1,0,"no"
"936",32,"cellular","aug",116,-1,0,"no"
"937",57,"telephone","jul",274,-1,0,"no"
"938",46,"unknown","may",86,-1,0,"no"
"939",50,"unknown","may",860,-1,0,"no"
"940",33,"unknown","may",420,-1,0,"no"
"941",53,"unknown","may",213,-1,0,"no"
"942",30,"cellular","nov",756,-1,0,"no"
"943",33,"cellular","feb",196,87,4,"no"
"944",44,"cellular","jul",201,-1,0,"no"
"945",39,"unknown","may",19,-1,0,"no"
"946",45,"cellular","nov",53,172,3,"no"
"947",37,"cellular","aug",244,-1,0,"no"
"948",51,"unknown","may",184,-1,0,"no"
"949",30,"cellular","apr",39,342,3,"no"
"950",28,"unknown","jun",54,-1,0,"no"
"951",26,"unknown","may",28,-1,0,"no"
"952",32,"cellular","aug",268,-1,0,"no"
"953",52,"cellular","may",101,362,5,"no"
"954",43,"unknown","may",228,-1,0,"no"
"955",29,"cellular","may",119,-1,0,"no"
"956",57,"cellular","aug",89,-1,0,"no"
"957",37,"cellular","nov",102,-1,0,"no"
"958",26,"cellular","may",207,363,2,"no"
"959",50,"cellular","aug",168,-1,0,"no"
"960",47,"cellular","jul",408,-1,0,"no"
"961",39,"cellular","oct",56,-1,0,"no"
"962",35,"cellular","may",277,271,2,"no"
"963",31,"unknown","may",76,-1,0,"no"
"964",50,"cellular","aug",72,-1,0,"no"
"965",47,"cellular","aug",99,-1,0,"no"
"966",30,"cellular","aug",13,-1,0,"no"
"967",32,"cellular","apr",178,-1,0,"no"
"968",36,"unknown","jun",287,-1,0,"no"
"969",46,"cellular","may",141,346,2,"no"
"970",37,"cellular","jul",115,-1,0,"no"
"971",33,"cellular","nov",374,-1,0,"no"
"972",58,"unknown","jun",763,-1,0,"no"
"973",59,"cellular","feb",122,92,1,"no"
"974",28,"cellular","may",143,-1,0,"no"
"975",48,"cellular","feb",316,-1,0,"no"
"976",55,"telephone","jul",89,-1,0,"no"
"977",59,"cellular","nov",456,-1,0,"no"
"978",41,"cellular","nov",40,-1,0,"no"
"979",35,"unknown","oct",5,808,12,"no"
"980",34,"cellular","jul",90,-1,0,"no"
"981",43,"cellular","nov",50,113,5,"no"
"982",49,"cellular","feb",128,-1,0,"no"
"983",35,"cellular","sep",256,94,1,"no"
"984",51,"unknown","jun",83,-1,0,"no"
"985",36,"cellular","aug",268,-1,0,"no"
"986",44,"cellular","apr",345,249,7,"no"
"987",28,"unknown","may",4,-1,0,"no"
"988",42,"cellular","may",78,292,3,"no"
"989",60,"unknown","jun",419,-1,0,"no"
"990",28,"telephone","may",421,-1,0,"no"
"991",43,"cellular","jul",88,-1,0,"no"
"992",51,"unknown","jun",42,-1,0,"no"
"993",32,"cellular","may",114,287,3,"no"
"994",35,"cellular","aug",286,-1,0,"no"
"995",38,"unknown","jun",91,-1,0,"no"
"996",77,"cellular","aug",766,-1,0,"no"
"997",32,"cellular","jan",92,-1,0,"no"
"998",43,"cellular","aug",211,-1,0,"no"
"999",36,"unknown","jun",227,-1,0,"no"
"1000",30,"cellular","aug",82,-1,0,"no"
"1001",32,"cellular","nov",195,-1,0,"no"
"1002",34,"cellular","apr",217,-1,0,"no"
"1003",40,"cellular","feb",252,-1,0,"no"
"1004",35,"cellular","may",73,-1,0,"no"
"1005",36,"cellular","nov",177,174,1,"no"
"1006",42,"unknown","may",32,-1,0,"no"
"1007",35,"cellular","aug",24,-1,0,"no"
"1008",52,"unknown","may",688,-1,0,"no"
"1009",36,"unknown","may",21,-1,0,"no"
"1010",31,"unknown","jun",115,-1,0,"no"
"1011",40,"unknown","jun",269,-1,0,"no"
"1012",43,"unknown","jun",230,-1,0,"no"
"1013",59,"telephone","jul",97,-1,0,"no"
"1014",39,"cellular","aug",86,-1,0,"no"
"1015",38,"cellular","jul",1473,-1,0,"no"
"1016",27,"cellular","jun",205,-1,0,"no"
"1017",59,"unknown","jun",77,-1,0,"no"
"1018",36,"cellular","nov",138,-1,0,"no"
"1019",50,"cellular","aug",86,-1,0,"no"
"1020",41,"telephone","aug",9,-1,0,"no"
"1021",30,"unknown","may",601,-1,0,"no"
"1022",32,"cellular","jul",407,-1,0,"no"
"1023",38,"unknown","jun",1030,-1,0,"no"
"1024",45,"cellular","jul",517,-1,0,"no"
"1025",58,"unknown","may",171,-1,0,"no"
"1026",31,"cellular","may",175,293,5,"no"
"1027",38,"unknown","jun",299,-1,0,"no"
"1028",29,"cellular","feb",563,-1,0,"no"
"1029",55,"unknown","may",241,-1,0,"no"
"1030",35,"cellular","may",52,91,1,"no"
"1031",40,"cellular","jun",76,-1,0,"no"
"1032",34,"cellular","nov",441,-1,0,"no"
"1033",48,"unknown","may",350,-1,0,"no"
"1034",37,"cellular","may",396,-1,0,"no"
"1035",51,"unknown","jun",8,687,2,"no"
"1036",36,"cellular","apr",637,-1,0,"no"
"1037",42,"unknown","jun",175,-1,0,"no"
"1038",38,"cellular","feb",280,75,1,"no"
"1039",34,"cellular","apr",140,-1,0,"no"
"1040",30,"unknown","jun",59,-1,0,"no"
"1041",57,"unknown","jun",174,-1,0,"no"
"1042",66,"cellular","aug",275,-1,0,"no"
"1043",48,"unknown","jun",320,-1,0,"no"
"1044",31,"cellular","nov",252,168,4,"no"
"1045",37,"cellular","aug",154,-1,0,"no"
"1046",32,"cellular","apr",8,-1,0,"no"
"1047",71,"cellular","oct",327,183,3,"no"
"1048",27,"cellular","may",265,-1,0,"no"
"1049",55,"cellular","may",146,272,2,"no"
"1050",34,"cellular","jul",257,-1,0,"no"
"1051",30,"cellular","jan",241,-1,0,"no"
"1052",25,"cellular","may",185,-1,0,"no"
"1053",33,"cellular","apr",329,322,1,"no"
"1054",36,"cellular","may",24,346,1,"no"
"1055",45,"unknown","jul",155,-1,0,"no"
"1056",47,"cellular","feb",479,-1,0,"no"
"1057",64,"telephone","apr",135,-1,0,"no"
"1058",53,"cellular","jul",175,-1,0,"no"
"1059",46,"unknown","may",192,-1,0,"no"
"1060",58,"unknown","may",58,-1,0,"no"
"1061",34,"cellular","jul",601,-1,0,"no"
"1062",41,"cellular","may",139,-1,0,"no"
"1063",33,"telephone","aug",66,-1,0,"no"
"1064",44,"cellular","aug",210,-1,0,"no"
"1065",39,"cellular","feb",731,193,3,"no"
"1066",39,"telephone","apr",141,-1,0,"no"
"1067",48,"unknown","may",1231,-1,0,"no"
"1068",58,"cellular","feb",72,274,4,"no"
"1069",60,"cellular","may",241,364,1,"no"
"1070",66,"cellular","may",272,-1,0,"no"
"1071",49,"cellular","may",64,-1,0,"no"
"1072",44,"cellular","aug",54,-1,0,"no"
"1073",23,"cellular","apr",166,-1,0,"no"
"1074",29,"cellular","may",245,97,7,"no"
"1075",44,"unknown","may",94,-1,0,"no"
"1076",54,"unknown","jun",34,-1,0,"no"
"1077",47,"telephone","jul",203,-1,0,"no"
"1078",33,"cellular","jul",318,-1,0,"no"
"1079",30,"cellular","apr",158,-1,0,"no"
"1080",23,"cellular","apr",743,-1,0,"no"
"1081",49,"unknown","nov",56,103,2,"no"
"1082",27,"unknown","jun",172,-1,0,"no"
"1083",51,"cellular","may",136,359,1,"no"
"1084",32,"cellular","may",82,363,2,"no"
"1085",30,"unknown","may",123,-1,0,"no"
"1086",33,"cellular","nov",110,-1,0,"no"
"1087",27,"unknown","may",385,-1,0,"no"
"1088",37,"cellular","feb",73,-1,0,"no"
"1089",51,"cellular","jul",384,-1,0,"no"
"1090",44,"cellular","jul",497,-1,0,"no"
"1091",51,"unknown","may",723,-1,0,"no"
"1092",28,"cellular","may",15,-1,0,"no"
"1093",32,"cellular","jul",255,-1,0,"no"
"1094",35,"cellular","may",95,-1,0,"no"
"1095",30,"telephone","apr",44,-1,0,"no"
"1096",39,"unknown","jun",116,-1,0,"no"
"1097",27,"cellular","may",97,370,1,"no"
"1098",22,"cellular","sep",154,-1,0,"no"
"1099",35,"cellular","may",135,370,2,"no"
"1100",69,"cellular","aug",230,-1,0,"no"
"1101",46,"unknown","may",89,-1,0,"no"
"1102",45,"cellular","may",38,-1,0,"no"
"1103",31,"cellular","nov",129,-1,0,"no"
"1104",48,"cellular","aug",80,-1,0,"no"
"1105",52,"unknown","jun",96,-1,0,"no"
"1106",33,"unknown","jun",197,-1,0,"no"
"1107",44,"cellular","jan",180,-1,0,"no"
"1108",38,"cellular","nov",452,-1,0,"no"
"1109",36,"cellular","aug",85,-1,0,"no"
"1110",32,"cellular","jul",175,-1,0,"no"
"1111",33,"cellular","nov",163,-1,0,"no"
"1112",53,"unknown","may",266,-1,0,"no"
"1113",51,"unknown","jun",75,-1,0,"no"
"1114",48,"cellular","apr",227,-1,0,"no"
"1115",54,"cellular","jul",140,-1,0,"no"
"1116",52,"unknown","jun",271,-1,0,"no"
"1117",30,"telephone","jul",80,-1,0,"no"
"1118",57,"cellular","aug",387,-1,0,"no"
"1119",46,"cellular","jul",208,-1,0,"no"
"1120",54,"cellular","feb",237,-1,0,"no"
"1121",31,"cellular","aug",377,-1,0,"no"
"1122",27,"cellular","may",578,364,1,"no"
"1123",37,"cellular","may",199,173,2,"no"
"1124",30,"unknown","may",107,-1,0,"no"
"1125",30,"unknown","may",610,-1,0,"no"
"1126",35,"cellular","aug",124,-1,0,"no"
"1127",37,"cellular","aug",484,-1,0,"no"
"1128",43,"cellular","jul",747,-1,0,"no"
"1129",41,"cellular","may",313,349,3,"no"
"1130",41,"unknown","jun",42,-1,0,"no"
"1131",59,"cellular","aug",87,-1,0,"no"
"1132",30,"unknown","may",197,-1,0,"no"
"1133",55,"unknown","may",58,-1,0,"no"
"1134",35,"cellular","jul",5,-1,0,"no"
"1135",27,"cellular","jul",243,-1,0,"no"
"1136",40,"unknown","may",112,-1,0,"no"
"1137",54,"cellular","aug",155,-1,0,"no"
"1138",32,"telephone","jan",70,-1,0,"no"
"1139",42,"unknown","may",115,-1,0,"no"
"1140",48,"unknown","jun",29,-1,0,"no"
"1141",52,"unknown","may",391,-1,0,"no"
"1142",44,"cellular","aug",201,-1,0,"no"
"1143",49,"telephone","jul",47,-1,0,"no"
"1144",46,"unknown","jun",36,-1,0,"no"
"1145",47,"unknown","may",135,-1,0,"no"
"1146",43,"cellular","apr",257,146,9,"no"
"1147",58,"unknown","jun",684,-1,0,"no"
"1148",25,"cellular","mar",170,-1,0,"no"
"1149",49,"unknown","jun",150,-1,0,"no"
"1150",50,"cellular","nov",130,160,1,"no"
"1151",46,"unknown","may",724,-1,0,"no"
"1152",37,"unknown","jun",187,-1,0,"no"
"1153",44,"unknown","may",179,-1,0,"no"
"1154",49,"cellular","aug",357,-1,0,"no"
"1155",25,"cellular","jul",134,-1,0,"no"
"1156",48,"telephone","aug",176,-1,0,"no"
"1157",31,"cellular","apr",424,138,1,"no"
"1158",37,"unknown","jun",115,-1,0,"no"
"1159",48,"cellular","feb",369,-1,0,"no"
"1160",32,"unknown","may",118,-1,0,"no"
"1161",48,"unknown","jun",25,-1,0,"no"
"1162",49,"unknown","jun",753,-1,0,"no"
"1163",30,"cellular","jul",124,-1,0,"no"
"1164",42,"cellular","may",721,-1,0,"no"
"1165",34,"cellular","aug",136,-1,0,"no"
"1166",48,"telephone","may",376,339,7,"no"
"1167",40,"cellular","jun",78,-1,0,"no"
"1168",30,"cellular","apr",270,241,4,"no"
"1169",28,"unknown","may",866,-1,0,"no"
"1170",41,"cellular","nov",209,191,4,"no"
"1171",49,"cellular","nov",131,-1,0,"no"
"1172",51,"unknown","may",147,-1,0,"no"
"1173",33,"telephone","may",41,300,5,"no"
"1174",26,"unknown","may",111,-1,0,"no"
"1175",34,"cellular","apr",108,-1,0,"no"
"1176",27,"cellular","may",411,-1,0,"no"
"1177",42,"cellular","jul",108,-1,0,"no"
"1178",35,"cellular","aug",370,-1,0,"no"
"1179",39,"unknown","jun",57,-1,0,"no"
"1180",26,"cellular","jul",95,-1,0,"no"
"1181",40,"cellular","mar",144,124,1,"no"
"1182",40,"cellular","may",173,353,23,"no"
"1183",38,"telephone","jul",293,-1,0,"no"
"1184",48,"cellular","aug",524,-1,0,"no"
"1185",31,"unknown","may",676,-1,0,"no"
"1186",35,"cellular","nov",219,133,1,"no"
"1187",34,"cellular","apr",186,327,2,"no"
"1188",30,"unknown","jun",220,-1,0,"no"
"1189",36,"cellular","aug",452,-1,0,"no"
"1190",45,"unknown","jun",214,-1,0,"no"
"1191",43,"cellular","jan",24,-1,0,"no"
"1192",23,"telephone","jun",79,-1,0,"no"
"1193",44,"unknown","jun",491,-1,0,"no"
"1194",58,"cellular","may",74,-1,0,"no"
"1195",29,"cellular","mar",217,184,7,"no"
"1196",30,"cellular","feb",475,-1,0,"no"
"1197",29,"cellular","may",127,-1,0,"no"
"1198",41,"cellular","mar",101,-1,0,"no"
"1199",35,"cellular","jul",340,-1,0,"no"
"1200",31,"cellular","jul",158,-1,0,"no"
"1201",52,"unknown","jun",123,-1,0,"no"
"1202",44,"cellular","apr",222,154,1,"no"
"1203",53,"unknown","jun",18,-1,0,"no"
"1204",36,"cellular","dec",109,246,1,"no"
"1205",34,"cellular","jul",134,-1,0,"no"
"1206",36,"cellular","may",113,-1,0,"no"
"1207",40,"cellular","aug",43,-1,0,"no"
"1208",31,"unknown","jun",19,-1,0,"no"
"1209",65,"cellular","aug",245,-1,0,"no"
"1210",53,"unknown","may",343,-1,0,"no"
"1211",28,"cellular","mar",229,-1,0,"no"
"1212",33,"unknown","may",530,-1,0,"no"
"1213",31,"cellular","jul",715,-1,0,"no"
"1214",45,"cellular","apr",78,176,1,"no"
"1215",39,"unknown","jun",147,-1,0,"no"
"1216",33,"cellular","apr",700,-1,0,"no"
"1217",36,"cellular","nov",618,-1,0,"no"
"1218",28,"unknown","jul",53,-1,0,"no"
"1219",41,"cellular","may",16,176,5,"no"
"1220",59,"cellular","jul",286,-1,0,"no"
"1221",24,"cellular","may",209,321,1,"no"
"1222",49,"unknown","jun",84,-1,0,"no"
"1223",40,"unknown","may",260,-1,0,"no"
"1224",42,"unknown","jun",298,-1,0,"no"
"1225",33,"unknown","may",201,-1,0,"no"
"1226",25,"cellular","sep",113,479,1,"no"
"1227",49,"unknown","may",233,-1,0,"no"
"1228",50,"cellular","jun",141,-1,0,"no"
"1229",37,"unknown","may",773,-1,0,"no"
"1230",21,"telephone","jun",329,95,1,"no"
"1231",52,"unknown","may",423,-1,0,"no"
"1232",55,"cellular","aug",67,-1,0,"no"
"1233",26,"unknown","jun",626,-1,0,"no"
"1234",32,"unknown","may",61,-1,0,"no"
"1235",31,"unknown","may",248,-1,0,"no"
"1236",34,"cellular","jan",136,262,3,"no"
"1237",33,"cellular","aug",126,-1,0,"no"
"1238",35,"telephone","jan",653,-1,0,"no"
"1239",44,"telephone","may",7,-1,0,"no"
"1240",48,"cellular","apr",528,-1,0,"no"
"1241",29,"cellular","may",785,-1,0,"no"
"1242",26,"cellular","jan",77,2,2,"no"
"1243",37,"cellular","may",24,362,1,"no"
"1244",44,"unknown","jun",82,-1,0,"no"
"1245",36,"unknown","jun",952,-1,0,"no"
"1246",49,"cellular","may",27,-1,0,"no"
"1247",31,"unknown","may",143,-1,0,"no"
"1248",49,"unknown","may",274,-1,0,"no"
"1249",57,"cellular","nov",915,-1,0,"no"
"1250",42,"cellular","feb",115,-1,0,"no"
"1251",33,"cellular","mar",76,-1,0,"no"
"1252",75,"cellular","mar",341,-1,0,"no"
"1253",38,"unknown","may",112,-1,0,"no"
"1254",40,"unknown","may",64,-1,0,"no"
"1255",34,"cellular","jul",129,-1,0,"no"
"1256",25,"cellular","jul",71,-1,0,"no"
"1257",27,"cellular","jul",60,-1,0,"no"
"1258",47,"cellular","jul",9,-1,0,"no"
"1259",51,"unknown","may",83,-1,0,"no"
"1260",32,"cellular","aug",101,3,6,"no"
"1261",32,"cellular","aug",101,-1,0,"no"
"1262",57,"unknown","may",206,-1,0,"no"
"1263",42,"cellular","may",222,-1,0,"no"
"1264",43,"unknown","jun",217,-1,0,"no"
"1265",34,"unknown","may",252,-1,0,"no"
"1266",35,"cellular","aug",41,-1,0,"no"
"1267",33,"unknown","jun",27,-1,0,"no"
"1268",34,"cellular","apr",758,-1,0,"no"
"1269",34,"cellular","jul",574,-1,0,"no"
"1270",34,"cellular","apr",543,321,6,"no"
"1271",48,"cellular","aug",219,-1,0,"no"
"1272",49,"cellular","aug",789,-1,0,"no"
"1273",32,"cellular","aug",50,-1,0,"no"
"1274",58,"cellular","jul",336,-1,0,"no"
"1275",57,"cellular","may",323,368,2,"no"
"1276",32,"cellular","jul",712,-1,0,"no"
"1277",45,"cellular","aug",75,-1,0,"no"
"1278",70,"cellular","apr",149,182,1,"no"
"1279",37,"cellular","may",153,-1,0,"no"
"1280",48,"cellular","may",179,-1,0,"no"
"1281",55,"cellular","jan",104,-1,0,"no"
"1282",36,"cellular","aug",92,-1,0,"no"
"1283",36,"unknown","may",129,-1,0,"no"
"1284",46,"unknown","may",157,-1,0,"no"
"1285",33,"cellular","nov",305,182,3,"no"
"1286",31,"cellular","aug",1504,-1,0,"no"
"1287",31,"cellular","nov",106,183,2,"no"
"1288",31,"unknown","may",592,-1,0,"no"
"1289",41,"cellular","oct",181,500,1,"no"
"1290",40,"unknown","may",134,-1,0,"no"
"1291",39,"cellular","jul",81,-1,0,"no"
"1292",33,"cellular","may",77,-1,0,"no"
"1293",38,"cellular","may",537,303,2,"no"
"1294",55,"cellular","nov",291,-1,0,"no"
"1295",51,"cellular","aug",287,-1,0,"no"
"1296",53,"cellular","aug",156,-1,0,"no"
"1297",53,"unknown","may",611,-1,0,"no"
"1298",44,"cellular","feb",132,-1,0,"no"
"1299",57,"unknown","jun",26,-1,0,"no"
"1300",29,"cellular","may",262,-1,0,"no"
"1301",31,"unknown","may",272,-1,0,"no"
"1302",35,"cellular","dec",137,122,3,"no"
"1303",34,"cellular","may",172,-1,0,"no"
"1304",57,"unknown","jun",108,-1,0,"no"
"1305",40,"unknown","may",71,-1,0,"no"
"1306",39,"cellular","may",502,7,2,"no"
"1307",53,"cellular","apr",586,-1,0,"no"
"1308",44,"unknown","may",219,-1,0,"no"
"1309",40,"unknown","may",224,-1,0,"no"
"1310",33,"cellular","nov",63,-1,0,"no"
"1311",46,"cellular","aug",24,-1,0,"no"
"1312",44,"cellular","may",165,363,1,"no"
"1313",59,"cellular","jul",70,-1,0,"no"
"1314",44,"cellular","nov",297,-1,0,"no"
"1315",34,"cellular","aug",12,-1,0,"no"
"1316",39,"cellular","aug",40,-1,0,"no"
"1317",27,"cellular","jul",217,-1,0,"no"
"1318",31,"cellular","jul",235,-1,0,"no"
"1319",41,"cellular","aug",136,-1,0,"no"
"1320",60,"unknown","may",57,-1,0,"no"
"1321",35,"cellular","nov",256,-1,0,"no"
"1322",49,"cellular","nov",114,-1,0,"no"
"1323",30,"cellular","feb",192,-1,0,"no"
"1324",61,"unknown","jul",42,-1,0,"no"
"1325",50,"cellular","may",475,-1,0,"no"
"1326",55,"cellular","aug",112,-1,0,"no"
"1327",36,"cellular","jul",141,-1,0,"no"
"1328",40,"telephone","jul",697,-1,0,"no"
"1329",37,"unknown","jun",223,-1,0,"no"
"1330",38,"unknown","may",205,-1,0,"no"
"1331",33,"cellular","feb",509,-1,0,"no"
"1332",58,"unknown","may",91,-1,0,"no"
"1333",43,"cellular","feb",169,-1,0,"no"
"1334",32,"cellular","aug",79,-1,0,"no"
"1335",46,"telephone","jul",171,-1,0,"no"
"1336",54,"cellular","jul",443,-1,0,"no"
"1337",57,"cellular","may",67,368,2,"no"
"1338",32,"cellular","apr",60,343,4,"no"
"1339",24,"cellular","may",191,-1,0,"no"
"1340",35,"cellular","may",198,88,1,"no"
"1341",47,"unknown","may",212,-1,0,"no"
"1342",39,"cellular","nov",134,-1,0,"no"
"1343",47,"cellular","nov",171,96,5,"no"
"1344",42,"cellular","nov",611,175,12,"no"
"1345",35,"unknown","jun",216,-1,0,"no"
"1346",24,"unknown","may",94,-1,0,"no"
"1347",27,"cellular","may",13,-1,0,"no"
"1348",31,"cellular","jul",387,-1,0,"no"
"1349",29,"cellular","oct",90,-1,0,"no"
"1350",29,"unknown","may",322,-1,0,"no"
"1351",72,"cellular","nov",427,-1,0,"no"
"1352",32,"unknown","may",650,-1,0,"no"
"1353",38,"unknown","may",66,-1,0,"no"
"1354",32,"cellular","may",156,-1,0,"no"
"1355",34,"cellular","aug",106,-1,0,"no"
"1356",40,"cellular","nov",97,-1,0,"no"
"1357",34,"cellular","apr",10,-1,0,"no"
"1358",35,"cellular","jul",96,109,4,"no"
"1359",43,"cellular","nov",65,131,1,"no"
"1360",30,"cellular","jul",185,-1,0,"no"
"1361",22,"cellular","jul",69,-1,0,"no"
"1362",35,"cellular","jan",127,-1,0,"no"
"1363",56,"telephone","nov",154,-1,0,"no"
"1364",53,"telephone","jul",36,-1,0,"no"
"1365",54,"cellular","feb",85,196,3,"no"
"1366",32,"cellular","may",362,287,13,"no"
"1367",42,"telephone","apr",37,-1,0,"no"
"1368",37,"cellular","sep",76,-1,0,"no"
"1369",45,"cellular","aug",131,356,3,"no"
"1370",33,"cellular","nov",570,-1,0,"no"
"1371",33,"cellular","jul",329,-1,0,"no"
"1372",36,"unknown","jun",82,-1,0,"no"
"1373",34,"cellular","jul",164,-1,0,"no"
"1374",32,"cellular","nov",395,-1,0,"no"
"1375",29,"cellular","apr",139,-1,0,"no"
"1376",31,"unknown","jul",43,-1,0,"no"
"1377",52,"cellular","aug",343,-1,0,"no"
"1378",26,"cellular","jul",319,-1,0,"no"
"1379",43,"unknown","may",302,-1,0,"no"
"1380",55,"cellular","jul",455,-1,0,"no"
"1381",28,"unknown","may",126,-1,0,"no"
"1382",46,"unknown","jun",252,-1,0,"no"
"1383",39,"unknown","may",793,-1,0,"no"
"1384",51,"cellular","nov",727,-1,0,"no"
"1385",42,"unknown","may",275,-1,0,"no"
"1386",53,"cellular","aug",77,-1,0,"no"
"1387",34,"cellular","aug",61,-1,0,"no"
"1388",48,"cellular","apr",264,317,1,"no"
"1389",37,"cellular","jul",214,-1,0,"no"
"1390",38,"cellular","jul",182,-1,0,"no"
"1391",34,"cellular","may",173,299,2,"no"
"1392",48,"cellular","apr",349,-1,0,"no"
"1393",47,"cellular","jul",77,-1,0,"no"
"1394",48,"telephone","nov",1476,-1,0,"no"
"1395",37,"cellular","jan",540,115,3,"no"
"1396",38,"unknown","jun",179,-1,0,"no"
"1397",30,"unknown","may",747,-1,0,"no"
"1398",46,"telephone","nov",107,167,1,"no"
"1399",26,"unknown","may",48,-1,0,"no"
"1400",55,"telephone","may",147,298,3,"no"
"1401",42,"cellular","jul",430,-1,0,"no"
"1402",42,"cellular","aug",64,-1,0,"no"
"1403",31,"unknown","may",217,-1,0,"no"
"1404",37,"cellular","may",77,-1,0,"no"
"1405",26,"unknown","may",16,-1,0,"no"
"1406",54,"cellular","aug",753,-1,0,"no"
"1407",70,"cellular","apr",125,182,1,"no"
"1408",48,"telephone","jul",5,-1,0,"no"
"1409",50,"cellular","jul",185,-1,0,"no"
"1410",60,"cellular","feb",80,-1,0,"no"
"1411",32,"cellular","aug",156,-1,0,"no"
"1412",32,"cellular","jul",403,-1,0,"no"
"1413",34,"cellular","nov",145,-1,0,"no"
"1414",48,"cellular","may",17,-1,0,"no"
"1415",25,"cellular","jul",160,-1,0,"no"
"1416",32,"cellular","nov",486,181,2,"no"
"1417",32,"cellular","feb",321,-1,0,"no"
"1418",54,"cellular","apr",472,148,2,"no"
"1419",36,"unknown","may",151,-1,0,"no"
"1420",39,"cellular","may",122,357,4,"no"
"1421",41,"unknown","jun",30,-1,0,"no"
"1422",43,"unknown","may",548,-1,0,"no"
"1423",35,"unknown","may",326,-1,0,"no"
"1424",33,"cellular","nov",414,-1,0,"no"
"1425",33,"cellular","jul",351,-1,0,"no"
"1426",29,"unknown","may",449,-1,0,"no"
"1427",58,"unknown","jun",16,-1,0,"no"
"1428",75,"telephone","jul",219,-1,0,"no"
"1429",34,"cellular","nov",138,-1,0,"no"
"1430",60,"cellular","jul",121,-1,0,"no"
"1431",27,"cellular","jul",527,-1,0,"no"
"1432",60,"cellular","jul",96,-1,0,"no"
"1433",50,"unknown","may",179,-1,0,"no"
"1434",37,"cellular","jul",367,-1,0,"no"
"1435",34,"cellular","nov",197,-1,0,"no"
"1436",30,"cellular","jul",187,-1,0,"no"
"1437",60,"cellular","jul",421,-1,0,"no"
"1438",34,"cellular","aug",181,-1,0,"no"
"1439",36,"cellular","apr",15,316,1,"no"
"1440",36,"unknown","jun",1017,-1,0,"no"
"1441",46,"unknown","may",91,-1,0,"no"
"1442",38,"cellular","nov",224,180,1,"no"
"1443",42,"unknown","may",285,-1,0,"no"
"1444",59,"cellular","jul",129,-1,0,"no"
"1445",39,"cellular","jul",88,-1,0,"no"
"1446",41,"cellular","aug",185,-1,0,"no"
"1447",59,"cellular","jan",98,154,6,"no"
"1448",42,"cellular","jan",97,169,3,"no"
"1449",33,"cellular","may",72,370,1,"no"
"1450",53,"cellular","may",109,87,2,"no"
"1451",43,"unknown","may",208,-1,0,"no"
"1452",27,"cellular","may",273,-1,0,"no"
"1453",39,"unknown","may",130,-1,0,"no"
"1454",27,"cellular","feb",590,-1,0,"no"
"1455",37,"unknown","may",281,-1,0,"no"
"1456",52,"unknown","jun",148,-1,0,"no"
"1457",33,"cellular","aug",305,-1,0,"no"
"1458",41,"cellular","nov",90,-1,0,"no"
"1459",38,"cellular","apr",222,-1,0,"no"
"1460",30,"cellular","jul",127,-1,0,"no"
"1461",58,"telephone","jan",38,-1,0,"no"
"1462",37,"cellular","may",380,-1,0,"no"
"1463",36,"cellular","apr",244,313,1,"no"
"1464",45,"cellular","aug",189,-1,0,"no"
"1465",23,"unknown","jun",217,-1,0,"no"
"1466",44,"unknown","jun",22,-1,0,"no"
"1467",32,"cellular","aug",289,-1,0,"no"
"1468",32,"cellular","jul",221,-1,0,"no"
"1469",40,"cellular","jun",220,219,2,"no"
"1470",47,"cellular","feb",147,264,4,"no"
"1471",43,"unknown","jun",147,-1,0,"no"
"1472",33,"cellular","aug",130,-1,0,"no"
"1473",45,"cellular","may",247,-1,0,"no"
"1474",44,"cellular","jul",264,-1,0,"no"
"1475",37,"unknown","may",336,-1,0,"no"
"1476",51,"unknown","may",619,-1,0,"no"
"1477",32,"cellular","may",159,350,2,"no"
"1478",33,"unknown","may",29,-1,0,"no"
"1479",28,"unknown","jun",606,-1,0,"no"
"1480",66,"cellular","jun",971,-1,0,"no"
"1481",31,"unknown","may",231,-1,0,"no"
"1482",35,"unknown","may",163,-1,0,"no"
"1483",36,"telephone","jul",119,-1,0,"no"
"1484",32,"cellular","jan",348,-1,0,"no"
"1485",34,"unknown","mar",30,-1,0,"no"
"1486",55,"unknown","may",58,-1,0,"no"
"1487",33,"cellular","may",119,-1,0,"no"
"1488",58,"unknown","jun",111,-1,0,"no"
"1489",38,"unknown","may",110,-1,0,"no"
"1490",51,"cellular","nov",210,-1,0,"no"
"1491",34,"cellular","aug",123,-1,0,"no"
"1492",33,"cellular","aug",216,-1,0,"no"
"1493",42,"cellular","jul",178,-1,0,"no"
"1494",31,"cellular","apr",230,-1,0,"no"
"1495",31,"unknown","may",147,-1,0,"no"
"1496",44,"unknown","may",118,-1,0,"no"
"1497",32,"cellular","may",213,264,6,"no"
"1498",58,"cellular","aug",219,-1,0,"no"
"1499",46,"unknown","may",104,-1,0,"no"
"1500",51,"telephone","jun",303,-1,0,"no"
"1501",31,"unknown","may",151,-1,0,"no"
"1502",58,"cellular","feb",19,-1,0,"no"
"1503",36,"cellular","may",49,-1,0,"no"
"1504",34,"cellular","feb",171,193,2,"no"
"1505",36,"cellular","aug",71,-1,0,"no"
"1506",54,"cellular","nov",83,-1,0,"no"
"1507",29,"telephone","apr",95,-1,0,"no"
"1508",48,"unknown","may",201,-1,0,"no"
"1509",49,"telephone","jul",115,-1,0,"no"
"1510",25,"unknown","jul",316,-1,0,"no"
"1511",38,"cellular","jul",196,-1,0,"no"
"1512",43,"unknown","may",241,-1,0,"no"
"1513",32,"cellular","nov",354,-1,0,"no"
"1514",29,"cellular","may",471,-1,0,"no"
"1515",35,"unknown","may",371,-1,0,"no"
"1516",57,"unknown","jun",58,-1,0,"no"
"1517",40,"cellular","may",88,173,1,"no"
"1518",40,"unknown","jun",161,-1,0,"no"
"1519",26,"unknown","jun",95,-1,0,"no"
"1520",37,"unknown","jun",165,-1,0,"no"
"1521",33,"telephone","nov",114,-1,0,"no"
"1522",60,"cellular","aug",393,-1,0,"no"
"1523",56,"cellular","nov",808,-1,0,"no"
"1524",45,"unknown","may",923,-1,0,"no"
"1525",37,"unknown","may",143,-1,0,"no"
"1526",43,"cellular","may",487,367,2,"no"
"1527",59,"cellular","aug",84,-1,0,"no"
"1528",36,"cellular","aug",86,-1,0,"no"
"1529",31,"cellular","aug",96,-1,0,"no"
"1530",58,"cellular","aug",88,-1,0,"no"
"1531",48,"unknown","may",413,-1,0,"no"
"1532",49,"unknown","jun",147,-1,0,"no"
"1533",26,"telephone","jan",112,-1,0,"no"
"1534",26,"cellular","jul",242,-1,0,"no"
"1535",58,"cellular","jul",82,-1,0,"no"
"1536",44,"cellular","nov",661,-1,0,"no"
"1537",35,"cellular","jul",151,-1,0,"no"
"1538",41,"cellular","aug",140,-1,0,"no"
"1539",36,"cellular","may",172,93,1,"no"
"1540",51,"cellular","jul",200,-1,0,"no"
"1541",26,"cellular","jan",650,-1,0,"no"
"1542",32,"cellular","aug",131,-1,0,"no"
"1543",51,"cellular","nov",176,-1,0,"no"
"1544",51,"unknown","may",247,-1,0,"no"
"1545",40,"cellular","apr",38,335,1,"no"
"1546",47,"telephone","oct",541,204,3,"no"
"1547",66,"telephone","jan",203,93,1,"no"
"1548",47,"cellular","aug",602,-1,0,"no"
"1549",56,"cellular","aug",26,-1,0,"no"
"1550",32,"cellular","aug",107,-1,0,"no"
"1551",42,"unknown","may",46,-1,0,"no"
"1552",30,"cellular","jul",128,-1,0,"no"
"1553",26,"unknown","may",360,-1,0,"no"
"1554",52,"cellular","may",22,-1,0,"no"
"1555",35,"cellular","sep",310,96,2,"no"
"1556",40,"unknown","may",240,-1,0,"no"
"1557",32,"unknown","may",144,-1,0,"no"
"1558",45,"cellular","jul",311,-1,0,"no"
"1559",27,"cellular","may",458,349,1,"no"
"1560",50,"unknown","may",101,-1,0,"no"
"1561",38,"unknown","may",72,-1,0,"no"
"1562",46,"telephone","jun",94,-1,0,"no"
"1563",35,"unknown","may",210,-1,0,"no"
"1564",37,"cellular","sep",369,-1,0,"no"
"1565",28,"cellular","apr",125,-1,0,"no"
"1566",38,"unknown","jun",301,-1,0,"no"
"1567",43,"cellular","aug",14,-1,0,"no"
"1568",43,"unknown","may",57,-1,0,"no"
"1569",56,"cellular","nov",420,-1,0,"no"
"1570",32,"cellular","may",638,175,3,"no"
"1571",28,"cellular","jun",201,-1,0,"no"
"1572",47,"cellular","aug",557,-1,0,"no"
"1573",31,"unknown","may",66,-1,0,"no"
"1574",38,"unknown","may",206,-1,0,"no"
"1575",69,"telephone","aug",26,-1,0,"no"
"1576",32,"cellular","feb",166,-1,0,"no"
"1577",37,"cellular","may",102,333,2,"no"
"1578",39,"unknown","jun",46,-1,0,"no"
"1579",40,"unknown","jun",126,-1,0,"no"
"1580",43,"unknown","may",343,-1,0,"no"
"1581",41,"cellular","aug",261,-1,0,"no"
"1582",47,"cellular","jul",676,-1,0,"no"
"1583",54,"cellular","may",143,-1,0,"no"
"1584",39,"cellular","aug",133,-1,0,"no"
"1585",56,"unknown","may",185,-1,0,"no"
"1586",35,"unknown","jun",22,-1,0,"no"
"1587",34,"cellular","aug",184,-1,0,"no"
"1588",31,"cellular","aug",78,-1,0,"no"
"1589",47,"unknown","may",157,-1,0,"no"
"1590",52,"telephone","aug",20,-1,0,"no"
"1591",30,"cellular","nov",816,-1,0,"no"
"1592",49,"unknown","may",396,-1,0,"no"
"1593",30,"unknown","may",340,-1,0,"no"
"1594",31,"telephone","nov",55,-1,0,"no"
"1595",29,"cellular","may",107,371,3,"no"
"1596",34,"cellular","jul",101,-1,0,"no"
"1597",37,"unknown","may",233,-1,0,"no"
"1598",31,"cellular","nov",303,-1,0,"no"
"1599",57,"cellular","jul",417,-1,0,"no"
"1600",30,"cellular","aug",387,-1,0,"no"
"1601",28,"cellular","may",10,344,1,"no"
"1602",44,"cellular","jul",99,-1,0,"no"
"1603",50,"cellular","apr",107,148,4,"no"
"1604",46,"cellular","nov",308,-1,0,"no"
"1605",34,"cellular","jun",298,-1,0,"no"
"1606",58,"cellular","aug",92,-1,0,"no"
"1607",52,"cellular","aug",288,-1,0,"no"
"1608",27,"cellular","apr",130,323,1,"no"
"1609",48,"cellular","jan",255,-1,0,"no"
"1610",36,"cellular","apr",68,-1,0,"no"
"1611",46,"cellular","nov",64,150,5,"no"
"1612",51,"cellular","aug",166,-1,0,"no"
"1613",35,"unknown","may",434,-1,0,"no"
"1614",34,"unknown","may",532,-1,0,"no"
"1615",60,"telephone","jul",40,-1,0,"no"
"1616",42,"cellular","jul",64,-1,0,"no"
"1617",50,"cellular","nov",163,113,3,"no"
"1618",34,"cellular","aug",137,-1,0,"no"
"1619",32,"unknown","jun",257,-1,0,"no"
"1620",36,"cellular","feb",231,259,1,"no"
"1621",28,"cellular","jul",68,-1,0,"no"
"1622",40,"cellular","jul",186,-1,0,"no"
"1623",57,"telephone","jul",132,-1,0,"no"
"1624",34,"cellular","may",203,78,8,"no"
"1625",46,"cellular","aug",205,-1,0,"no"
"1626",47,"telephone","jul",250,-1,0,"no"
"1627",35,"unknown","may",50,-1,0,"no"
"1628",32,"cellular","jul",312,-1,0,"no"
"1629",44,"cellular","jul",163,-1,0,"no"
"1630",41,"unknown","jun",76,-1,0,"no"
"1631",59,"cellular","feb",150,-1,0,"no"
"1632",39,"cellular","apr",244,-1,0,"no"
"1633",43,"unknown","may",64,-1,0,"no"
"1634",30,"cellular","may",317,-1,0,"no"
"1635",26,"cellular","jul",191,-1,0,"no"
"1636",52,"unknown","jun",163,-1,0,"no"
"1637",56,"unknown","jun",306,-1,0,"no"
"1638",33,"cellular","apr",306,-1,0,"no"
"1639",34,"cellular","feb",154,197,6,"no"
"1640",39,"unknown","jun",21,-1,0,"no"
"1641",41,"cellular","feb",1056,-1,0,"no"
"1642",30,"cellular","may",223,-1,0,"no"
"1643",38,"unknown","may",411,-1,0,"no"
"1644",37,"unknown","jun",236,-1,0,"no"
"1645",32,"cellular","may",80,-1,0,"no"
"1646",48,"unknown","may",344,-1,0,"no"
"1647",34,"cellular","aug",91,-1,0,"no"
"1648",32,"cellular","may",908,344,7,"no"
"1649",32,"cellular","apr",819,-1,0,"no"
"1650",38,"cellular","aug",210,-1,0,"no"
"1651",86,"telephone","mar",165,101,1,"no"
"1652",47,"cellular","aug",118,-1,0,"no"
"1653",42,"cellular","may",159,343,2,"no"
"1654",57,"cellular","jul",85,-1,0,"no"
"1655",44,"unknown","may",129,-1,0,"no"
"1656",34,"cellular","may",89,344,1,"no"
"1657",37,"telephone","jul",109,-1,0,"no"
"1658",42,"cellular","jul",152,-1,0,"no"
"1659",30,"cellular","jul",203,183,2,"no"
"1660",40,"unknown","may",735,-1,0,"no"
"1661",34,"unknown","may",185,-1,0,"no"
"1662",41,"cellular","may",54,-1,0,"no"
"1663",30,"unknown","may",122,-1,0,"no"
"1664",36,"unknown","jun",71,-1,0,"no"
"1665",34,"cellular","may",445,345,2,"no"
"1666",32,"cellular","may",232,-1,0,"no"
"1667",39,"cellular","jan",144,248,2,"no"
"1668",36,"cellular","aug",209,-1,0,"no"
"1669",33,"unknown","may",415,-1,0,"no"
"1670",54,"cellular","may",30,-1,0,"no"
"1671",46,"cellular","jul",37,-1,0,"no"
"1672",35,"telephone","may",32,-1,0,"no"
"1673",27,"cellular","jul",57,-1,0,"no"
"1674",35,"unknown","may",461,-1,0,"no"
"1675",53,"unknown","jun",198,-1,0,"no"
"1676",29,"cellular","jan",327,-1,0,"no"
"1677",35,"cellular","aug",669,-1,0,"no"
"1678",49,"cellular","jan",165,-1,0,"no"
"1679",33,"cellular","aug",285,-1,0,"no"
"1680",19,"cellular","feb",123,-1,0,"no"
"1681",44,"cellular","nov",354,-1,0,"no"
"1682",25,"cellular","may",68,-1,0,"no"
"1683",40,"cellular","nov",155,-1,0,"no"
"1684",49,"unknown","may",550,-1,0,"no"
"1685",59,"cellular","nov",75,-1,0,"no"
"1686",23,"cellular","may",222,-1,0,"no"
"1687",33,"cellular","jul",204,-1,0,"no"
"1688",54,"cellular","may",155,177,7,"no"
"1689",26,"unknown","jul",46,-1,0,"no"
"1690",54,"telephone","apr",1366,150,1,"no"
"1691",51,"cellular","may",168,-1,0,"no"
"1692",31,"cellular","jul",624,-1,0,"no"
"1693",34,"cellular","apr",28,345,1,"no"
"1694",40,"cellular","may",85,-1,0,"no"
"1695",43,"unknown","may",117,-1,0,"no"
"1696",33,"cellular","jul",184,-1,0,"no"
"1697",66,"cellular","aug",72,-1,0,"no"
"1698",31,"cellular","apr",158,182,1,"no"
"1699",33,"telephone","jul",44,-1,0,"no"
"1700",31,"cellular","aug",336,-1,0,"no"
"1701",37,"unknown","may",194,-1,0,"no"
"1702",37,"unknown","may",133,-1,0,"no"
"1703",45,"cellular","feb",45,-1,0,"no"
"1704",32,"unknown","may",110,-1,0,"no"
"1705",49,"cellular","aug",173,-1,0,"no"
"1706",46,"unknown","jun",382,-1,0,"no"
"1707",37,"cellular","jan",233,-1,0,"no"
"1708",34,"unknown","may",193,-1,0,"no"
"1709",44,"unknown","may",387,-1,0,"no"
"1710",45,"cellular","jun",103,-1,0,"no"
"1711",57,"unknown","jun",257,-1,0,"no"
"1712",45,"cellular","jul",59,-1,0,"no"
"1713",40,"unknown","jan",176,-1,0,"no"
"1714",37,"unknown","jun",402,-1,0,"no"
"1715",33,"cellular","nov",766,-1,0,"no"
"1716",29,"cellular","may",44,355,3,"no"
"1717",27,"unknown","may",244,-1,0,"no"
"1718",78,"telephone","nov",136,-1,0,"no"
"1719",53,"cellular","aug",136,-1,0,"no"
"1720",46,"cellular","nov",93,189,8,"no"
"1721",44,"unknown","may",257,-1,0,"no"
"1722",49,"unknown","jul",191,-1,0,"no"
"1723",46,"unknown","may",107,-1,0,"no"
"1724",56,"unknown","jun",214,-1,0,"no"
"1725",30,"unknown","jun",91,-1,0,"no"
"1726",43,"cellular","jul",76,-1,0,"no"
"1727",36,"unknown","jun",152,-1,0,"no"
"1728",28,"cellular","feb",97,-1,0,"no"
"1729",70,"telephone","mar",252,183,1,"no"
"1730",49,"cellular","nov",408,-1,0,"no"
"1731",31,"cellular","jun",95,-1,0,"no"
"1732",31,"unknown","may",907,-1,0,"no"
"1733",44,"cellular","jul",196,-1,0,"no"
"1734",32,"cellular","apr",219,-1,0,"no"
"1735",52,"cellular","jul",197,-1,0,"no"
"1736",35,"cellular","aug",257,-1,0,"no"
"1737",35,"cellular","jan",381,247,2,"no"
"1738",32,"unknown","may",486,-1,0,"no"
"1739",30,"unknown","may",152,-1,0,"no"
"1740",55,"unknown","may",144,-1,0,"no"
"1741",50,"cellular","apr",50,-1,0,"no"
"1742",27,"cellular","jul",39,-1,0,"no"
"1743",29,"unknown","may",50,-1,0,"no"
"1744",54,"telephone","jan",526,258,3,"no"
"1745",41,"unknown","jun",291,-1,0,"no"
"1746",31,"cellular","feb",343,-1,0,"no"
"1747",32,"unknown","jul",400,-1,0,"no"
"1748",61,"unknown","may",158,-1,0,"no"
"1749",34,"cellular","may",146,171,3,"no"
"1750",56,"unknown","may",27,-1,0,"no"
"1751",29,"cellular","aug",105,-1,0,"no"
"1752",34,"unknown","jun",119,-1,0,"no"
"1753",35,"cellular","apr",327,-1,0,"no"
"1754",60,"telephone","jul",124,-1,0,"no"
"1755",45,"cellular","nov",482,120,2,"no"
"1756",31,"unknown","may",81,-1,0,"no"
"1757",43,"cellular","jul",674,-1,0,"no"
"1758",40,"cellular","jul",347,-1,0,"no"
"1759",38,"cellular","nov",48,-1,0,"no"
"1760",58,"cellular","nov",279,-1,0,"no"
"1761",31,"unknown","may",132,-1,0,"no"
"1762",53,"cellular","jul",91,-1,0,"no"
"1763",36,"cellular","may",15,-1,0,"no"
"1764",53,"cellular","may",56,359,1,"no"
"1765",35,"unknown","may",116,-1,0,"no"
"1766",32,"cellular","nov",100,182,1,"no"
"1767",46,"cellular","jul",214,-1,0,"no"
"1768",28,"cellular","apr",406,317,1,"no"
"1769",32,"cellular","may",20,-1,0,"no"
"1770",43,"cellular","nov",87,-1,0,"no"
"1771",30,"cellular","feb",465,-1,0,"no"
"1772",37,"telephone","jul",109,-1,0,"no"
"1773",28,"unknown","jun",318,-1,0,"no"
"1774",31,"cellular","aug",275,-1,0,"no"
"1775",31,"unknown","may",59,-1,0,"no"
"1776",38,"cellular","aug",70,-1,0,"no"
"1777",31,"cellular","apr",1126,335,1,"no"
"1778",43,"cellular","aug",209,-1,0,"no"
"1779",54,"cellular","mar",275,-1,0,"no"
"1780",51,"cellular","may",51,342,3,"no"
"1781",44,"unknown","may",110,-1,0,"no"
"1782",41,"unknown","jun",95,-1,0,"no"
"1783",33,"cellular","oct",246,-1,0,"no"
"1784",48,"cellular","jul",46,-1,0,"no"
"1785",40,"unknown","jun",327,-1,0,"no"
"1786",35,"cellular","aug",249,-1,0,"no"
"1787",25,"unknown","may",328,-1,0,"no"
"1788",38,"unknown","aug",17,-1,0,"no"
"1789",45,"unknown","may",126,-1,0,"no"
"1790",59,"cellular","jul",52,-1,0,"no"
"1791",32,"cellular","aug",159,-1,0,"no"
"1792",33,"cellular","jul",285,-1,0,"no"
"1793",42,"cellular","jul",216,-1,0,"no"
"1794",51,"cellular","aug",84,-1,0,"no"
"1795",45,"cellular","may",138,-1,0,"no"
"1796",33,"cellular","may",123,-1,0,"no"
"1797",23,"unknown","jun",111,-1,0,"no"
"1798",39,"unknown","may",825,-1,0,"no"
"1799",38,"cellular","apr",45,153,1,"no"
"1800",30,"cellular","feb",30,-1,0,"no"
"1801",52,"cellular","jul",374,-1,0,"no"
"1802",36,"cellular","oct",183,91,11,"no"
"1803",56,"telephone","jul",246,-1,0,"no"
"1804",21,"unknown","may",107,-1,0,"no"
"1805",43,"unknown","jun",385,-1,0,"no"
"1806",54,"cellular","nov",104,-1,0,"no"
"1807",52,"cellular","may",198,170,2,"no"
"1808",53,"cellular","jul",143,-1,0,"no"
"1809",24,"unknown","may",23,-1,0,"no"
"1810",57,"unknown","jun",104,-1,0,"no"
"1811",57,"cellular","nov",364,-1,0,"no"
"1812",45,"cellular","apr",183,338,2,"no"
"1813",50,"cellular","jul",248,-1,0,"no"
"1814",34,"unknown","may",157,-1,0,"no"
"1815",35,"cellular","jul",295,-1,0,"no"
"1816",31,"unknown","may",203,-1,0,"no"
"1817",48,"cellular","may",78,-1,0,"no"
"1818",39,"cellular","nov",44,-1,0,"no"
"1819",36,"unknown","may",358,-1,0,"no"
"1820",38,"cellular","feb",39,-1,0,"no"
"1821",56,"telephone","may",325,-1,0,"no"
"1822",41,"cellular","nov",238,126,4,"no"
"1823",38,"cellular","apr",156,273,3,"no"
"1824",80,"telephone","apr",681,118,11,"no"
"1825",37,"cellular","nov",187,-1,0,"no"
"1826",36,"unknown","may",99,-1,0,"no"
"1827",53,"cellular","aug",112,-1,0,"no"
"1828",69,"cellular","jul",112,78,1,"no"
"1829",46,"unknown","may",32,-1,0,"no"
"1830",31,"cellular","nov",410,-1,0,"no"
"1831",38,"cellular","nov",640,-1,0,"no"
"1832",34,"unknown","jun",118,-1,0,"no"
"1833",38,"unknown","may",553,-1,0,"no"
"1834",47,"cellular","jul",71,-1,0,"no"
"1835",38,"unknown","jun",362,-1,0,"no"
"1836",41,"unknown","may",89,-1,0,"no"
"1837",52,"cellular","jan",141,-1,0,"no"
"1838",51,"cellular","aug",119,-1,0,"no"
"1839",27,"cellular","jan",164,-1,0,"no"
"1840",26,"telephone","jan",145,164,1,"no"
"1841",48,"unknown","may",105,-1,0,"no"
"1842",54,"cellular","jul",85,-1,0,"no"
"1843",51,"cellular","jul",439,-1,0,"no"
"1844",47,"unknown","may",278,-1,0,"no"
"1845",53,"cellular","aug",205,-1,0,"no"
"1846",35,"cellular","jul",221,-1,0,"no"
"1847",58,"telephone","nov",52,172,3,"no"
"1848",35,"telephone","may",29,-1,0,"no"
"1849",29,"unknown","may",317,-1,0,"no"
"1850",52,"cellular","nov",371,-1,0,"no"
"1851",35,"cellular","apr",128,-1,0,"no"
"1852",48,"unknown","may",220,-1,0,"no"
"1853",30,"cellular","may",546,-1,0,"no"
"1854",39,"unknown","jun",30,404,2,"no"
"1855",54,"cellular","apr",94,145,3,"no"
"1856",49,"unknown","may",984,-1,0,"no"
"1857",47,"cellular","may",908,-1,0,"no"
"1858",27,"unknown","may",72,-1,0,"no"
"1859",46,"unknown","may",113,-1,0,"no"
"1860",27,"telephone","may",289,-1,0,"no"
"1861",31,"cellular","jul",357,-1,0,"no"
"1862",47,"unknown","may",118,-1,0,"no"
"1863",46,"cellular","aug",414,-1,0,"no"
"1864",47,"cellular","jul",248,-1,0,"no"
"1865",42,"cellular","aug",252,-1,0,"no"
"1866",33,"unknown","may",151,-1,0,"no"
"1867",51,"cellular","nov",26,-1,0,"no"
"1868",51,"cellular","aug",119,-1,0,"no"
"1869",32,"unknown","jun",180,-1,0,"no"
"1870",24,"telephone","may",12,374,1,"no"
"1871",41,"cellular","may",225,275,2,"no"
"1872",43,"unknown","may",150,-1,0,"no"
"1873",52,"cellular","jul",89,-1,0,"no"
"1874",36,"cellular","nov",153,183,1,"no"
"1875",50,"cellular","may",157,299,3,"no"
"1876",38,"cellular","nov",277,-1,0,"no"
"1877",31,"telephone","may",113,-1,0,"no"
"1878",40,"cellular","nov",153,183,2,"no"
"1879",42,"telephone","jul",59,-1,0,"no"
"1880",58,"cellular","nov",100,-1,0,"no"
"1881",57,"cellular","aug",142,-1,0,"no"
"1882",51,"cellular","aug",312,-1,0,"no"
"1883",59,"cellular","nov",167,-1,0,"no"
"1884",27,"cellular","jul",676,-1,0,"no"
"1885",42,"cellular","jul",236,-1,0,"no"
"1886",33,"cellular","jul",83,-1,0,"no"
"1887",31,"cellular","may",100,-1,0,"no"
"1888",29,"cellular","jul",528,-1,0,"no"
"1889",55,"telephone","jul",252,-1,0,"no"
"1890",35,"cellular","nov",33,-1,0,"no"
"1891",34,"unknown","may",83,-1,0,"no"
"1892",32,"cellular","apr",115,-1,0,"no"
"1893",31,"unknown","may",730,-1,0,"no"
"1894",51,"cellular","may",347,284,2,"no"
"1895",29,"cellular","jul",58,-1,0,"no"
"1896",43,"cellular","jul",180,-1,0,"no"
"1897",27,"cellular","jul",46,-1,0,"no"
"1898",34,"unknown","jun",326,-1,0,"no"
"1899",29,"telephone","jul",342,-1,0,"no"
"1900",57,"cellular","feb",49,-1,0,"no"
"1901",43,"cellular","aug",110,-1,0,"no"
"1902",49,"unknown","may",25,-1,0,"no"
"1903",38,"cellular","nov",213,-1,0,"no"
"1904",40,"cellular","jul",173,-1,0,"no"
"1905",58,"cellular","nov",297,-1,0,"no"
"1906",38,"unknown","may",88,-1,0,"no"
"1907",35,"unknown","jun",426,-1,0,"no"
"1908",47,"telephone","nov",195,112,8,"no"
"1909",45,"cellular","aug",230,-1,0,"no"
"1910",29,"cellular","jan",413,-1,0,"no"
"1911",59,"cellular","jul",206,-1,0,"no"
"1912",26,"cellular","may",138,-1,0,"no"
"1913",31,"unknown","may",334,-1,0,"no"
"1914",34,"cellular","apr",470,150,5,"no"
"1915",35,"telephone","jul",102,-1,0,"no"
"1916",37,"unknown","jun",95,-1,0,"no"
"1917",27,"unknown","may",332,-1,0,"no"
"1918",53,"cellular","aug",129,-1,0,"no"
"1919",51,"cellular","aug",91,-1,0,"no"
"1920",33,"cellular","may",104,-1,0,"no"
"1921",32,"unknown","jun",258,-1,0,"no"
"1922",46,"cellular","jul",90,-1,0,"no"
"1923",32,"cellular","jul",310,-1,0,"no"
"1924",40,"cellular","may",207,351,2,"no"
"1925",39,"unknown","jun",43,-1,0,"no"
"1926",51,"telephone","jul",126,-1,0,"no"
"1927",55,"cellular","may",123,-1,0,"no"
"1928",43,"unknown","may",284,-1,0,"no"
"1929",34,"cellular","may",59,-1,0,"no"
"1930",48,"cellular","nov",67,-1,0,"no"
"1931",26,"cellular","may",8,-1,0,"no"
"1932",39,"cellular","may",62,-1,0,"no"
"1933",49,"unknown","jun",84,-1,0,"no"
"1934",52,"cellular","nov",143,154,3,"no"
"1935",38,"unknown","may",195,-1,0,"no"
"1936",49,"unknown","may",221,-1,0,"no"
"1937",35,"cellular","jul",199,-1,0,"no"
"1938",26,"cellular","may",582,283,4,"no"
"1939",25,"unknown","may",351,-1,0,"no"
"1940",42,"cellular","aug",163,-1,0,"no"
"1941",49,"unknown","may",234,-1,0,"no"
"1942",52,"cellular","jul",393,-1,0,"no"
"1943",36,"telephone","aug",240,107,4,"no"
"1944",35,"cellular","may",150,360,1,"no"
"1945",33,"cellular","feb",124,273,1,"no"
"1946",59,"cellular","jul",247,-1,0,"no"
"1947",43,"cellular","may",66,363,22,"no"
"1948",37,"unknown","may",219,-1,0,"no"
"1949",31,"cellular","nov",631,-1,0,"no"
"1950",34,"cellular","apr",156,147,7,"no"
"1951",34,"unknown","may",160,-1,0,"no"
"1952",40,"unknown","jun",150,-1,0,"no"
"1953",58,"cellular","jul",5,-1,0,"no"
"1954",34,"cellular","aug",122,-1,0,"no"
"1955",34,"unknown","may",559,-1,0,"no"
"1956",42,"unknown","may",141,-1,0,"no"
"1957",59,"cellular","nov",216,-1,0,"no"
"1958",31,"cellular","feb",577,-1,0,"no"
"1959",39,"cellular","jul",193,-1,0,"no"
"1960",34,"cellular","aug",210,-1,0,"no"
"1961",47,"cellular","aug",732,-1,0,"no"
"1962",42,"unknown","may",121,-1,0,"no"
"1963",33,"unknown","may",109,-1,0,"no"
"1964",30,"cellular","nov",140,-1,0,"no"
"1965",40,"cellular","may",541,295,6,"no"
"1966",34,"cellular","nov",108,-1,0,"no"
"1967",46,"cellular","nov",80,152,1,"no"
"1968",32,"unknown","may",155,-1,0,"no"
"1969",46,"cellular","may",389,-1,0,"no"
"1970",26,"cellular","feb",133,-1,0,"no"
"1971",42,"cellular","nov",328,-1,0,"no"
"1972",42,"unknown","may",187,-1,0,"no"
"1973",41,"unknown","jun",87,-1,0,"no"
"1974",34,"cellular","nov",162,173,3,"no"
"1975",32,"unknown","may",294,-1,0,"no"
"1976",56,"cellular","jul",212,-1,0,"no"
"1977",45,"cellular","may",108,-1,0,"no"
"1978",28,"cellular","feb",172,-1,0,"no"
"1979",30,"cellular","may",176,-1,0,"no"
"1980",39,"unknown","may",212,-1,0,"no"
"1981",49,"cellular","nov",148,871,2,"no"
"1982",50,"cellular","feb",99,-1,0,"no"
"1983",45,"cellular","aug",133,-1,0,"no"
"1984",30,"cellular","feb",170,-1,0,"no"
"1985",34,"cellular","jun",153,309,3,"no"
"1986",32,"cellular","may",72,361,1,"no"
"1987",41,"cellular","jun",230,-1,0,"no"
"1988",35,"cellular","jul",322,-1,0,"no"
"1989",38,"cellular","may",244,-1,0,"no"
"1990",47,"cellular","feb",285,-1,0,"no"
"1991",34,"cellular","aug",163,-1,0,"no"
"1992",43,"cellular","may",66,-1,0,"no"
"1993",32,"unknown","may",343,-1,0,"no"
"1994",50,"cellular","jul",22,-1,0,"no"
"1995",32,"unknown","may",226,-1,0,"no"
"1996",55,"cellular","aug",151,-1,0,"no"
"1997",28,"cellular","jul",158,-1,0,"no"
"1998",33,"unknown","may",863,-1,0,"no"
"1999",34,"unknown","may",214,-1,0,"no"
"2000",59,"unknown","may",143,-1,0,"no"
"2001",34,"cellular","may",191,294,1,"no"
"2002",27,"cellular","may",493,-1,0,"no"
"2003",44,"unknown","may",13,-1,0,"no"
"2004",34,"unknown","may",249,-1,0,"no"
"2005",42,"telephone","jul",88,-1,0,"no"
"2006",38,"cellular","jun",167,298,10,"no"
"2007",34,"cellular","aug",96,-1,0,"no"
"2008",29,"cellular","aug",200,159,3,"no"
"2009",37,"cellular","jan",337,-1,0,"no"
"2010",58,"cellular","aug",139,-1,0,"no"
"2011",44,"unknown","may",570,-1,0,"no"
"2012",45,"cellular","jul",100,-1,0,"no"
"2013",56,"cellular","feb",70,7,7,"no"
"2014",44,"cellular","apr",525,-1,0,"no"
"2015",30,"cellular","aug",696,-1,0,"no"
"2016",38,"unknown","may",535,-1,0,"no"
"2017",36,"cellular","feb",383,-1,0,"no"
"2018",21,"unknown","aug",6,-1,0,"no"
"2019",38,"cellular","feb",105,-1,0,"no"
"2020",42,"unknown","jun",370,-1,0,"no"
"2021",45,"cellular","aug",29,-1,0,"no"
"2022",34,"cellular","may",184,167,6,"no"
"2023",48,"cellular","feb",47,222,3,"no"
"2024",36,"unknown","may",241,-1,0,"no"
"2025",52,"unknown","may",153,-1,0,"no"
"2026",27,"cellular","jul",273,91,1,"no"
"2027",36,"unknown","jun",197,-1,0,"no"
"2028",35,"cellular","aug",94,-1,0,"no"
"2029",31,"unknown","jun",135,-1,0,"no"
"2030",28,"cellular","may",153,371,2,"no"
"2031",43,"unknown","jun",113,-1,0,"no"
"2032",25,"cellular","may",117,-1,0,"no"
"2033",34,"unknown","may",318,-1,0,"no"
"2034",40,"cellular","aug",164,-1,0,"no"
"2035",47,"unknown","jun",40,-1,0,"no"
"2036",36,"unknown","jun",55,-1,0,"no"
"2037",59,"unknown","may",228,-1,0,"no"
"2038",57,"cellular","aug",76,-1,0,"no"
"2039",57,"unknown","may",73,-1,0,"no"
"2040",34,"unknown","may",89,-1,0,"no"
"2041",51,"cellular","aug",109,-1,0,"no"
"2042",54,"cellular","jul",98,-1,0,"no"
"2043",44,"cellular","nov",157,172,1,"no"
"2044",43,"cellular","nov",465,-1,0,"no"
"2045",33,"cellular","may",186,-1,0,"no"
"2046",42,"cellular","nov",52,-1,0,"no"
"2047",44,"cellular","jul",342,-1,0,"no"
"2048",29,"unknown","may",16,-1,0,"no"
"2049",31,"unknown","may",298,-1,0,"no"
"2050",40,"cellular","aug",197,-1,0,"no"
"2051",34,"unknown","may",956,-1,0,"no"
"2052",38,"cellular","may",95,327,9,"no"
"2053",32,"unknown","may",546,-1,0,"no"
"2054",41,"unknown","may",124,-1,0,"no"
"2055",25,"cellular","jul",113,-1,0,"no"
"2056",38,"cellular","may",245,-1,0,"no"
"2057",43,"unknown","may",371,-1,0,"no"
"2058",37,"cellular","aug",199,-1,0,"no"
"2059",36,"unknown","may",90,-1,0,"no"
"2060",49,"unknown","may",93,-1,0,"no"
"2061",33,"cellular","may",31,363,2,"no"
"2062",35,"cellular","jul",156,-1,0,"no"
"2063",35,"cellular","nov",340,183,2,"no"
"2064",29,"cellular","jan",510,-1,0,"no"
"2065",54,"cellular","aug",177,-1,0,"no"
"2066",27,"cellular","oct",123,-1,0,"no"
"2067",34,"cellular","feb",270,-1,0,"no"
"2068",39,"unknown","may",225,-1,0,"no"
"2069",44,"cellular","jul",160,-1,0,"no"
"2070",37,"unknown","jun",247,-1,0,"no"
"2071",40,"telephone","may",364,355,1,"no"
"2072",36,"unknown","may",168,-1,0,"no"
"2073",35,"unknown","may",836,-1,0,"no"
"2074",30,"cellular","aug",131,-1,0,"no"
"2075",25,"unknown","jun",89,-1,0,"no"
"2076",34,"cellular","aug",116,-1,0,"no"
"2077",52,"unknown","jun",58,-1,0,"no"
"2078",39,"unknown","sep",36,-1,0,"no"
"2079",34,"cellular","jul",240,-1,0,"no"
"2080",34,"cellular","aug",132,-1,0,"no"
"2081",30,"cellular","jul",544,-1,0,"no"
"2082",33,"unknown","may",266,-1,0,"no"
"2083",30,"cellular","feb",443,-1,0,"no"
"2084",39,"unknown","may",109,-1,0,"no"
"2085",36,"cellular","feb",15,207,3,"no"
"2086",27,"cellular","sep",146,224,1,"no"
"2087",37,"unknown","jun",199,-1,0,"no"
"2088",58,"cellular","jul",145,-1,0,"no"
"2089",56,"cellular","jun",56,-1,0,"no"
"2090",34,"cellular","may",11,-1,0,"no"
"2091",33,"cellular","nov",411,173,2,"no"
"2092",26,"cellular","jul",165,-1,0,"no"
"2093",40,"unknown","may",619,-1,0,"no"
"2094",35,"cellular","apr",203,-1,0,"no"
"2095",45,"unknown","may",254,-1,0,"no"
"2096",35,"unknown","may",189,-1,0,"no"
"2097",34,"unknown","may",339,-1,0,"no"
"2098",44,"cellular","apr",106,-1,0,"no"
"2099",54,"unknown","may",74,-1,0,"no"
"2100",43,"telephone","jul",29,-1,0,"no"
"2101",42,"cellular","may",203,334,2,"no"
"2102",32,"cellular","may",158,167,1,"no"
"2103",30,"cellular","jul",100,-1,0,"no"
"2104",26,"cellular","jul",160,-1,0,"no"
"2105",30,"cellular","nov",661,-1,0,"no"
"2106",32,"cellular","may",166,-1,0,"no"
"2107",50,"unknown","may",54,-1,0,"no"
"2108",33,"unknown","may",58,-1,0,"no"
"2109",57,"telephone","jul",25,-1,0,"no"
"2110",33,"unknown","may",494,-1,0,"no"
"2111",53,"unknown","jun",226,-1,0,"no"
"2112",24,"unknown","may",234,-1,0,"no"
"2113",38,"unknown","jun",270,-1,0,"no"
"2114",56,"cellular","may",1022,360,2,"no"
"2115",41,"cellular","nov",134,-1,0,"no"
"2116",44,"cellular","aug",251,-1,0,"no"
"2117",33,"cellular","may",178,365,5,"no"
"2118",30,"cellular","aug",202,83,5,"no"
"2119",43,"unknown","may",379,-1,0,"no"
"2120",55,"unknown","may",159,-1,0,"no"
"2121",60,"cellular","apr",156,-1,0,"no"
"2122",43,"unknown","jun",332,-1,0,"no"
"2123",31,"telephone","may",90,-1,0,"no"
"2124",56,"telephone","nov",291,-1,0,"no"
"2125",42,"telephone","feb",23,-1,0,"no"
"2126",52,"cellular","jul",122,-1,0,"no"
"2127",40,"cellular","jul",105,172,1,"no"
"2128",37,"cellular","aug",331,-1,0,"no"
"2129",40,"unknown","may",70,-1,0,"no"
"2130",49,"telephone","jul",281,-1,0,"no"
"2131",32,"cellular","may",204,-1,0,"no"
"2132",49,"cellular","aug",356,-1,0,"no"
"2133",41,"cellular","nov",386,-1,0,"no"
"2134",58,"unknown","jun",295,-1,0,"no"
"2135",36,"cellular","may",86,-1,0,"no"
"2136",52,"cellular","aug",16,-1,0,"no"
"2137",56,"telephone","nov",99,-1,0,"no"
"2138",32,"unknown","may",323,-1,0,"no"
"2139",62,"cellular","oct",78,-1,0,"no"
"2140",31,"cellular","aug",121,-1,0,"no"
"2141",39,"cellular","jun",96,-1,0,"no"
"2142",42,"cellular","jul",386,-1,0,"no"
"2143",37,"unknown","may",594,-1,0,"no"
"2144",29,"cellular","may",240,-1,0,"no"
"2145",45,"unknown","may",149,-1,0,"no"
"2146",46,"cellular","aug",217,-1,0,"no"
"2147",39,"cellular","aug",136,-1,0,"no"
"2148",28,"unknown","may",322,-1,0,"no"
"2149",26,"cellular","nov",104,196,1,"no"
"2150",52,"cellular","nov",189,111,4,"no"
"2151",33,"cellular","aug",123,-1,0,"no"
"2152",35,"cellular","jul",632,-1,0,"no"
"2153",40,"cellular","apr",101,-1,0,"no"
"2154",37,"cellular","apr",640,-1,0,"no"
"2155",39,"cellular","apr",517,255,1,"no"
"2156",28,"unknown","may",160,-1,0,"no"
"2157",54,"cellular","aug",73,-1,0,"no"
"2158",30,"cellular","may",98,167,2,"no"
"2159",45,"unknown","may",208,-1,0,"no"
"2160",27,"unknown","may",332,-1,0,"no"
"2161",35,"cellular","jul",505,-1,0,"no"
"2162",30,"cellular","may",284,371,1,"no"
"2163",28,"cellular","jan",73,256,3,"no"
"2164",33,"cellular","jul",90,-1,0,"no"
"2165",29,"unknown","may",104,-1,0,"no"
"2166",58,"unknown","jun",67,-1,0,"no"
"2167",35,"cellular","may",146,-1,0,"no"
"2168",49,"cellular","jul",71,-1,0,"no"
"2169",36,"cellular","oct",174,-1,0,"no"
"2170",31,"unknown","jun",292,-1,0,"no"
"2171",59,"unknown","may",240,-1,0,"no"
"2172",51,"cellular","aug",248,-1,0,"no"
"2173",47,"telephone","aug",128,-1,0,"no"
"2174",46,"telephone","feb",161,-1,0,"no"
"2175",42,"telephone","jul",175,-1,0,"no"
"2176",31,"cellular","nov",356,-1,0,"no"
"2177",34,"unknown","may",133,-1,0,"no"
"2178",47,"unknown","jun",422,-1,0,"no"
"2179",44,"unknown","jun",227,-1,0,"no"
"2180",52,"telephone","nov",117,-1,0,"no"
"2181",32,"cellular","apr",135,-1,0,"no"
"2182",28,"unknown","jun",361,-1,0,"no"
"2183",39,"cellular","aug",230,-1,0,"no"
"2184",38,"cellular","feb",419,-1,0,"no"
"2185",54,"cellular","nov",71,-1,0,"no"
"2186",32,"cellular","jul",357,-1,0,"no"
"2187",32,"cellular","nov",164,179,3,"no"
"2188",59,"unknown","may",263,-1,0,"no"
"2189",45,"unknown","jun",146,-1,0,"no"
"2190",37,"cellular","jul",106,-1,0,"no"
"2191",47,"unknown","may",322,-1,0,"no"
"2192",39,"cellular","nov",48,181,3,"no"
"2193",62,"cellular","sep",123,-1,0,"no"
"2194",40,"unknown","may",483,-1,0,"no"
"2195",26,"cellular","may",238,-1,0,"no"
"2196",39,"cellular","jul",122,-1,0,"no"
"2197",31,"cellular","aug",385,-1,0,"no"
"2198",35,"unknown","may",240,-1,0,"no"
"2199",55,"cellular","may",104,-1,0,"no"
"2200",25,"cellular","jul",144,-1,0,"no"
"2201",58,"cellular","nov",598,-1,0,"no"
"2202",55,"telephone","nov",123,-1,0,"no"
"2203",31,"cellular","aug",123,-1,0,"no"
"2204",47,"cellular","jul",70,-1,0,"no"
"2205",31,"cellular","aug",139,-1,0,"no"
"2206",46,"cellular","jan",190,-1,0,"no"
"2207",58,"unknown","jun",162,-1,0,"no"
"2208",41,"cellular","aug",106,-1,0,"no"
"2209",38,"cellular","feb",74,-1,0,"no"
"2210",59,"unknown","may",57,-1,0,"no"
"2211",32,"cellular","jan",119,-1,0,"no"
"2212",34,"unknown","may",248,-1,0,"no"
"2213",41,"cellular","feb",244,-1,0,"no"
"2214",41,"unknown","jun",87,-1,0,"no"
"2215",27,"cellular","jul",172,-1,0,"no"
"2216",36,"unknown","jun",359,-1,0,"no"
"2217",42,"telephone","jul",41,-1,0,"no"
"2218",41,"unknown","may",232,-1,0,"no"
"2219",53,"unknown","jun",161,-1,0,"no"
"2220",67,"cellular","apr",124,-1,0,"no"
"2221",33,"unknown","may",162,-1,0,"no"
"2222",31,"unknown","jun",431,-1,0,"no"
"2223",31,"cellular","jul",191,-1,0,"no"
"2224",30,"cellular","aug",249,-1,0,"no"
"2225",48,"unknown","may",189,-1,0,"no"
"2226",30,"cellular","aug",167,-1,0,"no"
"2227",43,"cellular","aug",73,-1,0,"no"
"2228",35,"cellular","nov",168,-1,0,"no"
"2229",33,"cellular","aug",107,-1,0,"no"
"2230",59,"cellular","may",44,-1,0,"no"
"2231",44,"unknown","may",127,-1,0,"no"
"2232",35,"cellular","apr",93,329,7,"no"
"2233",55,"cellular","jan",143,2,3,"no"
"2234",49,"cellular","nov",77,185,7,"no"
"2235",36,"unknown","jun",77,-1,0,"no"
"2236",32,"cellular","nov",159,195,2,"no"
"2237",48,"unknown","nov",125,111,3,"no"
"2238",36,"unknown","may",103,-1,0,"no"
"2239",43,"cellular","jul",646,-1,0,"no"
"2240",48,"telephone","feb",45,-1,0,"no"
"2241",56,"cellular","feb",128,-1,0,"no"
"2242",31,"cellular","aug",169,-1,0,"no"
"2243",61,"unknown","may",118,-1,0,"no"
"2244",26,"unknown","may",371,-1,0,"no"
"2245",26,"cellular","jul",246,-1,0,"no"
"2246",44,"unknown","jun",218,-1,0,"no"
"2247",60,"telephone","oct",167,-1,0,"no"
"2248",32,"cellular","aug",209,-1,0,"no"
"2249",37,"cellular","feb",204,-1,0,"no"
"2250",56,"cellular","jul",542,-1,0,"no"
"2251",43,"unknown","may",122,-1,0,"no"
"2252",55,"cellular","aug",81,-1,0,"no"
"2253",34,"unknown","may",420,-1,0,"no"
"2254",30,"cellular","jul",209,-1,0,"no"
"2255",34,"cellular","jul",203,-1,0,"no"
"2256",34,"cellular","feb",265,-1,0,"no"
"2257",33,"cellular","apr",342,332,1,"no"
"2258",23,"unknown","jun",13,-1,0,"no"
"2259",36,"cellular","may",185,-1,0,"no"
"2260",32,"unknown","may",139,-1,0,"no"
"2261",40,"cellular","may",60,-1,0,"no"
"2262",72,"cellular","apr",173,-1,0,"no"
"2263",43,"unknown","may",353,-1,0,"no"
"2264",44,"cellular","may",143,357,1,"no"
"2265",35,"cellular","apr",18,-1,0,"no"
"2266",46,"cellular","nov",466,-1,0,"no"
"2267",55,"cellular","apr",85,151,1,"no"
"2268",50,"cellular","jul",148,-1,0,"no"
"2269",49,"unknown","jun",66,-1,0,"no"
"2270",34,"cellular","apr",121,-1,0,"no"
"2271",41,"cellular","may",102,-1,0,"no"
"2272",48,"cellular","aug",60,-1,0,"no"
"2273",57,"unknown","may",44,-1,0,"no"
"2274",28,"cellular","apr",171,-1,0,"no"
"2275",56,"cellular","jul",247,-1,0,"no"
"2276",38,"unknown","may",172,-1,0,"no"
"2277",27,"unknown","may",78,-1,0,"no"
"2278",45,"unknown","may",319,-1,0,"no"
"2279",31,"cellular","feb",111,-1,0,"no"
"2280",39,"unknown","may",158,-1,0,"no"
"2281",42,"cellular","aug",82,-1,0,"no"
"2282",59,"unknown","may",184,-1,0,"no"
"2283",39,"cellular","nov",76,-1,0,"no"
"2284",36,"cellular","jan",57,-1,0,"no"
"2285",55,"cellular","jul",277,-1,0,"no"
"2286",31,"cellular","apr",218,-1,0,"no"
"2287",60,"unknown","jun",313,-1,0,"no"
"2288",35,"unknown","may",207,-1,0,"no"
"2289",38,"unknown","may",262,-1,0,"no"
"2290",46,"cellular","aug",134,-1,0,"no"
"2291",45,"unknown","jun",197,-1,0,"no"
"2292",59,"cellular","may",214,-1,0,"no"
"2293",46,"cellular","jul",196,-1,0,"no"
"2294",33,"cellular","may",177,-1,0,"no"
"2295",46,"unknown","may",141,-1,0,"no"
"2296",48,"cellular","jul",164,-1,0,"no"
"2297",31,"cellular","jul",151,-1,0,"no"
"2298",35,"cellular","may",65,-1,0,"no"
"2299",42,"unknown","may",291,-1,0,"no"
"2300",53,"cellular","oct",317,192,1,"no"
"2301",52,"cellular","may",253,-1,0,"no"
"2302",45,"unknown","jun",74,-1,0,"no"
"2303",38,"cellular","may",580,173,1,"no"
"2304",25,"unknown","jun",233,-1,0,"no"
"2305",26,"cellular","aug",402,-1,0,"no"
"2306",57,"cellular","sep",585,-1,0,"no"
"2307",48,"unknown","may",145,-1,0,"no"
"2308",48,"unknown","jun",143,-1,0,"no"
"2309",83,"telephone","may",664,77,3,"no"
"2310",58,"cellular","aug",270,-1,0,"no"
"2311",51,"unknown","may",142,-1,0,"no"
"2312",31,"cellular","nov",187,-1,0,"no"
"2313",33,"cellular","may",268,-1,0,"no"
"2314",53,"cellular","nov",183,-1,0,"no"
"2315",36,"cellular","feb",123,99,8,"no"
"2316",32,"cellular","apr",20,-1,0,"no"
"2317",45,"cellular","feb",232,253,1,"no"
"2318",35,"cellular","nov",547,-1,0,"no"
"2319",41,"cellular","jul",71,-1,0,"no"
"2320",54,"cellular","jul",113,-1,0,"no"
"2321",28,"cellular","may",246,343,1,"no"
"2322",24,"unknown","jun",108,-1,0,"no"
"2323",30,"cellular","jan",253,-1,0,"no"
"2324",36,"cellular","aug",333,-1,0,"no"
"2325",53,"unknown","may",106,-1,0,"no"
"2326",47,"unknown","may",312,-1,0,"no"
"2327",42,"unknown","may",69,-1,0,"no"
"2328",32,"cellular","jul",226,-1,0,"no"
"2329",31,"unknown","may",182,-1,0,"no"
"2330",56,"cellular","feb",916,-1,0,"no"
"2331",58,"cellular","aug",506,-1,0,"no"
"2332",37,"cellular","apr",81,-1,0,"no"
"2333",59,"cellular","apr",30,-1,0,"no"
"2334",39,"cellular","aug",313,-1,0,"no"
"2335",30,"cellular","may",19,-1,0,"no"
"2336",47,"unknown","may",389,-1,0,"no"
"2337",44,"cellular","aug",211,-1,0,"no"
"2338",38,"cellular","aug",132,-1,0,"no"
"2339",50,"cellular","aug",474,-1,0,"no"
"2340",27,"cellular","may",157,351,5,"no"
"2341",40,"cellular","nov",52,152,6,"no"
"2342",46,"unknown","may",279,-1,0,"no"
"2343",56,"telephone","jul",27,-1,0,"no"
"2344",33,"cellular","nov",679,-1,0,"no"
"2345",31,"cellular","feb",39,-1,0,"no"
"2346",52,"unknown","jun",315,-1,0,"no"
"2347",51,"cellular","aug",293,-1,0,"no"
"2348",33,"cellular","feb",439,-1,0,"no"
"2349",51,"cellular","aug",316,-1,0,"no"
"2350",44,"unknown","may",770,-1,0,"no"
"2351",50,"telephone","jul",340,-1,0,"no"
"2352",37,"cellular","nov",291,-1,0,"no"
"2353",28,"unknown","may",965,-1,0,"no"
"2354",56,"unknown","jun",594,-1,0,"no"
"2355",59,"cellular","may",139,350,1,"no"
"2356",32,"unknown","may",501,-1,0,"no"
"2357",57,"cellular","jul",274,-1,0,"no"
"2358",49,"telephone","nov",10,-1,0,"no"
"2359",33,"cellular","may",302,356,3,"no"
"2360",48,"cellular","may",243,-1,0,"no"
"2361",31,"cellular","jul",410,-1,0,"no"
"2362",28,"unknown","may",190,-1,0,"no"
"2363",41,"cellular","jul",391,-1,0,"no"
"2364",32,"unknown","jun",746,-1,0,"no"
"2365",46,"cellular","apr",239,259,2,"no"
"2366",32,"cellular","aug",90,-1,0,"no"
"2367",39,"unknown","jun",29,-1,0,"no"
"2368",35,"cellular","apr",58,136,1,"no"
"2369",48,"cellular","aug",348,-1,0,"no"
"2370",39,"cellular","may",503,-1,0,"no"
"2371",74,"cellular","jan",100,104,1,"no"
"2372",30,"unknown","may",544,-1,0,"no"
"2373",52,"unknown","may",182,-1,0,"no"
"2374",24,"cellular","apr",90,-1,0,"no"
"2375",29,"unknown","may",272,-1,0,"no"
"2376",33,"cellular","jul",260,-1,0,"no"
"2377",34,"unknown","may",672,-1,0,"no"
"2378",31,"telephone","jul",275,-1,0,"no"
"2379",46,"cellular","aug",40,-1,0,"no"
"2380",27,"unknown","jun",749,-1,0,"no"
"2381",30,"cellular","aug",142,-1,0,"no"
"2382",59,"unknown","may",204,-1,0,"no"
"2383",57,"cellular","may",102,178,5,"no"
"2384",55,"cellular","aug",73,-1,0,"no"
"2385",40,"cellular","nov",57,-1,0,"no"
"2386",39,"cellular","apr",504,-1,0,"no"
"2387",49,"unknown","may",113,-1,0,"no"
"2388",57,"cellular","aug",151,-1,0,"no"
"2389",38,"cellular","feb",63,-1,0,"no"
"2390",64,"cellular","jul",531,-1,0,"no"
"2391",40,"cellular","aug",154,-1,0,"no"
"2392",57,"telephone","jul",73,-1,0,"no"
"2393",21,"unknown","may",198,-1,0,"no"
"2394",36,"unknown","jun",123,-1,0,"no"
"2395",41,"unknown","may",285,-1,0,"no"
"2396",58,"cellular","may",98,-1,0,"no"
"2397",45,"unknown","jun",34,-1,0,"no"
"2398",37,"cellular","may",217,-1,0,"no"
"2399",40,"unknown","may",76,-1,0,"no"
"2400",46,"telephone","may",309,355,4,"no"
"2401",41,"unknown","jun",37,-1,0,"no"
"2402",34,"unknown","may",21,-1,0,"no"
"2403",38,"cellular","sep",222,-1,0,"no"
"2404",30,"unknown","may",20,-1,0,"no"
"2405",55,"cellular","nov",223,186,3,"no"
"2406",48,"cellular","aug",142,-1,0,"no"
"2407",46,"cellular","aug",728,-1,0,"no"
"2408",58,"telephone","jul",77,-1,0,"no"
"2409",34,"cellular","nov",128,-1,0,"no"
"2410",48,"unknown","jun",71,-1,0,"no"
"2411",30,"unknown","may",103,-1,0,"no"
"2412",31,"cellular","aug",129,-1,0,"no"
"2413",27,"cellular","may",54,-1,0,"no"
"2414",58,"cellular","nov",235,-1,0,"no"
"2415",34,"unknown","may",136,-1,0,"no"
"2416",50,"cellular","aug",195,-1,0,"no"
"2417",48,"cellular","may",1181,-1,0,"no"
"2418",45,"unknown","jun",225,-1,0,"no"
"2419",54,"cellular","jan",81,-1,0,"no"
"2420",52,"cellular","jul",224,-1,0,"no"
"2421",51,"cellular","oct",95,-1,0,"no"
"2422",31,"cellular","may",332,297,2,"no"
"2423",34,"cellular","nov",50,-1,0,"no"
"2424",39,"cellular","aug",195,-1,0,"no"
"2425",46,"cellular","aug",110,-1,0,"no"
"2426",41,"unknown","jun",89,-1,0,"no"
"2427",45,"cellular","jul",47,-1,0,"no"
"2428",47,"cellular","apr",239,-1,0,"no"
"2429",35,"cellular","aug",179,-1,0,"no"
"2430",57,"unknown","jun",540,-1,0,"no"
"2431",44,"cellular","jul",96,-1,0,"no"
"2432",27,"unknown","may",98,-1,0,"no"
"2433",54,"cellular","may",33,175,2,"no"
"2434",28,"cellular","feb",337,-1,0,"no"
"2435",42,"cellular","aug",656,-1,0,"no"
"2436",31,"cellular","feb",100,201,2,"no"
"2437",34,"unknown","may",65,-1,0,"no"
"2438",34,"unknown","may",193,-1,0,"no"
"2439",49,"cellular","nov",283,-1,0,"no"
"2440",57,"unknown","jun",78,-1,0,"no"
"2441",59,"unknown","may",425,-1,0,"no"
"2442",57,"cellular","aug",238,-1,0,"no"
"2443",37,"cellular","aug",289,-1,0,"no"
"2444",34,"unknown","jun",633,-1,0,"no"
"2445",42,"cellular","nov",158,-1,0,"no"
"2446",65,"cellular","oct",622,182,1,"no"
"2447",42,"cellular","may",149,364,2,"no"
"2448",44,"unknown","may",257,-1,0,"no"
"2449",63,"cellular","feb",104,-1,0,"no"
"2450",47,"unknown","jun",454,-1,0,"no"
"2451",54,"unknown","may",190,-1,0,"no"
"2452",42,"unknown","may",509,-1,0,"no"
"2453",36,"unknown","may",400,-1,0,"no"
"2454",42,"cellular","aug",118,-1,0,"no"
"2455",48,"cellular","jul",761,-1,0,"no"
"2456",37,"unknown","jun",143,-1,0,"no"
"2457",29,"cellular","jun",234,330,1,"no"
"2458",37,"cellular","jul",154,388,1,"no"
"2459",30,"cellular","jul",358,-1,0,"no"
"2460",53,"cellular","aug",87,-1,0,"no"
"2461",52,"cellular","jul",81,-1,0,"no"
"2462",59,"cellular","may",200,-1,0,"no"
"2463",33,"cellular","apr",515,150,1,"no"
"2464",34,"cellular","aug",215,-1,0,"no"
"2465",30,"cellular","jul",171,-1,0,"no"
"2466",41,"unknown","jun",35,-1,0,"no"
"2467",28,"unknown","may",615,-1,0,"no"
"2468",32,"unknown","may",129,-1,0,"no"
"2469",35,"telephone","jul",42,-1,0,"no"
"2470",33,"cellular","jul",217,-1,0,"no"
"2471",49,"unknown","jun",135,-1,0,"no"
"2472",32,"unknown","may",116,-1,0,"no"
"2473",32,"unknown","jun",200,-1,0,"no"
"2474",37,"cellular","apr",446,-1,0,"no"
"2475",44,"unknown","jun",41,-1,0,"no"
"2476",36,"cellular","nov",192,-1,0,"no"
"2477",31,"cellular","aug",445,-1,0,"no"
"2478",30,"unknown","may",121,-1,0,"no"
"2479",53,"cellular","aug",92,-1,0,"no"
"2480",43,"cellular","nov",230,-1,0,"no"
"2481",40,"unknown","may",125,-1,0,"no"
"2482",32,"cellular","aug",67,-1,0,"no"
"2483",34,"unknown","jun",26,-1,0,"no"
"2484",39,"cellular","aug",274,-1,0,"no"
"2485",28,"cellular","jan",603,-1,0,"no"
"2486",35,"cellular","jul",185,-1,0,"no"
"2487",43,"cellular","jul",228,-1,0,"no"
"2488",60,"cellular","may",149,-1,0,"no"
"2489",30,"cellular","apr",404,340,1,"no"
"2490",57,"cellular","aug",118,-1,0,"no"
"2491",29,"unknown","may",314,-1,0,"no"
"2492",44,"cellular","may",378,-1,0,"no"
"2493",41,"telephone","nov",94,130,3,"no"
"2494",47,"cellular","aug",108,-1,0,"no"
"2495",31,"cellular","jul",230,-1,0,"no"
"2496",37,"cellular","may",121,-1,0,"no"
"2497",56,"cellular","may",214,349,1,"no"
"2498",30,"unknown","may",287,-1,0,"no"
"2499",57,"cellular","may",652,370,4,"no"
"2500",26,"cellular","may",612,348,3,"no"
"2501",52,"unknown","may",274,-1,0,"no"
"2502",28,"cellular","sep",394,-1,0,"no"
"2503",57,"unknown","jun",230,-1,0,"no"
"2504",38,"cellular","aug",161,-1,0,"no"
"2505",25,"cellular","jul",339,-1,0,"no"
"2506",39,"cellular","jan",107,-1,0,"no"
"2507",38,"cellular","aug",176,-1,0,"no"
"2508",36,"telephone","feb",26,197,1,"no"
"2509",38,"unknown","jun",212,-1,0,"no"
"2510",59,"cellular","aug",119,-1,0,"no"
"2511",37,"cellular","aug",205,-1,0,"no"
"2512",29,"unknown","jun",73,-1,0,"no"
"2513",38,"unknown","may",1521,-1,0,"no"
"2514",54,"unknown","jun",115,-1,0,"no"
"2515",32,"cellular","may",118,-1,0,"no"
"2516",32,"cellular","aug",238,-1,0,"no"
"2517",57,"cellular","aug",93,-1,0,"no"
"2518",43,"cellular","jul",106,-1,0,"no"
"2519",46,"unknown","may",20,-1,0,"no"
"2520",43,"cellular","jul",192,-1,0,"no"
"2521",80,"cellular","dec",127,-1,0,"no"
"2522",40,"cellular","may",380,295,1,"no"
"2523",43,"cellular","nov",167,-1,0,"no"
"2524",39,"cellular","sep",303,-1,0,"no"
"2525",33,"cellular","apr",407,-1,0,"no"
"2526",28,"telephone","may",198,-1,0,"no"
"2527",52,"cellular","jul",213,-1,0,"no"
"2528",53,"cellular","aug",345,-1,0,"no"
"2529",25,"telephone","jul",168,-1,0,"no"
"2530",33,"cellular","apr",97,-1,0,"no"
"2531",29,"cellular","may",196,-1,0,"no"
"2532",31,"cellular","sep",103,484,2,"no"
"2533",36,"unknown","jun",599,-1,0,"no"
"2534",44,"cellular","may",485,-1,0,"no"
"2535",31,"unknown","may",304,-1,0,"no"
"2536",30,"cellular","apr",142,-1,0,"no"
"2537",36,"cellular","feb",101,-1,0,"no"
"2538",56,"cellular","apr",484,135,3,"no"
"2539",40,"cellular","may",173,-1,0,"no"
"2540",49,"telephone","jul",162,-1,0,"no"
"2541",58,"telephone","nov",215,-1,0,"no"
"2542",42,"cellular","jan",114,-1,0,"no"
"2543",32,"cellular","aug",104,-1,0,"no"
"2544",29,"cellular","may",133,-1,0,"no"
"2545",52,"cellular","may",463,-1,0,"no"
"2546",37,"cellular","may",140,-1,0,"no"
"2547",49,"cellular","may",82,-1,0,"no"
"2548",51,"cellular","nov",150,-1,0,"no"
"2549",61,"cellular","apr",605,187,1,"no"
"2550",39,"cellular","aug",70,-1,0,"no"
"2551",42,"cellular","nov",36,-1,0,"no"
"2552",50,"cellular","apr",310,-1,0,"no"
"2553",35,"cellular","apr",169,231,2,"no"
"2554",23,"unknown","may",413,-1,0,"no"
"2555",26,"cellular","aug",153,-1,0,"no"
"2556",43,"unknown","may",237,-1,0,"no"
"2557",41,"cellular","apr",234,-1,0,"no"
"2558",56,"cellular","jul",924,-1,0,"no"
"2559",31,"unknown","jun",117,-1,0,"no"
"2560",75,"cellular","feb",865,190,1,"no"
"2561",26,"unknown","may",181,-1,0,"no"
"2562",37,"unknown","may",158,-1,0,"no"
"2563",33,"unknown","may",345,-1,0,"no"
"2564",80,"cellular","aug",331,-1,0,"no"
"2565",40,"cellular","jul",112,-1,0,"no"
"2566",42,"unknown","may",115,-1,0,"no"
"2567",40,"cellular","jul",97,-1,0,"no"
"2568",32,"cellular","aug",119,99,3,"no"
"2569",37,"unknown","may",25,-1,0,"no"
"2570",50,"cellular","aug",181,-1,0,"no"
"2571",31,"cellular","aug",144,-1,0,"no"
"2572",39,"cellular","apr",491,326,1,"no"
"2573",31,"cellular","jul",146,-1,0,"no"
"2574",34,"cellular","aug",191,-1,0,"no"
"2575",42,"cellular","feb",43,-1,0,"no"
"2576",45,"cellular","nov",123,186,4,"no"
"2577",39,"cellular","jul",253,-1,0,"no"
"2578",55,"telephone","jul",340,-1,0,"no"
"2579",39,"cellular","aug",121,-1,0,"no"
"2580",39,"cellular","may",299,-1,0,"no"
"2581",36,"cellular","may",120,-1,0,"no"
"2582",32,"cellular","nov",149,-1,0,"no"
"2583",45,"unknown","may",118,-1,0,"no"
"2584",44,"cellular","aug",719,-1,0,"no"
"2585",24,"unknown","may",292,-1,0,"no"
"2586",43,"unknown","jun",145,-1,0,"no"
"2587",34,"cellular","may",490,-1,0,"no"
"2588",39,"cellular","apr",146,281,1,"no"
"2589",52,"unknown","may",167,-1,0,"no"
"2590",33,"cellular","aug",98,-1,0,"no"
"2591",33,"cellular","aug",104,-1,0,"no"
"2592",53,"cellular","jan",86,-1,0,"no"
"2593",33,"cellular","may",123,360,3,"no"
"2594",58,"unknown","jun",116,-1,0,"no"
"2595",46,"cellular","may",304,-1,0,"no"
"2596",31,"cellular","jul",58,-1,0,"no"
"2597",49,"unknown","may",198,-1,0,"no"
"2598",41,"cellular","may",105,336,2,"no"
"2599",38,"unknown","may",193,-1,0,"no"
"2600",38,"cellular","aug",634,-1,0,"no"
"2601",28,"cellular","apr",300,-1,0,"no"
"2602",39,"unknown","jun",20,-1,0,"no"
"2603",33,"unknown","may",145,-1,0,"no"
"2604",36,"cellular","jul",36,-1,0,"no"
"2605",57,"unknown","jun",215,-1,0,"no"
"2606",36,"unknown","may",174,-1,0,"no"
"2607",22,"telephone","nov",129,-1,0,"no"
"2608",43,"cellular","jul",644,-1,0,"no"
"2609",32,"cellular","jul",123,-1,0,"no"
"2610",46,"telephone","feb",151,-1,0,"no"
"2611",37,"unknown","may",129,-1,0,"no"
"2612",36,"cellular","may",38,369,4,"no"
"2613",38,"unknown","jun",122,-1,0,"no"
"2614",51,"unknown","jun",565,-1,0,"no"
"2615",49,"cellular","aug",77,-1,0,"no"
"2616",35,"cellular","nov",314,124,1,"no"
"2617",56,"telephone","nov",26,-1,0,"no"
"2618",31,"unknown","may",294,-1,0,"no"
"2619",47,"cellular","may",298,-1,0,"no"
"2620",43,"cellular","may",680,95,1,"no"
"2621",32,"cellular","may",87,357,4,"no"
"2622",41,"cellular","jul",74,-1,0,"no"
"2623",60,"cellular","aug",40,-1,0,"no"
"2624",36,"unknown","jun",161,-1,0,"no"
"2625",46,"unknown","jun",110,-1,0,"no"
"2626",46,"cellular","aug",1529,397,1,"no"
"2627",47,"cellular","aug",236,104,1,"no"
"2628",27,"cellular","jul",232,-1,0,"no"
"2629",25,"cellular","jul",33,-1,0,"no"
"2630",44,"cellular","jul",183,-1,0,"no"
"2631",48,"cellular","may",168,-1,0,"no"
"2632",43,"cellular","aug",69,-1,0,"no"
"2633",36,"cellular","aug",69,-1,0,"no"
"2634",34,"cellular","may",14,-1,0,"no"
"2635",56,"unknown","jun",220,-1,0,"no"
"2636",44,"cellular","jul",149,-1,0,"no"
"2637",41,"cellular","jan",138,-1,0,"no"
"2638",53,"telephone","jul",174,-1,0,"no"
"2639",39,"unknown","jun",1151,-1,0,"no"
"2640",34,"cellular","nov",582,-1,0,"no"
"2641",20,"cellular","apr",261,-1,0,"yes"
"2642",68,"telephone","jul",897,-1,0,"yes"
"2643",25,"cellular","may",600,332,4,"yes"
"2644",49,"cellular","aug",354,-1,0,"yes"
"2645",33,"telephone","jul",1448,-1,0,"yes"
"2646",32,"cellular","nov",132,-1,0,"yes"
"2647",59,"unknown","jun",812,-1,0,"yes"
"2648",61,"cellular","jan",181,92,1,"yes"
"2649",66,"cellular","jan",216,91,4,"yes"
"2650",34,"cellular","jun",441,56,1,"yes"
"2651",37,"cellular","jul",268,182,3,"yes"
"2652",27,"cellular","jul",652,-1,0,"yes"
"2653",52,"telephone","jul",398,460,2,"yes"
"2654",37,"cellular","jun",224,-1,0,"yes"
"2655",27,"cellular","may",391,-1,0,"yes"
"2656",27,"cellular","jun",397,-1,0,"yes"
"2657",50,"cellular","apr",670,340,2,"yes"
"2658",21,"cellular","jun",258,169,3,"yes"
"2659",25,"telephone","aug",170,-1,0,"yes"
"2660",25,"cellular","nov",386,-1,0,"yes"
"2661",34,"cellular","aug",1877,-1,0,"yes"
"2662",77,"cellular","apr",161,-1,0,"yes"
"2663",30,"cellular","may",727,-1,0,"yes"
"2664",55,"cellular","jun",324,90,2,"yes"
"2665",49,"cellular","aug",875,-1,0,"yes"
"2666",56,"cellular","jun",382,-1,0,"yes"
"2667",75,"telephone","apr",185,181,2,"yes"
"2668",35,"cellular","aug",768,141,3,"yes"
"2669",29,"telephone","apr",403,-1,0,"yes"
"2670",43,"cellular","sep",261,98,1,"yes"
"2671",29,"cellular","jul",1097,-1,0,"yes"
"2672",25,"cellular","jul",857,-1,0,"yes"
"2673",61,"cellular","mar",106,-1,0,"yes"
"2674",50,"cellular","aug",526,-1,0,"yes"
"2675",49,"cellular","jul",988,-1,0,"yes"
"2676",45,"unknown","may",1030,-1,0,"yes"
"2677",38,"cellular","jul",1484,-1,0,"yes"
"2678",32,"cellular","apr",317,-1,0,"yes"
"2679",49,"cellular","apr",772,-1,0,"yes"
"2680",25,"cellular","may",223,89,2,"yes"
"2681",59,"cellular","jun",493,-1,0,"yes"
"2682",38,"cellular","aug",178,1,1,"yes"
"2683",35,"cellular","jul",799,-1,0,"yes"
"2684",35,"cellular","dec",1370,209,3,"yes"
"2685",32,"cellular","jul",1017,-1,0,"yes"
"2686",30,"cellular","apr",298,-1,0,"yes"
"2687",55,"cellular","sep",328,94,2,"yes"
"2688",71,"cellular","feb",185,-1,0,"yes"
"2689",60,"cellular","aug",323,-1,0,"yes"
"2690",37,"cellular","may",567,275,4,"yes"
"2691",59,"telephone","mar",234,-1,0,"yes"
"2692",33,"cellular","apr",475,-1,0,"yes"
"2693",54,"cellular","jan",161,98,2,"yes"
"2694",75,"cellular","nov",262,183,1,"yes"
"2695",37,"cellular","sep",404,182,1,"yes"
"2696",30,"telephone","jul",279,-1,0,"yes"
"2697",32,"unknown","may",1234,-1,0,"yes"
"2698",34,"cellular","apr",430,-1,0,"yes"
"2699",32,"cellular","sep",185,99,5,"yes"
"2700",80,"cellular","feb",639,189,1,"yes"
"2701",44,"cellular","may",897,-1,0,"yes"
"2702",53,"telephone","mar",295,91,2,"yes"
"2703",46,"cellular","aug",388,-1,0,"yes"
"2704",44,"cellular","aug",1735,-1,0,"yes"
"2705",19,"cellular","jul",104,-1,0,"yes"
"2706",54,"cellular","jul",2029,-1,0,"yes"
"2707",47,"telephone","dec",805,190,1,"yes"
"2708",47,"cellular","oct",508,-1,0,"yes"
"2709",47,"cellular","jul",250,181,4,"yes"
"2710",43,"cellular","aug",501,-1,0,"yes"
"2711",26,"unknown","may",576,-1,0,"yes"
"2712",28,"cellular","apr",278,-1,0,"yes"
"2713",32,"cellular","jul",356,-1,0,"yes"
"2714",41,"cellular","aug",352,-1,0,"yes"
"2715",35,"cellular","aug",222,182,4,"yes"
"2716",30,"cellular","jul",1031,-1,0,"yes"
"2717",58,"unknown","jun",700,-1,0,"yes"
"2718",27,"unknown","jun",590,-1,0,"yes"
"2719",39,"unknown","jun",526,-1,0,"yes"
"2720",46,"cellular","aug",1181,-1,0,"yes"
"2721",34,"cellular","apr",359,-1,0,"yes"
"2722",62,"cellular","oct",216,183,4,"yes"
"2723",43,"unknown","may",1721,-1,0,"yes"
"2724",52,"cellular","aug",1223,-1,0,"yes"
"2725",34,"cellular","nov",161,209,2,"yes"
"2726",35,"unknown","may",736,-1,0,"yes"
"2727",38,"cellular","may",1173,278,6,"yes"
"2728",32,"cellular","apr",171,-1,0,"yes"
"2729",49,"cellular","may",1516,353,2,"yes"
"2730",53,"cellular","apr",558,-1,0,"yes"
"2731",48,"cellular","jun",264,-1,0,"yes"
"2732",29,"unknown","jun",1663,-1,0,"yes"
"2733",34,"cellular","apr",342,-1,0,"yes"
"2734",43,"cellular","nov",1015,198,2,"yes"
"2735",47,"unknown","jun",761,-1,0,"yes"
"2736",39,"cellular","may",667,357,3,"yes"
"2737",55,"cellular","jun",345,94,3,"yes"
"2738",47,"cellular","aug",994,-1,0,"yes"
"2739",41,"unknown","may",882,-1,0,"yes"
"2740",45,"cellular","oct",310,804,1,"yes"
"2741",46,"unknown","may",646,-1,0,"yes"
"2742",60,"unknown","may",1028,-1,0,"yes"
"2743",27,"cellular","nov",192,92,2,"yes"
"2744",28,"cellular","jul",128,-1,0,"yes"
"2745",34,"cellular","jun",177,-1,0,"yes"
"2746",34,"cellular","aug",262,99,2,"yes"
"2747",40,"cellular","jun",314,-1,0,"yes"
"2748",41,"cellular","feb",109,-1,0,"yes"
"2749",33,"cellular","jun",421,-1,0,"yes"
"2750",58,"cellular","aug",206,461,1,"yes"
"2751",30,"cellular","oct",251,-1,0,"yes"
"2752",43,"unknown","may",2087,-1,0,"yes"
"2753",59,"cellular","feb",222,94,2,"yes"
"2754",37,"cellular","apr",124,-1,0,"yes"
"2755",30,"cellular","feb",528,-1,0,"yes"
"2756",49,"cellular","may",558,-1,0,"yes"
"2757",53,"cellular","apr",371,-1,0,"yes"
"2758",60,"cellular","aug",239,761,1,"yes"
"2759",45,"unknown","oct",187,-1,0,"yes"
"2760",56,"telephone","jul",353,-1,0,"yes"
"2761",55,"cellular","apr",296,270,3,"yes"
"2762",34,"cellular","dec",330,127,3,"yes"
"2763",63,"telephone","aug",250,187,2,"yes"
"2764",48,"cellular","aug",389,64,2,"yes"
"2765",36,"cellular","may",224,-1,0,"yes"
"2766",25,"cellular","apr",107,-1,0,"yes"
"2767",38,"cellular","mar",164,130,2,"yes"
"2768",33,"cellular","jul",968,-1,0,"yes"
"2769",59,"cellular","apr",159,378,3,"yes"
"2770",39,"cellular","may",454,364,3,"yes"
"2771",37,"cellular","oct",238,107,2,"yes"
"2772",57,"unknown","may",648,-1,0,"yes"
"2773",60,"cellular","jun",593,-1,0,"yes"
"2774",44,"cellular","nov",289,-1,0,"yes"
"2775",42,"cellular","may",951,370,4,"yes"
"2776",55,"cellular","aug",353,-1,0,"yes"
"2777",43,"cellular","aug",363,-1,0,"yes"
"2778",37,"cellular","apr",244,-1,0,"yes"
"2779",32,"cellular","feb",1579,246,4,"yes"
"2780",34,"cellular","may",152,182,6,"yes"
"2781",54,"unknown","may",618,-1,0,"yes"
"2782",61,"cellular","feb",670,-1,0,"yes"
"2783",36,"cellular","aug",207,98,1,"yes"
"2784",32,"unknown","jun",777,-1,0,"yes"
"2785",32,"cellular","sep",100,-1,0,"yes"
"2786",54,"cellular","oct",335,-1,0,"yes"
"2787",27,"unknown","jul",650,-1,0,"yes"
"2788",41,"cellular","apr",252,185,5,"yes"
"2789",28,"unknown","jun",369,-1,0,"yes"
"2790",31,"cellular","feb",280,-1,0,"yes"
"2791",32,"cellular","aug",686,-1,0,"yes"
"2792",84,"telephone","may",353,-1,0,"yes"
"2793",42,"cellular","oct",230,92,1,"yes"
"2794",80,"telephone","jun",712,64,12,"yes"
"2795",49,"cellular","nov",1081,-1,0,"yes"
"2796",37,"cellular","apr",146,-1,0,"yes"
"2797",32,"unknown","may",757,-1,0,"yes"
"2798",27,"cellular","may",653,334,2,"yes"
"2799",47,"unknown","sep",91,100,2,"yes"
"2800",28,"cellular","mar",93,-1,0,"yes"
"2801",29,"cellular","feb",110,64,2,"yes"
"2802",46,"cellular","aug",293,90,4,"yes"
"2803",38,"cellular","nov",578,-1,0,"yes"
"2804",26,"telephone","jun",280,92,5,"yes"
"2805",38,"cellular","may",937,-1,0,"yes"
"2806",36,"cellular","aug",157,97,2,"yes"
"2807",59,"unknown","may",1063,-1,0,"yes"
"2808",46,"unknown","may",1263,-1,0,"yes"
"2809",77,"cellular","oct",847,60,1,"yes"
"2810",56,"unknown","jun",1558,-1,0,"yes"
"2811",32,"unknown","may",860,-1,0,"yes"
"2812",31,"cellular","jul",1441,-1,0,"yes"
"2813",45,"unknown","jun",1259,-1,0,"yes"
"2814",36,"cellular","aug",307,-1,0,"yes"
"2815",31,"cellular","jun",166,-1,0,"yes"
"2816",53,"cellular","mar",80,-1,0,"yes"
"2817",49,"cellular","mar",152,-1,0,"yes"
"2818",29,"cellular","feb",328,183,4,"yes"
"2819",38,"cellular","aug",223,414,4,"yes"
"2820",55,"cellular","feb",169,183,1,"yes"
"2821",34,"cellular","aug",587,-1,0,"yes"
"2822",33,"cellular","may",218,-1,0,"yes"
"2823",54,"telephone","nov",1034,-1,0,"yes"
"2824",28,"cellular","feb",659,-1,0,"yes"
"2825",42,"cellular","feb",138,-1,0,"yes"
"2826",49,"cellular","jul",97,-1,0,"yes"
"2827",30,"cellular","aug",976,-1,0,"yes"
"2828",36,"cellular","apr",260,-1,0,"yes"
"2829",34,"cellular","may",469,-1,0,"yes"
"2830",31,"cellular","apr",297,86,3,"yes"
"2831",47,"cellular","oct",385,-1,0,"yes"
"2832",50,"telephone","jul",1088,-1,0,"yes"
"2833",37,"cellular","feb",91,-1,0,"yes"
"2834",52,"cellular","oct",411,182,1,"yes"
"2835",31,"cellular","feb",258,73,1,"yes"
"2836",35,"cellular","mar",215,-1,0,"yes"
"2837",47,"telephone","aug",239,-1,0,"yes"
"2838",32,"cellular","jul",1275,-1,0,"yes"
"2839",46,"cellular","mar",229,-1,0,"yes"
"2840",48,"cellular","apr",1032,141,7,"yes"
"2841",34,"cellular","aug",78,-1,0,"yes"
"2842",53,"cellular","aug",317,180,2,"yes"
"2843",40,"cellular","aug",221,461,1,"yes"
"2844",46,"cellular","aug",429,-1,0,"yes"
"2845",49,"cellular","apr",223,182,2,"yes"
"2846",58,"cellular","nov",495,93,1,"yes"
"2847",38,"unknown","may",762,-1,0,"yes"
"2848",59,"cellular","apr",815,87,1,"yes"
"2849",57,"cellular","aug",819,-1,0,"yes"
"2850",51,"cellular","may",415,375,1,"yes"
"2851",36,"unknown","may",446,-1,0,"yes"
"2852",39,"cellular","may",488,-1,0,"yes"
"2853",54,"cellular","jun",207,-1,0,"yes"
"2854",49,"cellular","nov",269,-1,0,"yes"
"2855",34,"cellular","apr",142,-1,0,"yes"
"2856",47,"cellular","apr",412,169,1,"yes"
"2857",34,"cellular","oct",401,-1,0,"yes"
"2858",26,"cellular","may",827,-1,0,"yes"
"2859",39,"cellular","feb",691,180,5,"yes"
"2860",42,"telephone","sep",376,-1,0,"yes"
"2861",41,"cellular","nov",549,-1,0,"yes"
"2862",28,"cellular","sep",294,105,7,"yes"
"2863",46,"cellular","mar",910,184,4,"yes"
"2864",48,"cellular","nov",609,-1,0,"yes"
"2865",27,"cellular","apr",279,-1,0,"yes"
"2866",29,"cellular","nov",226,92,1,"yes"
"2867",53,"cellular","dec",352,-1,0,"yes"
"2868",71,"cellular","feb",93,-1,0,"yes"
"2869",22,"cellular","oct",332,183,3,"yes"
"2870",33,"cellular","aug",836,-1,0,"yes"
"2871",27,"cellular","mar",378,-1,0,"yes"
"2872",42,"cellular","may",955,-1,0,"yes"
"2873",59,"unknown","nov",669,-1,0,"yes"
"2874",25,"cellular","jun",377,-1,0,"yes"
"2875",44,"cellular","aug",809,-1,0,"yes"
"2876",29,"cellular","dec",314,195,1,"yes"
"2877",44,"cellular","jul",712,-1,0,"yes"
"2878",33,"cellular","oct",249,335,2,"yes"
"2879",34,"cellular","aug",990,-1,0,"yes"
"2880",34,"cellular","apr",97,-1,0,"yes"
"2881",59,"telephone","may",500,358,2,"yes"
"2882",66,"cellular","feb",479,-1,0,"yes"
"2883",72,"cellular","apr",384,-1,0,"yes"
"2884",59,"cellular","jan",309,91,10,"yes"
"2885",38,"cellular","jun",297,144,4,"yes"
"2886",39,"unknown","jun",554,-1,0,"yes"
"2887",53,"cellular","jun",282,385,1,"yes"
"2888",33,"cellular","feb",860,-1,0,"yes"
"2889",53,"cellular","aug",921,-1,0,"yes"
"2890",38,"cellular","may",606,-1,0,"yes"
"2891",55,"cellular","feb",781,-1,0,"yes"
"2892",69,"cellular","jul",417,184,4,"yes"
"2893",33,"cellular","oct",130,161,1,"yes"
"2894",25,"cellular","sep",267,114,2,"yes"
"2895",35,"cellular","may",326,179,4,"yes"
"2896",47,"unknown","jun",993,-1,0,"yes"
"2897",29,"unknown","may",30,357,1,"yes"
"2898",62,"telephone","aug",245,-1,0,"yes"
"2899",33,"cellular","nov",253,92,4,"yes"
"2900",53,"telephone","sep",230,-1,0,"yes"
"2901",28,"cellular","sep",199,92,14,"yes"
"2902",43,"cellular","jul",635,-1,0,"yes"
"2903",32,"cellular","may",744,-1,0,"yes"
"2904",29,"unknown","may",1689,-1,0,"yes"
"2905",34,"cellular","jun",485,227,4,"yes"
"2906",24,"cellular","oct",184,91,2,"yes"
"2907",32,"cellular","apr",648,272,1,"yes"
"2908",33,"cellular","may",732,291,5,"yes"
"2909",24,"cellular","may",733,-1,0,"yes"
"2910",50,"cellular","jun",239,-1,0,"yes"
"2911",41,"cellular","may",788,-1,0,"yes"
"2912",35,"cellular","may",1073,-1,0,"yes"
"2913",69,"telephone","mar",225,90,1,"yes"
"2914",40,"cellular","may",474,256,1,"yes"
"2915",30,"cellular","apr",470,426,3,"yes"
"2916",51,"cellular","jun",458,-1,0,"yes"
"2917",43,"cellular","nov",707,97,2,"yes"
"2918",26,"cellular","jan",1451,-1,0,"yes"
"2919",83,"telephone","mar",181,-1,0,"yes"
"2920",41,"cellular","nov",477,-1,0,"yes"
"2921",42,"cellular","nov",525,-1,0,"yes"
"2922",26,"cellular","mar",87,91,2,"yes"
"2923",28,"telephone","may",360,181,5,"yes"
"2924",79,"telephone","jan",326,272,2,"yes"
"2925",35,"cellular","jul",287,415,1,"yes"
"2926",36,"cellular","dec",321,189,4,"yes"
"2927",23,"unknown","may",806,-1,0,"yes"
"2928",22,"cellular","nov",449,38,10,"yes"
"2929",53,"cellular","oct",759,-1,0,"yes"
"2930",35,"cellular","nov",808,-1,0,"yes"
"2931",50,"cellular","jul",464,683,6,"yes"
"2932",37,"telephone","feb",466,-1,0,"yes"
"2933",53,"unknown","jun",701,-1,0,"yes"
"2934",44,"cellular","nov",167,92,1,"yes"
"2935",31,"cellular","nov",316,99,9,"yes"
"2936",46,"cellular","may",725,-1,0,"yes"
"2937",34,"cellular","may",515,350,5,"yes"
"2938",31,"cellular","jul",252,184,3,"yes"
"2939",52,"cellular","jan",134,204,2,"yes"
"2940",49,"cellular","aug",780,-1,0,"yes"
"2941",50,"cellular","aug",904,-1,0,"yes"
"2942",36,"cellular","aug",386,-1,0,"yes"
"2943",45,"cellular","apr",1472,192,4,"yes"
"2944",36,"cellular","aug",293,181,2,"yes"
"2945",61,"cellular","feb",481,-1,0,"yes"
"2946",27,"cellular","may",198,98,6,"yes"
"2947",31,"cellular","jul",1139,-1,0,"yes"
"2948",29,"cellular","aug",504,92,1,"yes"
"2949",24,"cellular","aug",460,-1,0,"yes"
"2950",64,"cellular","feb",671,181,3,"yes"
"2951",25,"cellular","feb",485,-1,0,"yes"
"2952",30,"cellular","jul",435,-1,0,"yes"
"2953",29,"cellular","feb",125,-1,0,"yes"
"2954",60,"cellular","jul",816,-1,0,"yes"
"2955",53,"cellular","aug",528,-1,0,"yes"
"2956",39,"cellular","jul",869,-1,0,"yes"
"2957",40,"cellular","jul",1018,-1,0,"yes"
"2958",45,"cellular","jul",873,-1,0,"yes"
"2959",30,"cellular","may",670,286,6,"yes"
"2960",34,"cellular","aug",518,-1,0,"yes"
"2961",46,"telephone","oct",270,-1,0,"yes"
"2962",38,"cellular","may",442,-1,0,"yes"
"2963",53,"cellular","may",959,174,7,"yes"
"2964",39,"cellular","may",877,300,2,"yes"
"2965",49,"telephone","feb",1971,-1,0,"yes"
"2966",34,"cellular","may",213,-1,0,"yes"
"2967",44,"cellular","mar",188,-1,0,"yes"
"2968",38,"cellular","nov",232,96,4,"yes"
"2969",32,"cellular","may",796,109,1,"yes"
"2970",51,"cellular","jul",655,-1,0,"yes"
"2971",67,"cellular","aug",254,-1,0,"yes"
"2972",35,"cellular","jul",743,-1,0,"yes"
"2973",32,"cellular","feb",550,-1,0,"yes"
"2974",34,"unknown","oct",154,-1,0,"yes"
"2975",30,"unknown","may",412,-1,0,"yes"
"2976",41,"cellular","feb",261,184,6,"yes"
"2977",49,"cellular","may",451,169,2,"yes"
"2978",29,"cellular","jul",574,-1,0,"yes"
"2979",32,"cellular","may",563,-1,0,"yes"
"2980",36,"cellular","nov",270,-1,0,"yes"
"2981",22,"cellular","aug",338,-1,0,"yes"
"2982",36,"unknown","jun",2769,-1,0,"yes"
"2983",31,"cellular","sep",344,295,1,"yes"
"2984",56,"unknown","may",1467,-1,0,"yes"
"2985",31,"cellular","feb",258,73,1,"yes"
"2986",39,"cellular","jul",869,-1,0,"yes"
"2987",38,"cellular","nov",232,96,4,"yes"
"2988",60,"cellular","aug",239,761,1,"yes"
"2989",39,"cellular","may",667,357,3,"yes"
"2990",32,"cellular","may",744,-1,0,"yes"
"2991",43,"unknown","may",2087,-1,0,"yes"
"2992",34,"cellular","may",152,182,6,"yes"
"2993",33,"cellular","may",218,-1,0,"yes"
"2994",37,"cellular","jun",224,-1,0,"yes"
"2995",28,"cellular","sep",294,105,7,"yes"
"2996",49,"cellular","jul",988,-1,0,"yes"
"2997",77,"cellular","oct",847,60,1,"yes"
"2998",53,"cellular","dec",352,-1,0,"yes"
"2999",32,"cellular","sep",100,-1,0,"yes"
"3000",49,"cellular","may",1516,353,2,"yes"
"3001",42,"cellular","feb",138,-1,0,"yes"
"3002",38,"cellular","aug",178,1,1,"yes"
"3003",46,"cellular","aug",388,-1,0,"yes"
"3004",22,"cellular","aug",338,-1,0,"yes"
"3005",59,"cellular","feb",222,94,2,"yes"
"3006",46,"cellular","aug",429,-1,0,"yes"
"3007",53,"cellular","aug",528,-1,0,"yes"
"3008",33,"cellular","jul",968,-1,0,"yes"
"3009",47,"cellular","aug",994,-1,0,"yes"
"3010",32,"cellular","apr",171,-1,0,"yes"
"3011",32,"cellular","apr",648,272,1,"yes"
"3012",32,"unknown","may",860,-1,0,"yes"
"3013",49,"cellular","mar",152,-1,0,"yes"
"3014",27,"cellular","mar",378,-1,0,"yes"
"3015",25,"telephone","aug",170,-1,0,"yes"
"3016",53,"cellular","aug",921,-1,0,"yes"
"3017",49,"cellular","aug",354,-1,0,"yes"
"3018",27,"cellular","may",391,-1,0,"yes"
"3019",36,"cellular","dec",321,189,4,"yes"
"3020",29,"cellular","nov",226,92,1,"yes"
"3021",49,"cellular","nov",269,-1,0,"yes"
"3022",37,"cellular","jul",268,182,3,"yes"
"3023",55,"cellular","feb",781,-1,0,"yes"
"3024",28,"telephone","may",360,181,5,"yes"
"3025",56,"telephone","jul",353,-1,0,"yes"
"3026",32,"cellular","may",563,-1,0,"yes"
"3027",72,"cellular","apr",384,-1,0,"yes"
"3028",77,"cellular","apr",161,-1,0,"yes"
"3029",32,"unknown","may",1234,-1,0,"yes"
"3030",42,"cellular","oct",230,92,1,"yes"
"3031",75,"cellular","nov",262,183,1,"yes"
"3032",32,"cellular","may",563,-1,0,"yes"
"3033",37,"cellular","feb",91,-1,0,"yes"
"3034",34,"cellular","apr",430,-1,0,"yes"
"3035",27,"cellular","may",198,98,6,"yes"
"3036",27,"cellular","nov",192,92,2,"yes"
"3037",45,"unknown","jun",1259,-1,0,"yes"
"3038",59,"cellular","apr",815,87,1,"yes"
"3039",47,"cellular","aug",994,-1,0,"yes"
"3040",50,"telephone","jul",1088,-1,0,"yes"
"3041",44,"cellular","mar",188,-1,0,"yes"
"3042",28,"cellular","mar",93,-1,0,"yes"
"3043",47,"unknown","sep",91,100,2,"yes"
"3044",47,"cellular","oct",508,-1,0,"yes"
"3045",39,"cellular","may",877,300,2,"yes"
"3046",59,"unknown","may",1063,-1,0,"yes"
"3047",41,"cellular","feb",109,-1,0,"yes"
"3048",28,"cellular","feb",659,-1,0,"yes"
"3049",38,"cellular","may",937,-1,0,"yes"
"3050",46,"cellular","aug",293,90,4,"yes"
"3051",41,"cellular","may",788,-1,0,"yes"
"3052",43,"cellular","aug",363,-1,0,"yes"
"3053",34,"cellular","aug",518,-1,0,"yes"
"3054",39,"cellular","may",488,-1,0,"yes"
"3055",53,"cellular","aug",528,-1,0,"yes"
"3056",38,"cellular","aug",178,1,1,"yes"
"3057",46,"cellular","mar",910,184,4,"yes"
"3058",44,"cellular","may",897,-1,0,"yes"
"3059",38,"cellular","may",606,-1,0,"yes"
"3060",49,"cellular","nov",269,-1,0,"yes"
"3061",57,"cellular","aug",819,-1,0,"yes"
"3062",57,"unknown","may",648,-1,0,"yes"
"3063",39,"cellular","feb",691,180,5,"yes"
"3064",39,"cellular","feb",691,180,5,"yes"
"3065",28,"cellular","sep",199,92,14,"yes"
"3066",27,"cellular","jun",397,-1,0,"yes"
"3067",33,"cellular","jul",968,-1,0,"yes"
"3068",56,"unknown","may",1467,-1,0,"yes"
"3069",29,"cellular","jul",574,-1,0,"yes"
"3070",31,"cellular","sep",344,295,1,"yes"
"3071",30,"cellular","apr",298,-1,0,"yes"
"3072",33,"cellular","oct",249,335,2,"yes"
"3073",61,"cellular","jan",181,92,1,"yes"
"3074",38,"cellular","aug",178,1,1,"yes"
"3075",46,"unknown","may",1263,-1,0,"yes"
"3076",34,"cellular","aug",78,-1,0,"yes"
"3077",71,"cellular","feb",185,-1,0,"yes"
"3078",34,"cellular","aug",262,99,2,"yes"
"3079",26,"cellular","jan",1451,-1,0,"yes"
"3080",54,"cellular","jan",161,98,2,"yes"
"3081",37,"telephone","feb",466,-1,0,"yes"
"3082",28,"telephone","may",360,181,5,"yes"
"3083",49,"cellular","nov",1081,-1,0,"yes"
"3084",30,"cellular","may",727,-1,0,"yes"
"3085",40,"cellular","jul",1018,-1,0,"yes"
"3086",34,"cellular","aug",262,99,2,"yes"
"3087",32,"cellular","aug",686,-1,0,"yes"
"3088",72,"cellular","apr",384,-1,0,"yes"
"3089",45,"cellular","jul",873,-1,0,"yes"
"3090",34,"cellular","apr",359,-1,0,"yes"
"3091",47,"cellular","aug",994,-1,0,"yes"
"3092",46,"cellular","aug",429,-1,0,"yes"
"3093",38,"cellular","may",937,-1,0,"yes"
"3094",28,"cellular","mar",93,-1,0,"yes"
"3095",34,"cellular","jun",177,-1,0,"yes"
"3096",32,"cellular","jul",1275,-1,0,"yes"
"3097",53,"cellular","apr",371,-1,0,"yes"
"3098",29,"unknown","jun",1663,-1,0,"yes"
"3099",32,"cellular","sep",100,-1,0,"yes"
"3100",58,"cellular","aug",206,461,1,"yes"
"3101",22,"cellular","oct",332,183,3,"yes"
"3102",59,"cellular","apr",815,87,1,"yes"
"3103",46,"cellular","aug",388,-1,0,"yes"
"3104",41,"cellular","may",788,-1,0,"yes"
"3105",29,"unknown","may",1689,-1,0,"yes"
"3106",54,"cellular","jun",207,-1,0,"yes"
"3107",24,"cellular","aug",460,-1,0,"yes"
"3108",53,"cellular","aug",921,-1,0,"yes"
"3109",47,"cellular","oct",385,-1,0,"yes"
"3110",37,"cellular","sep",404,182,1,"yes"
"3111",51,"cellular","jun",458,-1,0,"yes"
"3112",69,"cellular","jul",417,184,4,"yes"
"3113",34,"cellular","apr",342,-1,0,"yes"
"3114",42,"cellular","may",955,-1,0,"yes"
"3115",32,"cellular","jul",1275,-1,0,"yes"
"3116",34,"cellular","apr",97,-1,0,"yes"
"3117",54,"cellular","jan",161,98,2,"yes"
"3118",35,"cellular","aug",768,141,3,"yes"
"3119",55,"cellular","apr",296,270,3,"yes"
"3120",32,"cellular","may",796,109,1,"yes"
"3121",66,"cellular","feb",479,-1,0,"yes"
"3122",44,"cellular","may",897,-1,0,"yes"
"3123",35,"cellular","jul",287,415,1,"yes"
"3124",60,"cellular","aug",323,-1,0,"yes"
"3125",49,"cellular","aug",780,-1,0,"yes"
"3126",32,"unknown","may",860,-1,0,"yes"
"3127",49,"cellular","aug",354,-1,0,"yes"
"3128",32,"cellular","jul",1275,-1,0,"yes"
"3129",67,"cellular","aug",254,-1,0,"yes"
"3130",49,"cellular","may",451,169,2,"yes"
"3131",36,"cellular","aug",293,181,2,"yes"
"3132",30,"cellular","oct",251,-1,0,"yes"
"3133",41,"cellular","feb",109,-1,0,"yes"
"3134",32,"cellular","may",796,109,1,"yes"
"3135",27,"cellular","jul",652,-1,0,"yes"
"3136",38,"cellular","jul",1484,-1,0,"yes"
"3137",47,"unknown","jun",761,-1,0,"yes"
"3138",32,"cellular","feb",550,-1,0,"yes"
"3139",33,"cellular","may",218,-1,0,"yes"
"3140",49,"cellular","apr",223,182,2,"yes"
"3141",61,"cellular","mar",106,-1,0,"yes"
"3142",42,"cellular","oct",230,92,1,"yes"
"3143",31,"cellular","nov",316,99,9,"yes"
"3144",61,"cellular","mar",106,-1,0,"yes"
"3145",38,"cellular","may",442,-1,0,"yes"
"3146",33,"cellular","jul",968,-1,0,"yes"
"3147",47,"unknown","jun",761,-1,0,"yes"
"3148",24,"cellular","aug",460,-1,0,"yes"
"3149",27,"unknown","jun",590,-1,0,"yes"
"3150",43,"cellular","sep",261,98,1,"yes"
"3151",58,"unknown","jun",700,-1,0,"yes"
"3152",61,"cellular","mar",106,-1,0,"yes"
"3153",71,"cellular","feb",93,-1,0,"yes"
"3154",30,"cellular","oct",251,-1,0,"yes"
"3155",57,"unknown","may",648,-1,0,"yes"
"3156",26,"unknown","may",576,-1,0,"yes"
"3157",53,"cellular","mar",80,-1,0,"yes"
"3158",36,"cellular","apr",260,-1,0,"yes"
"3159",51,"cellular","may",415,375,1,"yes"
"3160",32,"cellular","jul",1275,-1,0,"yes"
"3161",22,"cellular","oct",332,183,3,"yes"
"3162",25,"cellular","feb",485,-1,0,"yes"
"3163",53,"cellular","mar",80,-1,0,"yes"
"3164",34,"cellular","may",152,182,6,"yes"
"3165",34,"cellular","may",515,350,5,"yes"
"3166",34,"cellular","aug",78,-1,0,"yes"
"3167",28,"cellular","sep",199,92,14,"yes"
"3168",47,"cellular","apr",412,169,1,"yes"
"3169",22,"cellular","oct",332,183,3,"yes"
"3170",34,"cellular","jun",177,-1,0,"yes"
"3171",46,"cellular","aug",429,-1,0,"yes"
"3172",28,"cellular","sep",294,105,7,"yes"
"3173",57,"cellular","aug",819,-1,0,"yes"
"3174",46,"telephone","oct",270,-1,0,"yes"
"3175",54,"cellular","jun",207,-1,0,"yes"
"3176",30,"cellular","jul",1031,-1,0,"yes"
"3177",43,"unknown","may",1721,-1,0,"yes"
"3178",36,"cellular","may",224,-1,0,"yes"
"3179",49,"cellular","may",558,-1,0,"yes"
"3180",34,"cellular","aug",990,-1,0,"yes"
"3181",53,"cellular","apr",558,-1,0,"yes"
"3182",59,"unknown","nov",669,-1,0,"yes"
"3183",62,"cellular","oct",216,183,4,"yes"
"3184",27,"cellular","jul",652,-1,0,"yes"
"3185",38,"cellular","jun",297,144,4,"yes"
"3186",59,"cellular","apr",815,87,1,"yes"
"3187",77,"cellular","apr",161,-1,0,"yes"
"3188",59,"telephone","may",500,358,2,"yes"
"3189",33,"telephone","jul",1448,-1,0,"yes"
"3190",47,"unknown","jun",993,-1,0,"yes"
"3191",58,"cellular","aug",206,461,1,"yes"
"3192",25,"cellular","may",600,332,4,"yes"
"3193",22,"cellular","aug",338,-1,0,"yes"
"3194",29,"cellular","feb",328,183,4,"yes"
"3195",46,"cellular","mar",229,-1,0,"yes"
"3196",55,"cellular","jun",345,94,3,"yes"
"3197",54,"cellular","jun",207,-1,0,"yes"
"3198",56,"unknown","may",1467,-1,0,"yes"
"3199",31,"cellular","feb",258,73,1,"yes"
"3200",30,"cellular","apr",470,426,3,"yes"
"3201",49,"cellular","aug",875,-1,0,"yes"
"3202",54,"cellular","jun",207,-1,0,"yes"
"3203",28,"cellular","feb",659,-1,0,"yes"
"3204",53,"cellular","apr",558,-1,0,"yes"
"3205",29,"cellular","feb",328,183,4,"yes"
"3206",33,"telephone","jul",1448,-1,0,"yes"
"3207",32,"unknown","jun",777,-1,0,"yes"
"3208",47,"telephone","aug",239,-1,0,"yes"
"3209",27,"unknown","jun",590,-1,0,"yes"
"3210",54,"cellular","jul",2029,-1,0,"yes"
"3211",25,"cellular","sep",267,114,2,"yes"
"3212",49,"cellular","mar",152,-1,0,"yes"
"3213",35,"cellular","mar",215,-1,0,"yes"
"3214",39,"cellular","may",667,357,3,"yes"
"3215",40,"cellular","aug",221,461,1,"yes"
"3216",22,"cellular","aug",338,-1,0,"yes"
"3217",53,"telephone","sep",230,-1,0,"yes"
"3218",44,"cellular","aug",809,-1,0,"yes"
"3219",44,"cellular","nov",167,92,1,"yes"
"3220",49,"cellular","aug",875,-1,0,"yes"
"3221",38,"cellular","may",606,-1,0,"yes"
"3222",36,"cellular","nov",270,-1,0,"yes"
"3223",25,"cellular","jul",857,-1,0,"yes"
"3224",31,"cellular","jul",252,184,3,"yes"
"3225",28,"cellular","sep",294,105,7,"yes"
"3226",66,"cellular","jan",216,91,4,"yes"
"3227",37,"cellular","apr",244,-1,0,"yes"
"3228",39,"cellular","feb",691,180,5,"yes"
"3229",32,"cellular","sep",100,-1,0,"yes"
"3230",39,"cellular","may",877,300,2,"yes"
"3231",52,"cellular","jan",134,204,2,"yes"
"3232",72,"cellular","apr",384,-1,0,"yes"
"3233",40,"cellular","may",474,256,1,"yes"
"3234",59,"cellular","jun",493,-1,0,"yes"
"3235",46,"cellular","aug",293,90,4,"yes"
"3236",37,"cellular","may",567,275,4,"yes"
"3237",59,"cellular","feb",222,94,2,"yes"
"3238",44,"cellular","jul",712,-1,0,"yes"
"3239",37,"cellular","oct",238,107,2,"yes"
"3240",31,"cellular","jul",1139,-1,0,"yes"
"3241",46,"cellular","aug",388,-1,0,"yes"
"3242",33,"telephone","jul",1448,-1,0,"yes"
"3243",30,"cellular","aug",976,-1,0,"yes"
"3244",47,"telephone","dec",805,190,1,"yes"
"3245",39,"cellular","may",667,357,3,"yes"
"3246",39,"unknown","jun",554,-1,0,"yes"
"3247",34,"cellular","may",469,-1,0,"yes"
"3248",39,"cellular","may",877,300,2,"yes"
"3249",60,"cellular","aug",323,-1,0,"yes"
"3250",52,"cellular","aug",1223,-1,0,"yes"
"3251",45,"cellular","oct",310,804,1,"yes"
"3252",49,"cellular","jul",97,-1,0,"yes"
"3253",26,"cellular","jan",1451,-1,0,"yes"
"3254",43,"unknown","may",2087,-1,0,"yes"
"3255",75,"telephone","apr",185,181,2,"yes"
"3256",34,"cellular","apr",142,-1,0,"yes"
"3257",37,"cellular","feb",91,-1,0,"yes"
"3258",48,"cellular","aug",389,64,2,"yes"
"3259",21,"cellular","jun",258,169,3,"yes"
"3260",41,"unknown","may",882,-1,0,"yes"
"3261",37,"telephone","feb",466,-1,0,"yes"
"3262",34,"cellular","may",469,-1,0,"yes"
"3263",47,"cellular","aug",994,-1,0,"yes"
"3264",84,"telephone","may",353,-1,0,"yes"
"3265",53,"telephone","mar",295,91,2,"yes"
"3266",34,"cellular","oct",401,-1,0,"yes"
"3267",34,"cellular","dec",330,127,3,"yes"
"3268",75,"telephone","apr",185,181,2,"yes"
"3269",52,"cellular","oct",411,182,1,"yes"
"3270",28,"unknown","jun",369,-1,0,"yes"
"3271",49,"cellular","apr",772,-1,0,"yes"
"3272",51,"cellular","jun",458,-1,0,"yes"
"3273",37,"cellular","jun",224,-1,0,"yes"
"3274",38,"cellular","aug",223,414,4,"yes"
"3275",32,"unknown","may",757,-1,0,"yes"
"3276",52,"cellular","oct",411,182,1,"yes"
"3277",33,"cellular","may",218,-1,0,"yes"
"3278",25,"cellular","may",223,89,2,"yes"
"3279",53,"cellular","aug",528,-1,0,"yes"
"3280",51,"cellular","jun",458,-1,0,"yes"
"3281",49,"cellular","aug",354,-1,0,"yes"
"3282",50,"cellular","aug",526,-1,0,"yes"
"3283",46,"cellular","mar",229,-1,0,"yes"
"3284",29,"unknown","may",1689,-1,0,"yes"
"3285",49,"cellular","may",451,169,2,"yes"
"3286",38,"cellular","jul",1484,-1,0,"yes"
"3287",38,"cellular","may",937,-1,0,"yes"
"3288",55,"cellular","apr",296,270,3,"yes"
"3289",50,"cellular","jul",464,683,6,"yes"
"3290",33,"cellular","nov",253,92,4,"yes"
"3291",33,"cellular","oct",130,161,1,"yes"
"3292",33,"telephone","jul",1448,-1,0,"yes"
"3293",50,"cellular","aug",526,-1,0,"yes"
"3294",27,"cellular","jul",652,-1,0,"yes"
"3295",34,"cellular","aug",518,-1,0,"yes"
"3296",62,"cellular","oct",216,183,4,"yes"
"3297",55,"cellular","aug",353,-1,0,"yes"
"3298",34,"cellular","aug",78,-1,0,"yes"
"3299",39,"cellular","may",488,-1,0,"yes"
"3300",39,"cellular","may",877,300,2,"yes"
"3301",29,"cellular","jul",1097,-1,0,"yes"
"3302",30,"cellular","apr",298,-1,0,"yes"
"3303",49,"cellular","apr",772,-1,0,"yes"
"3304",34,"cellular","aug",1877,-1,0,"yes"
"3305",59,"telephone","mar",234,-1,0,"yes"
"3306",26,"unknown","may",576,-1,0,"yes"
"3307",29,"unknown","jun",1663,-1,0,"yes"
"3308",55,"cellular","feb",169,183,1,"yes"
"3309",29,"unknown","may",30,357,1,"yes"
"3310",47,"cellular","apr",412,169,1,"yes"
"3311",47,"unknown","sep",91,100,2,"yes"
"3312",34,"cellular","aug",1877,-1,0,"yes"
"3313",37,"cellular","jul",268,182,3,"yes"
"3314",29,"cellular","feb",125,-1,0,"yes"
"3315",47,"cellular","aug",994,-1,0,"yes"
"3316",59,"cellular","jun",493,-1,0,"yes"
"3317",53,"cellular","jun",282,385,1,"yes"
"3318",33,"cellular","may",732,291,5,"yes"
"3319",33,"cellular","oct",249,335,2,"yes"
"3320",53,"cellular","aug",528,-1,0,"yes"
"3321",44,"cellular","may",897,-1,0,"yes"
"3322",56,"unknown","may",1467,-1,0,"yes"
"3323",29,"cellular","aug",504,92,1,"yes"
"3324",34,"cellular","apr",142,-1,0,"yes"
"3325",30,"unknown","may",412,-1,0,"yes"
"3326",55,"cellular","feb",169,183,1,"yes"
"3327",71,"cellular","feb",93,-1,0,"yes"
"3328",47,"unknown","jun",761,-1,0,"yes"
"3329",47,"telephone","dec",805,190,1,"yes"
"3330",61,"cellular","jan",181,92,1,"yes"
"3331",36,"cellular","apr",260,-1,0,"yes"
"3332",32,"cellular","may",563,-1,0,"yes"
"3333",34,"cellular","jun",485,227,4,"yes"
"3334",39,"cellular","may",488,-1,0,"yes"
"3335",42,"cellular","may",955,-1,0,"yes"
"3336",47,"cellular","aug",994,-1,0,"yes"
"3337",43,"cellular","aug",501,-1,0,"yes"
"3338",33,"cellular","nov",253,92,4,"yes"
"3339",49,"cellular","aug",875,-1,0,"yes"
"3340",38,"cellular","nov",232,96,4,"yes"
"3341",58,"unknown","jun",700,-1,0,"yes"
"3342",71,"cellular","feb",185,-1,0,"yes"
"3343",29,"unknown","may",1689,-1,0,"yes"
"3344",33,"cellular","apr",475,-1,0,"yes"
"3345",31,"cellular","apr",297,86,3,"yes"
"3346",59,"unknown","jun",812,-1,0,"yes"
"3347",55,"cellular","jun",324,90,2,"yes"
"3348",80,"telephone","jun",712,64,12,"yes"
"3349",33,"cellular","jun",421,-1,0,"yes"
"3350",31,"cellular","feb",280,-1,0,"yes"
"3351",25,"cellular","apr",107,-1,0,"yes"
"3352",49,"cellular","aug",780,-1,0,"yes"
"3353",29,"unknown","jun",1663,-1,0,"yes"
"3354",80,"telephone","jun",712,64,12,"yes"
"3355",34,"unknown","oct",154,-1,0,"yes"
"3356",55,"cellular","aug",353,-1,0,"yes"
"3357",29,"cellular","jul",1097,-1,0,"yes"
"3358",23,"unknown","may",806,-1,0,"yes"
"3359",54,"unknown","may",618,-1,0,"yes"
"3360",60,"cellular","jul",816,-1,0,"yes"
"3361",30,"unknown","may",412,-1,0,"yes"
"3362",32,"cellular","may",563,-1,0,"yes"
"3363",47,"cellular","apr",412,169,1,"yes"
"3364",37,"cellular","jul",268,182,3,"yes"
"3365",34,"cellular","may",515,350,5,"yes"
"3366",32,"cellular","feb",1579,246,4,"yes"
"3367",50,"cellular","aug",904,-1,0,"yes"
"3368",54,"cellular","jul",2029,-1,0,"yes"
"3369",32,"cellular","jul",1017,-1,0,"yes"
"3370",33,"cellular","oct",130,161,1,"yes"
"3371",60,"cellular","jun",593,-1,0,"yes"
"3372",24,"cellular","oct",184,91,2,"yes"
"3373",36,"cellular","nov",270,-1,0,"yes"
"3374",53,"telephone","sep",230,-1,0,"yes"
"3375",29,"cellular","feb",328,183,4,"yes"
"3376",42,"cellular","may",951,370,4,"yes"
"3377",41,"cellular","nov",477,-1,0,"yes"
"3378",61,"cellular","feb",481,-1,0,"yes"
"3379",28,"cellular","mar",93,-1,0,"yes"
"3380",34,"cellular","may",152,182,6,"yes"
"3381",38,"cellular","nov",578,-1,0,"yes"
"3382",30,"cellular","apr",470,426,3,"yes"
"3383",32,"cellular","may",796,109,1,"yes"
"3384",37,"telephone","feb",466,-1,0,"yes"
"3385",44,"cellular","may",897,-1,0,"yes"
"3386",32,"cellular","sep",185,99,5,"yes"
"3387",51,"cellular","jun",458,-1,0,"yes"
"3388",26,"cellular","may",827,-1,0,"yes"
"3389",20,"cellular","apr",261,-1,0,"yes"
"3390",55,"cellular","feb",781,-1,0,"yes"
"3391",42,"cellular","may",951,370,4,"yes"
"3392",61,"cellular","mar",106,-1,0,"yes"
"3393",41,"cellular","feb",261,184,6,"yes"
"3394",50,"cellular","jul",464,683,6,"yes"
"3395",22,"cellular","nov",449,38,10,"yes"
"3396",47,"telephone","dec",805,190,1,"yes"
"3397",55,"cellular","feb",781,-1,0,"yes"
"3398",49,"cellular","may",1516,353,2,"yes"
"3399",43,"cellular","aug",363,-1,0,"yes"
"3400",25,"cellular","jul",857,-1,0,"yes"
"3401",29,"cellular","feb",110,64,2,"yes"
"3402",25,"cellular","may",223,89,2,"yes"
"3403",25,"cellular","nov",386,-1,0,"yes"
"3404",25,"cellular","feb",485,-1,0,"yes"
"3405",34,"cellular","oct",401,-1,0,"yes"
"3406",28,"cellular","sep",294,105,7,"yes"
"3407",37,"cellular","oct",238,107,2,"yes"
"3408",32,"cellular","nov",132,-1,0,"yes"
"3409",50,"cellular","apr",670,340,2,"yes"
"3410",46,"unknown","may",646,-1,0,"yes"
"3411",32,"unknown","may",757,-1,0,"yes"
"3412",34,"cellular","aug",587,-1,0,"yes"
"3413",55,"cellular","sep",328,94,2,"yes"
"3414",69,"cellular","jul",417,184,4,"yes"
"3415",43,"unknown","may",1721,-1,0,"yes"
"3416",57,"unknown","may",648,-1,0,"yes"
"3417",47,"unknown","jun",993,-1,0,"yes"
"3418",38,"cellular","aug",178,1,1,"yes"
"3419",29,"cellular","jul",1097,-1,0,"yes"
"3420",30,"cellular","oct",251,-1,0,"yes"
"3421",40,"cellular","may",474,256,1,"yes"
"3422",28,"cellular","sep",199,92,14,"yes"
"3423",33,"cellular","oct",249,335,2,"yes"
"3424",46,"cellular","aug",293,90,4,"yes"
"3425",38,"cellular","may",937,-1,0,"yes"
"3426",48,"cellular","nov",609,-1,0,"yes"
"3427",26,"cellular","mar",87,91,2,"yes"
"3428",30,"cellular","apr",470,426,3,"yes"
"3429",25,"cellular","may",223,89,2,"yes"
"3430",34,"cellular","may",152,182,6,"yes"
"3431",33,"telephone","jul",1448,-1,0,"yes"
"3432",30,"cellular","jul",1031,-1,0,"yes"
"3433",80,"telephone","jun",712,64,12,"yes"
"3434",42,"cellular","may",951,370,4,"yes"
"3435",19,"cellular","jul",104,-1,0,"yes"
"3436",28,"cellular","mar",93,-1,0,"yes"
"3437",33,"cellular","feb",860,-1,0,"yes"
"3438",31,"cellular","jul",1139,-1,0,"yes"
"3439",31,"cellular","jul",1441,-1,0,"yes"
"3440",36,"cellular","apr",260,-1,0,"yes"
"3441",60,"cellular","jun",593,-1,0,"yes"
"3442",29,"cellular","feb",125,-1,0,"yes"
"3443",61,"cellular","mar",106,-1,0,"yes"
"3444",56,"telephone","jul",353,-1,0,"yes"
"3445",38,"cellular","may",606,-1,0,"yes"
"3446",33,"cellular","oct",249,335,2,"yes"
"3447",32,"unknown","may",757,-1,0,"yes"
"3448",59,"unknown","nov",669,-1,0,"yes"
"3449",75,"cellular","nov",262,183,1,"yes"
"3450",31,"cellular","nov",316,99,9,"yes"
"3451",29,"cellular","feb",110,64,2,"yes"
"3452",32,"cellular","apr",648,272,1,"yes"
"3453",33,"cellular","nov",253,92,4,"yes"
"3454",38,"cellular","may",606,-1,0,"yes"
"3455",41,"cellular","feb",261,184,6,"yes"
"3456",48,"cellular","apr",1032,141,7,"yes"
"3457",49,"cellular","apr",772,-1,0,"yes"
"3458",26,"unknown","may",576,-1,0,"yes"
"3459",37,"cellular","apr",244,-1,0,"yes"
"3460",37,"cellular","apr",124,-1,0,"yes"
"3461",34,"unknown","oct",154,-1,0,"yes"
"3462",58,"unknown","jun",700,-1,0,"yes"
"3463",59,"cellular","apr",815,87,1,"yes"
"3464",50,"cellular","aug",904,-1,0,"yes"
"3465",29,"cellular","nov",226,92,1,"yes"
"3466",26,"cellular","may",827,-1,0,"yes"
"3467",48,"cellular","jun",264,-1,0,"yes"
"3468",54,"cellular","jul",2029,-1,0,"yes"
"3469",32,"cellular","jul",1017,-1,0,"yes"
"3470",38,"cellular","may",937,-1,0,"yes"
"3471",38,"cellular","may",606,-1,0,"yes"
"3472",55,"cellular","sep",328,94,2,"yes"
"3473",34,"unknown","oct",154,-1,0,"yes"
"3474",38,"cellular","jun",297,144,4,"yes"
"3475",41,"cellular","aug",352,-1,0,"yes"
"3476",34,"cellular","nov",161,209,2,"yes"
"3477",55,"cellular","apr",296,270,3,"yes"
"3478",27,"cellular","jun",397,-1,0,"yes"
"3479",38,"cellular","may",442,-1,0,"yes"
"3480",47,"cellular","oct",385,-1,0,"yes"
"3481",38,"cellular","may",937,-1,0,"yes"
"3482",46,"cellular","may",725,-1,0,"yes"
"3483",35,"cellular","aug",768,141,3,"yes"
"3484",30,"cellular","apr",470,426,3,"yes"
"3485",27,"cellular","apr",279,-1,0,"yes"
"3486",47,"cellular","jul",250,181,4,"yes"
"3487",36,"cellular","apr",260,-1,0,"yes"
"3488",43,"cellular","sep",261,98,1,"yes"
"3489",27,"cellular","may",653,334,2,"yes"
"3490",68,"telephone","jul",897,-1,0,"yes"
"3491",33,"cellular","oct",249,335,2,"yes"
"3492",30,"cellular","feb",528,-1,0,"yes"
"3493",59,"cellular","jun",493,-1,0,"yes"
"3494",31,"cellular","sep",344,295,1,"yes"
"3495",37,"cellular","jul",268,182,3,"yes"
"3496",46,"cellular","mar",910,184,4,"yes"
"3497",25,"cellular","may",600,332,4,"yes"
"3498",19,"cellular","jul",104,-1,0,"yes"
"3499",53,"cellular","aug",528,-1,0,"yes"
"3500",44,"cellular","may",897,-1,0,"yes"
"3501",69,"cellular","jul",417,184,4,"yes"
"3502",28,"telephone","may",360,181,5,"yes"
"3503",52,"cellular","oct",411,182,1,"yes"
"3504",23,"unknown","may",806,-1,0,"yes"
"3505",34,"cellular","may",515,350,5,"yes"
"3506",59,"unknown","nov",669,-1,0,"yes"
"3507",24,"cellular","oct",184,91,2,"yes"
"3508",53,"cellular","may",959,174,7,"yes"
"3509",45,"unknown","jun",1259,-1,0,"yes"
"3510",34,"cellular","jun",177,-1,0,"yes"
"3511",50,"telephone","jul",1088,-1,0,"yes"
"3512",26,"telephone","jun",280,92,5,"yes"
"3513",34,"cellular","may",152,182,6,"yes"
"3514",57,"cellular","aug",819,-1,0,"yes"
"3515",49,"cellular","jul",97,-1,0,"yes"
"3516",53,"cellular","mar",80,-1,0,"yes"
"3517",42,"cellular","oct",230,92,1,"yes"
"3518",39,"cellular","may",488,-1,0,"yes"
"3519",48,"cellular","nov",609,-1,0,"yes"
"3520",43,"unknown","may",2087,-1,0,"yes"
"3521",42,"cellular","feb",138,-1,0,"yes"
"3522",61,"cellular","feb",481,-1,0,"yes"
"3523",29,"unknown","jun",1663,-1,0,"yes"
"3524",38,"cellular","mar",164,130,2,"yes"
"3525",30,"cellular","may",670,286,6,"yes"
"3526",42,"cellular","may",951,370,4,"yes"
"3527",30,"cellular","aug",976,-1,0,"yes"
"3528",53,"cellular","dec",352,-1,0,"yes"
"3529",43,"cellular","aug",501,-1,0,"yes"
"3530",39,"cellular","feb",691,180,5,"yes"
"3531",49,"cellular","may",1516,353,2,"yes"
"3532",53,"unknown","jun",701,-1,0,"yes"
"3533",25,"cellular","feb",485,-1,0,"yes"
"3534",55,"cellular","sep",328,94,2,"yes"
"3535",46,"cellular","aug",388,-1,0,"yes"
"3536",46,"cellular","mar",910,184,4,"yes"
"3537",33,"cellular","nov",253,92,4,"yes"
"3538",39,"unknown","jun",554,-1,0,"yes"
"3539",55,"cellular","jun",324,90,2,"yes"
"3540",34,"cellular","nov",161,209,2,"yes"
"3541",52,"cellular","oct",411,182,1,"yes"
"3542",40,"cellular","jul",1018,-1,0,"yes"
"3543",33,"cellular","may",732,291,5,"yes"
"3544",49,"cellular","nov",1081,-1,0,"yes"
"3545",39,"cellular","may",877,300,2,"yes"
"3546",49,"cellular","aug",875,-1,0,"yes"
"3547",49,"cellular","jul",988,-1,0,"yes"
"3548",41,"cellular","aug",352,-1,0,"yes"
"3549",55,"cellular","sep",328,94,2,"yes"
"3550",30,"cellular","jul",435,-1,0,"yes"
"3551",48,"cellular","apr",1032,141,7,"yes"
"3552",47,"unknown","sep",91,100,2,"yes"
"3553",27,"cellular","jul",652,-1,0,"yes"
"3554",43,"cellular","aug",501,-1,0,"yes"
"3555",25,"cellular","may",223,89,2,"yes"
"3556",28,"cellular","sep",199,92,14,"yes"
"3557",31,"cellular","sep",344,295,1,"yes"
"3558",29,"telephone","apr",403,-1,0,"yes"
"3559",48,"cellular","apr",1032,141,7,"yes"
"3560",32,"cellular","may",744,-1,0,"yes"
"3561",34,"cellular","aug",518,-1,0,"yes"
"3562",37,"cellular","apr",146,-1,0,"yes"
"3563",53,"telephone","mar",295,91,2,"yes"
"3564",43,"cellular","nov",1015,198,2,"yes"
"3565",61,"cellular","feb",670,-1,0,"yes"
"3566",27,"cellular","may",198,98,6,"yes"
"3567",27,"cellular","may",653,334,2,"yes"
"3568",46,"cellular","aug",1181,-1,0,"yes"
"3569",53,"cellular","aug",317,180,2,"yes"
"3570",36,"cellular","aug",157,97,2,"yes"
"3571",31,"cellular","jul",252,184,3,"yes"
"3572",34,"cellular","may",469,-1,0,"yes"
"3573",38,"cellular","may",606,-1,0,"yes"
"3574",79,"telephone","jan",326,272,2,"yes"
"3575",52,"cellular","jan",134,204,2,"yes"
"3576",30,"cellular","jul",435,-1,0,"yes"
"3577",29,"cellular","jul",1097,-1,0,"yes"
"3578",35,"cellular","jul",743,-1,0,"yes"
"3579",44,"cellular","may",897,-1,0,"yes"
"3580",34,"cellular","nov",161,209,2,"yes"
"3581",68,"telephone","jul",897,-1,0,"yes"
"3582",49,"cellular","jul",988,-1,0,"yes"
"3583",80,"cellular","feb",639,189,1,"yes"
"3584",39,"cellular","may",454,364,3,"yes"
"3585",47,"telephone","aug",239,-1,0,"yes"
"3586",37,"telephone","feb",466,-1,0,"yes"
"3587",53,"cellular","dec",352,-1,0,"yes"
"3588",50,"cellular","aug",904,-1,0,"yes"
"3589",44,"cellular","nov",167,92,1,"yes"
"3590",36,"cellular","aug",386,-1,0,"yes"
"3591",34,"cellular","aug",990,-1,0,"yes"
"3592",53,"telephone","sep",230,-1,0,"yes"
"3593",25,"cellular","jul",857,-1,0,"yes"
"3594",27,"cellular","nov",192,92,2,"yes"
"3595",30,"cellular","jul",1031,-1,0,"yes"
"3596",32,"unknown","may",860,-1,0,"yes"
"3597",43,"cellular","nov",707,97,2,"yes"
"3598",41,"cellular","apr",252,185,5,"yes"
"3599",59,"cellular","apr",815,87,1,"yes"
"3600",53,"cellular","apr",558,-1,0,"yes"
"3601",34,"cellular","apr",430,-1,0,"yes"
"3602",66,"cellular","jan",216,91,4,"yes"
"3603",55,"cellular","aug",353,-1,0,"yes"
"3604",55,"cellular","feb",169,183,1,"yes"
"3605",42,"cellular","may",955,-1,0,"yes"
"3606",77,"cellular","apr",161,-1,0,"yes"
"3607",33,"cellular","oct",249,335,2,"yes"
"3608",35,"cellular","aug",222,182,4,"yes"
"3609",29,"cellular","feb",125,-1,0,"yes"
"3610",27,"cellular","nov",192,92,2,"yes"
"3611",29,"cellular","feb",328,183,4,"yes"
"3612",75,"telephone","apr",185,181,2,"yes"
"3613",46,"unknown","may",1263,-1,0,"yes"
"3614",53,"cellular","apr",371,-1,0,"yes"
"3615",27,"cellular","jul",652,-1,0,"yes"
"3616",42,"cellular","may",951,370,4,"yes"
"3617",30,"telephone","jul",279,-1,0,"yes"
"3618",58,"cellular","nov",495,93,1,"yes"
"3619",52,"cellular","aug",1223,-1,0,"yes"
"3620",34,"cellular","apr",342,-1,0,"yes"
"3621",30,"cellular","may",727,-1,0,"yes"
"3622",53,"cellular","aug",317,180,2,"yes"
"3623",35,"unknown","may",736,-1,0,"yes"
"3624",30,"cellular","oct",251,-1,0,"yes"
"3625",59,"cellular","jun",493,-1,0,"yes"
"3626",38,"cellular","may",606,-1,0,"yes"
"3627",32,"cellular","apr",171,-1,0,"yes"
"3628",44,"cellular","nov",167,92,1,"yes"
"3629",60,"cellular","jun",593,-1,0,"yes"
"3630",32,"cellular","apr",317,-1,0,"yes"
"3631",84,"telephone","may",353,-1,0,"yes"
"3632",55,"cellular","aug",353,-1,0,"yes"
"3633",71,"cellular","feb",185,-1,0,"yes"
"3634",34,"cellular","nov",161,209,2,"yes"
"3635",53,"cellular","aug",921,-1,0,"yes"
"3636",31,"cellular","nov",316,99,9,"yes"
"3637",32,"cellular","jul",1017,-1,0,"yes"
"3638",38,"cellular","may",606,-1,0,"yes"
"3639",58,"cellular","nov",495,93,1,"yes"
"3640",49,"cellular","may",1516,353,2,"yes"
"3641",37,"cellular","apr",124,-1,0,"yes"
"3642",53,"cellular","dec",352,-1,0,"yes"
"3643",72,"cellular","apr",384,-1,0,"yes"
"3644",31,"cellular","jul",1139,-1,0,"yes"
"3645",55,"cellular","jun",324,90,2,"yes"
"3646",42,"telephone","sep",376,-1,0,"yes"
"3647",27,"cellular","may",653,334,2,"yes"
"3648",31,"cellular","jul",1441,-1,0,"yes"
"3649",49,"cellular","may",451,169,2,"yes"
"3650",49,"cellular","apr",772,-1,0,"yes"
"3651",42,"cellular","oct",230,92,1,"yes"
"3652",33,"cellular","may",218,-1,0,"yes"
"3653",47,"unknown","sep",91,100,2,"yes"
"3654",32,"cellular","feb",550,-1,0,"yes"
"3655",41,"cellular","apr",252,185,5,"yes"
"3656",31,"cellular","sep",344,295,1,"yes"
"3657",55,"cellular","jun",345,94,3,"yes"
"3658",77,"cellular","oct",847,60,1,"yes"
"3659",41,"cellular","nov",549,-1,0,"yes"
"3660",59,"telephone","may",500,358,2,"yes"
"3661",43,"unknown","may",1721,-1,0,"yes"
"3662",51,"cellular","jul",655,-1,0,"yes"
"3663",35,"cellular","jul",287,415,1,"yes"
"3664",32,"cellular","may",796,109,1,"yes"
"3665",32,"cellular","feb",1579,246,4,"yes"
"3666",33,"cellular","nov",253,92,4,"yes"
"3667",30,"cellular","aug",976,-1,0,"yes"
"3668",32,"cellular","may",563,-1,0,"yes"
"3669",37,"cellular","oct",238,107,2,"yes"
"3670",43,"cellular","nov",1015,198,2,"yes"
"3671",53,"telephone","sep",230,-1,0,"yes"
"3672",42,"telephone","sep",376,-1,0,"yes"
"3673",52,"telephone","jul",398,460,2,"yes"
"3674",42,"cellular","oct",230,92,1,"yes"
"3675",49,"cellular","nov",1081,-1,0,"yes"
"3676",42,"telephone","sep",376,-1,0,"yes"
"3677",44,"cellular","nov",167,92,1,"yes"
"3678",44,"cellular","aug",809,-1,0,"yes"
"3679",36,"cellular","aug",293,181,2,"yes"
"3680",32,"cellular","apr",171,-1,0,"yes"
"3681",43,"unknown","may",1721,-1,0,"yes"
"3682",48,"cellular","apr",1032,141,7,"yes"
"3683",40,"cellular","may",474,256,1,"yes"
"3684",34,"cellular","aug",990,-1,0,"yes"
"3685",30,"cellular","aug",976,-1,0,"yes"
"3686",30,"cellular","jul",1031,-1,0,"yes"
"3687",27,"cellular","jun",397,-1,0,"yes"
"3688",80,"cellular","feb",639,189,1,"yes"
"3689",54,"cellular","jul",2029,-1,0,"yes"
"3690",66,"cellular","feb",479,-1,0,"yes"
"3691",36,"cellular","aug",307,-1,0,"yes"
"3692",44,"cellular","nov",167,92,1,"yes"
"3693",29,"cellular","aug",504,92,1,"yes"
"3694",50,"cellular","aug",904,-1,0,"yes"
"3695",31,"cellular","jun",166,-1,0,"yes"
"3696",41,"unknown","may",882,-1,0,"yes"
"3697",41,"unknown","may",882,-1,0,"yes"
"3698",54,"unknown","may",618,-1,0,"yes"
"3699",46,"telephone","oct",270,-1,0,"yes"
"3700",60,"unknown","may",1028,-1,0,"yes"
"3701",46,"cellular","may",725,-1,0,"yes"
"3702",52,"cellular","oct",411,182,1,"yes"
"3703",53,"cellular","dec",352,-1,0,"yes"
"3704",24,"cellular","oct",184,91,2,"yes"
"3705",32,"cellular","nov",132,-1,0,"yes"
"3706",37,"cellular","jul",268,182,3,"yes"
"3707",44,"cellular","nov",167,92,1,"yes"
"3708",22,"cellular","aug",338,-1,0,"yes"
"3709",50,"cellular","jul",464,683,6,"yes"
"3710",60,"cellular","aug",239,761,1,"yes"
"3711",53,"cellular","may",959,174,7,"yes"
"3712",24,"cellular","may",733,-1,0,"yes"
"3713",33,"cellular","apr",475,-1,0,"yes"
"3714",33,"cellular","jul",968,-1,0,"yes"
"3715",38,"cellular","jun",297,144,4,"yes"
"3716",32,"unknown","jun",777,-1,0,"yes"
"3717",22,"cellular","nov",449,38,10,"yes"
"3718",48,"cellular","apr",1032,141,7,"yes"
"3719",29,"cellular","dec",314,195,1,"yes"
"3720",44,"cellular","aug",809,-1,0,"yes"
"3721",45,"unknown","oct",187,-1,0,"yes"
"3722",29,"cellular","jul",574,-1,0,"yes"
"3723",40,"cellular","jul",1018,-1,0,"yes"
"3724",38,"unknown","may",762,-1,0,"yes"
"3725",58,"cellular","aug",206,461,1,"yes"
"3726",50,"cellular","jul",464,683,6,"yes"
"3727",32,"cellular","may",796,109,1,"yes"
"3728",45,"cellular","jul",873,-1,0,"yes"
"3729",32,"unknown","may",860,-1,0,"yes"
"3730",47,"telephone","dec",805,190,1,"yes"
"3731",26,"telephone","jun",280,92,5,"yes"
"3732",47,"telephone","dec",805,190,1,"yes"
"3733",49,"cellular","aug",354,-1,0,"yes"
"3734",59,"cellular","jan",309,91,10,"yes"
"3735",69,"cellular","jul",417,184,4,"yes"
"3736",46,"cellular","aug",429,-1,0,"yes"
"3737",41,"cellular","nov",477,-1,0,"yes"
"3738",46,"unknown","may",646,-1,0,"yes"
"3739",46,"unknown","may",1263,-1,0,"yes"
"3740",53,"cellular","aug",317,180,2,"yes"
"3741",25,"cellular","jul",857,-1,0,"yes"
"3742",34,"cellular","jun",441,56,1,"yes"
"3743",42,"cellular","may",955,-1,0,"yes"
"3744",30,"cellular","feb",528,-1,0,"yes"
"3745",84,"telephone","may",353,-1,0,"yes"
"3746",31,"cellular","apr",297,86,3,"yes"
"3747",32,"cellular","may",796,109,1,"yes"
"3748",41,"cellular","feb",261,184,6,"yes"
"3749",26,"cellular","jan",1451,-1,0,"yes"
"3750",37,"telephone","feb",466,-1,0,"yes"
"3751",36,"cellular","apr",260,-1,0,"yes"
"3752",71,"cellular","feb",93,-1,0,"yes"
"3753",83,"telephone","mar",181,-1,0,"yes"
"3754",49,"cellular","apr",223,182,2,"yes"
"3755",60,"cellular","aug",239,761,1,"yes"
"3756",38,"cellular","aug",178,1,1,"yes"
"3757",25,"cellular","apr",107,-1,0,"yes"
"3758",44,"cellular","aug",809,-1,0,"yes"
"3759",25,"cellular","jun",377,-1,0,"yes"
"3760",49,"cellular","jul",988,-1,0,"yes"
"3761",25,"cellular","apr",107,-1,0,"yes"
"3762",38,"unknown","may",762,-1,0,"yes"
"3763",45,"cellular","apr",1472,192,4,"yes"
"3764",45,"cellular","jul",873,-1,0,"yes"
"3765",67,"cellular","aug",254,-1,0,"yes"
"3766",56,"telephone","jul",353,-1,0,"yes"
"3767",40,"cellular","jun",314,-1,0,"yes"
"3768",64,"cellular","feb",671,181,3,"yes"
"3769",53,"cellular","aug",317,180,2,"yes"
"3770",34,"cellular","jun",177,-1,0,"yes"
"3771",54,"unknown","may",618,-1,0,"yes"
"3772",35,"cellular","may",1073,-1,0,"yes"
"3773",33,"cellular","aug",836,-1,0,"yes"
"3774",29,"cellular","feb",125,-1,0,"yes"
"3775",29,"cellular","dec",314,195,1,"yes"
"3776",31,"cellular","sep",344,295,1,"yes"
"3777",34,"cellular","may",469,-1,0,"yes"
"3778",32,"cellular","jul",1017,-1,0,"yes"
"3779",30,"cellular","oct",251,-1,0,"yes"
"3780",83,"telephone","mar",181,-1,0,"yes"
"3781",46,"cellular","aug",429,-1,0,"yes"
"3782",30,"cellular","apr",298,-1,0,"yes"
"3783",36,"cellular","aug",157,97,2,"yes"
"3784",37,"cellular","apr",124,-1,0,"yes"
"3785",53,"cellular","mar",80,-1,0,"yes"
"3786",53,"cellular","aug",528,-1,0,"yes"
"3787",31,"cellular","feb",280,-1,0,"yes"
"3788",48,"cellular","nov",609,-1,0,"yes"
"3789",29,"cellular","feb",125,-1,0,"yes"
"3790",47,"cellular","aug",994,-1,0,"yes"
"3791",29,"cellular","feb",328,183,4,"yes"
"3792",28,"telephone","may",360,181,5,"yes"
"3793",29,"cellular","feb",110,64,2,"yes"
"3794",25,"cellular","jul",857,-1,0,"yes"
"3795",32,"cellular","jul",1275,-1,0,"yes"
"3796",39,"unknown","jun",554,-1,0,"yes"
"3797",35,"unknown","may",736,-1,0,"yes"
"3798",37,"cellular","sep",404,182,1,"yes"
"3799",53,"cellular","aug",317,180,2,"yes"
"3800",35,"cellular","aug",768,141,3,"yes"
"3801",29,"cellular","feb",328,183,4,"yes"
"3802",45,"cellular","apr",1472,192,4,"yes"
"3803",41,"cellular","nov",477,-1,0,"yes"
"3804",42,"cellular","nov",525,-1,0,"yes"
"3805",46,"cellular","aug",293,90,4,"yes"
"3806",32,"cellular","jul",1275,-1,0,"yes"
"3807",35,"cellular","jul",799,-1,0,"yes"
"3808",35,"cellular","jul",287,415,1,"yes"
"3809",32,"cellular","aug",686,-1,0,"yes"
"3810",32,"cellular","jul",1017,-1,0,"yes"
"3811",37,"cellular","sep",404,182,1,"yes"
"3812",59,"unknown","jun",812,-1,0,"yes"
"3813",28,"cellular","feb",659,-1,0,"yes"
"3814",54,"cellular","jun",207,-1,0,"yes"
"3815",59,"cellular","jan",309,91,10,"yes"
"3816",44,"cellular","may",897,-1,0,"yes"
"3817",53,"cellular","may",959,174,7,"yes"
"3818",49,"cellular","jul",97,-1,0,"yes"
"3819",46,"cellular","aug",1181,-1,0,"yes"
"3820",29,"cellular","feb",125,-1,0,"yes"
"3821",57,"unknown","may",648,-1,0,"yes"
"3822",77,"cellular","oct",847,60,1,"yes"
"3823",48,"cellular","aug",389,64,2,"yes"
"3824",38,"cellular","jun",297,144,4,"yes"
"3825",51,"cellular","jul",655,-1,0,"yes"
"3826",77,"cellular","apr",161,-1,0,"yes"
"3827",34,"cellular","aug",1877,-1,0,"yes"
"3828",34,"cellular","jun",177,-1,0,"yes"
"3829",43,"unknown","may",2087,-1,0,"yes"
"3830",32,"cellular","jul",1017,-1,0,"yes"
"3831",33,"cellular","jun",421,-1,0,"yes"
"3832",50,"cellular","jun",239,-1,0,"yes"
"3833",66,"cellular","feb",479,-1,0,"yes"
"3834",25,"cellular","jun",377,-1,0,"yes"
"3835",31,"cellular","apr",297,86,3,"yes"
"3836",31,"cellular","jul",252,184,3,"yes"
"3837",39,"unknown","jun",526,-1,0,"yes"
"3838",34,"cellular","may",213,-1,0,"yes"
"3839",54,"cellular","jul",2029,-1,0,"yes"
"3840",50,"cellular","apr",670,340,2,"yes"
"3841",39,"cellular","may",488,-1,0,"yes"
"3842",28,"cellular","sep",199,92,14,"yes"
"3843",35,"cellular","aug",768,141,3,"yes"
"3844",42,"cellular","may",955,-1,0,"yes"
"3845",68,"telephone","jul",897,-1,0,"yes"
"3846",50,"cellular","jul",464,683,6,"yes"
"3847",34,"cellular","jun",485,227,4,"yes"
"3848",36,"cellular","may",224,-1,0,"yes"
"3849",55,"cellular","sep",328,94,2,"yes"
"3850",49,"cellular","aug",780,-1,0,"yes"
"3851",21,"cellular","jun",258,169,3,"yes"
"3852",53,"cellular","aug",528,-1,0,"yes"
"3853",41,"cellular","nov",477,-1,0,"yes"
"3854",36,"unknown","may",446,-1,0,"yes"
"3855",35,"cellular","jul",743,-1,0,"yes"
"3856",32,"unknown","may",757,-1,0,"yes"
"3857",36,"cellular","aug",386,-1,0,"yes"
"3858",32,"cellular","feb",550,-1,0,"yes"
"3859",31,"cellular","jun",166,-1,0,"yes"
"3860",71,"cellular","feb",185,-1,0,"yes"
"3861",49,"cellular","aug",354,-1,0,"yes"
"3862",58,"unknown","jun",700,-1,0,"yes"
"3863",34,"cellular","aug",587,-1,0,"yes"
"3864",27,"unknown","jul",650,-1,0,"yes"
"3865",49,"cellular","may",1516,353,2,"yes"
"3866",50,"cellular","apr",670,340,2,"yes"
"3867",22,"cellular","oct",332,183,3,"yes"
"3868",33,"cellular","may",218,-1,0,"yes"
"3869",32,"cellular","may",796,109,1,"yes"
"3870",60,"unknown","may",1028,-1,0,"yes"
"3871",45,"unknown","may",1030,-1,0,"yes"
"3872",28,"cellular","sep",199,92,14,"yes"
"3873",59,"cellular","jan",309,91,10,"yes"
"3874",33,"cellular","oct",249,335,2,"yes"
"3875",27,"cellular","nov",192,92,2,"yes"
"3876",34,"cellular","aug",262,99,2,"yes"
"3877",29,"unknown","jun",1663,-1,0,"yes"
"3878",38,"cellular","may",1173,278,6,"yes"
"3879",49,"cellular","apr",772,-1,0,"yes"
"3880",41,"cellular","apr",252,185,5,"yes"
"3881",52,"telephone","jul",398,460,2,"yes"
"3882",64,"cellular","feb",671,181,3,"yes"
"3883",24,"cellular","aug",460,-1,0,"yes"
"3884",35,"cellular","jul",743,-1,0,"yes"
"3885",26,"cellular","may",827,-1,0,"yes"
"3886",68,"telephone","jul",897,-1,0,"yes"
"3887",41,"cellular","nov",549,-1,0,"yes"
"3888",30,"cellular","may",727,-1,0,"yes"
"3889",36,"unknown","jun",2769,-1,0,"yes"
"3890",40,"cellular","aug",221,461,1,"yes"
"3891",59,"cellular","feb",222,94,2,"yes"
"3892",31,"cellular","sep",344,295,1,"yes"
"3893",40,"cellular","aug",221,461,1,"yes"
"3894",42,"cellular","may",951,370,4,"yes"
"3895",32,"cellular","may",563,-1,0,"yes"
"3896",43,"cellular","nov",1015,198,2,"yes"
"3897",41,"cellular","nov",549,-1,0,"yes"
"3898",35,"unknown","may",736,-1,0,"yes"
"3899",20,"cellular","apr",261,-1,0,"yes"
"3900",59,"cellular","jan",309,91,10,"yes"
"3901",37,"cellular","jul",268,182,3,"yes"
"3902",49,"cellular","aug",875,-1,0,"yes"
"3903",53,"cellular","aug",317,180,2,"yes"
"3904",53,"cellular","apr",371,-1,0,"yes"
"3905",45,"unknown","jun",1259,-1,0,"yes"
"3906",26,"unknown","may",576,-1,0,"yes"
"3907",39,"cellular","may",454,364,3,"yes"
"3908",38,"cellular","may",1173,278,6,"yes"
"3909",36,"cellular","aug",157,97,2,"yes"
"3910",52,"cellular","oct",411,182,1,"yes"
"3911",42,"cellular","feb",138,-1,0,"yes"
"3912",47,"cellular","jul",250,181,4,"yes"
"3913",30,"telephone","jul",279,-1,0,"yes"
"3914",35,"cellular","aug",222,182,4,"yes"
"3915",30,"cellular","apr",298,-1,0,"yes"
"3916",47,"telephone","dec",805,190,1,"yes"
"3917",41,"cellular","nov",477,-1,0,"yes"
"3918",46,"cellular","aug",1181,-1,0,"yes"
"3919",31,"cellular","jul",1441,-1,0,"yes"
"3920",27,"cellular","may",391,-1,0,"yes"
"3921",32,"cellular","apr",648,272,1,"yes"
"3922",32,"cellular","apr",317,-1,0,"yes"
"3923",46,"cellular","mar",229,-1,0,"yes"
"3924",51,"cellular","jun",458,-1,0,"yes"
"3925",32,"cellular","nov",132,-1,0,"yes"
"3926",50,"cellular","jul",464,683,6,"yes"
"3927",43,"cellular","nov",707,97,2,"yes"
"3928",55,"cellular","apr",296,270,3,"yes"
"3929",20,"cellular","apr",261,-1,0,"yes"
"3930",34,"cellular","apr",359,-1,0,"yes"
"3931",59,"cellular","apr",159,378,3,"yes"
"3932",32,"cellular","sep",100,-1,0,"yes"
"3933",66,"cellular","feb",479,-1,0,"yes"
"3934",35,"cellular","jul",287,415,1,"yes"
"3935",77,"cellular","oct",847,60,1,"yes"
"3936",34,"cellular","dec",330,127,3,"yes"
"3937",35,"cellular","may",326,179,4,"yes"
"3938",71,"cellular","feb",185,-1,0,"yes"
"3939",31,"cellular","jul",252,184,3,"yes"
"3940",26,"cellular","jan",1451,-1,0,"yes"
"3941",41,"unknown","may",882,-1,0,"yes"
"3942",59,"unknown","nov",669,-1,0,"yes"
"3943",30,"cellular","jul",435,-1,0,"yes"
"3944",27,"cellular","nov",192,92,2,"yes"
"3945",44,"cellular","nov",167,92,1,"yes"
"3946",25,"cellular","jun",377,-1,0,"yes"
"3947",47,"telephone","dec",805,190,1,"yes"
"3948",57,"cellular","aug",819,-1,0,"yes"
"3949",44,"cellular","aug",809,-1,0,"yes"
"3950",29,"unknown","may",30,357,1,"yes"
"3951",30,"cellular","feb",528,-1,0,"yes"
"3952",60,"unknown","may",1028,-1,0,"yes"
"3953",46,"unknown","may",646,-1,0,"yes"
"3954",41,"cellular","may",788,-1,0,"yes"
"3955",55,"cellular","feb",781,-1,0,"yes"
"3956",30,"telephone","jul",279,-1,0,"yes"
"3957",47,"cellular","oct",508,-1,0,"yes"
"3958",53,"telephone","sep",230,-1,0,"yes"
"3959",25,"cellular","may",223,89,2,"yes"
"3960",21,"cellular","jun",258,169,3,"yes"
"3961",34,"cellular","apr",97,-1,0,"yes"
"3962",32,"cellular","jul",1275,-1,0,"yes"
"3963",69,"telephone","mar",225,90,1,"yes"
"3964",72,"cellular","apr",384,-1,0,"yes"
"3965",32,"cellular","sep",185,99,5,"yes"
"3966",35,"cellular","mar",215,-1,0,"yes"
"3967",61,"cellular","mar",106,-1,0,"yes"
"3968",33,"cellular","jun",421,-1,0,"yes"
"3969",43,"cellular","aug",363,-1,0,"yes"
"3970",38,"cellular","aug",223,414,4,"yes"
"3971",49,"cellular","mar",152,-1,0,"yes"
"3972",29,"unknown","may",30,357,1,"yes"
"3973",54,"unknown","may",618,-1,0,"yes"
"3974",53,"cellular","mar",80,-1,0,"yes"
"3975",38,"cellular","may",442,-1,0,"yes"
"3976",33,"cellular","may",732,291,5,"yes"
"3977",55,"cellular","feb",781,-1,0,"yes"
"3978",45,"cellular","jul",873,-1,0,"yes"
"3979",36,"unknown","may",446,-1,0,"yes"
"3980",42,"cellular","feb",138,-1,0,"yes"
"3981",46,"telephone","oct",270,-1,0,"yes"
"3982",47,"cellular","jul",250,181,4,"yes"
"3983",31,"cellular","jul",1139,-1,0,"yes"
"3984",37,"cellular","apr",244,-1,0,"yes"
"3985",35,"cellular","jul",287,415,1,"yes"
"3986",59,"unknown","nov",669,-1,0,"yes"
"3987",25,"cellular","nov",386,-1,0,"yes"
"3988",29,"cellular","nov",226,92,1,"yes"
"3989",43,"cellular","nov",1015,198,2,"yes"
"3990",36,"cellular","nov",270,-1,0,"yes"
"3991",59,"telephone","may",500,358,2,"yes"
"3992",33,"cellular","jun",421,-1,0,"yes"
"3993",46,"cellular","mar",910,184,4,"yes"
"3994",75,"cellular","nov",262,183,1,"yes"
"3995",66,"cellular","jan",216,91,4,"yes"
"3996",31,"cellular","sep",344,295,1,"yes"
"3997",44,"cellular","may",897,-1,0,"yes"
"3998",42,"cellular","may",955,-1,0,"yes"
"3999",56,"telephone","jul",353,-1,0,"yes"
"4000",49,"cellular","aug",354,-1,0,"yes"
"4001",32,"cellular","aug",686,-1,0,"yes"
"4002",49,"telephone","feb",1971,-1,0,"yes"
"4003",33,"cellular","may",732,291,5,"yes"
"4004",55,"cellular","jun",345,94,3,"yes"
"4005",40,"cellular","jun",314,-1,0,"yes"
"4006",28,"unknown","jun",369,-1,0,"yes"
"4007",55,"cellular","sep",328,94,2,"yes"
"4008",35,"cellular","jul",287,415,1,"yes"
"4009",41,"cellular","apr",252,185,5,"yes"
"4010",37,"cellular","may",567,275,4,"yes"
"4011",69,"telephone","mar",225,90,1,"yes"
"4012",51,"cellular","jun",458,-1,0,"yes"
"4013",55,"cellular","feb",781,-1,0,"yes"
"4014",40,"cellular","may",474,256,1,"yes"
"4015",55,"cellular","apr",296,270,3,"yes"
"4016",36,"cellular","aug",207,98,1,"yes"
"4017",51,"cellular","jul",655,-1,0,"yes"
"4018",37,"cellular","feb",91,-1,0,"yes"
"4019",32,"cellular","may",563,-1,0,"yes"
"4020",36,"unknown","may",446,-1,0,"yes"
"4021",53,"telephone","mar",295,91,2,"yes"
"4022",34,"cellular","apr",342,-1,0,"yes"
"4023",75,"telephone","apr",185,181,2,"yes"
"4024",37,"cellular","may",567,275,4,"yes"
"4025",27,"cellular","may",653,334,2,"yes"
"4026",35,"cellular","may",1073,-1,0,"yes"
"4027",34,"cellular","may",469,-1,0,"yes"
"4028",49,"cellular","jul",97,-1,0,"yes"
"4029",53,"cellular","oct",759,-1,0,"yes"
"4030",38,"cellular","nov",232,96,4,"yes"
"4031",38,"cellular","may",606,-1,0,"yes"
"4032",62,"cellular","oct",216,183,4,"yes"
"4033",49,"cellular","apr",223,182,2,"yes"
"4034",34,"cellular","apr",430,-1,0,"yes"
"4035",40,"cellular","may",474,256,1,"yes"
"4036",27,"cellular","apr",279,-1,0,"yes"
"4037",32,"unknown","may",860,-1,0,"yes"
"4038",29,"cellular","dec",314,195,1,"yes"
"4039",36,"cellular","aug",293,181,2,"yes"
"4040",49,"cellular","nov",1081,-1,0,"yes"
"4041",34,"cellular","aug",518,-1,0,"yes"
"4042",51,"cellular","jul",655,-1,0,"yes"
"4043",44,"cellular","jul",712,-1,0,"yes"
"4044",43,"cellular","nov",707,97,2,"yes"
"4045",33,"cellular","nov",253,92,4,"yes"
"4046",59,"cellular","jun",493,-1,0,"yes"
"4047",32,"unknown","jun",777,-1,0,"yes"
"4048",34,"cellular","nov",161,209,2,"yes"
"4049",41,"cellular","aug",352,-1,0,"yes"
"4050",49,"cellular","may",558,-1,0,"yes"
"4051",28,"unknown","jun",369,-1,0,"yes"
"4052",34,"cellular","aug",518,-1,0,"yes"
"4053",30,"cellular","oct",251,-1,0,"yes"
"4054",49,"cellular","aug",354,-1,0,"yes"
"4055",43,"unknown","may",2087,-1,0,"yes"
"4056",50,"cellular","aug",904,-1,0,"yes"
"4057",55,"cellular","jun",324,90,2,"yes"
"4058",22,"cellular","nov",449,38,10,"yes"
"4059",39,"unknown","jun",554,-1,0,"yes"
"4060",42,"cellular","feb",138,-1,0,"yes"
"4061",55,"cellular","jun",345,94,3,"yes"
"4062",29,"unknown","jun",1663,-1,0,"yes"
"4063",53,"cellular","aug",528,-1,0,"yes"
"4064",75,"telephone","apr",185,181,2,"yes"
"4065",46,"unknown","may",646,-1,0,"yes"
"4066",36,"cellular","aug",293,181,2,"yes"
"4067",37,"cellular","may",567,275,4,"yes"
"4068",49,"cellular","aug",354,-1,0,"yes"
"4069",38,"cellular","may",1173,278,6,"yes"
"4070",72,"cellular","apr",384,-1,0,"yes"
"4071",29,"unknown","may",1689,-1,0,"yes"
"4072",30,"cellular","apr",470,426,3,"yes"
"4073",30,"cellular","apr",470,426,3,"yes"
"4074",41,"cellular","nov",477,-1,0,"yes"
"4075",34,"cellular","jun",485,227,4,"yes"
"4076",77,"cellular","oct",847,60,1,"yes"
"4077",28,"unknown","jun",369,-1,0,"yes"
"4078",25,"cellular","apr",107,-1,0,"yes"
"4079",75,"telephone","apr",185,181,2,"yes"
"4080",50,"cellular","aug",526,-1,0,"yes"
"4081",61,"cellular","mar",106,-1,0,"yes"
"4082",27,"cellular","nov",192,92,2,"yes"
"4083",46,"cellular","aug",293,90,4,"yes"
"4084",47,"cellular","jul",250,181,4,"yes"
"4085",50,"cellular","jul",464,683,6,"yes"
"4086",57,"unknown","may",648,-1,0,"yes"
"4087",22,"cellular","nov",449,38,10,"yes"
"4088",26,"telephone","jun",280,92,5,"yes"
"4089",31,"cellular","feb",258,73,1,"yes"
"4090",50,"cellular","jul",464,683,6,"yes"
"4091",44,"cellular","nov",289,-1,0,"yes"
"4092",35,"cellular","nov",808,-1,0,"yes"
"4093",34,"cellular","dec",330,127,3,"yes"
"4094",56,"unknown","may",1467,-1,0,"yes"
"4095",42,"cellular","may",955,-1,0,"yes"
"4096",26,"cellular","may",827,-1,0,"yes"
"4097",32,"cellular","apr",317,-1,0,"yes"
"4098",25,"cellular","may",223,89,2,"yes"
"4099",33,"cellular","nov",253,92,4,"yes"
"4100",32,"cellular","may",744,-1,0,"yes"
"4101",56,"unknown","may",1467,-1,0,"yes"
"4102",40,"cellular","jun",314,-1,0,"yes"
"4103",25,"cellular","jun",377,-1,0,"yes"
"4104",38,"cellular","may",606,-1,0,"yes"
"4105",35,"cellular","mar",215,-1,0,"yes"
"4106",38,"cellular","may",937,-1,0,"yes"
"4107",42,"cellular","feb",138,-1,0,"yes"
"4108",54,"cellular","jun",207,-1,0,"yes"
"4109",49,"cellular","mar",152,-1,0,"yes"
"4110",34,"cellular","aug",262,99,2,"yes"
"4111",61,"cellular","mar",106,-1,0,"yes"
"4112",42,"cellular","may",951,370,4,"yes"
"4113",72,"cellular","apr",384,-1,0,"yes"
"4114",45,"cellular","oct",310,804,1,"yes"
"4115",53,"cellular","aug",528,-1,0,"yes"
"4116",34,"cellular","may",469,-1,0,"yes"
"4117",26,"cellular","may",827,-1,0,"yes"
"4118",68,"telephone","jul",897,-1,0,"yes"
"4119",34,"cellular","may",213,-1,0,"yes"
"4120",44,"cellular","aug",1735,-1,0,"yes"
"4121",50,"cellular","apr",670,340,2,"yes"
"4122",32,"cellular","may",744,-1,0,"yes"
"4123",32,"cellular","may",796,109,1,"yes"
"4124",47,"telephone","aug",239,-1,0,"yes"
"4125",32,"cellular","apr",317,-1,0,"yes"
"4126",52,"cellular","aug",1223,-1,0,"yes"
"4127",49,"cellular","may",1516,353,2,"yes"
"4128",47,"cellular","jul",250,181,4,"yes"
"4129",41,"unknown","may",882,-1,0,"yes"
"4130",36,"cellular","aug",293,181,2,"yes"
"4131",43,"cellular","nov",1015,198,2,"yes"
"4132",54,"unknown","may",618,-1,0,"yes"
"4133",44,"cellular","jul",712,-1,0,"yes"
"4134",33,"cellular","nov",253,92,4,"yes"
"4135",44,"cellular","nov",289,-1,0,"yes"
"4136",59,"cellular","feb",222,94,2,"yes"
"4137",36,"cellular","aug",307,-1,0,"yes"
"4138",30,"cellular","may",670,286,6,"yes"
"4139",36,"cellular","aug",207,98,1,"yes"
"4140",31,"cellular","jul",1139,-1,0,"yes"
"4141",36,"cellular","aug",293,181,2,"yes"
"4142",25,"cellular","apr",107,-1,0,"yes"
"4143",60,"cellular","aug",323,-1,0,"yes"
"4144",30,"cellular","may",670,286,6,"yes"
"4145",28,"telephone","may",360,181,5,"yes"
"4146",47,"unknown","sep",91,100,2,"yes"
"4147",53,"cellular","mar",80,-1,0,"yes"
"4148",25,"cellular","apr",107,-1,0,"yes"
"4149",41,"cellular","nov",549,-1,0,"yes"
"4150",49,"cellular","nov",269,-1,0,"yes"
"4151",49,"cellular","nov",269,-1,0,"yes"
"4152",57,"unknown","may",648,-1,0,"yes"
"4153",59,"unknown","nov",669,-1,0,"yes"
"4154",53,"telephone","sep",230,-1,0,"yes"
"4155",55,"cellular","aug",353,-1,0,"yes"
"4156",26,"unknown","may",576,-1,0,"yes"
"4157",25,"telephone","aug",170,-1,0,"yes"
"4158",55,"cellular","aug",353,-1,0,"yes"
"4159",41,"cellular","nov",549,-1,0,"yes"
"4160",32,"cellular","may",563,-1,0,"yes"
"4161",36,"cellular","nov",270,-1,0,"yes"
"4162",30,"telephone","jul",279,-1,0,"yes"
"4163",34,"cellular","apr",342,-1,0,"yes"
"4164",54,"telephone","nov",1034,-1,0,"yes"
"4165",80,"cellular","feb",639,189,1,"yes"
"4166",31,"cellular","nov",316,99,9,"yes"
"4167",59,"telephone","mar",234,-1,0,"yes"
"4168",44,"cellular","mar",188,-1,0,"yes"
"4169",39,"cellular","feb",691,180,5,"yes"
"4170",34,"cellular","jun",441,56,1,"yes"
"4171",28,"cellular","mar",93,-1,0,"yes"
"4172",34,"cellular","apr",97,-1,0,"yes"
"4173",50,"cellular","aug",904,-1,0,"yes"
"4174",36,"cellular","aug",386,-1,0,"yes"
"4175",44,"cellular","may",897,-1,0,"yes"
"4176",75,"telephone","apr",185,181,2,"yes"
"4177",49,"cellular","jul",988,-1,0,"yes"
"4178",34,"cellular","apr",359,-1,0,"yes"
"4179",23,"unknown","may",806,-1,0,"yes"
"4180",60,"cellular","jul",816,-1,0,"yes"
"4181",49,"cellular","nov",269,-1,0,"yes"
"4182",25,"cellular","sep",267,114,2,"yes"
"4183",34,"cellular","aug",518,-1,0,"yes"
"4184",43,"cellular","nov",1015,198,2,"yes"
"4185",34,"cellular","apr",430,-1,0,"yes"
"4186",41,"cellular","nov",549,-1,0,"yes"
"4187",32,"unknown","may",757,-1,0,"yes"
"4188",29,"cellular","nov",226,92,1,"yes"
"4189",49,"cellular","jul",988,-1,0,"yes"
"4190",43,"cellular","aug",363,-1,0,"yes"
"4191",28,"cellular","sep",294,105,7,"yes"
"4192",33,"cellular","nov",253,92,4,"yes"
"4193",24,"cellular","may",733,-1,0,"yes"
"4194",45,"cellular","oct",310,804,1,"yes"
"4195",27,"cellular","may",198,98,6,"yes"
"4196",54,"cellular","jun",207,-1,0,"yes"
"4197",51,"cellular","may",415,375,1,"yes"
"4198",37,"cellular","feb",91,-1,0,"yes"
"4199",42,"cellular","may",951,370,4,"yes"
"4200",38,"unknown","may",762,-1,0,"yes"
"4201",38,"cellular","may",442,-1,0,"yes"
"4202",47,"cellular","oct",508,-1,0,"yes"
"4203",38,"cellular","aug",178,1,1,"yes"
"4204",49,"cellular","apr",223,182,2,"yes"
"4205",41,"cellular","aug",352,-1,0,"yes"
"4206",53,"cellular","apr",371,-1,0,"yes"
"4207",46,"cellular","aug",293,90,4,"yes"
"4208",47,"unknown","jun",993,-1,0,"yes"
"4209",36,"cellular","aug",207,98,1,"yes"
"4210",52,"cellular","oct",411,182,1,"yes"
"4211",50,"telephone","jul",1088,-1,0,"yes"
"4212",32,"unknown","may",860,-1,0,"yes"
"4213",40,"cellular","jun",314,-1,0,"yes"
"4214",28,"telephone","may",360,181,5,"yes"
"4215",55,"cellular","sep",328,94,2,"yes"
"4216",44,"cellular","jul",712,-1,0,"yes"
"4217",36,"unknown","jun",2769,-1,0,"yes"
"4218",38,"unknown","may",762,-1,0,"yes"
"4219",32,"cellular","apr",317,-1,0,"yes"
"4220",59,"unknown","jun",812,-1,0,"yes"
"4221",34,"cellular","dec",330,127,3,"yes"
"4222",34,"cellular","aug",990,-1,0,"yes"
"4223",40,"cellular","jun",314,-1,0,"yes"
"4224",34,"cellular","oct",401,-1,0,"yes"
"4225",27,"cellular","mar",378,-1,0,"yes"
"4226",36,"unknown","may",446,-1,0,"yes"
"4227",37,"cellular","oct",238,107,2,"yes"
"4228",53,"telephone","sep",230,-1,0,"yes"
"4229",67,"cellular","aug",254,-1,0,"yes"
"4230",37,"cellular","sep",404,182,1,"yes"
"4231",59,"cellular","jun",493,-1,0,"yes"
"4232",44,"cellular","nov",167,92,1,"yes"
"4233",49,"cellular","may",451,169,2,"yes"
"4234",41,"cellular","feb",261,184,6,"yes"
"4235",32,"cellular","jul",356,-1,0,"yes"
"4236",43,"cellular","nov",1015,198,2,"yes"
"4237",38,"cellular","may",937,-1,0,"yes"
"4238",26,"telephone","jun",280,92,5,"yes"
"4239",52,"cellular","jan",134,204,2,"yes"
"4240",29,"unknown","jun",1663,-1,0,"yes"
"4241",84,"telephone","may",353,-1,0,"yes"
"4242",36,"cellular","may",224,-1,0,"yes"
"4243",49,"cellular","may",1516,353,2,"yes"
"4244",39,"cellular","jul",869,-1,0,"yes"
"4245",29,"cellular","nov",226,92,1,"yes"
"4246",31,"cellular","jun",166,-1,0,"yes"
"4247",59,"telephone","may",500,358,2,"yes"
"4248",41,"cellular","aug",352,-1,0,"yes"
"4249",27,"cellular","mar",378,-1,0,"yes"
"4250",32,"cellular","may",796,109,1,"yes"
"4251",43,"cellular","nov",1015,198,2,"yes"
"4252",37,"cellular","apr",124,-1,0,"yes"
"4253",42,"cellular","nov",525,-1,0,"yes"
"4254",52,"telephone","jul",398,460,2,"yes"
"4255",48,"cellular","aug",389,64,2,"yes"
"4256",43,"unknown","may",2087,-1,0,"yes"
"4257",46,"cellular","may",725,-1,0,"yes"
"4258",32,"cellular","apr",317,-1,0,"yes"
"4259",53,"cellular","mar",80,-1,0,"yes"
"4260",28,"cellular","feb",659,-1,0,"yes"
"4261",59,"cellular","jun",493,-1,0,"yes"
"4262",34,"cellular","may",152,182,6,"yes"
"4263",69,"cellular","jul",417,184,4,"yes"
"4264",30,"cellular","may",670,286,6,"yes"
"4265",66,"cellular","jan",216,91,4,"yes"
"4266",53,"unknown","jun",701,-1,0,"yes"
"4267",46,"cellular","mar",229,-1,0,"yes"
"4268",42,"cellular","feb",138,-1,0,"yes"
"4269",49,"cellular","jul",988,-1,0,"yes"
"4270",32,"cellular","jul",1017,-1,0,"yes"
"4271",25,"telephone","aug",170,-1,0,"yes"
"4272",52,"cellular","jan",134,204,2,"yes"
"4273",24,"cellular","may",733,-1,0,"yes"
"4274",43,"cellular","jul",635,-1,0,"yes"
"4275",27,"cellular","mar",378,-1,0,"yes"
"4276",55,"cellular","apr",296,270,3,"yes"
"4277",32,"cellular","apr",648,272,1,"yes"
"4278",38,"cellular","aug",178,1,1,"yes"
"4279",41,"cellular","feb",109,-1,0,"yes"
"4280",43,"cellular","nov",707,97,2,"yes"
"4281",59,"unknown","may",1063,-1,0,"yes"
"4282",33,"cellular","jun",421,-1,0,"yes"
"4283",25,"cellular","jun",377,-1,0,"yes"
"4284",38,"cellular","aug",223,414,4,"yes"
"4285",58,"cellular","aug",206,461,1,"yes"
"4286",59,"cellular","jan",309,91,10,"yes"
"4287",46,"unknown","may",1263,-1,0,"yes"
"4288",45,"cellular","apr",1472,192,4,"yes"
"4289",34,"cellular","aug",78,-1,0,"yes"
"4290",34,"cellular","aug",1877,-1,0,"yes"
"4291",59,"cellular","apr",159,378,3,"yes"
"4292",35,"cellular","may",1073,-1,0,"yes"
"4293",31,"cellular","jul",1139,-1,0,"yes"
"4294",34,"cellular","jun",485,227,4,"yes"
"4295",30,"cellular","aug",976,-1,0,"yes"
"4296",55,"cellular","jun",345,94,3,"yes"
"4297",35,"cellular","may",326,179,4,"yes"
"4298",58,"cellular","nov",495,93,1,"yes"
"4299",67,"cellular","aug",254,-1,0,"yes"
"4300",46,"cellular","may",725,-1,0,"yes"
"4301",32,"cellular","may",796,109,1,"yes"
"4302",55,"cellular","feb",169,183,1,"yes"
"4303",37,"cellular","apr",124,-1,0,"yes"
"4304",45,"cellular","apr",1472,192,4,"yes"
"4305",27,"unknown","jul",650,-1,0,"yes"
"4306",32,"cellular","sep",185,99,5,"yes"
"4307",31,"cellular","jul",252,184,3,"yes"
"4308",53,"cellular","may",959,174,7,"yes"
"4309",39,"cellular","may",877,300,2,"yes"
"4310",37,"cellular","feb",91,-1,0,"yes"
"4311",56,"cellular","jun",382,-1,0,"yes"
"4312",31,"cellular","jul",1441,-1,0,"yes"
"4313",43,"cellular","sep",261,98,1,"yes"
"4314",49,"cellular","aug",780,-1,0,"yes"
"4315",53,"cellular","aug",317,180,2,"yes"
"4316",31,"cellular","sep",344,295,1,"yes"
"4317",28,"cellular","sep",294,105,7,"yes"
"4318",29,"cellular","feb",110,64,2,"yes"
"4319",50,"cellular","jul",464,683,6,"yes"
"4320",58,"cellular","aug",206,461,1,"yes"
"4321",51,"cellular","jul",655,-1,0,"yes"
"4322",35,"cellular","mar",215,-1,0,"yes"
"4323",42,"cellular","oct",230,92,1,"yes"
"4324",32,"cellular","sep",185,99,5,"yes"
"4325",48,"cellular","nov",609,-1,0,"yes"
"4326",46,"cellular","aug",429,-1,0,"yes"
"4327",53,"cellular","dec",352,-1,0,"yes"
"4328",43,"cellular","aug",501,-1,0,"yes"
"4329",32,"cellular","nov",132,-1,0,"yes"
"4330",25,"cellular","apr",107,-1,0,"yes"
"4331",31,"cellular","jul",252,184,3,"yes"
"4332",28,"cellular","mar",93,-1,0,"yes"
"4333",32,"cellular","apr",648,272,1,"yes"
"4334",53,"cellular","dec",352,-1,0,"yes"
"4335",59,"unknown","may",1063,-1,0,"yes"
"4336",42,"cellular","feb",138,-1,0,"yes"
"4337",34,"cellular","apr",97,-1,0,"yes"
"4338",28,"cellular","mar",93,-1,0,"yes"
"4339",30,"cellular","feb",528,-1,0,"yes"
"4340",53,"telephone","sep",230,-1,0,"yes"
"4341",55,"cellular","aug",353,-1,0,"yes"
"4342",40,"cellular","jun",314,-1,0,"yes"
"4343",26,"cellular","may",827,-1,0,"yes"
"4344",35,"cellular","aug",222,182,4,"yes"
"4345",46,"cellular","aug",388,-1,0,"yes"
"4346",60,"cellular","aug",239,761,1,"yes"
"4347",50,"cellular","aug",526,-1,0,"yes"
"4348",59,"telephone","mar",234,-1,0,"yes"
"4349",35,"unknown","may",736,-1,0,"yes"
"4350",22,"cellular","nov",449,38,10,"yes"
"4351",27,"cellular","nov",192,92,2,"yes"
"4352",28,"cellular","sep",199,92,14,"yes"
"4353",29,"telephone","apr",403,-1,0,"yes"
"4354",21,"cellular","jun",258,169,3,"yes"
"4355",40,"cellular","jun",314,-1,0,"yes"
"4356",49,"cellular","may",451,169,2,"yes"
"4357",55,"cellular","aug",353,-1,0,"yes"
"4358",36,"cellular","aug",293,181,2,"yes"
"4359",64,"cellular","feb",671,181,3,"yes"
"4360",34,"cellular","may",152,182,6,"yes"
"4361",47,"cellular","aug",994,-1,0,"yes"
"4362",26,"telephone","jun",280,92,5,"yes"
"4363",32,"cellular","feb",1579,246,4,"yes"
"4364",59,"telephone","mar",234,-1,0,"yes"
"4365",26,"telephone","jun",280,92,5,"yes"
"4366",38,"cellular","aug",178,1,1,"yes"
"4367",35,"cellular","may",1073,-1,0,"yes"
"4368",36,"unknown","jun",2769,-1,0,"yes"
"4369",49,"telephone","feb",1971,-1,0,"yes"
"4370",27,"cellular","may",198,98,6,"yes"
"4371",49,"cellular","may",558,-1,0,"yes"
"4372",79,"telephone","jan",326,272,2,"yes"
"4373",34,"cellular","may",213,-1,0,"yes"
"4374",72,"cellular","apr",384,-1,0,"yes"
"4375",39,"cellular","may",454,364,3,"yes"
"4376",35,"unknown","may",736,-1,0,"yes"
"4377",25,"cellular","apr",107,-1,0,"yes"
"4378",66,"cellular","jan",216,91,4,"yes"
"4379",34,"cellular","aug",990,-1,0,"yes"
"4380",30,"cellular","aug",976,-1,0,"yes"
"4381",38,"cellular","may",442,-1,0,"yes"
"4382",30,"cellular","may",727,-1,0,"yes"
"4383",28,"cellular","feb",659,-1,0,"yes"
"4384",33,"cellular","jun",421,-1,0,"yes"
"4385",47,"unknown","jun",761,-1,0,"yes"
"4386",35,"cellular","dec",1370,209,3,"yes"
"4387",32,"unknown","may",757,-1,0,"yes"
"4388",28,"cellular","sep",294,105,7,"yes"
"4389",55,"cellular","sep",328,94,2,"yes"
"4390",48,"cellular","jun",264,-1,0,"yes"
"4391",38,"cellular","aug",223,414,4,"yes"
"4392",58,"cellular","nov",495,93,1,"yes"
"4393",36,"cellular","aug",207,98,1,"yes"
"4394",35,"cellular","mar",215,-1,0,"yes"
"4395",34,"cellular","aug",262,99,2,"yes"
"4396",30,"telephone","jul",279,-1,0,"yes"
"4397",26,"unknown","may",576,-1,0,"yes"
"4398",48,"cellular","jun",264,-1,0,"yes"
"4399",42,"telephone","sep",376,-1,0,"yes"
"4400",34,"cellular","apr",430,-1,0,"yes"
"4401",39,"unknown","jun",554,-1,0,"yes"
"4402",44,"cellular","aug",1735,-1,0,"yes"
"4403",32,"cellular","may",563,-1,0,"yes"
"4404",34,"cellular","aug",518,-1,0,"yes"
"4405",32,"cellular","sep",100,-1,0,"yes"
"4406",34,"cellular","may",213,-1,0,"yes"
"4407",25,"cellular","sep",267,114,2,"yes"
"4408",32,"cellular","feb",1579,246,4,"yes"
"4409",34,"cellular","apr",430,-1,0,"yes"
"4410",40,"cellular","jul",1018,-1,0,"yes"
"4411",47,"cellular","apr",412,169,1,"yes"
"4412",28,"telephone","may",360,181,5,"yes"
"4413",30,"cellular","jul",1031,-1,0,"yes"
"4414",52,"telephone","jul",398,460,2,"yes"
"4415",31,"cellular","jul",1139,-1,0,"yes"
"4416",54,"cellular","jan",161,98,2,"yes"
"4417",44,"cellular","nov",289,-1,0,"yes"
"4418",53,"cellular","may",959,174,7,"yes"
"4419",29,"cellular","aug",504,92,1,"yes"
"4420",36,"cellular","aug",207,98,1,"yes"
"4421",38,"cellular","nov",232,96,4,"yes"
"4422",75,"telephone","apr",185,181,2,"yes"
"4423",60,"cellular","aug",239,761,1,"yes"
"4424",41,"cellular","feb",261,184,6,"yes"
"4425",41,"cellular","aug",352,-1,0,"yes"
"4426",41,"cellular","apr",252,185,5,"yes"
"4427",26,"cellular","may",827,-1,0,"yes"
"4428",38,"cellular","may",442,-1,0,"yes"
"4429",66,"cellular","feb",479,-1,0,"yes"
"4430",30,"cellular","jul",1031,-1,0,"yes"
"4431",46,"cellular","aug",293,90,4,"yes"
"4432",25,"cellular","feb",485,-1,0,"yes"
"4433",39,"cellular","may",667,357,3,"yes"
"4434",46,"cellular","aug",1181,-1,0,"yes"
"4435",53,"cellular","oct",759,-1,0,"yes"
"4436",84,"telephone","may",353,-1,0,"yes"
"4437",60,"cellular","jun",593,-1,0,"yes"
"4438",30,"cellular","aug",976,-1,0,"yes"
"4439",35,"cellular","jul",799,-1,0,"yes"
"4440",53,"cellular","jun",282,385,1,"yes"
"4441",29,"cellular","feb",110,64,2,"yes"
"4442",35,"cellular","jul",799,-1,0,"yes"
"4443",37,"telephone","feb",466,-1,0,"yes"
"4444",26,"telephone","jun",280,92,5,"yes"
"4445",36,"cellular","aug",207,98,1,"yes"
"4446",34,"cellular","apr",430,-1,0,"yes"
"4447",30,"cellular","oct",251,-1,0,"yes"
"4448",59,"cellular","jun",493,-1,0,"yes"
"4449",38,"cellular","mar",164,130,2,"yes"
"4450",37,"cellular","jun",224,-1,0,"yes"
"4451",54,"cellular","jul",2029,-1,0,"yes"
"4452",29,"cellular","nov",226,92,1,"yes"
"4453",26,"cellular","may",827,-1,0,"yes"
"4454",30,"cellular","apr",298,-1,0,"yes"
"4455",22,"cellular","nov",449,38,10,"yes"
"4456",39,"cellular","feb",691,180,5,"yes"
"4457",46,"unknown","may",646,-1,0,"yes"
"4458",59,"unknown","jun",812,-1,0,"yes"
"4459",43,"cellular","aug",363,-1,0,"yes"
"4460",56,"telephone","jul",353,-1,0,"yes"
"4461",60,"cellular","aug",239,761,1,"yes"
"4462",43,"cellular","jul",635,-1,0,"yes"
"4463",39,"cellular","feb",691,180,5,"yes"
"4464",50,"cellular","aug",904,-1,0,"yes"
"4465",57,"cellular","aug",819,-1,0,"yes"
"4466",29,"cellular","jul",1097,-1,0,"yes"
"4467",39,"unknown","jun",526,-1,0,"yes"
"4468",26,"cellular","jan",1451,-1,0,"yes"
"4469",53,"telephone","sep",230,-1,0,"yes"
"4470",28,"cellular","mar",93,-1,0,"yes"
"4471",53,"telephone","sep",230,-1,0,"yes"
"4472",38,"cellular","nov",232,96,4,"yes"
"4473",32,"cellular","jul",1017,-1,0,"yes"
"4474",37,"cellular","apr",146,-1,0,"yes"
"4475",27,"cellular","mar",378,-1,0,"yes"
"4476",25,"cellular","sep",267,114,2,"yes"
"4477",30,"cellular","jul",1031,-1,0,"yes"
"4478",47,"telephone","dec",805,190,1,"yes"
"4479",28,"cellular","sep",199,92,14,"yes"
"4480",31,"cellular","jul",1139,-1,0,"yes"
"4481",46,"cellular","aug",429,-1,0,"yes"
"4482",55,"cellular","sep",328,94,2,"yes"
"4483",49,"cellular","may",451,169,2,"yes"
"4484",44,"cellular","nov",167,92,1,"yes"
"4485",41,"cellular","nov",549,-1,0,"yes"
"4486",44,"cellular","may",897,-1,0,"yes"
"4487",43,"cellular","aug",363,-1,0,"yes"
"4488",49,"cellular","aug",354,-1,0,"yes"
"4489",28,"unknown","jun",369,-1,0,"yes"
"4490",33,"cellular","oct",130,161,1,"yes"
"4491",46,"unknown","may",1263,-1,0,"yes"
"4492",32,"cellular","apr",171,-1,0,"yes"
"4493",49,"cellular","may",558,-1,0,"yes"
"4494",43,"cellular","aug",363,-1,0,"yes"
"4495",47,"telephone","dec",805,190,1,"yes"
"4496",47,"cellular","jul",250,181,4,"yes"
"4497",59,"cellular","apr",159,378,3,"yes"
"4498",54,"cellular","jul",2029,-1,0,"yes"
"4499",39,"cellular","feb",691,180,5,"yes"
"4500",43,"cellular","sep",261,98,1,"yes"
"4501",59,"telephone","may",500,358,2,"yes"
"4502",30,"cellular","apr",298,-1,0,"yes"
"4503",38,"cellular","mar",164,130,2,"yes"
"4504",55,"cellular","feb",169,183,1,"yes"
"4505",41,"cellular","aug",352,-1,0,"yes"
"4506",27,"cellular","jul",652,-1,0,"yes"
"4507",32,"cellular","may",796,109,1,"yes"
"4508",39,"cellular","may",877,300,2,"yes"
"4509",52,"telephone","jul",398,460,2,"yes"
"4510",47,"telephone","dec",805,190,1,"yes"
"4511",27,"cellular","may",198,98,6,"yes"
"4512",51,"cellular","jun",458,-1,0,"yes"
"4513",50,"cellular","aug",904,-1,0,"yes"
"4514",63,"telephone","aug",250,187,2,"yes"
"4515",66,"cellular","feb",479,-1,0,"yes"
"4516",49,"cellular","may",451,169,2,"yes"
"4517",67,"cellular","aug",254,-1,0,"yes"
"4518",32,"cellular","sep",100,-1,0,"yes"
"4519",59,"telephone","may",500,358,2,"yes"
"4520",51,"cellular","may",415,375,1,"yes"
"4521",32,"cellular","jul",1017,-1,0,"yes"
"4522",41,"unknown","may",882,-1,0,"yes"
"4523",36,"cellular","dec",321,189,4,"yes"
"4524",36,"unknown","may",446,-1,0,"yes"
"4525",31,"cellular","jun",166,-1,0,"yes"
"4526",23,"unknown","may",806,-1,0,"yes"
"4527",67,"cellular","aug",254,-1,0,"yes"
"4528",27,"cellular","jun",397,-1,0,"yes"
"4529",34,"unknown","oct",154,-1,0,"yes"
"4530",80,"telephone","jun",712,64,12,"yes"
"4531",43,"cellular","aug",501,-1,0,"yes"
"4532",47,"unknown","jun",761,-1,0,"yes"
"4533",34,"cellular","aug",990,-1,0,"yes"
"4534",67,"cellular","aug",254,-1,0,"yes"
"4535",29,"cellular","aug",504,92,1,"yes"
"4536",32,"cellular","sep",100,-1,0,"yes"
"4537",35,"cellular","nov",808,-1,0,"yes"
"4538",64,"cellular","feb",671,181,3,"yes"
"4539",30,"cellular","may",670,286,6,"yes"
"4540",30,"cellular","apr",298,-1,0,"yes"
"4541",25,"cellular","jun",377,-1,0,"yes"
"4542",45,"unknown","oct",187,-1,0,"yes"
"4543",20,"cellular","apr",261,-1,0,"yes"
"4544",45,"unknown","jun",1259,-1,0,"yes"
"4545",34,"cellular","aug",990,-1,0,"yes"
"4546",35,"cellular","aug",222,182,4,"yes"
"4547",28,"cellular","jul",128,-1,0,"yes"
"4548",25,"cellular","may",600,332,4,"yes"
"4549",54,"cellular","jan",161,98,2,"yes"
"4550",56,"telephone","jul",353,-1,0,"yes"
"4551",61,"cellular","jan",181,92,1,"yes"
"4552",59,"cellular","apr",815,87,1,"yes"
"4553",39,"unknown","jun",526,-1,0,"yes"
"4554",59,"cellular","apr",815,87,1,"yes"
"4555",33,"cellular","jun",421,-1,0,"yes"
"4556",25,"cellular","nov",386,-1,0,"yes"
"4557",43,"cellular","nov",1015,198,2,"yes"
"4558",55,"cellular","apr",296,270,3,"yes"
"4559",50,"cellular","aug",526,-1,0,"yes"
"4560",24,"cellular","oct",184,91,2,"yes"
"4561",69,"telephone","mar",225,90,1,"yes"
"4562",36,"cellular","aug",307,-1,0,"yes"
"4563",54,"cellular","jan",161,98,2,"yes"
"4564",34,"cellular","may",152,182,6,"yes"
"4565",24,"cellular","aug",460,-1,0,"yes"
"4566",45,"unknown","may",1030,-1,0,"yes"
"4567",38,"cellular","jul",1484,-1,0,"yes"
"4568",51,"cellular","may",415,375,1,"yes"
"4569",56,"cellular","jun",382,-1,0,"yes"
"4570",34,"cellular","may",152,182,6,"yes"
"4571",60,"cellular","aug",239,761,1,"yes"
"4572",49,"cellular","jul",988,-1,0,"yes"
"4573",22,"cellular","oct",332,183,3,"yes"
"4574",22,"cellular","nov",449,38,10,"yes"
"4575",27,"unknown","jul",650,-1,0,"yes"
"4576",47,"cellular","apr",412,169,1,"yes"
"4577",43,"unknown","may",1721,-1,0,"yes"
"4578",34,"cellular","oct",401,-1,0,"yes"
"4579",25,"cellular","jun",377,-1,0,"yes"
"4580",28,"cellular","feb",659,-1,0,"yes"
"4581",44,"cellular","nov",167,92,1,"yes"
"4582",27,"cellular","jul",652,-1,0,"yes"
"4583",44,"cellular","may",897,-1,0,"yes"
"4584",53,"unknown","jun",701,-1,0,"yes"
"4585",25,"cellular","jun",377,-1,0,"yes"
"4586",36,"cellular","apr",260,-1,0,"yes"
"4587",61,"cellular","feb",481,-1,0,"yes"
"4588",37,"telephone","feb",466,-1,0,"yes"
"4589",45,"cellular","oct",310,804,1,"yes"
"4590",50,"cellular","jul",464,683,6,"yes"
"4591",69,"cellular","jul",417,184,4,"yes"
"4592",25,"cellular","jul",857,-1,0,"yes"
"4593",35,"cellular","jul",799,-1,0,"yes"
"4594",60,"unknown","may",1028,-1,0,"yes"
"4595",20,"cellular","apr",261,-1,0,"yes"
"4596",27,"cellular","mar",378,-1,0,"yes"
"4597",35,"cellular","aug",768,141,3,"yes"
"4598",33,"cellular","oct",130,161,1,"yes"
"4599",36,"cellular","aug",386,-1,0,"yes"
"4600",34,"cellular","apr",430,-1,0,"yes"
"4601",59,"unknown","nov",669,-1,0,"yes"
"4602",28,"cellular","apr",278,-1,0,"yes"
"4603",55,"cellular","feb",169,183,1,"yes"
"4604",30,"unknown","may",412,-1,0,"yes"
"4605",38,"cellular","nov",232,96,4,"yes"
"4606",37,"telephone","feb",466,-1,0,"yes"
"4607",27,"cellular","jun",397,-1,0,"yes"
"4608",54,"unknown","may",618,-1,0,"yes"
"4609",38,"cellular","mar",164,130,2,"yes"
"4610",37,"cellular","oct",238,107,2,"yes"
"4611",30,"cellular","oct",251,-1,0,"yes"
"4612",41,"cellular","feb",109,-1,0,"yes"
"4613",58,"cellular","aug",206,461,1,"yes"
"4614",34,"cellular","apr",142,-1,0,"yes"
"4615",75,"telephone","apr",185,181,2,"yes"
"4616",33,"cellular","nov",253,92,4,"yes"
"4617",41,"cellular","nov",549,-1,0,"yes"
"4618",35,"cellular","may",1073,-1,0,"yes"
"4619",36,"cellular","aug",307,-1,0,"yes"
"4620",29,"telephone","apr",403,-1,0,"yes"
"4621",26,"telephone","jun",280,92,5,"yes"
"4622",39,"cellular","jul",869,-1,0,"yes"
"4623",40,"cellular","jul",1018,-1,0,"yes"
"4624",60,"cellular","aug",239,761,1,"yes"
"4625",53,"telephone","mar",295,91,2,"yes"
"4626",25,"cellular","jul",857,-1,0,"yes"
"4627",41,"cellular","nov",477,-1,0,"yes"
"4628",30,"cellular","apr",298,-1,0,"yes"
"4629",49,"cellular","may",558,-1,0,"yes"
"4630",50,"cellular","jul",464,683,6,"yes"
"4631",31,"cellular","feb",258,73,1,"yes"
"4632",46,"cellular","may",725,-1,0,"yes"
"4633",54,"cellular","jul",2029,-1,0,"yes"
"4634",36,"cellular","apr",260,-1,0,"yes"
"4635",32,"cellular","apr",317,-1,0,"yes"
"4636",75,"telephone","apr",185,181,2,"yes"
"4637",35,"cellular","aug",768,141,3,"yes"
"4638",55,"cellular","feb",781,-1,0,"yes"
"4639",32,"unknown","may",860,-1,0,"yes"
"4640",52,"telephone","jul",398,460,2,"yes"
"4641",55,"cellular","jun",324,90,2,"yes"
"4642",27,"cellular","may",198,98,6,"yes"
"4643",32,"cellular","apr",171,-1,0,"yes"
"4644",66,"cellular","feb",479,-1,0,"yes"
"4645",31,"cellular","nov",316,99,9,"yes"
"4646",56,"cellular","jun",382,-1,0,"yes"
"4647",28,"unknown","jun",369,-1,0,"yes"
"4648",80,"cellular","feb",639,189,1,"yes"
"4649",46,"unknown","may",1263,-1,0,"yes"
"4650",32,"cellular","may",796,109,1,"yes"
"4651",55,"cellular","jun",324,90,2,"yes"
"4652",36,"cellular","aug",157,97,2,"yes"
"4653",36,"cellular","nov",270,-1,0,"yes"
"4654",22,"cellular","oct",332,183,3,"yes"
"4655",42,"cellular","nov",525,-1,0,"yes"
"4656",38,"cellular","jul",1484,-1,0,"yes"
"4657",36,"unknown","jun",2769,-1,0,"yes"
"4658",50,"cellular","jun",239,-1,0,"yes"
"4659",28,"cellular","sep",199,92,14,"yes"
"4660",45,"unknown","may",1030,-1,0,"yes"
"4661",79,"telephone","jan",326,272,2,"yes"
"4662",37,"cellular","oct",238,107,2,"yes"
"4663",28,"cellular","sep",294,105,7,"yes"
"4664",55,"cellular","feb",169,183,1,"yes"
"4665",34,"cellular","may",469,-1,0,"yes"
"4666",66,"cellular","feb",479,-1,0,"yes"
"4667",32,"cellular","may",796,109,1,"yes"
"4668",56,"telephone","jul",353,-1,0,"yes"
"4669",40,"cellular","may",474,256,1,"yes"
"4670",20,"cellular","apr",261,-1,0,"yes"
"4671",53,"cellular","apr",558,-1,0,"yes"
"4672",27,"cellular","jul",652,-1,0,"yes"
"4673",57,"cellular","aug",819,-1,0,"yes"
"4674",32,"cellular","may",563,-1,0,"yes"
"4675",24,"cellular","oct",184,91,2,"yes"
"4676",54,"telephone","nov",1034,-1,0,"yes"
"4677",59,"cellular","feb",222,94,2,"yes"
"4678",36,"cellular","aug",307,-1,0,"yes"
"4679",33,"telephone","jul",1448,-1,0,"yes"
"4680",31,"cellular","jul",252,184,3,"yes"
"4681",53,"cellular","jun",282,385,1,"yes"
"4682",31,"cellular","sep",344,295,1,"yes"
"4683",34,"cellular","may",152,182,6,"yes"
"4684",27,"unknown","jun",590,-1,0,"yes"
"4685",46,"unknown","may",646,-1,0,"yes"
"4686",38,"cellular","jul",1484,-1,0,"yes"
"4687",43,"cellular","jul",635,-1,0,"yes"
"4688",27,"cellular","may",198,98,6,"yes"
"4689",29,"telephone","apr",403,-1,0,"yes"
"4690",59,"unknown","jun",812,-1,0,"yes"
"4691",30,"cellular","oct",251,-1,0,"yes"
"4692",53,"cellular","mar",80,-1,0,"yes"
"4693",46,"cellular","aug",388,-1,0,"yes"
"4694",38,"cellular","aug",178,1,1,"yes"
"4695",66,"cellular","feb",479,-1,0,"yes"
"4696",59,"cellular","jun",493,-1,0,"yes"
"4697",27,"cellular","may",391,-1,0,"yes"
"4698",49,"cellular","may",1516,353,2,"yes"
"4699",53,"telephone","mar",295,91,2,"yes"
"4700",27,"unknown","jun",590,-1,0,"yes"
"4701",42,"cellular","may",955,-1,0,"yes"
"4702",41,"cellular","aug",352,-1,0,"yes"
"4703",47,"cellular","aug",994,-1,0,"yes"
"4704",48,"cellular","apr",1032,141,7,"yes"
"4705",32,"unknown","may",1234,-1,0,"yes"
"4706",36,"cellular","dec",321,189,4,"yes"
"4707",34,"cellular","oct",401,-1,0,"yes"
"4708",52,"cellular","jan",134,204,2,"yes"
"4709",49,"cellular","nov",1081,-1,0,"yes"
"4710",36,"unknown","may",446,-1,0,"yes"
"4711",59,"unknown","jun",812,-1,0,"yes"
"4712",44,"cellular","mar",188,-1,0,"yes"
"4713",34,"cellular","aug",587,-1,0,"yes"
"4714",41,"cellular","apr",252,185,5,"yes"
"4715",41,"cellular","feb",261,184,6,"yes"
"4716",34,"cellular","aug",587,-1,0,"yes"
"4717",25,"cellular","may",223,89,2,"yes"
"4718",45,"unknown","jun",1259,-1,0,"yes"
"4719",69,"telephone","mar",225,90,1,"yes"
"4720",48,"cellular","aug",389,64,2,"yes"
"4721",43,"cellular","sep",261,98,1,"yes"
"4722",41,"cellular","nov",549,-1,0,"yes"
"4723",42,"cellular","oct",230,92,1,"yes"
"4724",45,"cellular","apr",1472,192,4,"yes"
"4725",57,"cellular","aug",819,-1,0,"yes"
"4726",51,"cellular","may",415,375,1,"yes"
"4727",32,"cellular","nov",132,-1,0,"yes"
"4728",58,"cellular","aug",206,461,1,"yes"
"4729",41,"cellular","may",788,-1,0,"yes"
"4730",29,"unknown","may",1689,-1,0,"yes"
"4731",38,"cellular","nov",578,-1,0,"yes"
"4732",79,"telephone","jan",326,272,2,"yes"
"4733",38,"cellular","may",937,-1,0,"yes"
"4734",49,"cellular","nov",269,-1,0,"yes"
"4735",34,"cellular","oct",401,-1,0,"yes"
"4736",46,"unknown","may",646,-1,0,"yes"
"4737",41,"cellular","aug",352,-1,0,"yes"
"4738",35,"cellular","may",326,179,4,"yes"
"4739",35,"unknown","may",736,-1,0,"yes"
"4740",50,"telephone","jul",1088,-1,0,"yes"
"4741",36,"cellular","nov",270,-1,0,"yes"
"4742",53,"cellular","aug",921,-1,0,"yes"
"4743",49,"cellular","apr",772,-1,0,"yes"
"4744",52,"telephone","jul",398,460,2,"yes"
"4745",32,"cellular","sep",100,-1,0,"yes"
"4746",34,"cellular","aug",587,-1,0,"yes"
"4747",41,"cellular","aug",352,-1,0,"yes"
"4748",34,"cellular","oct",401,-1,0,"yes"
"4749",35,"cellular","mar",215,-1,0,"yes"
"4750",30,"cellular","jul",1031,-1,0,"yes"
"4751",49,"cellular","nov",1081,-1,0,"yes"
"4752",34,"cellular","aug",78,-1,0,"yes"
"4753",36,"cellular","apr",260,-1,0,"yes"
"4754",31,"cellular","nov",316,99,9,"yes"
"4755",54,"unknown","may",618,-1,0,"yes"
"4756",29,"cellular","feb",110,64,2,"yes"
"4757",46,"cellular","mar",910,184,4,"yes"
"4758",34,"cellular","may",515,350,5,"yes"
"4759",51,"cellular","jul",655,-1,0,"yes"
"4760",45,"unknown","jun",1259,-1,0,"yes"
"4761",58,"cellular","nov",495,93,1,"yes"
"4762",75,"telephone","apr",185,181,2,"yes"
"4763",30,"cellular","apr",298,-1,0,"yes"
"4764",42,"telephone","sep",376,-1,0,"yes"
"4765",44,"cellular","jul",712,-1,0,"yes"
"4766",64,"cellular","feb",671,181,3,"yes"
"4767",34,"cellular","oct",401,-1,0,"yes"
"4768",30,"cellular","feb",528,-1,0,"yes"
"4769",32,"cellular","may",563,-1,0,"yes"
"4770",33,"cellular","nov",253,92,4,"yes"
"4771",43,"cellular","sep",261,98,1,"yes"
"4772",39,"cellular","jul",869,-1,0,"yes"
"4773",38,"cellular","jul",1484,-1,0,"yes"
"4774",50,"cellular","apr",670,340,2,"yes"
"4775",77,"cellular","oct",847,60,1,"yes"
"4776",36,"unknown","jun",2769,-1,0,"yes"
"4777",37,"cellular","apr",124,-1,0,"yes"
"4778",27,"cellular","may",198,98,6,"yes"
"4779",27,"cellular","may",391,-1,0,"yes"
"4780",33,"cellular","oct",130,161,1,"yes"
"4781",24,"cellular","may",733,-1,0,"yes"
"4782",45,"unknown","jun",1259,-1,0,"yes"
"4783",49,"cellular","jul",988,-1,0,"yes"
"4784",32,"cellular","may",563,-1,0,"yes"
"4785",50,"cellular","aug",904,-1,0,"yes"
"4786",53,"cellular","aug",921,-1,0,"yes"
"4787",33,"cellular","feb",860,-1,0,"yes"
"4788",34,"cellular","aug",78,-1,0,"yes"
"4789",33,"cellular","nov",253,92,4,"yes"
"4790",53,"cellular","dec",352,-1,0,"yes"
"4791",39,"cellular","jul",869,-1,0,"yes"
"4792",34,"cellular","may",152,182,6,"yes"
"4793",66,"cellular","jan",216,91,4,"yes"
"4794",27,"cellular","jul",652,-1,0,"yes"
"4795",43,"cellular","jul",635,-1,0,"yes"
"4796",59,"telephone","may",500,358,2,"yes"
"4797",54,"cellular","jun",207,-1,0,"yes"
"4798",44,"cellular","nov",289,-1,0,"yes"
"4799",50,"cellular","apr",670,340,2,"yes"
"4800",36,"cellular","aug",307,-1,0,"yes"
"4801",34,"cellular","nov",161,209,2,"yes"
"4802",54,"cellular","jul",2029,-1,0,"yes"
"4803",53,"cellular","oct",759,-1,0,"yes"
"4804",32,"cellular","jul",1017,-1,0,"yes"
"4805",33,"cellular","feb",860,-1,0,"yes"
"4806",55,"cellular","jun",345,94,3,"yes"
"4807",59,"cellular","jan",309,91,10,"yes"
"4808",50,"cellular","apr",670,340,2,"yes"
"4809",49,"cellular","aug",354,-1,0,"yes"
"4810",51,"cellular","may",415,375,1,"yes"
"4811",52,"cellular","oct",411,182,1,"yes"
"4812",42,"telephone","sep",376,-1,0,"yes"
"4813",36,"cellular","aug",386,-1,0,"yes"
"4814",54,"cellular","oct",335,-1,0,"yes"
"4815",53,"cellular","may",959,174,7,"yes"
"4816",32,"cellular","apr",317,-1,0,"yes"
"4817",46,"unknown","may",1263,-1,0,"yes"
"4818",49,"cellular","may",1516,353,2,"yes"
"4819",38,"cellular","aug",223,414,4,"yes"
"4820",32,"cellular","apr",648,272,1,"yes"
"4821",50,"cellular","aug",526,-1,0,"yes"
"4822",69,"telephone","mar",225,90,1,"yes"
"4823",42,"cellular","may",951,370,4,"yes"
"4824",59,"cellular","apr",159,378,3,"yes"
"4825",34,"cellular","aug",990,-1,0,"yes"
"4826",50,"cellular","jun",239,-1,0,"yes"
"4827",33,"cellular","apr",475,-1,0,"yes"
"4828",28,"cellular","jul",128,-1,0,"yes"
"4829",33,"cellular","feb",860,-1,0,"yes"
"4830",36,"cellular","aug",307,-1,0,"yes"
"4831",47,"unknown","sep",91,100,2,"yes"
"4832",39,"cellular","may",667,357,3,"yes"
"4833",45,"cellular","apr",1472,192,4,"yes"
"4834",30,"cellular","oct",251,-1,0,"yes"
"4835",32,"cellular","sep",185,99,5,"yes"
"4836",33,"cellular","apr",475,-1,0,"yes"
"4837",72,"cellular","apr",384,-1,0,"yes"
"4838",41,"cellular","apr",252,185,5,"yes"
"4839",26,"cellular","jan",1451,-1,0,"yes"
"4840",45,"unknown","oct",187,-1,0,"yes"
"4841",40,"cellular","jul",1018,-1,0,"yes"
"4842",34,"cellular","aug",518,-1,0,"yes"
"4843",60,"cellular","jul",816,-1,0,"yes"
"4844",60,"cellular","jul",816,-1,0,"yes"
"4845",34,"cellular","apr",359,-1,0,"yes"
"4846",35,"cellular","aug",768,141,3,"yes"
"4847",34,"cellular","apr",359,-1,0,"yes"
"4848",53,"cellular","aug",317,180,2,"yes"
"4849",48,"cellular","nov",609,-1,0,"yes"
"4850",59,"cellular","apr",815,87,1,"yes"
"4851",27,"unknown","jul",650,-1,0,"yes"
"4852",45,"cellular","jul",873,-1,0,"yes"
"4853",61,"cellular","mar",106,-1,0,"yes"
"4854",26,"telephone","jun",280,92,5,"yes"
"4855",28,"cellular","apr",278,-1,0,"yes"
"4856",34,"cellular","apr",430,-1,0,"yes"
"4857",29,"cellular","jul",1097,-1,0,"yes"
"4858",32,"cellular","aug",686,-1,0,"yes"
"4859",56,"unknown","jun",1558,-1,0,"yes"
"4860",47,"unknown","jun",993,-1,0,"yes"
"4861",35,"cellular","nov",808,-1,0,"yes"
"4862",34,"cellular","nov",161,209,2,"yes"
"4863",25,"cellular","jun",377,-1,0,"yes"
"4864",61,"cellular","feb",481,-1,0,"yes"
"4865",53,"telephone","mar",295,91,2,"yes"
"4866",47,"unknown","sep",91,100,2,"yes"
"4867",54,"cellular","oct",335,-1,0,"yes"
"4868",22,"cellular","nov",449,38,10,"yes"
"4869",53,"unknown","jun",701,-1,0,"yes"
"4870",35,"cellular","may",1073,-1,0,"yes"
"4871",24,"cellular","oct",184,91,2,"yes"
"4872",53,"cellular","aug",317,180,2,"yes"
"4873",38,"cellular","may",442,-1,0,"yes"
"4874",49,"cellular","mar",152,-1,0,"yes"
"4875",32,"cellular","sep",100,-1,0,"yes"
"4876",44,"cellular","nov",289,-1,0,"yes"
"4877",54,"cellular","jul",2029,-1,0,"yes"
"4878",28,"cellular","sep",199,92,14,"yes"
"4879",60,"cellular","aug",239,761,1,"yes"
"4880",30,"cellular","jul",1031,-1,0,"yes"
"4881",32,"unknown","jun",777,-1,0,"yes"
"4882",53,"cellular","apr",371,-1,0,"yes"
"4883",29,"cellular","jul",1097,-1,0,"yes"
"4884",61,"cellular","feb",481,-1,0,"yes"
"4885",36,"cellular","apr",260,-1,0,"yes"
"4886",28,"unknown","jun",369,-1,0,"yes"
"4887",46,"cellular","aug",1181,-1,0,"yes"
"4888",34,"cellular","jun",485,227,4,"yes"
"4889",26,"unknown","may",576,-1,0,"yes"
"4890",27,"unknown","jul",650,-1,0,"yes"
"4891",40,"cellular","aug",221,461,1,"yes"
"4892",37,"cellular","may",567,275,4,"yes"
"4893",59,"unknown","jun",812,-1,0,"yes"
"4894",25,"cellular","apr",107,-1,0,"yes"
"4895",48,"cellular","nov",609,-1,0,"yes"
"4896",32,"cellular","aug",686,-1,0,"yes"
"4897",60,"cellular","aug",239,761,1,"yes"
"4898",34,"cellular","apr",342,-1,0,"yes"
"4899",34,"cellular","jun",485,227,4,"yes"
"4900",23,"unknown","may",806,-1,0,"yes"
"4901",36,"cellular","aug",386,-1,0,"yes"
"4902",60,"cellular","jul",816,-1,0,"yes"
"4903",26,"cellular","jan",1451,-1,0,"yes"
"4904",42,"telephone","sep",376,-1,0,"yes"
"4905",48,"cellular","apr",1032,141,7,"yes"
"4906",32,"cellular","nov",132,-1,0,"yes"
"4907",52,"cellular","oct",411,182,1,"yes"
"4908",28,"unknown","jun",369,-1,0,"yes"
"4909",43,"cellular","nov",707,97,2,"yes"
"4910",38,"cellular","mar",164,130,2,"yes"
"4911",45,"unknown","jun",1259,-1,0,"yes"
"4912",38,"cellular","aug",223,414,4,"yes"
"4913",37,"cellular","may",567,275,4,"yes"
"4914",49,"cellular","may",558,-1,0,"yes"
"4915",62,"telephone","aug",245,-1,0,"yes"
"4916",59,"cellular","jun",493,-1,0,"yes"
"4917",72,"cellular","apr",384,-1,0,"yes"
"4918",31,"cellular","sep",344,295,1,"yes"
"4919",37,"cellular","oct",238,107,2,"yes"
"4920",49,"cellular","aug",875,-1,0,"yes"
"4921",33,"cellular","may",218,-1,0,"yes"
"4922",27,"unknown","jul",650,-1,0,"yes"
"4923",32,"cellular","sep",100,-1,0,"yes"
"4924",41,"cellular","nov",549,-1,0,"yes"
"4925",30,"cellular","apr",298,-1,0,"yes"
"4926",53,"cellular","aug",921,-1,0,"yes"
"4927",40,"cellular","aug",221,461,1,"yes"
"4928",34,"cellular","apr",342,-1,0,"yes"
"4929",59,"cellular","apr",815,87,1,"yes"
"4930",47,"cellular","oct",508,-1,0,"yes"
"4931",52,"cellular","aug",1223,-1,0,"yes"
"4932",35,"cellular","mar",215,-1,0,"yes"
"4933",59,"telephone","mar",234,-1,0,"yes"
"4934",35,"cellular","may",1073,-1,0,"yes"
"4935",36,"cellular","may",224,-1,0,"yes"
"4936",49,"cellular","apr",772,-1,0,"yes"
"4937",35,"cellular","aug",768,141,3,"yes"
"4938",45,"unknown","jun",1259,-1,0,"yes"
"4939",48,"cellular","aug",389,64,2,"yes"
"4940",34,"cellular","may",469,-1,0,"yes"
"4941",32,"unknown","may",860,-1,0,"yes"
"4942",47,"cellular","oct",508,-1,0,"yes"
"4943",38,"cellular","may",442,-1,0,"yes"
"4944",41,"cellular","feb",109,-1,0,"yes"
"4945",43,"cellular","nov",707,97,2,"yes"
"4946",42,"cellular","oct",230,92,1,"yes"
"4947",49,"cellular","jul",988,-1,0,"yes"
"4948",34,"cellular","nov",161,209,2,"yes"
"4949",41,"cellular","may",788,-1,0,"yes"
"4950",49,"cellular","aug",780,-1,0,"yes"
"4951",59,"unknown","nov",669,-1,0,"yes"
"4952",43,"unknown","may",1721,-1,0,"yes"
"4953",34,"cellular","nov",161,209,2,"yes"
"4954",53,"cellular","dec",352,-1,0,"yes"
"4955",77,"cellular","apr",161,-1,0,"yes"
"4956",32,"unknown","may",860,-1,0,"yes"
"4957",32,"cellular","sep",100,-1,0,"yes"
"4958",29,"unknown","may",30,357,1,"yes"
"4959",39,"cellular","may",667,357,3,"yes"
"4960",37,"cellular","oct",238,107,2,"yes"
"4961",40,"cellular","aug",221,461,1,"yes"
"4962",29,"cellular","feb",125,-1,0,"yes"
"4963",39,"unknown","jun",554,-1,0,"yes"
"4964",56,"telephone","jul",353,-1,0,"yes"
"4965",53,"cellular","apr",371,-1,0,"yes"
"4966",53,"cellular","oct",759,-1,0,"yes"
"4967",41,"cellular","nov",549,-1,0,"yes"
"4968",44,"cellular","aug",1735,-1,0,"yes"
"4969",49,"cellular","aug",780,-1,0,"yes"
"4970",30,"cellular","apr",470,426,3,"yes"
"4971",53,"cellular","aug",528,-1,0,"yes"
"4972",34,"cellular","apr",359,-1,0,"yes"
"4973",35,"cellular","jul",743,-1,0,"yes"
"4974",39,"cellular","may",667,357,3,"yes"
"4975",37,"cellular","sep",404,182,1,"yes"
"4976",32,"cellular","may",744,-1,0,"yes"
"4977",58,"cellular","nov",495,93,1,"yes"
"4978",53,"cellular","dec",352,-1,0,"yes"
"4979",32,"cellular","jul",356,-1,0,"yes"
"4980",55,"cellular","apr",296,270,3,"yes"
"4981",35,"cellular","jul",799,-1,0,"yes"
"4982",45,"unknown","may",1030,-1,0,"yes"
"4983",35,"cellular","may",1073,-1,0,"yes"
"4984",42,"cellular","may",951,370,4,"yes"
"4985",55,"cellular","jun",345,94,3,"yes"
"4986",37,"cellular","apr",124,-1,0,"yes"
"4987",37,"cellular","oct",238,107,2,"yes"
"4988",34,"cellular","apr",430,-1,0,"yes"
"4989",26,"unknown","may",576,-1,0,"yes"
"4990",25,"cellular","jun",377,-1,0,"yes"
"4991",59,"cellular","apr",815,87,1,"yes"
"4992",49,"cellular","jul",988,-1,0,"yes"
"4993",25,"cellular","feb",485,-1,0,"yes"
"4994",40,"cellular","jun",314,-1,0,"yes"
"4995",25,"telephone","aug",170,-1,0,"yes"
"4996",31,"cellular","apr",297,86,3,"yes"
"4997",25,"cellular","nov",386,-1,0,"yes"
"4998",27,"cellular","may",653,334,2,"yes"
"4999",40,"cellular","jul",1018,-1,0,"yes"
"5000",75,"telephone","apr",185,181,2,"yes"
"5001",52,"cellular","oct",411,182,1,"yes"
"5002",47,"telephone","aug",239,-1,0,"yes"
"5003",43,"unknown","may",1721,-1,0,"yes"
"5004",47,"telephone","dec",805,190,1,"yes"
"5005",54,"cellular","jul",2029,-1,0,"yes"
"5006",50,"cellular","aug",526,-1,0,"yes"
"5007",46,"cellular","aug",388,-1,0,"yes"
"5008",60,"cellular","aug",323,-1,0,"yes"
"5009",33,"cellular","may",218,-1,0,"yes"
"5010",55,"cellular","sep",328,94,2,"yes"
"5011",37,"cellular","feb",91,-1,0,"yes"
"5012",38,"cellular","jun",297,144,4,"yes"
"5013",44,"cellular","jul",712,-1,0,"yes"
"5014",29,"unknown","may",30,357,1,"yes"
"5015",26,"cellular","jan",1451,-1,0,"yes"
"5016",28,"telephone","may",360,181,5,"yes"
"5017",53,"telephone","sep",230,-1,0,"yes"
"5018",46,"unknown","may",646,-1,0,"yes"
"5019",53,"unknown","jun",701,-1,0,"yes"
"5020",34,"cellular","apr",97,-1,0,"yes"
"5021",47,"cellular","aug",994,-1,0,"yes"
"5022",41,"cellular","nov",549,-1,0,"yes"
"5023",77,"cellular","apr",161,-1,0,"yes"
"5024",49,"cellular","jul",988,-1,0,"yes"
"5025",46,"cellular","aug",429,-1,0,"yes"
"5026",42,"telephone","sep",376,-1,0,"yes"
"5027",53,"unknown","jun",701,-1,0,"yes"
"5028",60,"cellular","jun",593,-1,0,"yes"
"5029",38,"cellular","may",937,-1,0,"yes"
"5030",48,"cellular","aug",389,64,2,"yes"
"5031",37,"cellular","oct",238,107,2,"yes"
"5032",53,"cellular","aug",317,180,2,"yes"
"5033",31,"cellular","jul",252,184,3,"yes"
"5034",32,"cellular","jul",1275,-1,0,"yes"
"5035",77,"cellular","oct",847,60,1,"yes"
"5036",34,"cellular","aug",587,-1,0,"yes"
"5037",53,"telephone","sep",230,-1,0,"yes"
"5038",34,"cellular","oct",401,-1,0,"yes"
"5039",60,"cellular","jun",593,-1,0,"yes"
"5040",28,"cellular","sep",294,105,7,"yes"
"5041",36,"unknown","jun",2769,-1,0,"yes"
"5042",72,"cellular","apr",384,-1,0,"yes"
"5043",29,"unknown","may",30,357,1,"yes"
"5044",49,"cellular","nov",269,-1,0,"yes"
"5045",34,"cellular","dec",330,127,3,"yes"
"5046",36,"unknown","may",446,-1,0,"yes"
"5047",55,"cellular","apr",296,270,3,"yes"
"5048",53,"telephone","sep",230,-1,0,"yes"
"5049",26,"telephone","jun",280,92,5,"yes"
"5050",31,"cellular","feb",258,73,1,"yes"
"5051",27,"cellular","nov",192,92,2,"yes"
"5052",50,"cellular","apr",670,340,2,"yes"
"5053",29,"unknown","may",30,357,1,"yes"
"5054",56,"unknown","jun",1558,-1,0,"yes"
"5055",31,"cellular","jun",166,-1,0,"yes"
"5056",26,"cellular","mar",87,91,2,"yes"
"5057",28,"cellular","sep",294,105,7,"yes"
"5058",23,"unknown","may",806,-1,0,"yes"
"5059",32,"cellular","jul",1275,-1,0,"yes"
"5060",56,"unknown","jun",1558,-1,0,"yes"
"5061",33,"cellular","jun",421,-1,0,"yes"
"5062",27,"cellular","may",198,98,6,"yes"
"5063",49,"cellular","apr",223,182,2,"yes"
"5064",32,"cellular","apr",171,-1,0,"yes"
"5065",34,"cellular","dec",330,127,3,"yes"
"5066",38,"cellular","aug",178,1,1,"yes"
"5067",32,"cellular","jul",1275,-1,0,"yes"
"5068",53,"telephone","sep",230,-1,0,"yes"
"5069",26,"telephone","jun",280,92,5,"yes"
"5070",26,"cellular","jan",1451,-1,0,"yes"
"5071",35,"cellular","jul",799,-1,0,"yes"
"5072",44,"cellular","jul",712,-1,0,"yes"
"5073",53,"telephone","sep",230,-1,0,"yes"
"5074",33,"cellular","apr",475,-1,0,"yes"
"5075",36,"cellular","aug",386,-1,0,"yes"
"5076",55,"cellular","apr",296,270,3,"yes"
"5077",49,"cellular","jul",988,-1,0,"yes"
"5078",36,"cellular","aug",293,181,2,"yes"
"5079",61,"cellular","feb",670,-1,0,"yes"
"5080",66,"cellular","jan",216,91,4,"yes"
"5081",77,"cellular","apr",161,-1,0,"yes"
"5082",48,"cellular","nov",609,-1,0,"yes"
"5083",31,"cellular","apr",297,86,3,"yes"
"5084",33,"cellular","apr",475,-1,0,"yes"
"5085",30,"cellular","may",670,286,6,"yes"
"5086",32,"cellular","may",563,-1,0,"yes"
"5087",30,"cellular","jul",1031,-1,0,"yes"
"5088",38,"cellular","jun",297,144,4,"yes"
"5089",49,"cellular","jul",97,-1,0,"yes"
"5090",48,"cellular","aug",389,64,2,"yes"
"5091",51,"cellular","jul",655,-1,0,"yes"
"5092",36,"cellular","apr",260,-1,0,"yes"
"5093",49,"cellular","aug",780,-1,0,"yes"
"5094",30,"cellular","may",727,-1,0,"yes"
"5095",62,"telephone","aug",245,-1,0,"yes"
"5096",41,"cellular","aug",352,-1,0,"yes"
"5097",51,"cellular","jun",458,-1,0,"yes"
"5098",46,"unknown","may",1263,-1,0,"yes"
"5099",42,"telephone","sep",376,-1,0,"yes"
"5100",32,"cellular","apr",648,272,1,"yes"
"5101",39,"cellular","may",667,357,3,"yes"
"5102",63,"telephone","aug",250,187,2,"yes"
"5103",59,"telephone","mar",234,-1,0,"yes"
"5104",27,"cellular","nov",192,92,2,"yes"
"5105",39,"unknown","jun",526,-1,0,"yes"
"5106",23,"unknown","may",806,-1,0,"yes"
"5107",42,"cellular","feb",138,-1,0,"yes"
"5108",46,"cellular","aug",429,-1,0,"yes"
"5109",20,"cellular","apr",261,-1,0,"yes"
"5110",36,"cellular","may",224,-1,0,"yes"
"5111",31,"cellular","jul",252,184,3,"yes"
"5112",52,"cellular","oct",411,182,1,"yes"
"5113",66,"cellular","feb",479,-1,0,"yes"
"5114",30,"unknown","may",412,-1,0,"yes"
"5115",32,"cellular","apr",171,-1,0,"yes"
"5116",32,"cellular","feb",550,-1,0,"yes"
"5117",38,"cellular","aug",223,414,4,"yes"
"5118",26,"telephone","jun",280,92,5,"yes"
"5119",51,"cellular","jul",655,-1,0,"yes"
"5120",25,"cellular","jul",857,-1,0,"yes"
"5121",36,"cellular","aug",207,98,1,"yes"
"5122",34,"cellular","apr",359,-1,0,"yes"
"5123",45,"cellular","apr",1472,192,4,"yes"
"5124",33,"cellular","oct",130,161,1,"yes"
"5125",43,"cellular","nov",707,97,2,"yes"
"5126",30,"cellular","oct",251,-1,0,"yes"
"5127",31,"cellular","nov",316,99,9,"yes"
"5128",35,"cellular","aug",222,182,4,"yes"
"5129",30,"cellular","apr",298,-1,0,"yes"
"5130",54,"cellular","jan",161,98,2,"yes"
"5131",33,"cellular","nov",253,92,4,"yes"
"5132",72,"cellular","apr",384,-1,0,"yes"
"5133",29,"unknown","jun",1663,-1,0,"yes"
"5134",66,"cellular","feb",479,-1,0,"yes"
"5135",52,"telephone","jul",398,460,2,"yes"
"5136",38,"cellular","nov",232,96,4,"yes"
"5137",28,"cellular","sep",199,92,14,"yes"
"5138",45,"cellular","jul",873,-1,0,"yes"
"5139",68,"telephone","jul",897,-1,0,"yes"
"5140",53,"telephone","mar",295,91,2,"yes"
"5141",49,"cellular","aug",354,-1,0,"yes"
"5142",39,"cellular","may",488,-1,0,"yes"
"5143",33,"cellular","may",218,-1,0,"yes"
"5144",44,"cellular","aug",1735,-1,0,"yes"
"5145",60,"cellular","aug",239,761,1,"yes"
"5146",53,"cellular","oct",759,-1,0,"yes"
"5147",48,"cellular","jun",264,-1,0,"yes"
"5148",35,"cellular","aug",222,182,4,"yes"
"5149",33,"cellular","feb",860,-1,0,"yes"
"5150",28,"cellular","jul",128,-1,0,"yes"
"5151",34,"cellular","apr",142,-1,0,"yes"
"5152",32,"cellular","feb",550,-1,0,"yes"
"5153",47,"telephone","aug",239,-1,0,"yes"
"5154",45,"unknown","oct",187,-1,0,"yes"
"5155",55,"cellular","apr",296,270,3,"yes"
"5156",35,"cellular","jul",799,-1,0,"yes"
"5157",29,"cellular","jul",574,-1,0,"yes"
"5158",53,"cellular","aug",921,-1,0,"yes"
"5159",42,"cellular","may",951,370,4,"yes"
"5160",35,"cellular","aug",768,141,3,"yes"
"5161",47,"cellular","aug",994,-1,0,"yes"
"5162",34,"cellular","apr",430,-1,0,"yes"
"5163",67,"cellular","aug",254,-1,0,"yes"
"5164",38,"cellular","may",442,-1,0,"yes"
"5165",41,"cellular","apr",252,185,5,"yes"
"5166",32,"unknown","may",1234,-1,0,"yes"
"5167",22,"cellular","aug",338,-1,0,"yes"
"5168",46,"cellular","may",725,-1,0,"yes"
"5169",60,"cellular","aug",323,-1,0,"yes"
"5170",51,"cellular","jun",458,-1,0,"yes"
"5171",38,"unknown","may",762,-1,0,"yes"
"5172",41,"cellular","may",788,-1,0,"yes"
"5173",43,"cellular","aug",363,-1,0,"yes"
"5174",54,"telephone","nov",1034,-1,0,"yes"
"5175",25,"cellular","nov",386,-1,0,"yes"
"5176",47,"unknown","jun",993,-1,0,"yes"
"5177",39,"cellular","may",454,364,3,"yes"
"5178",29,"cellular","nov",226,92,1,"yes"
"5179",35,"cellular","aug",222,182,4,"yes"
"5180",50,"telephone","jul",1088,-1,0,"yes"
"5181",59,"cellular","feb",222,94,2,"yes"
"5182",56,"cellular","jun",382,-1,0,"yes"
"5183",27,"cellular","nov",192,92,2,"yes"
"5184",31,"cellular","feb",258,73,1,"yes"
"5185",25,"cellular","jun",377,-1,0,"yes"
"5186",29,"cellular","aug",504,92,1,"yes"
"5187",43,"cellular","jul",635,-1,0,"yes"
"5188",25,"cellular","may",600,332,4,"yes"
"5189",29,"cellular","feb",125,-1,0,"yes"
"5190",38,"cellular","mar",164,130,2,"yes"
"5191",38,"cellular","jun",297,144,4,"yes"
"5192",34,"cellular","aug",990,-1,0,"yes"
"5193",20,"cellular","apr",261,-1,0,"yes"
"5194",54,"cellular","jun",207,-1,0,"yes"
"5195",54,"cellular","jan",161,98,2,"yes"
"5196",35,"cellular","aug",768,141,3,"yes"
"5197",30,"cellular","apr",298,-1,0,"yes"
"5198",27,"cellular","may",391,-1,0,"yes"
"5199",38,"cellular","jun",297,144,4,"yes"
"5200",41,"cellular","nov",549,-1,0,"yes"
"5201",38,"cellular","may",937,-1,0,"yes"
"5202",32,"cellular","jul",1017,-1,0,"yes"
"5203",59,"unknown","nov",669,-1,0,"yes"
"5204",46,"cellular","may",725,-1,0,"yes"
"5205",33,"cellular","nov",253,92,4,"yes"
"5206",28,"cellular","sep",199,92,14,"yes"
"5207",58,"cellular","nov",495,93,1,"yes"
"5208",34,"cellular","aug",587,-1,0,"yes"
"5209",43,"cellular","nov",707,97,2,"yes"
"5210",28,"unknown","jun",369,-1,0,"yes"
"5211",59,"telephone","may",500,358,2,"yes"
"5212",47,"cellular","aug",994,-1,0,"yes"
"5213",51,"cellular","jul",655,-1,0,"yes"
"5214",61,"cellular","feb",481,-1,0,"yes"
"5215",62,"telephone","aug",245,-1,0,"yes"
"5216",33,"cellular","may",218,-1,0,"yes"
"5217",28,"cellular","mar",93,-1,0,"yes"
"5218",50,"cellular","apr",670,340,2,"yes"
"5219",21,"cellular","jun",258,169,3,"yes"
"5220",43,"cellular","sep",261,98,1,"yes"
"5221",48,"cellular","apr",1032,141,7,"yes"
"5222",34,"cellular","nov",161,209,2,"yes"
"5223",28,"cellular","feb",659,-1,0,"yes"
"5224",47,"cellular","oct",508,-1,0,"yes"
"5225",46,"cellular","mar",229,-1,0,"yes"
"5226",35,"cellular","nov",808,-1,0,"yes"
"5227",55,"cellular","feb",781,-1,0,"yes"
"5228",34,"cellular","jun",485,227,4,"yes"
"5229",35,"cellular","jul",287,415,1,"yes"
"5230",47,"unknown","jun",761,-1,0,"yes"
"5231",48,"cellular","aug",389,64,2,"yes"
"5232",53,"cellular","aug",528,-1,0,"yes"
"5233",55,"cellular","apr",296,270,3,"yes"
"5234",49,"telephone","feb",1971,-1,0,"yes"
"5235",71,"cellular","feb",93,-1,0,"yes"
"5236",79,"telephone","jan",326,272,2,"yes"
"5237",80,"cellular","feb",639,189,1,"yes"
"5238",33,"cellular","may",218,-1,0,"yes"
"5239",60,"cellular","jul",816,-1,0,"yes"
"5240",34,"cellular","aug",262,99,2,"yes"
"5241",25,"cellular","apr",107,-1,0,"yes"
"5242",29,"cellular","nov",226,92,1,"yes"
"5243",32,"cellular","feb",550,-1,0,"yes"
"5244",53,"unknown","jun",701,-1,0,"yes"
"5245",34,"cellular","apr",359,-1,0,"yes"
"5246",34,"cellular","oct",401,-1,0,"yes"
"5247",49,"cellular","aug",354,-1,0,"yes"
"5248",43,"cellular","nov",707,97,2,"yes"
"5249",32,"cellular","apr",648,272,1,"yes"
"5250",49,"cellular","may",558,-1,0,"yes"
"5251",54,"cellular","jul",2029,-1,0,"yes"
"5252",38,"cellular","nov",232,96,4,"yes"
"5253",33,"cellular","oct",249,335,2,"yes"
"5254",26,"cellular","may",827,-1,0,"yes"
"5255",59,"cellular","apr",159,378,3,"yes"
"5256",55,"cellular","feb",781,-1,0,"yes"
"5257",33,"cellular","jul",968,-1,0,"yes"
"5258",47,"telephone","aug",239,-1,0,"yes"
"5259",39,"cellular","feb",691,180,5,"yes"
"5260",36,"cellular","aug",293,181,2,"yes"
"5261",30,"cellular","oct",251,-1,0,"yes"
"5262",32,"cellular","feb",1579,246,4,"yes"
"5263",47,"unknown","jun",761,-1,0,"yes"
"5264",45,"cellular","jul",873,-1,0,"yes"
"5265",27,"cellular","may",653,334,2,"yes"
"5266",60,"unknown","may",1028,-1,0,"yes"
"5267",39,"cellular","jul",869,-1,0,"yes"
"5268",38,"cellular","nov",232,96,4,"yes"
"5269",52,"telephone","jul",398,460,2,"yes"
"5270",71,"cellular","feb",93,-1,0,"yes"
"5271",27,"cellular","nov",192,92,2,"yes"
"5272",36,"cellular","may",224,-1,0,"yes"
"5273",47,"telephone","aug",239,-1,0,"yes"
"5274",40,"cellular","aug",221,461,1,"yes"
"5275",32,"cellular","may",796,109,1,"yes"
"5276",47,"telephone","dec",805,190,1,"yes"
"5277",25,"cellular","jul",857,-1,0,"yes"
"5278",48,"cellular","aug",389,64,2,"yes"
"5279",49,"cellular","aug",875,-1,0,"yes"
"5280",27,"cellular","may",198,98,6,"yes"
