whole milk,,,,,,,,,,,,,,,,,,,,,,,,,,,,
rolls/buns,,,,,,,,,,,,,,,,,,,,,,,,,,,,
tropical fruit,other vegetables,white bread,bottled water,chocolate,,,,,,,,,,,,,,,,,,,,,,,,
chicken,tropical fruit,,,,,,,,,,,,,,,,,,,,,,,,,,,
fruit/vegetable juice,,,,,,,,,,,,,,,,,,,,,,,,,,,,
packaged fruit/vegetables,,,,,,,,,,,,,,,,,,,,,,,,,,,,
other vegetables,,,,,,,,,,,,,,,,,,,,,,,,,,,,
butter milk,pastry,,,,,,,,,,,,,,,,,,,,,,,,,,,
tropical fruit,root vegetables,other vegetables,frozen dessert,rolls/buns,flour,sweet spreads,salty snack,waffles,candy,bathroom cleaner,,,,,,,,,,,,,,,,,,
bottled water,canned beer,,,,,,,,,,,,,,,,,,,,,,,,,,,
yogurt,,,,,,,,,,,,,,,,,,,,,,,,,,,,
sausage,rolls/buns,soda,chocolate,,,,,,,,,,,,,,,,,,,,,,,,,
beef,grapes,detergent,,,,,,,,,,,,,,,,,,,,,,,,,,
pastry,soda,,,,,,,,,,,,,,,,,,,,,,,,,,,
root vegetables,other vegetables,whole milk,dessert,,,,,,,,,,,,,,,,,,,,,,,,,
rolls/buns,,,,,,,,,,,,,,,,,,,,,,,,,,,,
misc. beverages,,,,,,,,,,,,,,,,,,,,,,,,,,,,
root vegetables,other vegetables,butter,curd,whipped/sour cream,UHT-milk,hard cheese,rolls/buns,bottled water,long life bakery product,,,,,,,,,,,,,,,,,,,
ham,grapes,other vegetables,whole milk,,,,,,,,,,,,,,,,,,,,,,,,,
turkey,tropical fruit,other vegetables,curd,domestic eggs,brown bread,semi-finished bread,margarine,baking powder,fruit/vegetable juice,,,,,,,,,,,,,,,,,,,
rolls/buns,oil,bottled water,chewing gum,chocolate marshmallow,hygiene articles,napkins,,,,,,,,,,,,,,,,,,,,,,
rolls/buns,pastry,sugar,,,,,,,,,,,,,,,,,,,,,,,,,,
other vegetables,whole milk,frozen vegetables,canned fish,salty snack,seasonal products,detergent,,,,,,,,,,,,,,,,,,,,,,
sausage,beef,whole milk,,,,,,,,,,,,,,,,,,,,,,,,,,
rolls/buns,pastry,soda,,,,,,,,,,,,,,,,,,,,,,,,,,
curd cheese,coffee,,,,,,,,,,,,,,,,,,,,,,,,,,,
sausage,whole milk,curd,,,,,,,,,,,,,,,,,,,,,,,,,,
tropical fruit,pip fruit,berries,whole milk,frozen potato products,rolls/buns,pickled vegetables,chocolate,,,,,,,,,,,,,,,,,,,,,
red/blush wine,,,,,,,,,,,,,,,,,,,,,,,,,,,,
citrus fruit,whole milk,curd,butter milk,pastry,,,,,,,,,,,,,,,,,,,,,,,,
root vegetables,onions,hard cheese,frozen vegetables,,,,,,,,,,,,,,,,,,,,,,,,,
herbs,condensed milk,frozen vegetables,salt,oil,white wine,candles,,,,,,,,,,,,,,,,,,,,,,
bottled water,,,,,,,,,,,,,,,,,,,,,,,,,,,,
berries,yogurt,,,,,,,,,,,,,,,,,,,,,,,,,,,
berries,,,,,,,,,,,,,,,,,,,,,,,,,,,,
citrus fruit,butter milk,yogurt,cream cheese,,,,,,,,,,,,,,,,,,,,,,,,,
pork,hamburger meat,citrus fruit,berries,onions,whipped/sour cream,rice,coffee,chocolate,,,,,,,,,,,,,,,,,,,,
detergent,,,,,,,,,,,,,,,,,,,,,,,,,,,,
grapes,photo/film,,,,,,,,,,,,,,,,,,,,,,,,,,,
sausage,sliced cheese,rolls/buns,brown bread,fruit/vegetable juice,canned beer,red/blush wine,waffles,shopping bags,,,,,,,,,,,,,,,,,,,,
whole milk,yogurt,brown bread,,,,,,,,,,,,,,,,,,,,,,,,,,
citrus fruit,tropical fruit,,,,,,,,,,,,,,,,,,,,,,,,,,,
sausage,pork,grapes,whole milk,rolls/buns,pastry,soda,specialty bar,bathroom cleaner,,,,,,,,,,,,,,,,,,,,
frankfurter,rolls/buns,bottled water,,,,,,,,,,,,,,,,,,,,,,,,,,
beef,citrus fruit,berries,root vegetables,brown bread,detergent,,,,,,,,,,,,,,,,,,,,,,,
processed cheese,,,,,,,,,,,,,,,,,,,,,,,,,,,,
tropical fruit,pip fruit,,,,,,,,,,,,,,,,,,,,,,,,,,,
hamburger meat,whole milk,frozen vegetables,rolls/buns,bottled beer,sparkling wine,,,,,,,,,,,,,,,,,,,,,,,
hamburger meat,other vegetables,whole milk,frozen vegetables,domestic eggs,soda,dishes,,,,,,,,,,,,,,,,,,,,,,
whole milk,cream cheese,soda,,,,,,,,,,,,,,,,,,,,,,,,,,
fish,other vegetables,pastry,margarine,coffee,long life bakery product,male cosmetics,shopping bags,,,,,,,,,,,,,,,,,,,,,
specialty bar,,,,,,,,,,,,,,,,,,,,,,,,,,,,
sausage,butter milk,rolls/buns,,,,,,,,,,,,,,,,,,,,,,,,,,
frankfurter,dessert,,,,,,,,,,,,,,,,,,,,,,,,,,,
whole milk,yogurt,beverages,brown bread,shopping bags,,,,,,,,,,,,,,,,,,,,,,,,
curd,flour,liquor (appetizer),,,,,,,,,,,,,,,,,,,,,,,,,,
tropical fruit,other vegetables,coffee,,,,,,,,,,,,,,,,,,,,,,,,,,
rolls/buns,Instant food products,,,,,,,,,,,,,,,,,,,,,,,,,,,
canned beer,,,,,,,,,,,,,,,,,,,,,,,,,,,,
canned beer,,,,,,,,,,,,,,,,,,,,,,,,,,,,
frankfurter,sausage,whole milk,rolls/buns,margarine,,,,,,,,,,,,,,,,,,,,,,,,
other vegetables,misc. beverages,canned beer,,,,,,,,,,,,,,,,,,,,,,,,,,
whole milk,frozen vegetables,,,,,,,,,,,,,,,,,,,,,,,,,,,
whole milk,,,,,,,,,,,,,,,,,,,,,,,,,,,,
citrus fruit,butter,cream cheese,white bread,oil,margarine,newspapers,,,,,,,,,,,,,,,,,,,,,,
butter milk,yogurt,honey,soda,detergent,,,,,,,,,,,,,,,,,,,,,,,,
pasta,popcorn,,,,,,,,,,,,,,,,,,,,,,,,,,,
coffee,shopping bags,,,,,,,,,,,,,,,,,,,,,,,,,,,
popcorn,,,,,,,,,,,,,,,,,,,,,,,,,,,,
frankfurter,soda,chewing gum,,,,,,,,,,,,,,,,,,,,,,,,,,
finished products,other vegetables,frozen vegetables,bottled beer,,,,,,,,,,,,,,,,,,,,,,,,,
beverages,soda,,,,,,,,,,,,,,,,,,,,,,,,,,,
hamburger meat,root vegetables,whole milk,,,,,,,,,,,,,,,,,,,,,,,,,,
ham,tropical fruit,other vegetables,whole milk,white bread,brown bread,fruit/vegetable juice,bottled beer,,,,,,,,,,,,,,,,,,,,,
curd,butter milk,cocoa drinks,salty snack,popcorn,,,,,,,,,,,,,,,,,,,,,,,,
bottled beer,,,,,,,,,,,,,,,,,,,,,,,,,,,,
whole milk,salt,,,,,,,,,,,,,,,,,,,,,,,,,,,
sausage,soft cheese,coffee,,,,,,,,,,,,,,,,,,,,,,,,,,
ham,whole milk,rolls/buns,,,,,,,,,,,,,,,,,,,,,,,,,,
other vegetables,bottled water,,,,,,,,,,,,,,,,,,,,,,,,,,,
specialty bar,,,,,,,,,,,,,,,,,,,,,,,,,,,,
soda,,,,,,,,,,,,,,,,,,,,,,,,,,,,
canned beer,,,,,,,,,,,,,,,,,,,,,,,,,,,,
canned beer,,,,,,,,,,,,,,,,,,,,,,,,,,,,
specialty chocolate,,,,,,,,,,,,,,,,,,,,,,,,,,,,
curd,rolls/buns,,,,,,,,,,,,,,,,,,,,,,,,,,,
canned beer,,,,,,,,,,,,,,,,,,,,,,,,,,,,
whole milk,bottled water,newspapers,,,,,,,,,,,,,,,,,,,,,,,,,,
potted plants,,,,,,,,,,,,,,,,,,,,,,,,,,,,
condensed milk,sugar,coffee,shopping bags,,,,,,,,,,,,,,,,,,,,,,,,,
whole milk,beverages,UHT-milk,soda,,,,,,,,,,,,,,,,,,,,,,,,,
sausage,pork,beef,whole milk,rolls/buns,margarine,,,,,,,,,,,,,,,,,,,,,,,
beverages,,,,,,,,,,,,,,,,,,,,,,,,,,,,
bottled water,fruit/vegetable juice,,,,,,,,,,,,,,,,,,,,,,,,,,,
cleaner,female sanitary products,,,,,,,,,,,,,,,,,,,,,,,,,,,
newspapers,,,,,,,,,,,,,,,,,,,,,,,,,,,,
sausage,beef,citrus fruit,other vegetables,whole milk,butter milk,whipped/sour cream,beverages,hard cheese,rolls/buns,dish cleaner,cookware,,,,,,,,,,,,,,,,,
meat,curd,bottled beer,cake bar,,,,,,,,,,,,,,,,,,,,,,,,,
frankfurter,meat,tropical fruit,onions,oil,baking powder,tea,cling film/bags,,,,,,,,,,,,,,,,,,,,,
canned beer,,,,,,,,,,,,,,,,,,,,,,,,,,,,
meat,citrus fruit,other vegetables,curd,dessert,butter milk,beverages,cream cheese,rolls/buns,brown bread,tea,bottled water,,,,,,,,,,,,,,,,,
whole milk,mustard,bottled water,,,,,,,,,,,,,,,,,,,,,,,,,,
sausage,beef,beverages,sliced cheese,rolls/buns,spices,house keeping products,flower (seeds),,,,,,,,,,,,,,,,,,,,,
root vegetables,beverages,Instant food products,pickled vegetables,detergent,,,,,,,,,,,,,,,,,,,,,,,,
whole milk,whipped/sour cream,semi-finished bread,margarine,,,,,,,,,,,,,,,,,,,,,,,,,
citrus fruit,curd,pastry,margarine,sugar,candy,newspapers,,,,,,,,,,,,,,,,,,,,,,
other vegetables,whole milk,bottled water,soda,misc. beverages,bottled beer,red/blush wine,napkins,,,,,,,,,,,,,,,,,,,,,
frankfurter,beef,hamburger meat,grapes,root vegetables,whole milk,butter,frozen dessert,potato products,bottled water,bottled beer,,,,,,,,,,,,,,,,,,
pork,other vegetables,whipped/sour cream,rolls/buns,soda,shopping bags,,,,,,,,,,,,,,,,,,,,,,,
rolls/buns,soda,,,,,,,,,,,,,,,,,,,,,,,,,,,
ice cream,,,,,,,,,,,,,,,,,,,,,,,,,,,,
pip fruit,other vegetables,fruit/vegetable juice,,,,,,,,,,,,,,,,,,,,,,,,,,
root vegetables,other vegetables,yogurt,,,,,,,,,,,,,,,,,,,,,,,,,,
soda,,,,,,,,,,,,,,,,,,,,,,,,,,,,
pork,berries,root vegetables,other vegetables,pastry,specialty bar,,,,,,,,,,,,,,,,,,,,,,,
fruit/vegetable juice,,,,,,,,,,,,,,,,,,,,,,,,,,,,
pickled vegetables,coffee,,,,,,,,,,,,,,,,,,,,,,,,,,,
canned beer,,,,,,,,,,,,,,,,,,,,,,,,,,,,
root vegetables,,,,,,,,,,,,,,,,,,,,,,,,,,,,
meat,citrus fruit,berries,root vegetables,whole milk,soda,,,,,,,,,,,,,,,,,,,,,,,
citrus fruit,pip fruit,root vegetables,other vegetables,whole milk,cream cheese,domestic eggs,brown bread,margarine,baking powder,waffles,,,,,,,,,,,,,,,,,,
hamburger meat,other vegetables,whole milk,curd,yogurt,rolls/buns,pastry,semi-finished bread,margarine,bottled water,fruit/vegetable juice,,,,,,,,,,,,,,,,,,
chicken,pip fruit,other vegetables,whole milk,dessert,yogurt,whipped/sour cream,rolls/buns,pasta,soda,waffles,,,,,,,,,,,,,,,,,,
chicken,citrus fruit,tropical fruit,root vegetables,whole milk,frozen fish,rolls/buns,,,,,,,,,,,,,,,,,,,,,,
frankfurter,citrus fruit,onions,other vegetables,whole milk,rolls/buns,sugar,soda,,,,,,,,,,,,,,,,,,,,,
canned beer,,,,,,,,,,,,,,,,,,,,,,,,,,,,
citrus fruit,tropical fruit,,,,,,,,,,,,,,,,,,,,,,,,,,,
whole milk,frozen meals,pastry,fruit/vegetable juice,waffles,,,,,,,,,,,,,,,,,,,,,,,,
canned beer,,,,,,,,,,,,,,,,,,,,,,,,,,,,
citrus fruit,other vegetables,rolls/buns,salty snack,shopping bags,,,,,,,,,,,,,,,,,,,,,,,,
sausage,,,,,,,,,,,,,,,,,,,,,,,,,,,,
chicken,other vegetables,whole milk,vinegar,oil,bottled water,canned beer,napkins,newspapers,,,,,,,,,,,,,,,,,,,,
frankfurter,beef,root vegetables,curd,dessert,yogurt,soft cheese,rolls/buns,mustard,pickled vegetables,canned beer,hygiene articles,napkins,,,,,,,,,,,,,,,,
onions,soda,chewing gum,chocolate,newspapers,,,,,,,,,,,,,,,,,,,,,,,,
sausage,chicken,tropical fruit,root vegetables,whole milk,yogurt,candy,abrasive cleaner,cleaner,,,,,,,,,,,,,,,,,,,,
hair spray,,,,,,,,,,,,,,,,,,,,,,,,,,,,
chicken,whole milk,spices,long life bakery product,shopping bags,,,,,,,,,,,,,,,,,,,,,,,,
pork,citrus fruit,brown bread,pastry,sugar,cat food,,,,,,,,,,,,,,,,,,,,,,,
ice cream,,,,,,,,,,,,,,,,,,,,,,,,,,,,
other vegetables,yogurt,brown bread,instant coffee,,,,,,,,,,,,,,,,,,,,,,,,,
bottled water,cake bar,,,,,,,,,,,,,,,,,,,,,,,,,,,
photo/film,,,,,,,,,,,,,,,,,,,,,,,,,,,,
grapes,root vegetables,,,,,,,,,,,,,,,,,,,,,,,,,,,
rolls/buns,canned fish,canned beer,,,,,,,,,,,,,,,,,,,,,,,,,,
chicken,,,,,,,,,,,,,,,,,,,,,,,,,,,,
yogurt,,,,,,,,,,,,,,,,,,,,,,,,,,,,
soda,,,,,,,,,,,,,,,,,,,,,,,,,,,,
bottled water,,,,,,,,,,,,,,,,,,,,,,,,,,,,
sausage,meat,hamburger meat,rubbing alcohol,,,,,,,,,,,,,,,,,,,,,,,,,
citrus fruit,pip fruit,beverages,hard cheese,pet care,soda,fruit/vegetable juice,waffles,,,,,,,,,,,,,,,,,,,,,
shopping bags,,,,,,,,,,,,,,,,,,,,,,,,,,,,
newspapers,,,,,,,,,,,,,,,,,,,,,,,,,,,,
sausage,citrus fruit,whole milk,canned beer,,,,,,,,,,,,,,,,,,,,,,,,,
frankfurter,rolls/buns,,,,,,,,,,,,,,,,,,,,,,,,,,,
salt,salty snack,cookware,,,,,,,,,,,,,,,,,,,,,,,,,,
curd,beverages,cream cheese,rolls/buns,pastry,soda,cake bar,chewing gum,,,,,,,,,,,,,,,,,,,,,
citrus fruit,,,,,,,,,,,,,,,,,,,,,,,,,,,,
frankfurter,whole milk,butter milk,,,,,,,,,,,,,,,,,,,,,,,,,,
berries,whipped/sour cream,cereals,waffles,shopping bags,,,,,,,,,,,,,,,,,,,,,,,,
canned beer,,,,,,,,,,,,,,,,,,,,,,,,,,,,
beef,,,,,,,,,,,,,,,,,,,,,,,,,,,,
whole milk,hygiene articles,,,,,,,,,,,,,,,,,,,,,,,,,,,
pastry,fruit/vegetable juice,,,,,,,,,,,,,,,,,,,,,,,,,,,
frankfurter,sausage,pork,pip fruit,butter,processed cheese,white bread,brown bread,,,,,,,,,,,,,,,,,,,,,
frankfurter,sausage,root vegetables,yogurt,whipped/sour cream,pastry,napkins,,,,,,,,,,,,,,,,,,,,,,
berries,root vegetables,other vegetables,packaged fruit/vegetables,whole milk,curd,curd cheese,cat food,specialty bar,detergent,,,,,,,,,,,,,,,,,,,
rolls/buns,brown bread,pastry,coffee,bottled beer,,,,,,,,,,,,,,,,,,,,,,,,
yogurt,,,,,,,,,,,,,,,,,,,,,,,,,,,,
berries,coffee,,,,,,,,,,,,,,,,,,,,,,,,,,,
ham,citrus fruit,whole milk,whipped/sour cream,rolls/buns,pastry,waffles,hygiene articles,,,,,,,,,,,,,,,,,,,,,
whole milk,frozen dessert,salty snack,napkins,,,,,,,,,,,,,,,,,,,,,,,,,
tropical fruit,butter milk,rolls/buns,bottled water,,,,,,,,,,,,,,,,,,,,,,,,,
coffee,,,,,,,,,,,,,,,,,,,,,,,,,,,,
bottled beer,liquor,,,,,,,,,,,,,,,,,,,,,,,,,,,
onions,butter,whipped/sour cream,hard cheese,frozen vegetables,pasta,specialty fat,syrup,candy,napkins,cling film/bags,,,,,,,,,,,,,,,,,,
hard cheese,pastry,napkins,,,,,,,,,,,,,,,,,,,,,,,,,,
hamburger meat,,,,,,,,,,,,,,,,,,,,,,,,,,,,
coffee,,,,,,,,,,,,,,,,,,,,,,,,,,,,
yogurt,rolls/buns,pastry,bottled water,soda,shopping bags,,,,,,,,,,,,,,,,,,,,,,,
yogurt,chocolate,,,,,,,,,,,,,,,,,,,,,,,,,,,
domestic eggs,rolls/buns,dish cleaner,hygiene articles,,,,,,,,,,,,,,,,,,,,,,,,,
other vegetables,red/blush wine,,,,,,,,,,,,,,,,,,,,,,,,,,,
baking powder,bottled water,salty snack,chewing gum,,,,,,,,,,,,,,,,,,,,,,,,,
specialty bar,,,,,,,,,,,,,,,,,,,,,,,,,,,,
ice cream,,,,,,,,,,,,,,,,,,,,,,,,,,,,
bottled water,,,,,,,,,,,,,,,,,,,,,,,,,,,,
other vegetables,whole milk,rolls/buns,margarine,bottled water,bottled beer,,,,,,,,,,,,,,,,,,,,,,,
domestic eggs,rolls/buns,specialty bar,napkins,,,,,,,,,,,,,,,,,,,,,,,,,
specialty cheese,frozen vegetables,coffee,soda,fruit/vegetable juice,salty snack,,,,,,,,,,,,,,,,,,,,,,,
soda,chewing gum,,,,,,,,,,,,,,,,,,,,,,,,,,,
bottled beer,,,,,,,,,,,,,,,,,,,,,,,,,,,,
root vegetables,pastry,bottled water,male cosmetics,,,,,,,,,,,,,,,,,,,,,,,,,
citrus fruit,tropical fruit,root vegetables,yogurt,canned vegetables,bottled water,soda,softener,,,,,,,,,,,,,,,,,,,,,
bottled water,soda,,,,,,,,,,,,,,,,,,,,,,,,,,,
tropical fruit,other vegetables,rolls/buns,,,,,,,,,,,,,,,,,,,,,,,,,,
citrus fruit,UHT-milk,cream cheese,frozen vegetables,,,,,,,,,,,,,,,,,,,,,,,,,
bottled water,canned beer,male cosmetics,,,,,,,,,,,,,,,,,,,,,,,,,,
onions,other vegetables,pastry,bottled water,soda,napkins,,,,,,,,,,,,,,,,,,,,,,,
beef,other vegetables,whole milk,frozen potato products,rolls/buns,oil,margarine,coffee,dental care,hygiene articles,newspapers,,,,,,,,,,,,,,,,,,
rolls/buns,zwieback,bottled water,misc. beverages,bottled beer,canned beer,brandy,,,,,,,,,,,,,,,,,,,,,,
soda,,,,,,,,,,,,,,,,,,,,,,,,,,,,
rolls/buns,brown bread,bottled water,,,,,,,,,,,,,,,,,,,,,,,,,,
pork,beef,hamburger meat,other vegetables,whole milk,frozen vegetables,rolls/buns,margarine,shopping bags,,,,,,,,,,,,,,,,,,,,
sausage,ham,other vegetables,ice cream,white bread,,,,,,,,,,,,,,,,,,,,,,,,
whole milk,butter,bottled water,bottled beer,,,,,,,,,,,,,,,,,,,,,,,,,
tropical fruit,other vegetables,packaged fruit/vegetables,whole milk,hard cheese,frozen dessert,rice,bottled water,,,,,,,,,,,,,,,,,,,,,
herbs,bottled water,,,,,,,,,,,,,,,,,,,,,,,,,,,
Instant food products,,,,,,,,,,,,,,,,,,,,,,,,,,,,
specialty chocolate,,,,,,,,,,,,,,,,,,,,,,,,,,,,
frankfurter,rolls/buns,pastry,snack products,specialty bar,,,,,,,,,,,,,,,,,,,,,,,,
frankfurter,sausage,liver loaf,root vegetables,curd,frozen vegetables,rolls/buns,semi-finished bread,hygiene articles,photo/film,,,,,,,,,,,,,,,,,,,
other vegetables,whole milk,cream cheese,,,,,,,,,,,,,,,,,,,,,,,,,,
frankfurter,root vegetables,pickled vegetables,soda,seasonal products,,,,,,,,,,,,,,,,,,,,,,,,
whole milk,rolls/buns,newspapers,,,,,,,,,,,,,,,,,,,,,,,,,,
other vegetables,salty snack,,,,,,,,,,,,,,,,,,,,,,,,,,,
hamburger meat,citrus fruit,other vegetables,,,,,,,,,,,,,,,,,,,,,,,,,,
shopping bags,,,,,,,,,,,,,,,,,,,,,,,,,,,,
whole milk,cream cheese,soda,fruit/vegetable juice,,,,,,,,,,,,,,,,,,,,,,,,,
pastry,bottled water,,,,,,,,,,,,,,,,,,,,,,,,,,,
bottled beer,,,,,,,,,,,,,,,,,,,,,,,,,,,,
meat,other vegetables,hard cheese,frozen meals,bottled water,soda,,,,,,,,,,,,,,,,,,,,,,,
brown bread,soda,salty snack,shopping bags,,,,,,,,,,,,,,,,,,,,,,,,,
whole milk,cream cheese,coffee,,,,,,,,,,,,,,,,,,,,,,,,,,
bottled beer,nut snack,,,,,,,,,,,,,,,,,,,,,,,,,,,
pet care,bottled beer,,,,,,,,,,,,,,,,,,,,,,,,,,,
citrus fruit,other vegetables,soda,,,,,,,,,,,,,,,,,,,,,,,,,,
pork,other vegetables,frozen vegetables,hygiene articles,,,,,,,,,,,,,,,,,,,,,,,,,
white wine,detergent,,,,,,,,,,,,,,,,,,,,,,,,,,,
whole milk,dessert,bottled water,,,,,,,,,,,,,,,,,,,,,,,,,,
sugar,soda,bottled beer,,,,,,,,,,,,,,,,,,,,,,,,,,
soda,misc. beverages,,,,,,,,,,,,,,,,,,,,,,,,,,,
tropical fruit,other vegetables,yogurt,bottled water,male cosmetics,,,,,,,,,,,,,,,,,,,,,,,,
brown bread,sugar,hygiene articles,,,,,,,,,,,,,,,,,,,,,,,,,,
tropical fruit,root vegetables,coffee,bottled water,red/blush wine,candy,house keeping products,shopping bags,,,,,,,,,,,,,,,,,,,,,
coffee,detergent,hygiene articles,photo/film,,,,,,,,,,,,,,,,,,,,,,,,,
whole milk,,,,,,,,,,,,,,,,,,,,,,,,,,,,
citrus fruit,berries,other vegetables,butter milk,sugar,fruit/vegetable juice,hygiene articles,,,,,,,,,,,,,,,,,,,,,,
hamburger meat,root vegetables,other vegetables,whole milk,rolls/buns,,,,,,,,,,,,,,,,,,,,,,,,
packaged fruit/vegetables,seasonal products,,,,,,,,,,,,,,,,,,,,,,,,,,,
other vegetables,margarine,,,,,,,,,,,,,,,,,,,,,,,,,,,
soda,,,,,,,,,,,,,,,,,,,,,,,,,,,,
white bread,bottled water,soda,waffles,,,,,,,,,,,,,,,,,,,,,,,,,
coffee,chewing gum,chocolate marshmallow,,,,,,,,,,,,,,,,,,,,,,,,,,
pork,pip fruit,whole milk,butter milk,,,,,,,,,,,,,,,,,,,,,,,,,
citrus fruit,bottled water,,,,,,,,,,,,,,,,,,,,,,,,,,,
frankfurter,,,,,,,,,,,,,,,,,,,,,,,,,,,,
frankfurter,rolls/buns,,,,,,,,,,,,,,,,,,,,,,,,,,,
whole milk,,,,,,,,,,,,,,,,,,,,,,,,,,,,
root vegetables,other vegetables,,,,,,,,,,,,,,,,,,,,,,,,,,,
canned beer,,,,,,,,,,,,,,,,,,,,,,,,,,,,
other vegetables,curd,frozen meals,frozen potato products,soda,bottled beer,kitchen towels,candles,,,,,,,,,,,,,,,,,,,,,
sausage,rolls/buns,,,,,,,,,,,,,,,,,,,,,,,,,,,
rolls/buns,coffee,long life bakery product,detergent,shopping bags,,,,,,,,,,,,,,,,,,,,,,,,
frozen vegetables,bottled beer,liquor (appetizer),chewing gum,napkins,newspapers,,,,,,,,,,,,,,,,,,,,,,,
beverages,,,,,,,,,,,,,,,,,,,,,,,,,,,,
hamburger meat,root vegetables,other vegetables,domestic eggs,roll products,oil,margarine,hygiene articles,,,,,,,,,,,,,,,,,,,,,
root vegetables,other vegetables,whole milk,yogurt,fruit/vegetable juice,white wine,,,,,,,,,,,,,,,,,,,,,,,
canned beer,,,,,,,,,,,,,,,,,,,,,,,,,,,,
canned beer,,,,,,,,,,,,,,,,,,,,,,,,,,,,
newspapers,,,,,,,,,,,,,,,,,,,,,,,,,,,,
pip fruit,whole milk,curd,rum,,,,,,,,,,,,,,,,,,,,,,,,,
grapes,root vegetables,frozen vegetables,domestic eggs,white wine,,,,,,,,,,,,,,,,,,,,,,,,
citrus fruit,frozen vegetables,rolls/buns,canned beer,salty snack,,,,,,,,,,,,,,,,,,,,,,,,
chicken,pastry,,,,,,,,,,,,,,,,,,,,,,,,,,,
sausage,dish cleaner,dishes,,,,,,,,,,,,,,,,,,,,,,,,,,
root vegetables,brown bread,,,,,,,,,,,,,,,,,,,,,,,,,,,
rolls/buns,soda,,,,,,,,,,,,,,,,,,,,,,,,,,,
frankfurter,sausage,tropical fruit,root vegetables,whole milk,yogurt,rolls/buns,pastry,candy,,,,,,,,,,,,,,,,,,,,
coffee,long life bakery product,,,,,,,,,,,,,,,,,,,,,,,,,,,
ham,rolls/buns,white wine,,,,,,,,,,,,,,,,,,,,,,,,,,
canned beer,,,,,,,,,,,,,,,,,,,,,,,,,,,,
canned beer,,,,,,,,,,,,,,,,,,,,,,,,,,,,
pip fruit,whole milk,canned fish,,,,,,,,,,,,,,,,,,,,,,,,,,
pork,pip fruit,other vegetables,whole milk,curd,white bread,sugar,bottled water,soda,,,,,,,,,,,,,,,,,,,,
pip fruit,butter,frozen meals,pasta,bottled water,,,,,,,,,,,,,,,,,,,,,,,,
sausage,meat,other vegetables,whole milk,yogurt,rolls/buns,soda,bottled beer,chocolate,newspapers,,,,,,,,,,,,,,,,,,,
tropical fruit,curd,yogurt,rolls/buns,brown bread,bottled water,bottled beer,seasonal products,,,,,,,,,,,,,,,,,,,,,
beef,citrus fruit,curd,rolls/buns,oil,margarine,specialty bar,detergent,newspapers,,,,,,,,,,,,,,,,,,,,
meat,pork,beef,citrus fruit,root vegetables,other vegetables,whole milk,pickled vegetables,,,,,,,,,,,,,,,,,,,,,
meat,hamburger meat,root vegetables,packaged fruit/vegetables,whole milk,butter,newspapers,,,,,,,,,,,,,,,,,,,,,,
bottled water,soda,red/blush wine,long life bakery product,newspapers,,,,,,,,,,,,,,,,,,,,,,,,
rolls/buns,,,,,,,,,,,,,,,,,,,,,,,,,,,,
beef,citrus fruit,berries,brown bread,sugar,coffee,kitchen towels,,,,,,,,,,,,,,,,,,,,,,
rolls/buns,spices,,,,,,,,,,,,,,,,,,,,,,,,,,,
beverages,pastry,bottled water,,,,,,,,,,,,,,,,,,,,,,,,,,
beef,citrus fruit,other vegetables,butter milk,sliced cheese,processed cheese,rolls/buns,margarine,bottled water,fruit/vegetable juice,,,,,,,,,,,,,,,,,,,
beef,citrus fruit,whole milk,domestic eggs,rolls/buns,pastry,roll products,tea,fruit/vegetable juice,,,,,,,,,,,,,,,,,,,,
root vegetables,whole milk,detergent,,,,,,,,,,,,,,,,,,,,,,,,,,
citrus fruit,tropical fruit,grapes,other vegetables,frozen vegetables,pickled vegetables,fruit/vegetable juice,liquor,rum,liquor (appetizer),candy,cling film/bags,,,,,,,,,,,,,,,,,
yogurt,bottled water,,,,,,,,,,,,,,,,,,,,,,,,,,,
tropical fruit,root vegetables,other vegetables,whipped/sour cream,brown bread,canned fish,long life bakery product,,,,,,,,,,,,,,,,,,,,,,
frankfurter,root vegetables,newspapers,,,,,,,,,,,,,,,,,,,,,,,,,,
beef,other vegetables,whole milk,brown bread,pastry,salty snack,abrasive cleaner,shopping bags,,,,,,,,,,,,,,,,,,,,,
shopping bags,,,,,,,,,,,,,,,,,,,,,,,,,,,,
rolls/buns,canned beer,,,,,,,,,,,,,,,,,,,,,,,,,,,
other vegetables,rolls/buns,meat spreads,bottled water,soda,misc. beverages,waffles,chocolate,candy,,,,,,,,,,,,,,,,,,,,
chicken,hamburger meat,herbs,whipped/sour cream,soups,soda,canned beer,dish cleaner,napkins,cling film/bags,,,,,,,,,,,,,,,,,,,
margarine,,,,,,,,,,,,,,,,,,,,,,,,,,,,
tropical fruit,other vegetables,,,,,,,,,,,,,,,,,,,,,,,,,,,
meat,other vegetables,,,,,,,,,,,,,,,,,,,,,,,,,,,
rolls/buns,pastry,newspapers,,,,,,,,,,,,,,,,,,,,,,,,,,
frankfurter,citrus fruit,butter milk,UHT-milk,rolls/buns,female sanitary products,shopping bags,,,,,,,,,,,,,,,,,,,,,,
ham,other vegetables,butter,whipped/sour cream,sugar,soda,,,,,,,,,,,,,,,,,,,,,,,
sausage,onions,curd,yogurt,domestic eggs,coffee,,,,,,,,,,,,,,,,,,,,,,,
domestic eggs,,,,,,,,,,,,,,,,,,,,,,,,,,,,
whole milk,domestic eggs,rolls/buns,soda,,,,,,,,,,,,,,,,,,,,,,,,,
whole milk,hard cheese,chocolate marshmallow,,,,,,,,,,,,,,,,,,,,,,,,,,
curd,butter milk,yogurt,beverages,,,,,,,,,,,,,,,,,,,,,,,,,
bottled water,,,,,,,,,,,,,,,,,,,,,,,,,,,,
sausage,meat,tropical fruit,pip fruit,pastry,sugar,coffee,candles,potted plants,,,,,,,,,,,,,,,,,,,,
pork,whole milk,whipped/sour cream,beverages,,,,,,,,,,,,,,,,,,,,,,,,,
whole milk,sliced cheese,margarine,cat food,detergent,dishes,shopping bags,,,,,,,,,,,,,,,,,,,,,,
beef,whole milk,brown bread,specialty chocolate,newspapers,,,,,,,,,,,,,,,,,,,,,,,,
pip fruit,other vegetables,butter milk,cream cheese,rolls/buns,,,,,,,,,,,,,,,,,,,,,,,,
sausage,whole milk,rolls/buns,coffee,chocolate,,,,,,,,,,,,,,,,,,,,,,,,
pastry,coffee,,,,,,,,,,,,,,,,,,,,,,,,,,,
chicken,beef,specialty chocolate,,,,,,,,,,,,,,,,,,,,,,,,,,
rolls/buns,canned fish,,,,,,,,,,,,,,,,,,,,,,,,,,,
house keeping products,,,,,,,,,,,,,,,,,,,,,,,,,,,,
yogurt,salt,jam,sparkling wine,cleaner,,,,,,,,,,,,,,,,,,,,,,,,
curd,UHT-milk,artif. sweetener,dental care,,,,,,,,,,,,,,,,,,,,,,,,,
pork,UHT-milk,bottled water,soda,canned beer,,,,,,,,,,,,,,,,,,,,,,,,
other vegetables,curd,yogurt,curd cheese,margarine,cleaner,hygiene articles,,,,,,,,,,,,,,,,,,,,,,
rolls/buns,soda,fruit/vegetable juice,canned beer,white wine,long life bakery product,shopping bags,,,,,,,,,,,,,,,,,,,,,,
frankfurter,pip fruit,whole milk,rolls/buns,roll products,,,,,,,,,,,,,,,,,,,,,,,,
yogurt,hygiene articles,newspapers,shopping bags,,,,,,,,,,,,,,,,,,,,,,,,,
rolls/buns,soda,snack products,shopping bags,,,,,,,,,,,,,,,,,,,,,,,,,
whole milk,pastry,bottled water,hygiene articles,,,,,,,,,,,,,,,,,,,,,,,,,
tropical fruit,onions,whole milk,butter,dishes,,,,,,,,,,,,,,,,,,,,,,,,
sausage,turkey,other vegetables,yogurt,brown bread,oil,hygiene articles,shopping bags,,,,,,,,,,,,,,,,,,,,,
sausage,other vegetables,whole milk,curd,hard cheese,soda,candy,newspapers,,,,,,,,,,,,,,,,,,,,,
frankfurter,citrus fruit,pastry,margarine,ready soups,instant coffee,shopping bags,,,,,,,,,,,,,,,,,,,,,,
UHT-milk,frozen dessert,fruit/vegetable juice,decalcifier,newspapers,,,,,,,,,,,,,,,,,,,,,,,,
yogurt,specialty bar,,,,,,,,,,,,,,,,,,,,,,,,,,,
rolls/buns,canned beer,,,,,,,,,,,,,,,,,,,,,,,,,,,
bottled beer,,,,,,,,,,,,,,,,,,,,,,,,,,,,
bottled water,soda,,,,,,,,,,,,,,,,,,,,,,,,,,,
pastry,,,,,,,,,,,,,,,,,,,,,,,,,,,,
domestic eggs,rolls/buns,pastry,coffee,candles,,,,,,,,,,,,,,,,,,,,,,,,
beef,pip fruit,root vegetables,rolls/buns,margarine,,,,,,,,,,,,,,,,,,,,,,,,
whole milk,yogurt,bottled beer,white wine,salty snack,napkins,,,,,,,,,,,,,,,,,,,,,,,
meat,beef,other vegetables,whole milk,butter,domestic eggs,rolls/buns,,,,,,,,,,,,,,,,,,,,,,
onions,whole milk,bottled beer,liquor (appetizer),detergent,dishes,,,,,,,,,,,,,,,,,,,,,,,
frankfurter,grapes,other vegetables,butter milk,UHT-milk,brown bread,margarine,organic products,bottled water,soda,,,,,,,,,,,,,,,,,,,
sausage,bottled beer,liquor (appetizer),,,,,,,,,,,,,,,,,,,,,,,,,,
chicken,onions,herbs,hygiene articles,,,,,,,,,,,,,,,,,,,,,,,,,
frankfurter,rolls/buns,soda,abrasive cleaner,newspapers,flower (seeds),,,,,,,,,,,,,,,,,,,,,,,
sausage,tropical fruit,semi-finished bread,,,,,,,,,,,,,,,,,,,,,,,,,,
beverages,rolls/buns,,,,,,,,,,,,,,,,,,,,,,,,,,,
curd,bottled beer,potted plants,,,,,,,,,,,,,,,,,,,,,,,,,,
other vegetables,,,,,,,,,,,,,,,,,,,,,,,,,,,,
coffee,,,,,,,,,,,,,,,,,,,,,,,,,,,,
berries,other vegetables,whole milk,whipped/sour cream,,,,,,,,,,,,,,,,,,,,,,,,,
pork,beef,whole milk,domestic eggs,bottled water,bottled beer,hygiene articles,,,,,,,,,,,,,,,,,,,,,,
frankfurter,pork,citrus fruit,root vegetables,onions,other vegetables,packaged fruit/vegetables,cat food,bottled water,,,,,,,,,,,,,,,,,,,,
frozen dessert,brandy,,,,,,,,,,,,,,,,,,,,,,,,,,,
pork,root vegetables,whole milk,whipped/sour cream,,,,,,,,,,,,,,,,,,,,,,,,,
rolls/buns,newspapers,,,,,,,,,,,,,,,,,,,,,,,,,,,
grapes,other vegetables,zwieback,Instant food products,dishes,,,,,,,,,,,,,,,,,,,,,,,,
frankfurter,citrus fruit,whipped/sour cream,cream cheese,rolls/buns,baking powder,seasonal products,napkins,,,,,,,,,,,,,,,,,,,,,
finished products,root vegetables,packaged fruit/vegetables,yogurt,specialty cheese,frozen vegetables,ice cream,soda,bottled beer,,,,,,,,,,,,,,,,,,,,
onions,other vegetables,flour,,,,,,,,,,,,,,,,,,,,,,,,,,
tropical fruit,whole milk,rolls/buns,,,,,,,,,,,,,,,,,,,,,,,,,,
other vegetables,cream cheese,tea,chocolate,chocolate marshmallow,,,,,,,,,,,,,,,,,,,,,,,,
curd,,,,,,,,,,,,,,,,,,,,,,,,,,,,
sausage,beef,other vegetables,,,,,,,,,,,,,,,,,,,,,,,,,,
canned beer,liquor (appetizer),chewing gum,,,,,,,,,,,,,,,,,,,,,,,,,,
ham,chicken,citrus fruit,berries,onions,whole milk,curd,yogurt,frozen vegetables,rolls/buns,margarine,soda,liquor (appetizer),cake bar,candy,seasonal products,skin care,,,,,,,,,,,,
packaged fruit/vegetables,whole milk,dessert,yogurt,UHT-milk,margarine,bottled water,long life bakery product,,,,,,,,,,,,,,,,,,,,,
chicken,UHT-milk,rolls/buns,coffee,long life bakery product,house keeping products,,,,,,,,,,,,,,,,,,,,,,,
pet care,bottled water,,,,,,,,,,,,,,,,,,,,,,,,,,,
pastry,,,,,,,,,,,,,,,,,,,,,,,,,,,,
chicken,grapes,whole milk,whipped/sour cream,mayonnaise,,,,,,,,,,,,,,,,,,,,,,,,
frozen dessert,semi-finished bread,,,,,,,,,,,,,,,,,,,,,,,,,,,
root vegetables,onions,other vegetables,packaged fruit/vegetables,whole milk,whipped/sour cream,frozen vegetables,rolls/buns,pasta,soups,baking powder,soda,detergent,,,,,,,,,,,,,,,,
frankfurter,canned beer,,,,,,,,,,,,,,,,,,,,,,,,,,,
root vegetables,whole milk,butter,coffee,,,,,,,,,,,,,,,,,,,,,,,,,
hamburger meat,,,,,,,,,,,,,,,,,,,,,,,,,,,,
frankfurter,pork,beverages,frozen meals,waffles,,,,,,,,,,,,,,,,,,,,,,,,
frankfurter,sausage,frozen fish,margarine,specialty bar,,,,,,,,,,,,,,,,,,,,,,,,
whole milk,pastry,bottled water,newspapers,photo/film,,,,,,,,,,,,,,,,,,,,,,,,
pork,fish,whole milk,butter,curd,yogurt,whipped/sour cream,flour,sugar,,,,,,,,,,,,,,,,,,,,
root vegetables,dessert,yogurt,cream cheese,rice,,,,,,,,,,,,,,,,,,,,,,,,
beef,root vegetables,other vegetables,whole milk,butter,soft cheese,hard cheese,domestic eggs,pasta,coffee,candles,,,,,,,,,,,,,,,,,,
chicken,pork,whole milk,butter,white bread,,,,,,,,,,,,,,,,,,,,,,,,
meat,beef,tropical fruit,pip fruit,other vegetables,whipped/sour cream,soft cheese,frozen meals,margarine,coffee,fruit/vegetable juice,potted plants,,,,,,,,,,,,,,,,,
cream cheese,spread cheese,rolls/buns,,,,,,,,,,,,,,,,,,,,,,,,,,
citrus fruit,tropical fruit,pip fruit,,,,,,,,,,,,,,,,,,,,,,,,,,
frankfurter,beef,tropical fruit,root vegetables,packaged fruit/vegetables,whole milk,frozen vegetables,,,,,,,,,,,,,,,,,,,,,,
citrus fruit,whole milk,,,,,,,,,,,,,,,,,,,,,,,,,,,
newspapers,,,,,,,,,,,,,,,,,,,,,,,,,,,,
yogurt,,,,,,,,,,,,,,,,,,,,,,,,,,,,
frankfurter,soda,,,,,,,,,,,,,,,,,,,,,,,,,,,
nuts/prunes,whole milk,semi-finished bread,jam,soda,potted plants,shopping bags,,,,,,,,,,,,,,,,,,,,,,
whole milk,yogurt,frozen vegetables,coffee,canned beer,napkins,,,,,,,,,,,,,,,,,,,,,,,
other vegetables,whipped/sour cream,,,,,,,,,,,,,,,,,,,,,,,,,,,
sausage,pork,other vegetables,frozen fish,rolls/buns,semi-finished bread,artif. sweetener,ready soups,bottled water,hygiene articles,newspapers,,,,,,,,,,,,,,,,,,
ice cream,rolls/buns,,,,,,,,,,,,,,,,,,,,,,,,,,,
frankfurter,citrus fruit,tropical fruit,rolls/buns,,,,,,,,,,,,,,,,,,,,,,,,,
root vegetables,whole milk,white bread,brown bread,sweet spreads,dog food,brandy,shopping bags,,,,,,,,,,,,,,,,,,,,,
sausage,ham,citrus fruit,tropical fruit,berries,packaged fruit/vegetables,whole milk,whipped/sour cream,sliced cheese,pastry,sugar,baking powder,,,,,,,,,,,,,,,,,
beef,root vegetables,whole milk,cream cheese,,,,,,,,,,,,,,,,,,,,,,,,,
bottled beer,shopping bags,,,,,,,,,,,,,,,,,,,,,,,,,,,
curd,butter milk,yogurt,sliced cheese,coffee,,,,,,,,,,,,,,,,,,,,,,,,
grapes,whole milk,processed cheese,rolls/buns,white bread,fruit/vegetable juice,,,,,,,,,,,,,,,,,,,,,,,
chicken,hamburger meat,UHT-milk,soda,canned beer,bathroom cleaner,newspapers,,,,,,,,,,,,,,,,,,,,,,
chicken,other vegetables,salt,,,,,,,,,,,,,,,,,,,,,,,,,,
fish,cream cheese,coffee,,,,,,,,,,,,,,,,,,,,,,,,,,
canned beer,,,,,,,,,,,,,,,,,,,,,,,,,,,,
other vegetables,whole milk,frozen meals,rolls/buns,brown bread,napkins,,,,,,,,,,,,,,,,,,,,,,,
chicken,pork,whole milk,frozen vegetables,brown bread,vinegar,bottled beer,red/blush wine,newspapers,,,,,,,,,,,,,,,,,,,,
other vegetables,misc. beverages,,,,,,,,,,,,,,,,,,,,,,,,,,,
tropical fruit,whole milk,,,,,,,,,,,,,,,,,,,,,,,,,,,
beef,hamburger meat,berries,pastry,hygiene articles,,,,,,,,,,,,,,,,,,,,,,,,
whole milk,rolls/buns,chocolate,,,,,,,,,,,,,,,,,,,,,,,,,,
rolls/buns,soda,,,,,,,,,,,,,,,,,,,,,,,,,,,
citrus fruit,tropical fruit,pip fruit,other vegetables,,,,,,,,,,,,,,,,,,,,,,,,,
whole milk,sliced cheese,domestic eggs,artif. sweetener,bottled water,soda,shopping bags,,,,,,,,,,,,,,,,,,,,,,
tropical fruit,other vegetables,whole milk,yogurt,soft cheese,hard cheese,spread cheese,curd cheese,frozen vegetables,ice cream,pastry,coffee,fruit/vegetable juice,hygiene articles,,,,,,,,,,,,,,,
sliced cheese,pastry,newspapers,,,,,,,,,,,,,,,,,,,,,,,,,,
ham,citrus fruit,whole milk,dessert,frozen meals,coffee,popcorn,shopping bags,,,,,,,,,,,,,,,,,,,,,
salty snack,,,,,,,,,,,,,,,,,,,,,,,,,,,,
whole milk,curd,cream cheese,flour,coffee,bottled water,misc. beverages,newspapers,,,,,,,,,,,,,,,,,,,,,
curd,roll products,margarine,bottled water,canned beer,white wine,dish cleaner,,,,,,,,,,,,,,,,,,,,,,
pork,citrus fruit,UHT-milk,brown bread,soda,bottled beer,canned beer,long life bakery product,,,,,,,,,,,,,,,,,,,,,
beverages,rolls/buns,soda,misc. beverages,liqueur,cake bar,,,,,,,,,,,,,,,,,,,,,,,
sausage,citrus fruit,whole milk,yogurt,rolls/buns,bottled water,soda,napkins,,,,,,,,,,,,,,,,,,,,,
whole milk,cream cheese,,,,,,,,,,,,,,,,,,,,,,,,,,,
frankfurter,turkey,root vegetables,other vegetables,yogurt,rolls/buns,pastry,ready soups,,,,,,,,,,,,,,,,,,,,,
soda,shopping bags,,,,,,,,,,,,,,,,,,,,,,,,,,,
frankfurter,popcorn,,,,,,,,,,,,,,,,,,,,,,,,,,,
canned beer,,,,,,,,,,,,,,,,,,,,,,,,,,,,
newspapers,,,,,,,,,,,,,,,,,,,,,,,,,,,,
tropical fruit,newspapers,,,,,,,,,,,,,,,,,,,,,,,,,,,
rolls/buns,coffee,instant coffee,salty snack,specialty chocolate,,,,,,,,,,,,,,,,,,,,,,,,
citrus fruit,napkins,shopping bags,,,,,,,,,,,,,,,,,,,,,,,,,,
onions,herbs,bottled beer,,,,,,,,,,,,,,,,,,,,,,,,,,
whole milk,pastry,detergent,candles,,,,,,,,,,,,,,,,,,,,,,,,,
hamburger meat,,,,,,,,,,,,,,,,,,,,,,,,,,,,
other vegetables,whole milk,white bread,chewing gum,,,,,,,,,,,,,,,,,,,,,,,,,
whole milk,rolls/buns,shopping bags,,,,,,,,,,,,,,,,,,,,,,,,,,
pork,tropical fruit,grapes,hard cheese,soda,napkins,shopping bags,,,,,,,,,,,,,,,,,,,,,,
other vegetables,chewing gum,,,,,,,,,,,,,,,,,,,,,,,,,,,
sausage,bottled water,red/blush wine,,,,,,,,,,,,,,,,,,,,,,,,,,
whole milk,frozen meals,newspapers,,,,,,,,,,,,,,,,,,,,,,,,,,
finished products,organic sausage,sliced cheese,white bread,fruit/vegetable juice,,,,,,,,,,,,,,,,,,,,,,,,
ice cream,,,,,,,,,,,,,,,,,,,,,,,,,,,,
tropical fruit,oil,cat food,,,,,,,,,,,,,,,,,,,,,,,,,,
frankfurter,citrus fruit,whole milk,yogurt,sliced cheese,specialty cheese,pastry,fruit/vegetable juice,,,,,,,,,,,,,,,,,,,,,
butter,pasta,canned fish,softener,flower (seeds),,,,,,,,,,,,,,,,,,,,,,,,
citrus fruit,root vegetables,packaged fruit/vegetables,yogurt,sliced cheese,rolls/buns,white bread,brown bread,zwieback,,,,,,,,,,,,,,,,,,,,
bottled beer,liquor,red/blush wine,,,,,,,,,,,,,,,,,,,,,,,,,,
sausage,citrus fruit,berries,other vegetables,whole milk,yogurt,whipped/sour cream,cream cheese,frozen vegetables,domestic eggs,pastry,margarine,soups,canned fish,chocolate,candy,napkins,,,,,,,,,,,,
frankfurter,whole milk,coffee,detergent,,,,,,,,,,,,,,,,,,,,,,,,,
whole milk,newspapers,,,,,,,,,,,,,,,,,,,,,,,,,,,
domestic eggs,hygiene articles,photo/film,flower soil/fertilizer,,,,,,,,,,,,,,,,,,,,,,,,,
packaged fruit/vegetables,dessert,mayonnaise,oil,soda,waffles,chocolate,flower (seeds),shopping bags,,,,,,,,,,,,,,,,,,,,
pork,whole milk,curd,yogurt,whipped/sour cream,cream cheese,domestic eggs,white bread,sugar,baking powder,coffee,cocoa drinks,salty snack,waffles,candy,napkins,,,,,,,,,,,,,
cream cheese,margarine,tea,,,,,,,,,,,,,,,,,,,,,,,,,,
sausage,curd,frozen meals,domestic eggs,cake bar,seasonal products,detergent,cleaner,house keeping products,potted plants,shopping bags,,,,,,,,,,,,,,,,,,
chicken,tropical fruit,pip fruit,root vegetables,other vegetables,whole milk,butter,yogurt,whipped/sour cream,hard cheese,frozen vegetables,frozen fish,domestic eggs,white bread,rice,specialty fat,dog food,bottled water,fruit/vegetable juice,long life bakery product,softener,napkins,cling film/bags,,,,,,
ice cream,,,,,,,,,,,,,,,,,,,,,,,,,,,,
pork,beef,ice cream,rolls/buns,newspapers,,,,,,,,,,,,,,,,,,,,,,,,
whipped/sour cream,cream cheese,bottled water,canned beer,shopping bags,,,,,,,,,,,,,,,,,,,,,,,,
berries,root vegetables,other vegetables,butter,hard cheese,domestic eggs,rolls/buns,fruit/vegetable juice,sparkling wine,hygiene articles,,,,,,,,,,,,,,,,,,,
berries,dessert,whipped/sour cream,white bread,coffee,shopping bags,,,,,,,,,,,,,,,,,,,,,,,
ice cream,long life bakery product,,,,,,,,,,,,,,,,,,,,,,,,,,,
coffee,fruit/vegetable juice,dishes,,,,,,,,,,,,,,,,,,,,,,,,,,
whole milk,butter,pasta,misc. beverages,,,,,,,,,,,,,,,,,,,,,,,,,
whole milk,,,,,,,,,,,,,,,,,,,,,,,,,,,,
pork,citrus fruit,grapes,root vegetables,whole milk,ready soups,potted plants,,,,,,,,,,,,,,,,,,,,,,
turkey,tropical fruit,pip fruit,root vegetables,other vegetables,curd,butter milk,yogurt,curd cheese,rice,vinegar,margarine,,,,,,,,,,,,,,,,,
margarine,newspapers,,,,,,,,,,,,,,,,,,,,,,,,,,,
butter milk,yogurt,,,,,,,,,,,,,,,,,,,,,,,,,,,
pip fruit,whole milk,domestic eggs,bottled water,long life bakery product,,,,,,,,,,,,,,,,,,,,,,,,
chocolate,,,,,,,,,,,,,,,,,,,,,,,,,,,,
frankfurter,chicken,butter milk,margarine,long life bakery product,,,,,,,,,,,,,,,,,,,,,,,,
whole milk,white bread,,,,,,,,,,,,,,,,,,,,,,,,,,,
sausage,root vegetables,domestic eggs,dish cleaner,,,,,,,,,,,,,,,,,,,,,,,,,
grapes,zwieback,soda,waffles,,,,,,,,,,,,,,,,,,,,,,,,,
beef,bottled water,misc. beverages,specialty chocolate,shopping bags,,,,,,,,,,,,,,,,,,,,,,,,
pork,whole milk,rolls/buns,bottled beer,,,,,,,,,,,,,,,,,,,,,,,,,
canned beer,specialty chocolate,candy,shopping bags,,,,,,,,,,,,,,,,,,,,,,,,,
yogurt,margarine,,,,,,,,,,,,,,,,,,,,,,,,,,,
pip fruit,curd,dessert,yogurt,specialty chocolate,specialty bar,newspapers,shopping bags,,,,,,,,,,,,,,,,,,,,,
pork,herbs,other vegetables,yogurt,domestic eggs,specialty bar,dishes,,,,,,,,,,,,,,,,,,,,,,
root vegetables,,,,,,,,,,,,,,,,,,,,,,,,,,,,
canned vegetables,,,,,,,,,,,,,,,,,,,,,,,,,,,,
tropical fruit,whole milk,white bread,brown bread,misc. beverages,bottled beer,,,,,,,,,,,,,,,,,,,,,,,
grapes,yogurt,UHT-milk,soft cheese,rolls/buns,fruit/vegetable juice,candy,dental care,newspapers,shopping bags,,,,,,,,,,,,,,,,,,,
whole milk,pastry,,,,,,,,,,,,,,,,,,,,,,,,,,,
shopping bags,,,,,,,,,,,,,,,,,,,,,,,,,,,,
pork,ice cream,soda,cake bar,,,,,,,,,,,,,,,,,,,,,,,,,
whole milk,frozen vegetables,,,,,,,,,,,,,,,,,,,,,,,,,,,
pork,hamburger meat,pip fruit,grapes,root vegetables,other vegetables,whole milk,yogurt,cream cheese,frozen dessert,sugar,meat spreads,soda,fruit/vegetable juice,,,,,,,,,,,,,,,
whipped/sour cream,,,,,,,,,,,,,,,,,,,,,,,,,,,,
frankfurter,pip fruit,root vegetables,curd,yogurt,UHT-milk,white bread,pastry,instant coffee,waffles,dish cleaner,,,,,,,,,,,,,,,,,,
sausage,grapes,butter,curd,yogurt,whipped/sour cream,beverages,UHT-milk,sliced cheese,processed cheese,rolls/buns,pastry,chocolate,,,,,,,,,,,,,,,,
ham,butter,yogurt,hard cheese,ice cream,domestic eggs,misc. beverages,fruit/vegetable juice,,,,,,,,,,,,,,,,,,,,,
chewing gum,,,,,,,,,,,,,,,,,,,,,,,,,,,,
beef,,,,,,,,,,,,,,,,,,,,,,,,,,,,
beef,tropical fruit,pip fruit,grapes,root vegetables,processed cheese,rolls/buns,white bread,pastry,pasta,specialty vegetables,cat food,soda,misc. beverages,,,,,,,,,,,,,,,
frankfurter,sausage,ham,other vegetables,domestic eggs,rolls/buns,pastry,long life bakery product,specialty bar,chocolate marshmallow,,,,,,,,,,,,,,,,,,,
canned fish,,,,,,,,,,,,,,,,,,,,,,,,,,,,
bottled water,soda,fruit/vegetable juice,long life bakery product,chewing gum,candy,,,,,,,,,,,,,,,,,,,,,,,
specialty cheese,,,,,,,,,,,,,,,,,,,,,,,,,,,,
bottled water,soda,chewing gum,,,,,,,,,,,,,,,,,,,,,,,,,,
chicken,beef,whole milk,curd,brown bread,pastry,sauces,pickled vegetables,bottled water,soda,salty snack,waffles,specialty bar,napkins,light bulbs,,,,,,,,,,,,,,
frankfurter,tropical fruit,dessert,pastry,flour,margarine,sugar,artif. sweetener,sauces,rum,skin care,,,,,,,,,,,,,,,,,,
chicken,tropical fruit,whole milk,condensed milk,soft cheese,processed cheese,domestic eggs,white bread,pastry,semi-finished bread,soda,long life bakery product,waffles,specialty chocolate,napkins,dishes,kitchen towels,shopping bags,,,,,,,,,,,
butter,rolls/buns,pastry,bottled water,canned beer,waffles,,,,,,,,,,,,,,,,,,,,,,,
whipped/sour cream,beverages,liquor (appetizer),,,,,,,,,,,,,,,,,,,,,,,,,,
beef,citrus fruit,other vegetables,whole milk,domestic eggs,rolls/buns,brown bread,coffee,soda,salty snack,shopping bags,,,,,,,,,,,,,,,,,,
sausage,finished products,tropical fruit,pip fruit,other vegetables,butter,curd,dessert,butter milk,yogurt,whipped/sour cream,soft cheese,frozen vegetables,rolls/buns,white bread,brown bread,pastry,pasta,soups,baby food,fruit/vegetable juice,salty snack,waffles,cake bar,chocolate,shopping bags,,,
specialty chocolate,,,,,,,,,,,,,,,,,,,,,,,,,,,,
frankfurter,herbs,yogurt,UHT-milk,mayonnaise,frozen vegetables,margarine,bottled water,soda,salty snack,seasonal products,detergent,potted plants,,,,,,,,,,,,,,,,
pork,,,,,,,,,,,,,,,,,,,,,,,,,,,,
UHT-milk,vinegar,waffles,chocolate,,,,,,,,,,,,,,,,,,,,,,,,,
frankfurter,root vegetables,other vegetables,domestic eggs,rolls/buns,pastry,soups,Instant food products,bottled water,,,,,,,,,,,,,,,,,,,,
ham,chicken,citrus fruit,pip fruit,herbs,other vegetables,butter,napkins,,,,,,,,,,,,,,,,,,,,,
bottled water,canned beer,,,,,,,,,,,,,,,,,,,,,,,,,,,
tropical fruit,pip fruit,other vegetables,cream cheese,soda,bottled beer,,,,,,,,,,,,,,,,,,,,,,,
frankfurter,sausage,UHT-milk,frozen meals,frozen dessert,domestic eggs,rolls/buns,pastry,mustard,coffee,,,,,,,,,,,,,,,,,,,
soda,candy,,,,,,,,,,,,,,,,,,,,,,,,,,,
sausage,root vegetables,rolls/buns,bottled water,white wine,flower (seeds),,,,,,,,,,,,,,,,,,,,,,,
yogurt,sliced cheese,frozen vegetables,frozen meals,pickled vegetables,coffee,instant coffee,,,,,,,,,,,,,,,,,,,,,,
red/blush wine,,,,,,,,,,,,,,,,,,,,,,,,,,,,
whole milk,soda,misc. beverages,shopping bags,,,,,,,,,,,,,,,,,,,,,,,,,
citrus fruit,tropical fruit,pip fruit,grapes,root vegetables,other vegetables,whole milk,curd,dessert,whipped/sour cream,UHT-milk,frozen vegetables,frozen meals,bottled water,fruit/vegetable juice,specialty chocolate,napkins,,,,,,,,,,,,
citrus fruit,other vegetables,butter,soda,bottled beer,canned beer,waffles,chocolate,seasonal products,,,,,,,,,,,,,,,,,,,,
rolls/buns,,,,,,,,,,,,,,,,,,,,,,,,,,,,
tropical fruit,other vegetables,whole milk,curd,whipped/sour cream,bottled beer,,,,,,,,,,,,,,,,,,,,,,,
brown bread,oil,sugar,soda,bottled beer,,,,,,,,,,,,,,,,,,,,,,,,
dessert,,,,,,,,,,,,,,,,,,,,,,,,,,,,
sparkling wine,,,,,,,,,,,,,,,,,,,,,,,,,,,,
other vegetables,yogurt,oil,dental care,,,,,,,,,,,,,,,,,,,,,,,,,
misc. beverages,,,,,,,,,,,,,,,,,,,,,,,,,,,,
dessert,yogurt,UHT-milk,soda,canned beer,light bulbs,,,,,,,,,,,,,,,,,,,,,,,
frankfurter,tropical fruit,cream cheese,rolls/buns,fruit/vegetable juice,kitchen towels,newspapers,,,,,,,,,,,,,,,,,,,,,,
sausage,citrus fruit,pip fruit,yogurt,beverages,sliced cheese,sugar,bottled water,soda,cake bar,,,,,,,,,,,,,,,,,,,
meat,citrus fruit,root vegetables,other vegetables,whipped/sour cream,semi-finished bread,salty snack,,,,,,,,,,,,,,,,,,,,,,
beef,citrus fruit,onions,herbs,other vegetables,whole milk,yogurt,whipped/sour cream,specialty cheese,brown bread,canned vegetables,bottled water,dish cleaner,abrasive cleaner,hygiene articles,,,,,,,,,,,,,,
ham,hamburger meat,onions,other vegetables,processed cheese,frozen vegetables,domestic eggs,rolls/buns,white bread,cookware,shopping bags,,,,,,,,,,,,,,,,,,
yogurt,newspapers,,,,,,,,,,,,,,,,,,,,,,,,,,,
bathroom cleaner,,,,,,,,,,,,,,,,,,,,,,,,,,,,
ham,grapes,spread cheese,ice cream,frozen potato products,white bread,oil,pudding powder,,,,,,,,,,,,,,,,,,,,,
grapes,specialty cheese,pasta,coffee,bottled water,soda,canned beer,brandy,white wine,,,,,,,,,,,,,,,,,,,,
photo/film,,,,,,,,,,,,,,,,,,,,,,,,,,,,
soda,,,,,,,,,,,,,,,,,,,,,,,,,,,,
chewing gum,,,,,,,,,,,,,,,,,,,,,,,,,,,,
root vegetables,sliced cheese,soda,bottled beer,,,,,,,,,,,,,,,,,,,,,,,,,
pork,other vegetables,,,,,,,,,,,,,,,,,,,,,,,,,,,
tropical fruit,other vegetables,soda,candy,shopping bags,,,,,,,,,,,,,,,,,,,,,,,,
grapes,pastry,salty snack,light bulbs,shopping bags,,,,,,,,,,,,,,,,,,,,,,,,
other vegetables,yogurt,processed cheese,ketchup,bottled water,male cosmetics,,,,,,,,,,,,,,,,,,,,,,,
bottled water,potted plants,,,,,,,,,,,,,,,,,,,,,,,,,,,
prosecco,hygiene articles,potted plants,,,,,,,,,,,,,,,,,,,,,,,,,,
bottled water,soda,chewing gum,specialty chocolate,candy,,,,,,,,,,,,,,,,,,,,,,,,
rolls/buns,canned fish,canned beer,,,,,,,,,,,,,,,,,,,,,,,,,,
beef,other vegetables,butter milk,yogurt,whipped/sour cream,cream cheese,white bread,fruit/vegetable juice,bottled beer,chocolate,,,,,,,,,,,,,,,,,,,
sausage,hamburger meat,whole milk,rolls/buns,oil,pickled vegetables,softener,hygiene articles,,,,,,,,,,,,,,,,,,,,,
shopping bags,,,,,,,,,,,,,,,,,,,,,,,,,,,,
canned beer,,,,,,,,,,,,,,,,,,,,,,,,,,,,
yogurt,UHT-milk,rolls/buns,,,,,,,,,,,,,,,,,,,,,,,,,,
rolls/buns,red/blush wine,newspapers,,,,,,,,,,,,,,,,,,,,,,,,,,
whole milk,brown bread,,,,,,,,,,,,,,,,,,,,,,,,,,,
citrus fruit,tropical fruit,grapes,whole milk,brown bread,pastry,,,,,,,,,,,,,,,,,,,,,,,
frankfurter,tropical fruit,butter,whipped/sour cream,frozen vegetables,rolls/buns,sugar,baking powder,bottled water,misc. beverages,long life bakery product,newspapers,,,,,,,,,,,,,,,,,
other vegetables,curd,yogurt,pickled vegetables,bottled water,,,,,,,,,,,,,,,,,,,,,,,,
sausage,whole milk,curd,butter milk,whipped/sour cream,,,,,,,,,,,,,,,,,,,,,,,,
citrus fruit,yogurt,whipped/sour cream,soda,cookware,,,,,,,,,,,,,,,,,,,,,,,,
fruit/vegetable juice,,,,,,,,,,,,,,,,,,,,,,,,,,,,
frankfurter,pip fruit,other vegetables,yogurt,spread cheese,rolls/buns,white bread,pastry,coffee,soda,waffles,hygiene articles,,,,,,,,,,,,,,,,,
beef,hamburger meat,other vegetables,rolls/buns,brown bread,bottled water,soda,bottled beer,canned beer,,,,,,,,,,,,,,,,,,,,
pork,root vegetables,other vegetables,specialty fat,sugar,baking powder,cat food,salty snack,waffles,shopping bags,,,,,,,,,,,,,,,,,,,
condensed milk,bottled water,misc. beverages,bottled beer,bathroom cleaner,,,,,,,,,,,,,,,,,,,,,,,,
chicken,bottled beer,red/blush wine,newspapers,,,,,,,,,,,,,,,,,,,,,,,,,
bottled beer,potted plants,,,,,,,,,,,,,,,,,,,,,,,,,,,
root vegetables,whole milk,yogurt,frozen potato products,,,,,,,,,,,,,,,,,,,,,,,,,
domestic eggs,specialty bar,seasonal products,shopping bags,,,,,,,,,,,,,,,,,,,,,,,,,
bottled water,soda,,,,,,,,,,,,,,,,,,,,,,,,,,,
sausage,mayonnaise,rolls/buns,canned beer,shopping bags,,,,,,,,,,,,,,,,,,,,,,,,
tropical fruit,sliced cheese,domestic eggs,zwieback,,,,,,,,,,,,,,,,,,,,,,,,,
frankfurter,beef,tropical fruit,pip fruit,butter,yogurt,dog food,long life bakery product,cookware,newspapers,,,,,,,,,,,,,,,,,,,
frozen potato products,potted plants,,,,,,,,,,,,,,,,,,,,,,,,,,,
chicken,tropical fruit,pip fruit,root vegetables,herbs,other vegetables,dessert,yogurt,whipped/sour cream,beverages,brown bread,cat food,shopping bags,,,,,,,,,,,,,,,,
tropical fruit,pip fruit,other vegetables,whole milk,napkins,dishes,flower (seeds),,,,,,,,,,,,,,,,,,,,,,
citrus fruit,grapes,rolls/buns,pastry,coffee,soda,,,,,,,,,,,,,,,,,,,,,,,
hamburger meat,pip fruit,whole milk,curd,beverages,brandy,male cosmetics,cookware,shopping bags,,,,,,,,,,,,,,,,,,,,
pork,,,,,,,,,,,,,,,,,,,,,,,,,,,,
rolls/buns,,,,,,,,,,,,,,,,,,,,,,,,,,,,
sausage,tropical fruit,whole milk,yogurt,processed cheese,pastry,margarine,Instant food products,coffee,popcorn,house keeping products,,,,,,,,,,,,,,,,,,
citrus fruit,tropical fruit,whole milk,coffee,,,,,,,,,,,,,,,,,,,,,,,,,
yogurt,softener,,,,,,,,,,,,,,,,,,,,,,,,,,,
turkey,pork,beef,hamburger meat,tropical fruit,root vegetables,onions,other vegetables,whole milk,butter,butter milk,yogurt,rolls/buns,oil,fruit/vegetable juice,waffles,candy,,,,,,,,,,,,
soda,softener,,,,,,,,,,,,,,,,,,,,,,,,,,,
sausage,other vegetables,whole milk,,,,,,,,,,,,,,,,,,,,,,,,,,
Instant food products,,,,,,,,,,,,,,,,,,,,,,,,,,,,
frankfurter,sausage,tropical fruit,whole milk,yogurt,pastry,sugar,bottled water,soda,fruit/vegetable juice,,,,,,,,,,,,,,,,,,,
dessert,UHT-milk,bottled water,soda,canned beer,chewing gum,softener,shopping bags,,,,,,,,,,,,,,,,,,,,,
curd,whipped/sour cream,flour,baking powder,newspapers,,,,,,,,,,,,,,,,,,,,,,,,
chicken,red/blush wine,,,,,,,,,,,,,,,,,,,,,,,,,,,
whipped/sour cream,,,,,,,,,,,,,,,,,,,,,,,,,,,,
frankfurter,ham,root vegetables,onions,whole milk,yogurt,rolls/buns,white bread,brown bread,margarine,,,,,,,,,,,,,,,,,,,
pork,root vegetables,onions,other vegetables,whole milk,napkins,shopping bags,,,,,,,,,,,,,,,,,,,,,,
frankfurter,liver loaf,turkey,UHT-milk,pasta,waffles,chocolate,dental care,dishes,,,,,,,,,,,,,,,,,,,,
soda,,,,,,,,,,,,,,,,,,,,,,,,,,,,
root vegetables,rolls/buns,margarine,soda,bottled beer,,,,,,,,,,,,,,,,,,,,,,,,
whipped/sour cream,beverages,fruit/vegetable juice,chocolate,,,,,,,,,,,,,,,,,,,,,,,,,
whole milk,frozen vegetables,specialty chocolate,,,,,,,,,,,,,,,,,,,,,,,,,,
pork,beef,whole milk,curd,rolls/buns,pastry,,,,,,,,,,,,,,,,,,,,,,,
coffee,shopping bags,,,,,,,,,,,,,,,,,,,,,,,,,,,
citrus fruit,other vegetables,whole milk,yogurt,hard cheese,specialty cheese,rolls/buns,flour,cat food,,,,,,,,,,,,,,,,,,,,
citrus fruit,yogurt,brown bread,pasta,,,,,,,,,,,,,,,,,,,,,,,,,
chicken,whipped/sour cream,coffee,shopping bags,,,,,,,,,,,,,,,,,,,,,,,,,
sausage,meat,chicken,root vegetables,other vegetables,whole milk,salt,salty snack,,,,,,,,,,,,,,,,,,,,,
chicken,pork,root vegetables,onions,packaged fruit/vegetables,butter,hard cheese,salt,bottled water,bottled beer,,,,,,,,,,,,,,,,,,,
herbs,other vegetables,whole milk,butter,white bread,margarine,misc. beverages,hygiene articles,shopping bags,,,,,,,,,,,,,,,,,,,,
grapes,root vegetables,,,,,,,,,,,,,,,,,,,,,,,,,,,
tropical fruit,pip fruit,whole milk,chewing gum,chocolate,,,,,,,,,,,,,,,,,,,,,,,,
frankfurter,meat,tropical fruit,berries,other vegetables,whole milk,whipped/sour cream,domestic eggs,margarine,ketchup,misc. beverages,canned beer,salty snack,,,,,,,,,,,,,,,,
onions,other vegetables,rolls/buns,salt,chocolate,specialty bar,shopping bags,,,,,,,,,,,,,,,,,,,,,,
citrus fruit,other vegetables,soft cheese,rolls/buns,pastry,canned beer,newspapers,,,,,,,,,,,,,,,,,,,,,,
oil,dish cleaner,newspapers,,,,,,,,,,,,,,,,,,,,,,,,,,
canned beer,,,,,,,,,,,,,,,,,,,,,,,,,,,,
newspapers,,,,,,,,,,,,,,,,,,,,,,,,,,,,
pip fruit,root vegetables,other vegetables,whole milk,chewing gum,kitchen towels,,,,,,,,,,,,,,,,,,,,,,,
coffee,,,,,,,,,,,,,,,,,,,,,,,,,,,,
red/blush wine,specialty chocolate,,,,,,,,,,,,,,,,,,,,,,,,,,,
onions,vinegar,pet care,specialty bar,,,,,,,,,,,,,,,,,,,,,,,,,
whole milk,canned fish,soda,bottled beer,hygiene articles,candles,,,,,,,,,,,,,,,,,,,,,,,
dessert,dishes,,,,,,,,,,,,,,,,,,,,,,,,,,,
bottled water,fruit/vegetable juice,bottled beer,prosecco,,,,,,,,,,,,,,,,,,,,,,,,,
tropical fruit,whole milk,hard cheese,rolls/buns,cat food,bottled water,dish cleaner,,,,,,,,,,,,,,,,,,,,,,
soda,fruit/vegetable juice,,,,,,,,,,,,,,,,,,,,,,,,,,,
sausage,yogurt,salty snack,,,,,,,,,,,,,,,,,,,,,,,,,,
root vegetables,whole milk,butter,yogurt,whipped/sour cream,soft cheese,cream cheese,domestic eggs,brown bread,jam,misc. beverages,fruit/vegetable juice,napkins,potted plants,,,,,,,,,,,,,,,
other vegetables,,,,,,,,,,,,,,,,,,,,,,,,,,,,
sausage,pip fruit,root vegetables,bottled beer,abrasive cleaner,light bulbs,,,,,,,,,,,,,,,,,,,,,,,
beverages,bottled water,misc. beverages,,,,,,,,,,,,,,,,,,,,,,,,,,
whole milk,yogurt,chocolate,,,,,,,,,,,,,,,,,,,,,,,,,,
root vegetables,fruit/vegetable juice,long life bakery product,potted plants,,,,,,,,,,,,,,,,,,,,,,,,,
citrus fruit,frozen meals,canned beer,red/blush wine,salty snack,,,,,,,,,,,,,,,,,,,,,,,,
other vegetables,chocolate,,,,,,,,,,,,,,,,,,,,,,,,,,,
whole milk,white bread,pastry,,,,,,,,,,,,,,,,,,,,,,,,,,
zwieback,oil,mustard,chocolate,,,,,,,,,,,,,,,,,,,,,,,,,
chicken,other vegetables,whole milk,domestic eggs,pastry,canned beer,,,,,,,,,,,,,,,,,,,,,,,
ham,dessert,frozen meals,frozen dessert,white bread,sweet spreads,soda,long life bakery product,specialty bar,hygiene articles,newspapers,shopping bags,,,,,,,,,,,,,,,,,
citrus fruit,misc. beverages,liquor,cling film/bags,,,,,,,,,,,,,,,,,,,,,,,,,
frankfurter,packaged fruit/vegetables,brown bread,margarine,waffles,,,,,,,,,,,,,,,,,,,,,,,,
chicken,tropical fruit,candy,shopping bags,,,,,,,,,,,,,,,,,,,,,,,,,
frankfurter,bottled beer,,,,,,,,,,,,,,,,,,,,,,,,,,,
bottled beer,,,,,,,,,,,,,,,,,,,,,,,,,,,,
chicken,whole milk,,,,,,,,,,,,,,,,,,,,,,,,,,,
sausage,meat,grapes,other vegetables,yogurt,soft cheese,domestic eggs,rolls/buns,margarine,soda,chocolate,,,,,,,,,,,,,,,,,,
canned beer,,,,,,,,,,,,,,,,,,,,,,,,,,,,
yogurt,chocolate,,,,,,,,,,,,,,,,,,,,,,,,,,,
frozen meals,pet care,soda,,,,,,,,,,,,,,,,,,,,,,,,,,
yogurt,pastry,semi-finished bread,soda,shopping bags,,,,,,,,,,,,,,,,,,,,,,,,
root vegetables,butter,frozen vegetables,salty snack,,,,,,,,,,,,,,,,,,,,,,,,,
frankfurter,sausage,whole milk,butter,dessert,pastry,fruit/vegetable juice,,,,,,,,,,,,,,,,,,,,,,
yogurt,sugar,instant coffee,,,,,,,,,,,,,,,,,,,,,,,,,,
yogurt,rolls/buns,pastry,soda,,,,,,,,,,,,,,,,,,,,,,,,,
citrus fruit,pip fruit,grapes,berries,soft cheese,rolls/buns,oil,shopping bags,,,,,,,,,,,,,,,,,,,,,
beef,root vegetables,whole milk,butter milk,yogurt,beverages,cream cheese,sweet spreads,soda,chocolate,,,,,,,,,,,,,,,,,,,
dessert,misc. beverages,,,,,,,,,,,,,,,,,,,,,,,,,,,
curd,jam,shopping bags,,,,,,,,,,,,,,,,,,,,,,,,,,
sausage,domestic eggs,coffee,soda,,,,,,,,,,,,,,,,,,,,,,,,,
frankfurter,pork,specialty fat,specialty bar,,,,,,,,,,,,,,,,,,,,,,,,,
finished products,beef,tropical fruit,spread cheese,rolls/buns,waffles,chocolate,specialty chocolate,hair spray,shopping bags,,,,,,,,,,,,,,,,,,,
oil,,,,,,,,,,,,,,,,,,,,,,,,,,,,
curd,,,,,,,,,,,,,,,,,,,,,,,,,,,,
sausage,other vegetables,sliced cheese,rolls/buns,coffee,soda,shopping bags,,,,,,,,,,,,,,,,,,,,,,
whole milk,sugar,pudding powder,,,,,,,,,,,,,,,,,,,,,,,,,,
soda,,,,,,,,,,,,,,,,,,,,,,,,,,,,
whole milk,bottled water,soda,canned beer,,,,,,,,,,,,,,,,,,,,,,,,,
root vegetables,whole milk,brown bread,brandy,detergent,dish cleaner,female sanitary products,napkins,shopping bags,,,,,,,,,,,,,,,,,,,,
sugar,,,,,,,,,,,,,,,,,,,,,,,,,,,,
cream cheese,dishes,,,,,,,,,,,,,,,,,,,,,,,,,,,
other vegetables,misc. beverages,long life bakery product,chocolate,candy,shopping bags,,,,,,,,,,,,,,,,,,,,,,,
frozen fruits,detergent,,,,,,,,,,,,,,,,,,,,,,,,,,,
pork,beef,other vegetables,yogurt,shopping bags,,,,,,,,,,,,,,,,,,,,,,,,
whole milk,soda,,,,,,,,,,,,,,,,,,,,,,,,,,,
canned beer,,,,,,,,,,,,,,,,,,,,,,,,,,,,
chicken,whole milk,,,,,,,,,,,,,,,,,,,,,,,,,,,
pip fruit,,,,,,,,,,,,,,,,,,,,,,,,,,,,
oil,,,,,,,,,,,,,,,,,,,,,,,,,,,,
whole milk,shopping bags,,,,,,,,,,,,,,,,,,,,,,,,,,,
pip fruit,root vegetables,whole milk,rolls/buns,pastry,coffee,chocolate,,,,,,,,,,,,,,,,,,,,,,
ham,whole milk,curd,dessert,,,,,,,,,,,,,,,,,,,,,,,,,
oil,female sanitary products,cling film/bags,,,,,,,,,,,,,,,,,,,,,,,,,,
tropical fruit,pip fruit,grapes,ice cream,frozen potato products,rolls/buns,pastry,soda,misc. beverages,salty snack,long life bakery product,chewing gum,specialty bar,napkins,photo/film,,,,,,,,,,,,,,
UHT-milk,coffee,,,,,,,,,,,,,,,,,,,,,,,,,,,
grapes,root vegetables,whole milk,butter,whipped/sour cream,condensed milk,roll products,oil,bottled water,fruit/vegetable juice,,,,,,,,,,,,,,,,,,,
liver loaf,tropical fruit,pip fruit,grapes,whole milk,curd,whipped/sour cream,frozen vegetables,baking powder,,,,,,,,,,,,,,,,,,,,
root vegetables,whole milk,butter,domestic eggs,flour,oil,sugar,baking powder,white wine,specialty chocolate,shopping bags,,,,,,,,,,,,,,,,,,
herbs,curd,roll products,vinegar,canned beer,newspapers,,,,,,,,,,,,,,,,,,,,,,,
pastry,sugar,bottled beer,long life bakery product,shopping bags,,,,,,,,,,,,,,,,,,,,,,,,
beverages,soda,chocolate,,,,,,,,,,,,,,,,,,,,,,,,,,
UHT-milk,,,,,,,,,,,,,,,,,,,,,,,,,,,,
sausage,whole milk,brown bread,pastry,,,,,,,,,,,,,,,,,,,,,,,,,
canned beer,,,,,,,,,,,,,,,,,,,,,,,,,,,,
canned beer,,,,,,,,,,,,,,,,,,,,,,,,,,,,
citrus fruit,tropical fruit,berries,yogurt,cream cheese,brown bread,meat spreads,,,,,,,,,,,,,,,,,,,,,,
yogurt,,,,,,,,,,,,,,,,,,,,,,,,,,,,
tropical fruit,frozen vegetables,,,,,,,,,,,,,,,,,,,,,,,,,,,
citrus fruit,other vegetables,whole milk,butter,frozen vegetables,rolls/buns,brown bread,fruit/vegetable juice,cleaner,,,,,,,,,,,,,,,,,,,,
canned beer,,,,,,,,,,,,,,,,,,,,,,,,,,,,
soda,fruit/vegetable juice,,,,,,,,,,,,,,,,,,,,,,,,,,,
tropical fruit,whole milk,,,,,,,,,,,,,,,,,,,,,,,,,,,
coffee,soda,bottled beer,liquor (appetizer),bathroom cleaner,,,,,,,,,,,,,,,,,,,,,,,,
ham,other vegetables,whole milk,frozen vegetables,,,,,,,,,,,,,,,,,,,,,,,,,
whipped/sour cream,,,,,,,,,,,,,,,,,,,,,,,,,,,,
citrus fruit,tropical fruit,whole milk,rolls/buns,bottled water,long life bakery product,decalcifier,newspapers,,,,,,,,,,,,,,,,,,,,,
canned beer,,,,,,,,,,,,,,,,,,,,,,,,,,,,
rolls/buns,soda,,,,,,,,,,,,,,,,,,,,,,,,,,,
sausage,rolls/buns,,,,,,,,,,,,,,,,,,,,,,,,,,,
citrus fruit,coffee,,,,,,,,,,,,,,,,,,,,,,,,,,,
spices,,,,,,,,,,,,,,,,,,,,,,,,,,,,
sausage,hamburger meat,citrus fruit,root vegetables,whole milk,yogurt,rolls/buns,,,,,,,,,,,,,,,,,,,,,,
sausage,condensed milk,rolls/buns,coffee,,,,,,,,,,,,,,,,,,,,,,,,,
beef,other vegetables,margarine,candles,,,,,,,,,,,,,,,,,,,,,,,,,
canned beer,salty snack,shopping bags,,,,,,,,,,,,,,,,,,,,,,,,,,
canned beer,,,,,,,,,,,,,,,,,,,,,,,,,,,,
whole milk,beverages,bottled water,newspapers,,,,,,,,,,,,,,,,,,,,,,,,,
hamburger meat,citrus fruit,tropical fruit,rolls/buns,rice,coffee,,,,,,,,,,,,,,,,,,,,,,,
napkins,dishes,,,,,,,,,,,,,,,,,,,,,,,,,,,
chicken,other vegetables,whole milk,curd,UHT-milk,rolls/buns,newspapers,,,,,,,,,,,,,,,,,,,,,,
meat,whole milk,frozen potato products,margarine,soda,detergent,,,,,,,,,,,,,,,,,,,,,,,
butter,yogurt,rolls/buns,jam,soda,,,,,,,,,,,,,,,,,,,,,,,,
sausage,fish,other vegetables,brown bread,shopping bags,,,,,,,,,,,,,,,,,,,,,,,,
rolls/buns,,,,,,,,,,,,,,,,,,,,,,,,,,,,
frankfurter,whole milk,,,,,,,,,,,,,,,,,,,,,,,,,,,
newspapers,,,,,,,,,,,,,,,,,,,,,,,,,,,,
turkey,citrus fruit,tropical fruit,grapes,root vegetables,onions,other vegetables,rolls/buns,brown bread,pastry,pickled vegetables,jam,cat food,fruit/vegetable juice,napkins,,,,,,,,,,,,,,
whole milk,curd,ice cream,Instant food products,canned fish,newspapers,,,,,,,,,,,,,,,,,,,,,,,
whipped/sour cream,flower (seeds),,,,,,,,,,,,,,,,,,,,,,,,,,,
frozen vegetables,brown bread,,,,,,,,,,,,,,,,,,,,,,,,,,,
citrus fruit,whole milk,domestic eggs,canned fruit,dog food,misc. beverages,detergent,,,,,,,,,,,,,,,,,,,,,,
other vegetables,butter,pastry,napkins,dishes,,,,,,,,,,,,,,,,,,,,,,,,
frankfurter,brown bread,sugar,,,,,,,,,,,,,,,,,,,,,,,,,,
rolls/buns,canned fish,soda,,,,,,,,,,,,,,,,,,,,,,,,,,
bottled beer,,,,,,,,,,,,,,,,,,,,,,,,,,,,
waffles,,,,,,,,,,,,,,,,,,,,,,,,,,,,
canned beer,,,,,,,,,,,,,,,,,,,,,,,,,,,,
meat,onions,other vegetables,chewing gum,dishes,,,,,,,,,,,,,,,,,,,,,,,,
whole milk,frozen vegetables,fruit/vegetable juice,long life bakery product,,,,,,,,,,,,,,,,,,,,,,,,,
liver loaf,beef,pip fruit,packaged fruit/vegetables,whole milk,pastry,margarine,,,,,,,,,,,,,,,,,,,,,,
chicken,whole milk,rolls/buns,flour,salt,vinegar,sugar,,,,,,,,,,,,,,,,,,,,,,
frankfurter,ham,citrus fruit,other vegetables,,,,,,,,,,,,,,,,,,,,,,,,,
pip fruit,yogurt,sliced cheese,,,,,,,,,,,,,,,,,,,,,,,,,,
other vegetables,whipped/sour cream,condensed milk,salt,,,,,,,,,,,,,,,,,,,,,,,,,
processed cheese,red/blush wine,newspapers,,,,,,,,,,,,,,,,,,,,,,,,,,
napkins,,,,,,,,,,,,,,,,,,,,,,,,,,,,
meat,whole milk,whipped/sour cream,oil,pickled vegetables,long life bakery product,napkins,,,,,,,,,,,,,,,,,,,,,,
pip fruit,root vegetables,whole milk,ice cream,bottled beer,detergent,,,,,,,,,,,,,,,,,,,,,,,
frozen vegetables,,,,,,,,,,,,,,,,,,,,,,,,,,,,
other vegetables,yogurt,whipped/sour cream,soda,bottled beer,salty snack,,,,,,,,,,,,,,,,,,,,,,,
frankfurter,frozen dessert,white wine,chewing gum,shopping bags,,,,,,,,,,,,,,,,,,,,,,,,
tropical fruit,bottled water,chewing gum,,,,,,,,,,,,,,,,,,,,,,,,,,
whole milk,yogurt,whipped/sour cream,soft cheese,candy,,,,,,,,,,,,,,,,,,,,,,,,
citrus fruit,tropical fruit,root vegetables,yogurt,roll products,margarine,sugar,bottled water,napkins,house keeping products,,,,,,,,,,,,,,,,,,,
frankfurter,yogurt,beverages,brown bread,specialty chocolate,candy,,,,,,,,,,,,,,,,,,,,,,,
sausage,cream,cream cheese,canned beer,,,,,,,,,,,,,,,,,,,,,,,,,
sausage,fish,UHT-milk,,,,,,,,,,,,,,,,,,,,,,,,,,
yogurt,chocolate,,,,,,,,,,,,,,,,,,,,,,,,,,,
pork,other vegetables,specialty fat,,,,,,,,,,,,,,,,,,,,,,,,,,
curd,mustard,canned beer,,,,,,,,,,,,,,,,,,,,,,,,,,
liver loaf,organic sausage,pastry,fruit/vegetable juice,candles,,,,,,,,,,,,,,,,,,,,,,,,
specialty bar,,,,,,,,,,,,,,,,,,,,,,,,,,,,
pastry,soda,,,,,,,,,,,,,,,,,,,,,,,,,,,
pork,beef,citrus fruit,root vegetables,other vegetables,whole milk,rolls/buns,flour,pasta,oil,waffles,seasonal products,female sanitary products,,,,,,,,,,,,,,,,
curd,bottled water,photo/film,,,,,,,,,,,,,,,,,,,,,,,,,,
beef,citrus fruit,root vegetables,butter,yogurt,whipped/sour cream,frozen meals,pasta,oil,fruit/vegetable juice,waffles,dishes,cookware,,,,,,,,,,,,,,,,
yogurt,bottled water,male cosmetics,,,,,,,,,,,,,,,,,,,,,,,,,,
chicken,other vegetables,whole milk,curd,ice cream,rolls/buns,sugar,soda,napkins,potted plants,,,,,,,,,,,,,,,,,,,
pip fruit,sweet spreads,coffee,napkins,dishes,,,,,,,,,,,,,,,,,,,,,,,,
coffee,chocolate,,,,,,,,,,,,,,,,,,,,,,,,,,,
tropical fruit,berries,yogurt,soda,red/blush wine,,,,,,,,,,,,,,,,,,,,,,,,
yogurt,condensed milk,rolls/buns,pickled vegetables,bottled water,brandy,,,,,,,,,,,,,,,,,,,,,,,
other vegetables,rolls/buns,canned fish,,,,,,,,,,,,,,,,,,,,,,,,,,
chicken,citrus fruit,onions,bottled water,,,,,,,,,,,,,,,,,,,,,,,,,
pork,onions,rolls/buns,margarine,canned vegetables,soda,salty snack,house keeping products,,,,,,,,,,,,,,,,,,,,,
ham,tropical fruit,pip fruit,other vegetables,whole milk,processed cheese,frozen vegetables,brown bread,soda,shopping bags,,,,,,,,,,,,,,,,,,,
whole milk,rolls/buns,,,,,,,,,,,,,,,,,,,,,,,,,,,
tropical fruit,soft cheese,rolls/buns,chocolate,,,,,,,,,,,,,,,,,,,,,,,,,
tropical fruit,pip fruit,brown bread,,,,,,,,,,,,,,,,,,,,,,,,,,
sausage,hamburger meat,tropical fruit,root vegetables,whole milk,UHT-milk,domestic eggs,rolls/buns,semi-finished bread,margarine,pickled vegetables,soda,fruit/vegetable juice,,,,,,,,,,,,,,,,
bottled beer,,,,,,,,,,,,,,,,,,,,,,,,,,,,
turkey,tropical fruit,yogurt,UHT-milk,brown bread,pastry,,,,,,,,,,,,,,,,,,,,,,,
meat,rolls/buns,specialty chocolate,,,,,,,,,,,,,,,,,,,,,,,,,,
dessert,UHT-milk,rolls/buns,pastry,canned beer,,,,,,,,,,,,,,,,,,,,,,,,
sausage,other vegetables,sliced cheese,mustard,fruit/vegetable juice,,,,,,,,,,,,,,,,,,,,,,,,
rolls/buns,soda,canned beer,waffles,shopping bags,,,,,,,,,,,,,,,,,,,,,,,,
misc. beverages,chocolate,,,,,,,,,,,,,,,,,,,,,,,,,,,
pastry,long life bakery product,,,,,,,,,,,,,,,,,,,,,,,,,,,
soda,fruit/vegetable juice,,,,,,,,,,,,,,,,,,,,,,,,,,,
whole milk,,,,,,,,,,,,,,,,,,,,,,,,,,,,
pip fruit,,,,,,,,,,,,,,,,,,,,,,,,,,,,
yogurt,UHT-milk,domestic eggs,rolls/buns,,,,,,,,,,,,,,,,,,,,,,,,,
frankfurter,pork,pip fruit,,,,,,,,,,,,,,,,,,,,,,,,,,
sausage,white bread,bottled beer,,,,,,,,,,,,,,,,,,,,,,,,,,
oil,,,,,,,,,,,,,,,,,,,,,,,,,,,,
napkins,,,,,,,,,,,,,,,,,,,,,,,,,,,,
tropical fruit,newspapers,,,,,,,,,,,,,,,,,,,,,,,,,,,
bottled beer,,,,,,,,,,,,,,,,,,,,,,,,,,,,
pastry,,,,,,,,,,,,,,,,,,,,,,,,,,,,
whole milk,dessert,,,,,,,,,,,,,,,,,,,,,,,,,,,
root vegetables,other vegetables,whole milk,yogurt,rolls/buns,chewing gum,candles,,,,,,,,,,,,,,,,,,,,,,
canned beer,,,,,,,,,,,,,,,,,,,,,,,,,,,,
sausage,,,,,,,,,,,,,,,,,,,,,,,,,,,,
tropical fruit,other vegetables,yogurt,spread cheese,soda,,,,,,,,,,,,,,,,,,,,,,,,
frankfurter,pip fruit,other vegetables,whole milk,,,,,,,,,,,,,,,,,,,,,,,,,
sausage,other vegetables,newspapers,shopping bags,,,,,,,,,,,,,,,,,,,,,,,,,
whole milk,rolls/buns,,,,,,,,,,,,,,,,,,,,,,,,,,,
ham,pip fruit,herbs,other vegetables,butter,rolls/buns,white bread,oil,canned fish,soda,,,,,,,,,,,,,,,,,,,
whole milk,yogurt,beverages,mustard,bottled water,newspapers,,,,,,,,,,,,,,,,,,,,,,,
curd,yogurt,mayonnaise,brown bread,margarine,sugar,ketchup,dish cleaner,cling film/bags,,,,,,,,,,,,,,,,,,,,
pork,other vegetables,,,,,,,,,,,,,,,,,,,,,,,,,,,
pork,onions,shopping bags,,,,,,,,,,,,,,,,,,,,,,,,,,
rolls/buns,,,,,,,,,,,,,,,,,,,,,,,,,,,,
citrus fruit,other vegetables,whole milk,margarine,bottled beer,newspapers,,,,,,,,,,,,,,,,,,,,,,,
frankfurter,pip fruit,rolls/buns,bottled water,,,,,,,,,,,,,,,,,,,,,,,,,
sausage,citrus fruit,tropical fruit,whole milk,bottled water,specialty bar,detergent,newspapers,,,,,,,,,,,,,,,,,,,,,
sausage,rolls/buns,soda,specialty bar,,,,,,,,,,,,,,,,,,,,,,,,,
sliced cheese,rolls/buns,margarine,soda,shopping bags,,,,,,,,,,,,,,,,,,,,,,,,
candy,,,,,,,,,,,,,,,,,,,,,,,,,,,,
hamburger meat,pip fruit,other vegetables,butter,cream cheese,mayonnaise,domestic eggs,pastry,rice,margarine,canned fruit,canned fish,coffee,tea,candles,,,,,,,,,,,,,,
other vegetables,whole milk,curd,spread cheese,curd cheese,rolls/buns,brown bread,Instant food products,coffee,,,,,,,,,,,,,,,,,,,,
ham,beef,other vegetables,newspapers,,,,,,,,,,,,,,,,,,,,,,,,,
butter,bottled beer,liquor,,,,,,,,,,,,,,,,,,,,,,,,,,
beef,root vegetables,margarine,bottled water,soda,,,,,,,,,,,,,,,,,,,,,,,,
meat,citrus fruit,other vegetables,canned beer,,,,,,,,,,,,,,,,,,,,,,,,,
whole milk,curd,mayonnaise,pastry,flour,canned fish,waffles,,,,,,,,,,,,,,,,,,,,,,
sausage,other vegetables,,,,,,,,,,,,,,,,,,,,,,,,,,,
rolls/buns,soda,,,,,,,,,,,,,,,,,,,,,,,,,,,
sausage,root vegetables,whole milk,butter,misc. beverages,,,,,,,,,,,,,,,,,,,,,,,,
meat,pork,onions,salad dressing,domestic eggs,white bread,flour,salt,bottled beer,,,,,,,,,,,,,,,,,,,,
sausage,whole milk,yogurt,pastry,pudding powder,bottled water,soda,bottled beer,canned beer,male cosmetics,flower (seeds),,,,,,,,,,,,,,,,,,
citrus fruit,,,,,,,,,,,,,,,,,,,,,,,,,,,,
berries,other vegetables,butter milk,yogurt,sliced cheese,rolls/buns,soda,,,,,,,,,,,,,,,,,,,,,,
frozen meals,oil,bottled water,bottled beer,flower (seeds),,,,,,,,,,,,,,,,,,,,,,,,
rolls/buns,,,,,,,,,,,,,,,,,,,,,,,,,,,,
frankfurter,rolls/buns,fruit/vegetable juice,,,,,,,,,,,,,,,,,,,,,,,,,,
grapes,whole milk,baking powder,candles,photo/film,,,,,,,,,,,,,,,,,,,,,,,,
bottled beer,liquor,red/blush wine,,,,,,,,,,,,,,,,,,,,,,,,,,
fruit/vegetable juice,nut snack,,,,,,,,,,,,,,,,,,,,,,,,,,,
other vegetables,domestic eggs,,,,,,,,,,,,,,,,,,,,,,,,,,,
tropical fruit,whole milk,sliced cheese,mayonnaise,rolls/buns,mustard,,,,,,,,,,,,,,,,,,,,,,,
canned beer,,,,,,,,,,,,,,,,,,,,,,,,,,,,
bags,,,,,,,,,,,,,,,,,,,,,,,,,,,,
rolls/buns,,,,,,,,,,,,,,,,,,,,,,,,,,,,
butter,domestic eggs,pasta,fruit/vegetable juice,newspapers,,,,,,,,,,,,,,,,,,,,,,,,
canned beer,,,,,,,,,,,,,,,,,,,,,,,,,,,,
coffee,,,,,,,,,,,,,,,,,,,,,,,,,,,,
spread cheese,pastry,,,,,,,,,,,,,,,,,,,,,,,,,,,
citrus fruit,tropical fruit,other vegetables,potted plants,,,,,,,,,,,,,,,,,,,,,,,,,
canned beer,,,,,,,,,,,,,,,,,,,,,,,,,,,,
rolls/buns,soda,,,,,,,,,,,,,,,,,,,,,,,,,,,
pip fruit,roll products,potted plants,,,,,,,,,,,,,,,,,,,,,,,,,,
pip fruit,,,,,,,,,,,,,,,,,,,,,,,,,,,,
whole milk,baking powder,bottled water,soda,cooking chocolate,candles,,,,,,,,,,,,,,,,,,,,,,,
chocolate,,,,,,,,,,,,,,,,,,,,,,,,,,,,
sausage,whole milk,rolls/buns,canned beer,,,,,,,,,,,,,,,,,,,,,,,,,
pip fruit,whole milk,,,,,,,,,,,,,,,,,,,,,,,,,,,
dessert,sliced cheese,hard cheese,white bread,brown bread,,,,,,,,,,,,,,,,,,,,,,,,
frankfurter,,,,,,,,,,,,,,,,,,,,,,,,,,,,
citrus fruit,other vegetables,butter,candy,,,,,,,,,,,,,,,,,,,,,,,,,
citrus fruit,UHT-milk,napkins,,,,,,,,,,,,,,,,,,,,,,,,,,
canned beer,,,,,,,,,,,,,,,,,,,,,,,,,,,,
tropical fruit,pastry,soda,,,,,,,,,,,,,,,,,,,,,,,,,,
whole milk,,,,,,,,,,,,,,,,,,,,,,,,,,,,
sausage,specialty cheese,misc. beverages,bottled beer,,,,,,,,,,,,,,,,,,,,,,,,,
pork,white bread,pastry,shopping bags,,,,,,,,,,,,,,,,,,,,,,,,,
sausage,whole milk,dessert,spices,bottled beer,,,,,,,,,,,,,,,,,,,,,,,,
soda,,,,,,,,,,,,,,,,,,,,,,,,,,,,
tropical fruit,grapes,whole milk,canned fish,bottled water,fruit/vegetable juice,,,,,,,,,,,,,,,,,,,,,,,
pip fruit,whole milk,,,,,,,,,,,,,,,,,,,,,,,,,,,
whipped/sour cream,baking powder,,,,,,,,,,,,,,,,,,,,,,,,,,,
finished products,tropical fruit,bottled water,popcorn,shopping bags,,,,,,,,,,,,,,,,,,,,,,,,
white wine,,,,,,,,,,,,,,,,,,,,,,,,,,,,
sausage,meat,pip fruit,other vegetables,yogurt,rolls/buns,brown bread,bottled water,soda,fruit/vegetable juice,newspapers,,,,,,,,,,,,,,,,,,
tropical fruit,pip fruit,root vegetables,whole milk,yogurt,rolls/buns,sweet spreads,cat food,pet care,hygiene articles,shopping bags,,,,,,,,,,,,,,,,,,
soda,house keeping products,,,,,,,,,,,,,,,,,,,,,,,,,,,
whole milk,,,,,,,,,,,,,,,,,,,,,,,,,,,,
cookware,,,,,,,,,,,,,,,,,,,,,,,,,,,,
frozen vegetables,sugar,coffee,,,,,,,,,,,,,,,,,,,,,,,,,,
chicken,dessert,yogurt,frozen vegetables,domestic eggs,salt,pasta,specialty fat,bottled water,newspapers,,,,,,,,,,,,,,,,,,,
frankfurter,root vegetables,whole milk,butter milk,whipped/sour cream,rolls/buns,pastry,vinegar,coffee,bottled water,dish cleaner,female sanitary products,,,,,,,,,,,,,,,,,
tropical fruit,yogurt,processed cheese,rolls/buns,bottled water,soda,misc. beverages,female sanitary products,,,,,,,,,,,,,,,,,,,,,
root vegetables,whole milk,domestic eggs,,,,,,,,,,,,,,,,,,,,,,,,,,
hamburger meat,,,,,,,,,,,,,,,,,,,,,,,,,,,,
whole milk,,,,,,,,,,,,,,,,,,,,,,,,,,,,
whole milk,dessert,rolls/buns,pastry,newspapers,,,,,,,,,,,,,,,,,,,,,,,,
hamburger meat,citrus fruit,butter,frozen vegetables,pasta,sweet spreads,coffee,,,,,,,,,,,,,,,,,,,,,,
whole milk,butter,yogurt,frozen meals,bottled water,bottled beer,canned beer,chocolate,flower (seeds),,,,,,,,,,,,,,,,,,,,
citrus fruit,root vegetables,other vegetables,salt,bottled water,chewing gum,,,,,,,,,,,,,,,,,,,,,,,
pip fruit,coffee,,,,,,,,,,,,,,,,,,,,,,,,,,,
root vegetables,butter milk,frozen vegetables,pastry,dish cleaner,hygiene articles,napkins,,,,,,,,,,,,,,,,,,,,,,
tropical fruit,grapes,oil,canned vegetables,tea,fruit/vegetable juice,snack products,,,,,,,,,,,,,,,,,,,,,,
canned beer,shopping bags,,,,,,,,,,,,,,,,,,,,,,,,,,,
tropical fruit,pip fruit,whole milk,curd,yogurt,frozen meals,,,,,,,,,,,,,,,,,,,,,,,
butter milk,,,,,,,,,,,,,,,,,,,,,,,,,,,,
root vegetables,,,,,,,,,,,,,,,,,,,,,,,,,,,,
pork,whole milk,margarine,,,,,,,,,,,,,,,,,,,,,,,,,,
pip fruit,yogurt,ice cream,soda,,,,,,,,,,,,,,,,,,,,,,,,,
pork,pip fruit,other vegetables,whole milk,yogurt,frozen fish,flour,sugar,baking powder,long life bakery product,chewing gum,,,,,,,,,,,,,,,,,,
pip fruit,napkins,,,,,,,,,,,,,,,,,,,,,,,,,,,
rolls/buns,,,,,,,,,,,,,,,,,,,,,,,,,,,,
meat,organic sausage,whole milk,butter,UHT-milk,frozen vegetables,pickled vegetables,cat food,female sanitary products,,,,,,,,,,,,,,,,,,,,
root vegetables,red/blush wine,,,,,,,,,,,,,,,,,,,,,,,,,,,
butter,white wine,,,,,,,,,,,,,,,,,,,,,,,,,,,
sauces,red/blush wine,dish cleaner,,,,,,,,,,,,,,,,,,,,,,,,,,
rolls/buns,fruit/vegetable juice,,,,,,,,,,,,,,,,,,,,,,,,,,,
tropical fruit,rolls/buns,,,,,,,,,,,,,,,,,,,,,,,,,,,
tropical fruit,whole milk,cream cheese,frozen vegetables,rolls/buns,chocolate,candy,potted plants,,,,,,,,,,,,,,,,,,,,,
whole milk,pastry,,,,,,,,,,,,,,,,,,,,,,,,,,,
whole milk,,,,,,,,,,,,,,,,,,,,,,,,,,,,
root vegetables,other vegetables,whipped/sour cream,canned beer,liquor,shopping bags,,,,,,,,,,,,,,,,,,,,,,,
rolls/buns,meat spreads,,,,,,,,,,,,,,,,,,,,,,,,,,,
tropical fruit,sliced cheese,rolls/buns,napkins,potted plants,,,,,,,,,,,,,,,,,,,,,,,,
sausage,chicken,beef,root vegetables,other vegetables,curd,yogurt,cream cheese,ice cream,newspapers,,,,,,,,,,,,,,,,,,,
soda,,,,,,,,,,,,,,,,,,,,,,,,,,,,
rolls/buns,bottled water,soda,,,,,,,,,,,,,,,,,,,,,,,,,,
tropical fruit,root vegetables,other vegetables,packaged fruit/vegetables,flower (seeds),,,,,,,,,,,,,,,,,,,,,,,,
root vegetables,other vegetables,domestic eggs,sugar,instant coffee,bottled water,soda,bottled beer,red/blush wine,waffles,specialty chocolate,,,,,,,,,,,,,,,,,,
pip fruit,dessert,rolls/buns,pastry,specialty bar,,,,,,,,,,,,,,,,,,,,,,,,
dessert,zwieback,,,,,,,,,,,,,,,,,,,,,,,,,,,
other vegetables,frozen meals,pasta,canned fish,coffee,,,,,,,,,,,,,,,,,,,,,,,,
frankfurter,domestic eggs,,,,,,,,,,,,,,,,,,,,,,,,,,,
whole milk,yogurt,sliced cheese,mayonnaise,rolls/buns,pasta,specialty chocolate,,,,,,,,,,,,,,,,,,,,,,
frankfurter,pork,citrus fruit,pip fruit,other vegetables,whipped/sour cream,UHT-milk,salad dressing,frozen potato products,salty snack,newspapers,,,,,,,,,,,,,,,,,,
whipped/sour cream,soda,,,,,,,,,,,,,,,,,,,,,,,,,,,
ham,bottled water,soda,,,,,,,,,,,,,,,,,,,,,,,,,,
whole milk,curd,rolls/buns,pastry,pasta,margarine,,,,,,,,,,,,,,,,,,,,,,,
whole milk,butter,whipped/sour cream,condensed milk,soft cheese,hard cheese,processed cheese,frozen vegetables,detergent,,,,,,,,,,,,,,,,,,,,
soda,,,,,,,,,,,,,,,,,,,,,,,,,,,,
whole milk,margarine,potted plants,,,,,,,,,,,,,,,,,,,,,,,,,,
pork,tropical fruit,whole milk,rolls/buns,margarine,,,,,,,,,,,,,,,,,,,,,,,,
sausage,meat,turkey,citrus fruit,tropical fruit,pip fruit,root vegetables,onions,herbs,other vegetables,whole milk,curd,yogurt,whipped/sour cream,soft cheese,cream cheese,frozen vegetables,brown bread,pastry,semi-finished bread,margarine,,,,,,,,
canned beer,,,,,,,,,,,,,,,,,,,,,,,,,,,,
napkins,,,,,,,,,,,,,,,,,,,,,,,,,,,,
liver loaf,pork,citrus fruit,tropical fruit,root vegetables,other vegetables,whole milk,curd,dessert,yogurt,frozen vegetables,brown bread,semi-finished bread,oil,dog food,fruit/vegetable juice,,,,,,,,,,,,,
citrus fruit,tropical fruit,root vegetables,herbs,other vegetables,whole milk,yogurt,bottled water,bottled beer,,,,,,,,,,,,,,,,,,,,
citrus fruit,whole milk,sliced cheese,rolls/buns,pastry,roll products,coffee,bottled water,soda,bottled beer,canned beer,rum,waffles,chocolate,,,,,,,,,,,,,,,
hamburger meat,whole milk,curd,dessert,,,,,,,,,,,,,,,,,,,,,,,,,
ham,beef,tropical fruit,pip fruit,other vegetables,whole milk,dessert,yogurt,whipped/sour cream,soft cheese,frozen potato products,rolls/buns,soda,long life bakery product,chocolate,,,,,,,,,,,,,,
citrus fruit,pip fruit,other vegetables,canned vegetables,,,,,,,,,,,,,,,,,,,,,,,,,
sausage,other vegetables,dessert,domestic eggs,pastry,napkins,,,,,,,,,,,,,,,,,,,,,,,
yogurt,,,,,,,,,,,,,,,,,,,,,,,,,,,,
butter,,,,,,,,,,,,,,,,,,,,,,,,,,,,
onions,bottled water,soda,canned beer,chewing gum,male cosmetics,napkins,cling film/bags,,,,,,,,,,,,,,,,,,,,,
bottled beer,,,,,,,,,,,,,,,,,,,,,,,,,,,,
butter,pastry,semi-finished bread,white wine,detergent,,,,,,,,,,,,,,,,,,,,,,,,
sausage,ham,meat,pork,tropical fruit,pip fruit,grapes,other vegetables,whole milk,butter,whipped/sour cream,frozen meals,frozen fish,ice cream,domestic eggs,pastry,soda,syrup,detergent,,,,,,,,,,
chicken,tropical fruit,whole milk,pastry,soda,long life bakery product,waffles,chocolate,,,,,,,,,,,,,,,,,,,,,
other vegetables,soda,,,,,,,,,,,,,,,,,,,,,,,,,,,
root vegetables,,,,,,,,,,,,,,,,,,,,,,,,,,,,
chicken,other vegetables,whole milk,,,,,,,,,,,,,,,,,,,,,,,,,,
tropical fruit,pip fruit,whole milk,curd,yogurt,frozen vegetables,frozen meals,white bread,instant coffee,misc. beverages,bottled beer,hygiene articles,,,,,,,,,,,,,,,,,
chicken,napkins,,,,,,,,,,,,,,,,,,,,,,,,,,,
whipped/sour cream,female sanitary products,,,,,,,,,,,,,,,,,,,,,,,,,,,
root vegetables,other vegetables,whole milk,bottled water,bottled beer,,,,,,,,,,,,,,,,,,,,,,,,
sausage,berries,whole milk,yogurt,domestic eggs,,,,,,,,,,,,,,,,,,,,,,,,
frozen vegetables,,,,,,,,,,,,,,,,,,,,,,,,,,,,
root vegetables,whole milk,yogurt,,,,,,,,,,,,,,,,,,,,,,,,,,
rolls/buns,brown bread,bottled water,,,,,,,,,,,,,,,,,,,,,,,,,,
canned beer,specialty chocolate,,,,,,,,,,,,,,,,,,,,,,,,,,,
beef,potted plants,,,,,,,,,,,,,,,,,,,,,,,,,,,
frozen vegetables,frozen meals,,,,,,,,,,,,,,,,,,,,,,,,,,,
ice cream,sugar,napkins,dishes,,,,,,,,,,,,,,,,,,,,,,,,,
ice cream,roll products,Instant food products,coffee,candles,,,,,,,,,,,,,,,,,,,,,,,,
butter,whipped/sour cream,brown bread,pastry,canned vegetables,fruit/vegetable juice,long life bakery product,,,,,,,,,,,,,,,,,,,,,,
sausage,,,,,,,,,,,,,,,,,,,,,,,,,,,,
butter,margarine,,,,,,,,,,,,,,,,,,,,,,,,,,,
hygiene articles,,,,,,,,,,,,,,,,,,,,,,,,,,,,
onions,rolls/buns,,,,,,,,,,,,,,,,,,,,,,,,,,,
ice cream,soda,fruit/vegetable juice,,,,,,,,,,,,,,,,,,,,,,,,,,
herbs,,,,,,,,,,,,,,,,,,,,,,,,,,,,
citrus fruit,pip fruit,curd,artif. sweetener,dog food,coffee,,,,,,,,,,,,,,,,,,,,,,,
white bread,soda,bottled beer,,,,,,,,,,,,,,,,,,,,,,,,,,
pip fruit,root vegetables,sugar,coffee,bottled beer,,,,,,,,,,,,,,,,,,,,,,,,
misc. beverages,cake bar,,,,,,,,,,,,,,,,,,,,,,,,,,,
ice cream,soda,bottled beer,salty snack,,,,,,,,,,,,,,,,,,,,,,,,,
potted plants,,,,,,,,,,,,,,,,,,,,,,,,,,,,
beef,tropical fruit,frozen vegetables,pickled vegetables,bottled water,soda,,,,,,,,,,,,,,,,,,,,,,,
canned beer,,,,,,,,,,,,,,,,,,,,,,,,,,,,
whole milk,potted plants,,,,,,,,,,,,,,,,,,,,,,,,,,,
sausage,pork,fish,citrus fruit,berries,whipped/sour cream,soda,fruit/vegetable juice,bathroom cleaner,soap,,,,,,,,,,,,,,,,,,,
ice cream,bottled water,,,,,,,,,,,,,,,,,,,,,,,,,,,
berries,root vegetables,whole milk,dessert,yogurt,whipped/sour cream,cream cheese,semi-finished bread,canned fruit,fruit/vegetable juice,,,,,,,,,,,,,,,,,,,
bottled beer,shopping bags,,,,,,,,,,,,,,,,,,,,,,,,,,,
curd,yogurt,waffles,,,,,,,,,,,,,,,,,,,,,,,,,,
root vegetables,canned vegetables,soda,shopping bags,,,,,,,,,,,,,,,,,,,,,,,,,
other vegetables,whole milk,butter,yogurt,cream cheese,vinegar,pet care,fruit/vegetable juice,cling film/bags,,,,,,,,,,,,,,,,,,,,
other vegetables,frozen vegetables,pastry,specialty bar,,,,,,,,,,,,,,,,,,,,,,,,,
citrus fruit,berries,onions,other vegetables,condensed milk,soft cheese,oil,pickled vegetables,specialty vegetables,coffee,bottled water,soda,bottled beer,dish cleaner,male cosmetics,cling film/bags,,,,,,,,,,,,,
sausage,chicken,beef,pip fruit,root vegetables,onions,yogurt,soft cheese,mayonnaise,margarine,jam,sweet spreads,coffee,bottled water,soda,dish cleaner,,,,,,,,,,,,,
root vegetables,frozen meals,white bread,snack products,hygiene articles,,,,,,,,,,,,,,,,,,,,,,,,
sausage,chicken,pip fruit,berries,other vegetables,dessert,yogurt,frozen vegetables,frozen meals,brown bread,semi-finished bread,ketchup,spices,ready soups,soda,canned beer,popcorn,,,,,,,,,,,,
pip fruit,vinegar,bottled water,shopping bags,,,,,,,,,,,,,,,,,,,,,,,,,
tropical fruit,berries,yogurt,domestic eggs,brown bread,soda,candy,,,,,,,,,,,,,,,,,,,,,,
pork,other vegetables,whipped/sour cream,,,,,,,,,,,,,,,,,,,,,,,,,,
whole milk,margarine,bottled water,,,,,,,,,,,,,,,,,,,,,,,,,,
root vegetables,curd,dessert,whipped/sour cream,pastry,sauces,coffee,soda,fruit/vegetable juice,newspapers,,,,,,,,,,,,,,,,,,,
UHT-milk,,,,,,,,,,,,,,,,,,,,,,,,,,,,
soda,,,,,,,,,,,,,,,,,,,,,,,,,,,,
tropical fruit,bottled beer,,,,,,,,,,,,,,,,,,,,,,,,,,,
shopping bags,,,,,,,,,,,,,,,,,,,,,,,,,,,,
bottled beer,,,,,,,,,,,,,,,,,,,,,,,,,,,,
beef,grapes,fruit/vegetable juice,,,,,,,,,,,,,,,,,,,,,,,,,,
bottled water,,,,,,,,,,,,,,,,,,,,,,,,,,,,
flour,,,,,,,,,,,,,,,,,,,,,,,,,,,,
pip fruit,domestic eggs,,,,,,,,,,,,,,,,,,,,,,,,,,,
frankfurter,whole milk,bottled water,specialty chocolate,candy,,,,,,,,,,,,,,,,,,,,,,,,
canned beer,,,,,,,,,,,,,,,,,,,,,,,,,,,,
butter milk,specialty chocolate,,,,,,,,,,,,,,,,,,,,,,,,,,,
whole milk,,,,,,,,,,,,,,,,,,,,,,,,,,,,
canned beer,liquor,,,,,,,,,,,,,,,,,,,,,,,,,,,
salty snack,,,,,,,,,,,,,,,,,,,,,,,,,,,,
root vegetables,onions,whipped/sour cream,UHT-milk,frozen dessert,margarine,syrup,,,,,,,,,,,,,,,,,,,,,,
sausage,citrus fruit,other vegetables,dessert,yogurt,whipped/sour cream,hard cheese,curd cheese,white bread,semi-finished bread,cat food,bottled water,seasonal products,softener,flower soil/fertilizer,flower (seeds),,,,,,,,,,,,,
ham,other vegetables,whole milk,frozen vegetables,,,,,,,,,,,,,,,,,,,,,,,,,
sausage,pip fruit,onions,spices,cat food,bottled beer,newspapers,,,,,,,,,,,,,,,,,,,,,,
root vegetables,yogurt,fruit/vegetable juice,,,,,,,,,,,,,,,,,,,,,,,,,,
pork,frozen potato products,soda,,,,,,,,,,,,,,,,,,,,,,,,,,
onions,dessert,yogurt,domestic eggs,rolls/buns,brown bread,pastry,cat food,bottled water,soda,fruit/vegetable juice,long life bakery product,chocolate,female sanitary products,napkins,,,,,,,,,,,,,,
whole milk,specialty bar,,,,,,,,,,,,,,,,,,,,,,,,,,,
chicken,canned beer,shopping bags,,,,,,,,,,,,,,,,,,,,,,,,,,
pork,onions,pastry,potato products,bottled water,,,,,,,,,,,,,,,,,,,,,,,,
pork,tropical fruit,berries,whole milk,yogurt,white bread,oil,,,,,,,,,,,,,,,,,,,,,,
cat food,chocolate,,,,,,,,,,,,,,,,,,,,,,,,,,,
brown bread,margarine,long life bakery product,flower (seeds),,,,,,,,,,,,,,,,,,,,,,,,,
berries,dessert,whipped/sour cream,bottled water,soda,fruit/vegetable juice,white wine,,,,,,,,,,,,,,,,,,,,,,
ham,whole milk,domestic eggs,pastry,oil,baking powder,chewing gum,chocolate marshmallow,,,,,,,,,,,,,,,,,,,,,
fish,brown bread,pet care,napkins,,,,,,,,,,,,,,,,,,,,,,,,,
sausage,pastry,,,,,,,,,,,,,,,,,,,,,,,,,,,
bottled beer,,,,,,,,,,,,,,,,,,,,,,,,,,,,
whole milk,brown bread,,,,,,,,,,,,,,,,,,,,,,,,,,,
sausage,root vegetables,white bread,roll products,semi-finished bread,soda,napkins,,,,,,,,,,,,,,,,,,,,,,
bottled beer,canned beer,,,,,,,,,,,,,,,,,,,,,,,,,,,
sausage,ham,whole milk,dessert,margarine,baking powder,bottled water,,,,,,,,,,,,,,,,,,,,,,
sausage,chicken,other vegetables,whole milk,yogurt,cream cheese,brown bread,soda,,,,,,,,,,,,,,,,,,,,,
sausage,root vegetables,other vegetables,dessert,yogurt,whipped/sour cream,sliced cheese,domestic eggs,white bread,pastry,bottled water,fruit/vegetable juice,popcorn,,,,,,,,,,,,,,,,
sausage,rolls/buns,white wine,,,,,,,,,,,,,,,,,,,,,,,,,,
root vegetables,yogurt,beverages,domestic eggs,white bread,cat food,,,,,,,,,,,,,,,,,,,,,,,
whole milk,soda,,,,,,,,,,,,,,,,,,,,,,,,,,,
yogurt,ice cream,white bread,sweet spreads,shopping bags,,,,,,,,,,,,,,,,,,,,,,,,
UHT-milk,mayonnaise,rolls/buns,pickled vegetables,soda,hygiene articles,shopping bags,,,,,,,,,,,,,,,,,,,,,,
citrus fruit,tropical fruit,pip fruit,other vegetables,rolls/buns,misc. beverages,fruit/vegetable juice,,,,,,,,,,,,,,,,,,,,,,
canned beer,,,,,,,,,,,,,,,,,,,,,,,,,,,,
sausage,rolls/buns,soda,,,,,,,,,,,,,,,,,,,,,,,,,,
frozen fish,bottled beer,,,,,,,,,,,,,,,,,,,,,,,,,,,
other vegetables,whole milk,baking powder,coffee,flower (seeds),,,,,,,,,,,,,,,,,,,,,,,,
rolls/buns,soda,,,,,,,,,,,,,,,,,,,,,,,,,,,
sausage,butter milk,soft cheese,rolls/buns,instant coffee,shopping bags,,,,,,,,,,,,,,,,,,,,,,,
spread cheese,fruit/vegetable juice,,,,,,,,,,,,,,,,,,,,,,,,,,,
rolls/buns,sweet spreads,canned fish,chewing gum,newspapers,,,,,,,,,,,,,,,,,,,,,,,,
frankfurter,onions,candy,detergent,,,,,,,,,,,,,,,,,,,,,,,,,
frankfurter,pip fruit,newspapers,,,,,,,,,,,,,,,,,,,,,,,,,,
frankfurter,whole milk,brown bread,cake bar,specialty bar,shopping bags,,,,,,,,,,,,,,,,,,,,,,,
rolls/buns,bottled beer,,,,,,,,,,,,,,,,,,,,,,,,,,,
coffee,,,,,,,,,,,,,,,,,,,,,,,,,,,,
pip fruit,other vegetables,whole milk,yogurt,beverages,frozen potato products,rolls/buns,fruit/vegetable juice,,,,,,,,,,,,,,,,,,,,,
soda,,,,,,,,,,,,,,,,,,,,,,,,,,,,
pork,whole milk,rolls/buns,artif. sweetener,baking powder,specialty chocolate,house keeping products,newspapers,,,,,,,,,,,,,,,,,,,,,
frozen vegetables,rolls/buns,pastry,,,,,,,,,,,,,,,,,,,,,,,,,,
tropical fruit,other vegetables,whole milk,frozen meals,,,,,,,,,,,,,,,,,,,,,,,,,
other vegetables,whole milk,rolls/buns,vinegar,margarine,soda,waffles,,,,,,,,,,,,,,,,,,,,,,
frankfurter,sausage,other vegetables,domestic eggs,ketchup,canned fish,soda,long life bakery product,shopping bags,,,,,,,,,,,,,,,,,,,,
pork,beef,other vegetables,hard cheese,cream cheese,rolls/buns,brown bread,napkins,,,,,,,,,,,,,,,,,,,,,
sausage,ham,finished products,frozen meals,salty snack,long life bakery product,waffles,shopping bags,,,,,,,,,,,,,,,,,,,,,
pip fruit,soda,,,,,,,,,,,,,,,,,,,,,,,,,,,
bottled beer,canned beer,,,,,,,,,,,,,,,,,,,,,,,,,,,
beverages,,,,,,,,,,,,,,,,,,,,,,,,,,,,
frankfurter,onions,soft cheese,white bread,pastry,salt,chocolate,newspapers,shopping bags,,,,,,,,,,,,,,,,,,,,
berries,onions,whipped/sour cream,brown bread,pasta,liquor,dishes,,,,,,,,,,,,,,,,,,,,,,
sausage,whole milk,bottled beer,,,,,,,,,,,,,,,,,,,,,,,,,,
onions,whole milk,curd,yogurt,hard cheese,domestic eggs,bottled water,cleaner,,,,,,,,,,,,,,,,,,,,,
soda,,,,,,,,,,,,,,,,,,,,,,,,,,,,
chocolate,,,,,,,,,,,,,,,,,,,,,,,,,,,,
cream cheese,white bread,sweet spreads,cat food,coffee,syrup,specialty bar,,,,,,,,,,,,,,,,,,,,,,
whole milk,domestic eggs,rolls/buns,brown bread,specialty chocolate,shopping bags,,,,,,,,,,,,,,,,,,,,,,,
fruit/vegetable juice,,,,,,,,,,,,,,,,,,,,,,,,,,,,
pastry,,,,,,,,,,,,,,,,,,,,,,,,,,,,
hamburger meat,semi-finished bread,Instant food products,,,,,,,,,,,,,,,,,,,,,,,,,,
frankfurter,,,,,,,,,,,,,,,,,,,,,,,,,,,,
tropical fruit,other vegetables,whole milk,curd,frozen dessert,rolls/buns,margarine,jam,,,,,,,,,,,,,,,,,,,,,
butter,,,,,,,,,,,,,,,,,,,,,,,,,,,,
rolls/buns,misc. beverages,,,,,,,,,,,,,,,,,,,,,,,,,,,
sausage,beef,other vegetables,frozen fish,domestic eggs,roll products,margarine,sugar,baking powder,coffee,kitchen towels,shopping bags,,,,,,,,,,,,,,,,,
citrus fruit,tropical fruit,pip fruit,grapes,onions,other vegetables,sliced cheese,cream cheese,mayonnaise,ice cream,frozen dessert,margarine,mustard,soups,pickled vegetables,coffee,long life bakery product,chocolate,seasonal products,female sanitary products,hygiene articles,cling film/bags,,,,,,,
pork,beef,root vegetables,whole milk,pasta,margarine,jam,bottled water,,,,,,,,,,,,,,,,,,,,,
frankfurter,frozen potato products,,,,,,,,,,,,,,,,,,,,,,,,,,,
sausage,beef,citrus fruit,sweet spreads,coffee,,,,,,,,,,,,,,,,,,,,,,,,
other vegetables,bottled beer,,,,,,,,,,,,,,,,,,,,,,,,,,,
ham,onions,other vegetables,brown bread,margarine,,,,,,,,,,,,,,,,,,,,,,,,
pip fruit,soda,cake bar,specialty chocolate,,,,,,,,,,,,,,,,,,,,,,,,,
frankfurter,sausage,other vegetables,hard cheese,rolls/buns,,,,,,,,,,,,,,,,,,,,,,,,
rolls/buns,rum,,,,,,,,,,,,,,,,,,,,,,,,,,,
tropical fruit,cream cheese,chocolate,,,,,,,,,,,,,,,,,,,,,,,,,,
chicken,hamburger meat,other vegetables,,,,,,,,,,,,,,,,,,,,,,,,,,
whole milk,yogurt,,,,,,,,,,,,,,,,,,,,,,,,,,,
soda,,,,,,,,,,,,,,,,,,,,,,,,,,,,
chicken,hamburger meat,other vegetables,,,,,,,,,,,,,,,,,,,,,,,,,,
meat,pork,tropical fruit,whole milk,curd,rolls/buns,cat food,bottled water,soda,,,,,,,,,,,,,,,,,,,,
rolls/buns,tea,,,,,,,,,,,,,,,,,,,,,,,,,,,
meat,tropical fruit,beverages,sweet spreads,shopping bags,,,,,,,,,,,,,,,,,,,,,,,,
margarine,napkins,,,,,,,,,,,,,,,,,,,,,,,,,,,
dessert,rolls/buns,bottled water,specialty bar,,,,,,,,,,,,,,,,,,,,,,,,,
beef,whipped/sour cream,napkins,,,,,,,,,,,,,,,,,,,,,,,,,,
tropical fruit,other vegetables,whole milk,mustard,bottled water,,,,,,,,,,,,,,,,,,,,,,,,
brown bread,fruit/vegetable juice,newspapers,shopping bags,,,,,,,,,,,,,,,,,,,,,,,,,
sausage,hamburger meat,whole milk,pastry,shopping bags,,,,,,,,,,,,,,,,,,,,,,,,
hamburger meat,whole milk,curd,rolls/buns,Instant food products,hygiene articles,napkins,,,,,,,,,,,,,,,,,,,,,,
sausage,citrus fruit,tropical fruit,pip fruit,flour,baking powder,,,,,,,,,,,,,,,,,,,,,,,
pastry,instant coffee,,,,,,,,,,,,,,,,,,,,,,,,,,,
root vegetables,whole milk,yogurt,jam,bottled water,soda,bottled beer,specialty chocolate,hygiene articles,,,,,,,,,,,,,,,,,,,,
whipped/sour cream,pastry,canned fish,soda,waffles,dish cleaner,napkins,,,,,,,,,,,,,,,,,,,,,,
whole milk,whipped/sour cream,specialty cheese,domestic eggs,dog food,soda,chewing gum,,,,,,,,,,,,,,,,,,,,,,
other vegetables,whipped/sour cream,,,,,,,,,,,,,,,,,,,,,,,,,,,
pip fruit,onions,whole milk,,,,,,,,,,,,,,,,,,,,,,,,,,
other vegetables,,,,,,,,,,,,,,,,,,,,,,,,,,,,
sausage,brown bread,meat spreads,canned fish,,,,,,,,,,,,,,,,,,,,,,,,,
sausage,liver loaf,specialty cheese,soda,,,,,,,,,,,,,,,,,,,,,,,,,
whole milk,curd,butter milk,beverages,tidbits,long life bakery product,waffles,dental care,,,,,,,,,,,,,,,,,,,,,
frankfurter,chicken,brown bread,oil,,,,,,,,,,,,,,,,,,,,,,,,,
chewing gum,,,,,,,,,,,,,,,,,,,,,,,,,,,,
berries,root vegetables,whole milk,whipped/sour cream,shopping bags,,,,,,,,,,,,,,,,,,,,,,,,
bottled water,,,,,,,,,,,,,,,,,,,,,,,,,,,,
soda,chocolate,specialty chocolate,,,,,,,,,,,,,,,,,,,,,,,,,,
sausage,ham,citrus fruit,other vegetables,butter,hard cheese,curd cheese,domestic eggs,rolls/buns,brown bread,margarine,soda,candy,,,,,,,,,,,,,,,,
onions,yogurt,frozen vegetables,,,,,,,,,,,,,,,,,,,,,,,,,,
pip fruit,yogurt,sliced cheese,frozen vegetables,domestic eggs,pickled vegetables,specialty vegetables,female sanitary products,napkins,,,,,,,,,,,,,,,,,,,,
pork,beef,root vegetables,curd,sliced cheese,soda,canned beer,,,,,,,,,,,,,,,,,,,,,,
yogurt,pastry,,,,,,,,,,,,,,,,,,,,,,,,,,,
frankfurter,other vegetables,yogurt,beverages,hard cheese,rolls/buns,canned fish,soda,canned beer,brandy,shopping bags,,,,,,,,,,,,,,,,,,
frankfurter,ham,pip fruit,domestic eggs,,,,,,,,,,,,,,,,,,,,,,,,,
sauces,specialty chocolate,,,,,,,,,,,,,,,,,,,,,,,,,,,
brown bread,pastry,pasta,,,,,,,,,,,,,,,,,,,,,,,,,,
citrus fruit,tropical fruit,whole milk,butter milk,beverages,soda,shopping bags,,,,,,,,,,,,,,,,,,,,,,
cream cheese,ice cream,white bread,specialty chocolate,,,,,,,,,,,,,,,,,,,,,,,,,
beverages,soft cheese,rolls/buns,sugar,misc. beverages,candy,,,,,,,,,,,,,,,,,,,,,,,
ice cream,chocolate marshmallow,,,,,,,,,,,,,,,,,,,,,,,,,,,
hard cheese,soda,,,,,,,,,,,,,,,,,,,,,,,,,,,
bottled water,soda,bottled beer,dental care,,,,,,,,,,,,,,,,,,,,,,,,,
sausage,other vegetables,dessert,canned vegetables,,,,,,,,,,,,,,,,,,,,,,,,,
butter,sliced cheese,misc. beverages,fruit/vegetable juice,,,,,,,,,,,,,,,,,,,,,,,,,
chicken,other vegetables,whole milk,cream cheese,hygiene articles,,,,,,,,,,,,,,,,,,,,,,,,
yogurt,bottled beer,liquor (appetizer),chewing gum,,,,,,,,,,,,,,,,,,,,,,,,,
whole milk,yogurt,oil,bottled water,bottled beer,salty snack,specialty chocolate,,,,,,,,,,,,,,,,,,,,,,
yogurt,bottled water,,,,,,,,,,,,,,,,,,,,,,,,,,,
whipped/sour cream,,,,,,,,,,,,,,,,,,,,,,,,,,,,
whole milk,yogurt,hard cheese,rolls/buns,bottled water,,,,,,,,,,,,,,,,,,,,,,,,
UHT-milk,hygiene articles,cling film/bags,newspapers,,,,,,,,,,,,,,,,,,,,,,,,,
yogurt,rolls/buns,pastry,soda,,,,,,,,,,,,,,,,,,,,,,,,,
chocolate,specialty bar,,,,,,,,,,,,,,,,,,,,,,,,,,,
whole milk,pastry,,,,,,,,,,,,,,,,,,,,,,,,,,,
hygiene articles,,,,,,,,,,,,,,,,,,,,,,,,,,,,
meat,beef,root vegetables,butter,flour,fruit/vegetable juice,whisky,white wine,napkins,,,,,,,,,,,,,,,,,,,,
pip fruit,whole milk,yogurt,,,,,,,,,,,,,,,,,,,,,,,,,,
other vegetables,rolls/buns,,,,,,,,,,,,,,,,,,,,,,,,,,,
hamburger meat,yogurt,rolls/buns,artif. sweetener,sauces,dish cleaner,dishes,,,,,,,,,,,,,,,,,,,,,,
rolls/buns,specialty chocolate,,,,,,,,,,,,,,,,,,,,,,,,,,,
canned beer,,,,,,,,,,,,,,,,,,,,,,,,,,,,
tropical fruit,berries,root vegetables,whole milk,yogurt,cream cheese,rolls/buns,bottled water,soda,,,,,,,,,,,,,,,,,,,,
frankfurter,meat,berries,root vegetables,butter,whipped/sour cream,frozen vegetables,domestic eggs,rolls/buns,oil,specialty fat,spices,baking powder,bottled beer,waffles,napkins,,,,,,,,,,,,,
pip fruit,rolls/buns,sugar,sauces,newspapers,,,,,,,,,,,,,,,,,,,,,,,,
pip fruit,root vegetables,other vegetables,whole milk,yogurt,,,,,,,,,,,,,,,,,,,,,,,,
frankfurter,sausage,meat,pip fruit,yogurt,rolls/buns,bottled water,soda,newspapers,,,,,,,,,,,,,,,,,,,,
sausage,pip fruit,bottled water,,,,,,,,,,,,,,,,,,,,,,,,,,
long life bakery product,,,,,,,,,,,,,,,,,,,,,,,,,,,,
domestic eggs,dish cleaner,hygiene articles,,,,,,,,,,,,,,,,,,,,,,,,,,
processed cheese,rolls/buns,soda,,,,,,,,,,,,,,,,,,,,,,,,,,
pastry,candles,,,,,,,,,,,,,,,,,,,,,,,,,,,
ham,rolls/buns,,,,,,,,,,,,,,,,,,,,,,,,,,,
packaged fruit/vegetables,processed cheese,frozen vegetables,bottled water,fruit/vegetable juice,snack products,candy,,,,,,,,,,,,,,,,,,,,,,
whole milk,butter milk,domestic eggs,,,,,,,,,,,,,,,,,,,,,,,,,,
whole milk,,,,,,,,,,,,,,,,,,,,,,,,,,,,
white bread,flour,oil,sugar,coffee,bottled water,salty snack,,,,,,,,,,,,,,,,,,,,,,
rolls/buns,bottled water,,,,,,,,,,,,,,,,,,,,,,,,,,,
bottled water,,,,,,,,,,,,,,,,,,,,,,,,,,,,
frankfurter,butter,rolls/buns,semi-finished bread,misc. beverages,shopping bags,,,,,,,,,,,,,,,,,,,,,,,
rolls/buns,pastry,soda,,,,,,,,,,,,,,,,,,,,,,,,,,
brown bread,bottled water,bottled beer,,,,,,,,,,,,,,,,,,,,,,,,,,
UHT-milk,margarine,bottled water,soda,,,,,,,,,,,,,,,,,,,,,,,,,
whole milk,coffee,,,,,,,,,,,,,,,,,,,,,,,,,,,
hamburger meat,root vegetables,other vegetables,whole milk,rolls/buns,zwieback,margarine,flower (seeds),,,,,,,,,,,,,,,,,,,,,
hamburger meat,citrus fruit,other vegetables,whole milk,curd,yogurt,misc. beverages,,,,,,,,,,,,,,,,,,,,,,
tropical fruit,butter,brown bread,,,,,,,,,,,,,,,,,,,,,,,,,,
rolls/buns,soda,specialty bar,,,,,,,,,,,,,,,,,,,,,,,,,,
rolls/buns,fruit/vegetable juice,long life bakery product,newspapers,,,,,,,,,,,,,,,,,,,,,,,,,
other vegetables,UHT-milk,rolls/buns,pastry,bottled water,soda,,,,,,,,,,,,,,,,,,,,,,,
onions,whole milk,butter,frozen fish,,,,,,,,,,,,,,,,,,,,,,,,,
tropical fruit,rolls/buns,bottled water,,,,,,,,,,,,,,,,,,,,,,,,,,
pip fruit,whole milk,curd,whipped/sour cream,salt,,,,,,,,,,,,,,,,,,,,,,,,
rolls/buns,,,,,,,,,,,,,,,,,,,,,,,,,,,,
chewing gum,,,,,,,,,,,,,,,,,,,,,,,,,,,,
rolls/buns,,,,,,,,,,,,,,,,,,,,,,,,,,,,
snack products,chocolate,,,,,,,,,,,,,,,,,,,,,,,,,,,
mustard,,,,,,,,,,,,,,,,,,,,,,,,,,,,
sausage,rolls/buns,soda,,,,,,,,,,,,,,,,,,,,,,,,,,
tropical fruit,other vegetables,,,,,,,,,,,,,,,,,,,,,,,,,,,
frankfurter,meat,hamburger meat,citrus fruit,whole milk,cream cheese,domestic eggs,pastry,dishes,,,,,,,,,,,,,,,,,,,,
domestic eggs,margarine,bottled water,,,,,,,,,,,,,,,,,,,,,,,,,,
sausage,other vegetables,,,,,,,,,,,,,,,,,,,,,,,,,,,
pip fruit,root vegetables,butter milk,frozen vegetables,rolls/buns,misc. beverages,fruit/vegetable juice,newspapers,potted plants,,,,,,,,,,,,,,,,,,,,
frankfurter,domestic eggs,rolls/buns,,,,,,,,,,,,,,,,,,,,,,,,,,
bottled beer,,,,,,,,,,,,,,,,,,,,,,,,,,,,
frankfurter,root vegetables,onions,condensed milk,mayonnaise,frozen vegetables,Instant food products,,,,,,,,,,,,,,,,,,,,,,
whole milk,spread cheese,,,,,,,,,,,,,,,,,,,,,,,,,,,
soda,hygiene articles,napkins,,,,,,,,,,,,,,,,,,,,,,,,,,
bottled water,chocolate,,,,,,,,,,,,,,,,,,,,,,,,,,,
sausage,,,,,,,,,,,,,,,,,,,,,,,,,,,,
whole milk,frozen vegetables,,,,,,,,,,,,,,,,,,,,,,,,,,,
yogurt,pastry,canned beer,red/blush wine,,,,,,,,,,,,,,,,,,,,,,,,,
herbs,misc. beverages,shopping bags,,,,,,,,,,,,,,,,,,,,,,,,,,
citrus fruit,whole milk,yogurt,softener,hygiene articles,,,,,,,,,,,,,,,,,,,,,,,,
canned beer,candy,,,,,,,,,,,,,,,,,,,,,,,,,,,
yogurt,waffles,,,,,,,,,,,,,,,,,,,,,,,,,,,
beef,yogurt,spread cheese,margarine,salty snack,,,,,,,,,,,,,,,,,,,,,,,,
whipped/sour cream,candy,,,,,,,,,,,,,,,,,,,,,,,,,,,
pip fruit,root vegetables,whole milk,whipped/sour cream,processed cheese,white bread,flour,fruit/vegetable juice,napkins,,,,,,,,,,,,,,,,,,,,
pip fruit,yogurt,bottled water,canned beer,chewing gum,napkins,,,,,,,,,,,,,,,,,,,,,,,
sausage,whipped/sour cream,white bread,baking powder,,,,,,,,,,,,,,,,,,,,,,,,,
soda,,,,,,,,,,,,,,,,,,,,,,,,,,,,
root vegetables,liquor,shopping bags,,,,,,,,,,,,,,,,,,,,,,,,,,
tropical fruit,whole milk,spread cheese,cat food,coffee,bottled water,soda,misc. beverages,fruit/vegetable juice,shopping bags,,,,,,,,,,,,,,,,,,,
butter,oil,cling film/bags,,,,,,,,,,,,,,,,,,,,,,,,,,
butter,,,,,,,,,,,,,,,,,,,,,,,,,,,,
whole milk,brown bread,chocolate,house keeping products,newspapers,,,,,,,,,,,,,,,,,,,,,,,,
other vegetables,whole milk,whipped/sour cream,specialty cheese,white bread,cat food,bottled water,,,,,,,,,,,,,,,,,,,,,,
pastry,,,,,,,,,,,,,,,,,,,,,,,,,,,,
yogurt,rolls/buns,misc. beverages,,,,,,,,,,,,,,,,,,,,,,,,,,
citrus fruit,whole milk,butter,yogurt,zwieback,jam,dishes,,,,,,,,,,,,,,,,,,,,,,
root vegetables,pastry,,,,,,,,,,,,,,,,,,,,,,,,,,,
other vegetables,oil,,,,,,,,,,,,,,,,,,,,,,,,,,,
frankfurter,photo/film,,,,,,,,,,,,,,,,,,,,,,,,,,,
other vegetables,,,,,,,,,,,,,,,,,,,,,,,,,,,,
frankfurter,pip fruit,frozen vegetables,fruit/vegetable juice,nut snack,,,,,,,,,,,,,,,,,,,,,,,,
bottled water,,,,,,,,,,,,,,,,,,,,,,,,,,,,
meat,citrus fruit,whole milk,spread cheese,,,,,,,,,,,,,,,,,,,,,,,,,
ham,root vegetables,butter,bottled water,white wine,,,,,,,,,,,,,,,,,,,,,,,,
sugar,canned beer,,,,,,,,,,,,,,,,,,,,,,,,,,,
chicken,citrus fruit,tropical fruit,root vegetables,other vegetables,whole milk,,,,,,,,,,,,,,,,,,,,,,,
beef,yogurt,rolls/buns,cat food,napkins,dishes,newspapers,,,,,,,,,,,,,,,,,,,,,,
ham,domestic eggs,brown bread,bottled water,chocolate marshmallow,seasonal products,napkins,newspapers,,,,,,,,,,,,,,,,,,,,,
rolls/buns,zwieback,chocolate marshmallow,dishes,,,,,,,,,,,,,,,,,,,,,,,,,
citrus fruit,yogurt,pastry,salt,margarine,specialty fat,cat food,specialty bar,dish cleaner,,,,,,,,,,,,,,,,,,,,
hard cheese,honey,candy,,,,,,,,,,,,,,,,,,,,,,,,,,
frankfurter,sausage,chicken,other vegetables,frozen meals,salt,sugar,soups,coffee,chewing gum,male cosmetics,hygiene articles,napkins,light bulbs,,,,,,,,,,,,,,,
curd,napkins,,,,,,,,,,,,,,,,,,,,,,,,,,,
beverages,white bread,pastry,newspapers,shopping bags,,,,,,,,,,,,,,,,,,,,,,,,
sausage,tropical fruit,pip fruit,rolls/buns,pastry,margarine,,,,,,,,,,,,,,,,,,,,,,,
whole milk,rolls/buns,pastry,,,,,,,,,,,,,,,,,,,,,,,,,,
frankfurter,citrus fruit,tropical fruit,pip fruit,other vegetables,whole milk,curd,yogurt,whipped/sour cream,domestic eggs,sugar,bottled water,salty snack,candy,hygiene articles,,,,,,,,,,,,,,
pork,butter,hard cheese,cream cheese,,,,,,,,,,,,,,,,,,,,,,,,,
pip fruit,other vegetables,whole milk,butter,curd,rolls/buns,margarine,baking powder,bottled water,bottled beer,canned beer,cooking chocolate,napkins,,,,,,,,,,,,,,,,
pork,tropical fruit,root vegetables,onions,other vegetables,shopping bags,,,,,,,,,,,,,,,,,,,,,,,
bottled water,white wine,newspapers,,,,,,,,,,,,,,,,,,,,,,,,,,
curd,dessert,soda,fruit/vegetable juice,candy,hygiene articles,shopping bags,,,,,,,,,,,,,,,,,,,,,,
tropical fruit,pip fruit,UHT-milk,rolls/buns,pastry,salt,,,,,,,,,,,,,,,,,,,,,,,
citrus fruit,other vegetables,yogurt,spread cheese,rolls/buns,soda,chocolate,newspapers,,,,,,,,,,,,,,,,,,,,,
canned beer,,,,,,,,,,,,,,,,,,,,,,,,,,,,
pip fruit,nuts/prunes,root vegetables,condensed milk,rolls/buns,pickled vegetables,coffee,canned beer,liquor (appetizer),,,,,,,,,,,,,,,,,,,,
photo/film,,,,,,,,,,,,,,,,,,,,,,,,,,,,
frankfurter,tropical fruit,root vegetables,whole milk,butter,curd,yogurt,,,,,,,,,,,,,,,,,,,,,,
UHT-milk,ice cream,domestic eggs,oil,soda,cling film/bags,,,,,,,,,,,,,,,,,,,,,,,
pork,,,,,,,,,,,,,,,,,,,,,,,,,,,,
sausage,other vegetables,yogurt,mayonnaise,rolls/buns,bottled water,soda,canned beer,shopping bags,,,,,,,,,,,,,,,,,,,,
sausage,citrus fruit,pip fruit,whole milk,cream cheese,tidbits,domestic eggs,pastry,sugar,fruit/vegetable juice,chocolate,chocolate marshmallow,,,,,,,,,,,,,,,,,
finished products,misc. beverages,,,,,,,,,,,,,,,,,,,,,,,,,,,
whole milk,frozen meals,rolls/buns,margarine,,,,,,,,,,,,,,,,,,,,,,,,,
soda,,,,,,,,,,,,,,,,,,,,,,,,,,,,
hamburger meat,tropical fruit,,,,,,,,,,,,,,,,,,,,,,,,,,,
pork,citrus fruit,,,,,,,,,,,,,,,,,,,,,,,,,,,
frankfurter,pip fruit,root vegetables,other vegetables,whole milk,soft cheese,cream cheese,frozen vegetables,salt,specialty fat,sugar,jam,canned fish,coffee,fruit/vegetable juice,long life bakery product,waffles,chocolate,shopping bags,,,,,,,,,,
sausage,soda,liquor (appetizer),shopping bags,,,,,,,,,,,,,,,,,,,,,,,,,
yogurt,UHT-milk,rolls/buns,candles,,,,,,,,,,,,,,,,,,,,,,,,,
other vegetables,butter,yogurt,rolls/buns,pastry,margarine,,,,,,,,,,,,,,,,,,,,,,,
pastry,,,,,,,,,,,,,,,,,,,,,,,,,,,,
sausage,citrus fruit,whole milk,yogurt,beverages,pasta,waffles,specialty chocolate,,,,,,,,,,,,,,,,,,,,,
finished products,soda,specialty chocolate,,,,,,,,,,,,,,,,,,,,,,,,,,
other vegetables,whole milk,yogurt,specialty cheese,bottled water,misc. beverages,fruit/vegetable juice,,,,,,,,,,,,,,,,,,,,,,
pork,other vegetables,rolls/buns,,,,,,,,,,,,,,,,,,,,,,,,,,
beef,root vegetables,other vegetables,whole milk,domestic eggs,hygiene articles,,,,,,,,,,,,,,,,,,,,,,,
ham,citrus fruit,root vegetables,whipped/sour cream,canned beer,napkins,,,,,,,,,,,,,,,,,,,,,,,
chicken,sugar,photo/film,,,,,,,,,,,,,,,,,,,,,,,,,,
pork,hamburger meat,pip fruit,herbs,other vegetables,whole milk,butter,sliced cheese,processed cheese,rolls/buns,pastry,roll products,margarine,,,,,,,,,,,,,,,,
yogurt,,,,,,,,,,,,,,,,,,,,,,,,,,,,
hard cheese,white bread,brown bread,,,,,,,,,,,,,,,,,,,,,,,,,,
long life bakery product,,,,,,,,,,,,,,,,,,,,,,,,,,,,
frankfurter,beef,citrus fruit,whole milk,rolls/buns,semi-finished bread,coffee,bottled beer,,,,,,,,,,,,,,,,,,,,,
shopping bags,,,,,,,,,,,,,,,,,,,,,,,,,,,,
tropical fruit,rolls/buns,pastry,,,,,,,,,,,,,,,,,,,,,,,,,,
frozen meals,rolls/buns,bottled beer,,,,,,,,,,,,,,,,,,,,,,,,,,
whole milk,,,,,,,,,,,,,,,,,,,,,,,,,,,,
pork,sugar,newspapers,,,,,,,,,,,,,,,,,,,,,,,,,,
other vegetables,pastry,candy,napkins,,,,,,,,,,,,,,,,,,,,,,,,,
domestic eggs,rolls/buns,,,,,,,,,,,,,,,,,,,,,,,,,,,
hamburger meat,hard cheese,frozen vegetables,soda,,,,,,,,,,,,,,,,,,,,,,,,,
berries,root vegetables,whole milk,curd,frozen fish,domestic eggs,rolls/buns,,,,,,,,,,,,,,,,,,,,,,
dessert,rolls/buns,sugar,bottled water,,,,,,,,,,,,,,,,,,,,,,,,,
pip fruit,whole milk,domestic eggs,,,,,,,,,,,,,,,,,,,,,,,,,,
root vegetables,yogurt,pastry,,,,,,,,,,,,,,,,,,,,,,,,,,
other vegetables,rolls/buns,soda,,,,,,,,,,,,,,,,,,,,,,,,,,
chicken,pip fruit,whole milk,pastry,coffee,,,,,,,,,,,,,,,,,,,,,,,,
butter milk,canned fish,,,,,,,,,,,,,,,,,,,,,,,,,,,
onions,other vegetables,specialty cheese,,,,,,,,,,,,,,,,,,,,,,,,,,
ham,hamburger meat,other vegetables,whole milk,curd,mayonnaise,domestic eggs,rolls/buns,margarine,,,,,,,,,,,,,,,,,,,,
coffee,,,,,,,,,,,,,,,,,,,,,,,,,,,,
whole milk,curd,dessert,shopping bags,,,,,,,,,,,,,,,,,,,,,,,,,
canned beer,,,,,,,,,,,,,,,,,,,,,,,,,,,,
citrus fruit,rolls/buns,pastry,soda,potted plants,shopping bags,,,,,,,,,,,,,,,,,,,,,,,
canned beer,,,,,,,,,,,,,,,,,,,,,,,,,,,,
sugar,bottled water,white wine,,,,,,,,,,,,,,,,,,,,,,,,,,
pork,tropical fruit,whole milk,curd,frozen meals,domestic eggs,margarine,pickled vegetables,soda,bottled beer,potted plants,,,,,,,,,,,,,,,,,,
mayonnaise,rolls/buns,,,,,,,,,,,,,,,,,,,,,,,,,,,
rolls/buns,,,,,,,,,,,,,,,,,,,,,,,,,,,,
pork,frozen vegetables,pastry,misc. beverages,,,,,,,,,,,,,,,,,,,,,,,,,
citrus fruit,other vegetables,whole milk,flour,,,,,,,,,,,,,,,,,,,,,,,,,
canned beer,,,,,,,,,,,,,,,,,,,,,,,,,,,,
soda,chewing gum,newspapers,photo/film,,,,,,,,,,,,,,,,,,,,,,,,,
bottled beer,liquor (appetizer),dishes,,,,,,,,,,,,,,,,,,,,,,,,,,
sausage,pork,beef,hamburger meat,grapes,root vegetables,other vegetables,dessert,rolls/buns,dog food,napkins,,,,,,,,,,,,,,,,,,
frankfurter,pork,root vegetables,whole milk,yogurt,frozen fish,soda,,,,,,,,,,,,,,,,,,,,,,
sausage,citrus fruit,berries,other vegetables,hard cheese,rolls/buns,bottled water,,,,,,,,,,,,,,,,,,,,,,
sausage,rolls/buns,brandy,,,,,,,,,,,,,,,,,,,,,,,,,,
tropical fruit,candy,,,,,,,,,,,,,,,,,,,,,,,,,,,
frankfurter,white bread,margarine,shopping bags,,,,,,,,,,,,,,,,,,,,,,,,,
other vegetables,,,,,,,,,,,,,,,,,,,,,,,,,,,,
whole milk,fruit/vegetable juice,,,,,,,,,,,,,,,,,,,,,,,,,,,
canned beer,salty snack,,,,,,,,,,,,,,,,,,,,,,,,,,,
condensed milk,coffee,,,,,,,,,,,,,,,,,,,,,,,,,,,
ham,citrus fruit,tropical fruit,whole milk,yogurt,whipped/sour cream,soda,,,,,,,,,,,,,,,,,,,,,,
cream cheese,,,,,,,,,,,,,,,,,,,,,,,,,,,,
pastry,soda,,,,,,,,,,,,,,,,,,,,,,,,,,,
meat,finished products,white bread,long life bakery product,shopping bags,,,,,,,,,,,,,,,,,,,,,,,,
yogurt,cream cheese,rolls/buns,chocolate,,,,,,,,,,,,,,,,,,,,,,,,,
whipped/sour cream,domestic eggs,margarine,,,,,,,,,,,,,,,,,,,,,,,,,,
canned beer,,,,,,,,,,,,,,,,,,,,,,,,,,,,
root vegetables,other vegetables,photo/film,,,,,,,,,,,,,,,,,,,,,,,,,,
sausage,yogurt,rolls/buns,pastry,dog food,soda,,,,,,,,,,,,,,,,,,,,,,,
liquor,,,,,,,,,,,,,,,,,,,,,,,,,,,,
frankfurter,rolls/buns,brown bread,shopping bags,,,,,,,,,,,,,,,,,,,,,,,,,
ham,pork,other vegetables,whole milk,frozen vegetables,rolls/buns,rum,,,,,,,,,,,,,,,,,,,,,,
bottled beer,newspapers,,,,,,,,,,,,,,,,,,,,,,,,,,,
chicken,citrus fruit,tropical fruit,other vegetables,whole milk,whipped/sour cream,rolls/buns,pastry,flour,specialty chocolate,,,,,,,,,,,,,,,,,,,
specialty cheese,hygiene articles,newspapers,shopping bags,,,,,,,,,,,,,,,,,,,,,,,,,
frankfurter,sausage,citrus fruit,root vegetables,other vegetables,whole milk,yogurt,whipped/sour cream,frozen vegetables,white bread,brown bread,pasta,vinegar,soda,salty snack,detergent,,,,,,,,,,,,,
canned beer,,,,,,,,,,,,,,,,,,,,,,,,,,,,
canned beer,,,,,,,,,,,,,,,,,,,,,,,,,,,,
beef,root vegetables,other vegetables,whole milk,dessert,yogurt,rolls/buns,margarine,jam,soda,liquor (appetizer),waffles,chocolate marshmallow,candy,bathroom cleaner,light bulbs,,,,,,,,,,,,,
rolls/buns,pastry,,,,,,,,,,,,,,,,,,,,,,,,,,,
dental care,male cosmetics,,,,,,,,,,,,,,,,,,,,,,,,,,,
rolls/buns,soda,,,,,,,,,,,,,,,,,,,,,,,,,,,
beef,tropical fruit,root vegetables,whole milk,,,,,,,,,,,,,,,,,,,,,,,,,
finished products,chicken,pork,beef,hamburger meat,berries,butter,domestic eggs,rolls/buns,brown bread,pastry,flour,Instant food products,soda,salty snack,chocolate,specialty chocolate,hygiene articles,flower (seeds),,,,,,,,,,
dessert,beverages,ice cream,soda,,,,,,,,,,,,,,,,,,,,,,,,,
rolls/buns,bottled water,bottled beer,,,,,,,,,,,,,,,,,,,,,,,,,,
sausage,liver loaf,misc. beverages,fruit/vegetable juice,canned beer,salty snack,shopping bags,,,,,,,,,,,,,,,,,,,,,,
citrus fruit,soda,misc. beverages,canned beer,chocolate,specialty chocolate,candy,shopping bags,,,,,,,,,,,,,,,,,,,,,
sausage,yogurt,cream,,,,,,,,,,,,,,,,,,,,,,,,,,
root vegetables,whole milk,oil,mustard,fruit/vegetable juice,waffles,dishes,shopping bags,,,,,,,,,,,,,,,,,,,,,
organic sausage,rolls/buns,,,,,,,,,,,,,,,,,,,,,,,,,,,
dessert,yogurt,rolls/buns,meat spreads,bottled water,soda,chocolate,shopping bags,,,,,,,,,,,,,,,,,,,,,
citrus fruit,root vegetables,other vegetables,whipped/sour cream,processed cheese,rolls/buns,newspapers,,,,,,,,,,,,,,,,,,,,,,
hamburger meat,root vegetables,frozen vegetables,rolls/buns,brown bread,margarine,soda,fruit/vegetable juice,white wine,kitchen towels,newspapers,,,,,,,,,,,,,,,,,,
other vegetables,,,,,,,,,,,,,,,,,,,,,,,,,,,,
rolls/buns,canned fruit,,,,,,,,,,,,,,,,,,,,,,,,,,,
whole milk,brown bread,pastry,,,,,,,,,,,,,,,,,,,,,,,,,,
canned beer,,,,,,,,,,,,,,,,,,,,,,,,,,,,
frankfurter,sausage,whole milk,margarine,sauces,chocolate,,,,,,,,,,,,,,,,,,,,,,,
whole milk,frozen dessert,margarine,snack products,,,,,,,,,,,,,,,,,,,,,,,,,
citrus fruit,,,,,,,,,,,,,,,,,,,,,,,,,,,,
frankfurter,pork,herbs,other vegetables,butter,rolls/buns,,,,,,,,,,,,,,,,,,,,,,,
whipped/sour cream,condensed milk,domestic eggs,flour,oil,sugar,,,,,,,,,,,,,,,,,,,,,,,
candy,,,,,,,,,,,,,,,,,,,,,,,,,,,,
frankfurter,rolls/buns,,,,,,,,,,,,,,,,,,,,,,,,,,,
chicken,beef,pip fruit,berries,other vegetables,whole milk,whipped/sour cream,frozen fruits,frozen meals,domestic eggs,salty snack,,,,,,,,,,,,,,,,,,
sausage,rolls/buns,,,,,,,,,,,,,,,,,,,,,,,,,,,
brown bread,,,,,,,,,,,,,,,,,,,,,,,,,,,,
sausage,tropical fruit,other vegetables,butter,sliced cheese,domestic eggs,rolls/buns,brown bread,napkins,,,,,,,,,,,,,,,,,,,,
ham,rolls/buns,soda,shopping bags,,,,,,,,,,,,,,,,,,,,,,,,,
rolls/buns,pastry,pasta,soda,fruit/vegetable juice,specialty chocolate,,,,,,,,,,,,,,,,,,,,,,,
other vegetables,whole milk,whipped/sour cream,condensed milk,rolls/buns,shopping bags,,,,,,,,,,,,,,,,,,,,,,,
other vegetables,white bread,newspapers,,,,,,,,,,,,,,,,,,,,,,,,,,
berries,cookware,flower (seeds),,,,,,,,,,,,,,,,,,,,,,,,,,
photo/film,shopping bags,,,,,,,,,,,,,,,,,,,,,,,,,,,
photo/film,,,,,,,,,,,,,,,,,,,,,,,,,,,,
whole milk,butter,curd,frozen vegetables,bottled water,bottled beer,detergent,potted plants,shopping bags,,,,,,,,,,,,,,,,,,,,
sausage,sliced cheese,cream cheese,candy,shopping bags,,,,,,,,,,,,,,,,,,,,,,,,
hamburger meat,other vegetables,margarine,sugar,baking powder,sweet spreads,fruit/vegetable juice,chewing gum,specialty bar,,,,,,,,,,,,,,,,,,,,
canned beer,,,,,,,,,,,,,,,,,,,,,,,,,,,,
other vegetables,specialty cheese,,,,,,,,,,,,,,,,,,,,,,,,,,,
hamburger meat,hard cheese,pasta,canned vegetables,,,,,,,,,,,,,,,,,,,,,,,,,
root vegetables,,,,,,,,,,,,,,,,,,,,,,,,,,,,
sausage,onions,,,,,,,,,,,,,,,,,,,,,,,,,,,
canned beer,male cosmetics,,,,,,,,,,,,,,,,,,,,,,,,,,,
cat food,waffles,,,,,,,,,,,,,,,,,,,,,,,,,,,
sausage,meat,pork,root vegetables,other vegetables,sliced cheese,margarine,cat food,coffee,dental care,,,,,,,,,,,,,,,,,,,
bottled water,soda,,,,,,,,,,,,,,,,,,,,,,,,,,,
soda,chocolate,,,,,,,,,,,,,,,,,,,,,,,,,,,
pastry,soda,,,,,,,,,,,,,,,,,,,,,,,,,,,
shopping bags,,,,,,,,,,,,,,,,,,,,,,,,,,,,
brown bread,bottled water,,,,,,,,,,,,,,,,,,,,,,,,,,,
hamburger meat,other vegetables,frozen vegetables,frozen meals,cat food,fruit/vegetable juice,,,,,,,,,,,,,,,,,,,,,,,
ham,whipped/sour cream,beverages,domestic eggs,fruit/vegetable juice,,,,,,,,,,,,,,,,,,,,,,,,
photo/film,,,,,,,,,,,,,,,,,,,,,,,,,,,,
brown bread,bottled water,soda,fruit/vegetable juice,bottled beer,newspapers,photo/film,,,,,,,,,,,,,,,,,,,,,,
beef,root vegetables,other vegetables,margarine,salty snack,waffles,specialty chocolate,kitchen towels,newspapers,,,,,,,,,,,,,,,,,,,,
misc. beverages,,,,,,,,,,,,,,,,,,,,,,,,,,,,
sausage,rolls/buns,soda,chocolate,,,,,,,,,,,,,,,,,,,,,,,,,
canned beer,,,,,,,,,,,,,,,,,,,,,,,,,,,,
citrus fruit,tropical fruit,frozen meals,frozen dessert,rolls/buns,misc. beverages,,,,,,,,,,,,,,,,,,,,,,,
whole milk,newspapers,,,,,,,,,,,,,,,,,,,,,,,,,,,
ham,tropical fruit,pip fruit,grapes,berries,other vegetables,curd,dessert,yogurt,rolls/buns,margarine,honey,specialty chocolate,detergent,napkins,cling film/bags,,,,,,,,,,,,,
frankfurter,brown bread,bottled beer,,,,,,,,,,,,,,,,,,,,,,,,,,
sausage,root vegetables,whole milk,rolls/buns,brown bread,margarine,soda,long life bakery product,cake bar,,,,,,,,,,,,,,,,,,,,
pork,brown bread,salt,liquor,shopping bags,,,,,,,,,,,,,,,,,,,,,,,,
pastry,,,,,,,,,,,,,,,,,,,,,,,,,,,,
cat food,,,,,,,,,,,,,,,,,,,,,,,,,,,,
chicken,citrus fruit,root vegetables,other vegetables,beverages,ice cream,rice,Instant food products,sweet spreads,canned fish,soda,fruit/vegetable juice,red/blush wine,newspapers,shopping bags,,,,,,,,,,,,,,
bottled beer,liquor,red/blush wine,,,,,,,,,,,,,,,,,,,,,,,,,,
other vegetables,soda,specialty bar,,,,,,,,,,,,,,,,,,,,,,,,,,
fish,rolls/buns,potted plants,,,,,,,,,,,,,,,,,,,,,,,,,,
whole milk,sliced cheese,long life bakery product,candy,hair spray,,,,,,,,,,,,,,,,,,,,,,,,
detergent,,,,,,,,,,,,,,,,,,,,,,,,,,,,
hamburger meat,photo/film,,,,,,,,,,,,,,,,,,,,,,,,,,,
whole milk,dessert,yogurt,sliced cheese,rolls/buns,soda,seasonal products,,,,,,,,,,,,,,,,,,,,,,
beef,,,,,,,,,,,,,,,,,,,,,,,,,,,,
frozen meals,bottled beer,,,,,,,,,,,,,,,,,,,,,,,,,,,
pip fruit,yogurt,,,,,,,,,,,,,,,,,,,,,,,,,,,
yogurt,frozen vegetables,decalcifier,,,,,,,,,,,,,,,,,,,,,,,,,,
rolls/buns,,,,,,,,,,,,,,,,,,,,,,,,,,,,
whole milk,frozen meals,pasta,candy,,,,,,,,,,,,,,,,,,,,,,,,,
frozen meals,,,,,,,,,,,,,,,,,,,,,,,,,,,,
pork,frozen potato products,rolls/buns,margarine,coffee,female sanitary products,,,,,,,,,,,,,,,,,,,,,,,
chewing gum,,,,,,,,,,,,,,,,,,,,,,,,,,,,
tropical fruit,root vegetables,other vegetables,butter,dessert,sliced cheese,frozen vegetables,ice cream,frozen dessert,rolls/buns,Instant food products,baking powder,canned fish,fruit/vegetable juice,newspapers,shopping bags,,,,,,,,,,,,,
whole milk,pastry,sugar,soda,hygiene articles,,,,,,,,,,,,,,,,,,,,,,,,
whole milk,specialty bar,,,,,,,,,,,,,,,,,,,,,,,,,,,
curd,,,,,,,,,,,,,,,,,,,,,,,,,,,,
misc. beverages,canned beer,,,,,,,,,,,,,,,,,,,,,,,,,,,
white bread,canned beer,,,,,,,,,,,,,,,,,,,,,,,,,,,
pork,beef,other vegetables,curd,whipped/sour cream,specialty cheese,dental care,shopping bags,,,,,,,,,,,,,,,,,,,,,
other vegetables,whole milk,,,,,,,,,,,,,,,,,,,,,,,,,,,
pork,,,,,,,,,,,,,,,,,,,,,,,,,,,,
frankfurter,root vegetables,bottled beer,shopping bags,,,,,,,,,,,,,,,,,,,,,,,,,
bottled water,misc. beverages,bottled beer,,,,,,,,,,,,,,,,,,,,,,,,,,
margarine,coffee,instant coffee,soda,canned beer,,,,,,,,,,,,,,,,,,,,,,,,
hamburger meat,whole milk,canned vegetables,soda,,,,,,,,,,,,,,,,,,,,,,,,,
root vegetables,onions,other vegetables,whole milk,curd,yogurt,frozen fish,waffles,,,,,,,,,,,,,,,,,,,,,
root vegetables,onions,other vegetables,curd,whipped/sour cream,pickled vegetables,specialty vegetables,,,,,,,,,,,,,,,,,,,,,,
frozen fish,,,,,,,,,,,,,,,,,,,,,,,,,,,,
fruit/vegetable juice,,,,,,,,,,,,,,,,,,,,,,,,,,,,
canned beer,,,,,,,,,,,,,,,,,,,,,,,,,,,,
bottled water,,,,,,,,,,,,,,,,,,,,,,,,,,,,
sausage,hamburger meat,citrus fruit,other vegetables,dessert,yogurt,frozen meals,frozen potato products,white bread,fruit/vegetable juice,long life bakery product,chocolate,candy,house keeping products,,,,,,,,,,,,,,,
newspapers,,,,,,,,,,,,,,,,,,,,,,,,,,,,
yogurt,hard cheese,sugar,bottled beer,,,,,,,,,,,,,,,,,,,,,,,,,
roll products,misc. beverages,,,,,,,,,,,,,,,,,,,,,,,,,,,
frozen meals,,,,,,,,,,,,,,,,,,,,,,,,,,,,
ice cream,,,,,,,,,,,,,,,,,,,,,,,,,,,,
frankfurter,pork,tropical fruit,whole milk,whipped/sour cream,frozen vegetables,frozen fish,margarine,newspapers,,,,,,,,,,,,,,,,,,,,
meat,turkey,tropical fruit,root vegetables,onions,other vegetables,whole milk,butter,yogurt,whipped/sour cream,sliced cheese,hard cheese,frozen meals,frozen dessert,domestic eggs,white bread,salt,rice,oil,margarine,mustard,baking powder,dog food,bottled water,fruit/vegetable juice,rum,long life bakery product,chocolate,cooking chocolate
other vegetables,margarine,coffee,canned beer,flower (seeds),,,,,,,,,,,,,,,,,,,,,,,,
misc. beverages,salty snack,,,,,,,,,,,,,,,,,,,,,,,,,,,
frankfurter,pork,beef,hamburger meat,other vegetables,whole milk,butter,curd,yogurt,whipped/sour cream,cream cheese,frozen vegetables,domestic eggs,rolls/buns,sugar,mustard,ketchup,meat spreads,canned fish,bottled beer,chewing gum,decalcifier,hygiene articles,,,,,,
frankfurter,pork,pip fruit,root vegetables,other vegetables,whole milk,butter milk,yogurt,cream cheese,rolls/buns,brown bread,soda,,,,,,,,,,,,,,,,,
white wine,,,,,,,,,,,,,,,,,,,,,,,,,,,,
meat,,,,,,,,,,,,,,,,,,,,,,,,,,,,
other vegetables,hard cheese,processed cheese,cereals,pickled vegetables,long life bakery product,specialty chocolate,,,,,,,,,,,,,,,,,,,,,,
other vegetables,whole milk,processed cheese,white bread,soda,newspapers,,,,,,,,,,,,,,,,,,,,,,,
yogurt,frozen vegetables,,,,,,,,,,,,,,,,,,,,,,,,,,,
root vegetables,whole milk,rolls/buns,,,,,,,,,,,,,,,,,,,,,,,,,,
shopping bags,,,,,,,,,,,,,,,,,,,,,,,,,,,,
whole milk,dessert,butter milk,,,,,,,,,,,,,,,,,,,,,,,,,,
hamburger meat,pip fruit,other vegetables,whole milk,yogurt,cream cheese,margarine,sugar,baking powder,meat spreads,bottled water,chewing gum,,,,,,,,,,,,,,,,,
frozen vegetables,bottled beer,,,,,,,,,,,,,,,,,,,,,,,,,,,
root vegetables,other vegetables,whole milk,butter,dessert,frozen meals,frozen fish,rice,bottled water,fruit/vegetable juice,long life bakery product,chocolate,,,,,,,,,,,,,,,,,
sausage,meat,whole milk,rolls/buns,bottled beer,,,,,,,,,,,,,,,,,,,,,,,,
pork,beef,packaged fruit/vegetables,pastry,,,,,,,,,,,,,,,,,,,,,,,,,
bottled beer,,,,,,,,,,,,,,,,,,,,,,,,,,,,
salty snack,female sanitary products,,,,,,,,,,,,,,,,,,,,,,,,,,,
bottled beer,,,,,,,,,,,,,,,,,,,,,,,,,,,,
soda,skin care,,,,,,,,,,,,,,,,,,,,,,,,,,,
frankfurter,other vegetables,mustard,soda,napkins,light bulbs,,,,,,,,,,,,,,,,,,,,,,,
tropical fruit,other vegetables,whole milk,yogurt,rolls/buns,baking powder,long life bakery product,chocolate,newspapers,,,,,,,,,,,,,,,,,,,,
chicken,citrus fruit,curd,yogurt,domestic eggs,rolls/buns,spices,bottled water,waffles,chocolate,shopping bags,,,,,,,,,,,,,,,,,,
citrus fruit,tropical fruit,ice cream,,,,,,,,,,,,,,,,,,,,,,,,,,
curd,,,,,,,,,,,,,,,,,,,,,,,,,,,,
bottled water,soda,waffles,,,,,,,,,,,,,,,,,,,,,,,,,,
chicken,root vegetables,onions,other vegetables,frozen vegetables,cake bar,,,,,,,,,,,,,,,,,,,,,,,
waffles,,,,,,,,,,,,,,,,,,,,,,,,,,,,
curd,cake bar,,,,,,,,,,,,,,,,,,,,,,,,,,,
oil,,,,,,,,,,,,,,,,,,,,,,,,,,,,
berries,root vegetables,herbs,other vegetables,whole milk,curd,cream cheese,cereals,long life bakery product,waffles,shopping bags,,,,,,,,,,,,,,,,,,
tropical fruit,root vegetables,whole milk,rolls/buns,bottled water,napkins,dishes,,,,,,,,,,,,,,,,,,,,,,
specialty cheese,chewing gum,,,,,,,,,,,,,,,,,,,,,,,,,,,
pork,root vegetables,onions,bottled water,soda,,,,,,,,,,,,,,,,,,,,,,,,
citrus fruit,tropical fruit,root vegetables,other vegetables,whole milk,yogurt,sliced cheese,hard cheese,specialty cheese,dog food,bottled water,newspapers,,,,,,,,,,,,,,,,,
bottled beer,white wine,,,,,,,,,,,,,,,,,,,,,,,,,,,
other vegetables,butter milk,rolls/buns,oil,bottled water,fruit/vegetable juice,softener,dishes,,,,,,,,,,,,,,,,,,,,,
frankfurter,beef,pip fruit,whole milk,yogurt,whipped/sour cream,cream cheese,frozen vegetables,flour,margarine,canned vegetables,pickled vegetables,coffee,bottled water,soda,misc. beverages,fruit/vegetable juice,salty snack,waffles,potted plants,,,,,,,,,
citrus fruit,tropical fruit,dessert,condensed milk,margarine,,,,,,,,,,,,,,,,,,,,,,,,
other vegetables,white bread,,,,,,,,,,,,,,,,,,,,,,,,,,,
citrus fruit,root vegetables,other vegetables,whole milk,whipped/sour cream,soft cheese,frozen vegetables,white bread,flour,margarine,baking powder,waffles,hygiene articles,,,,,,,,,,,,,,,,
whole milk,cream cheese,salty snack,candy,,,,,,,,,,,,,,,,,,,,,,,,,
other vegetables,,,,,,,,,,,,,,,,,,,,,,,,,,,,
pip fruit,,,,,,,,,,,,,,,,,,,,,,,,,,,,
root vegetables,onions,other vegetables,frozen fruits,canned beer,,,,,,,,,,,,,,,,,,,,,,,,
root vegetables,other vegetables,yogurt,rolls/buns,flour,,,,,,,,,,,,,,,,,,,,,,,,
bottled water,,,,,,,,,,,,,,,,,,,,,,,,,,,,
root vegetables,whole milk,roll products,,,,,,,,,,,,,,,,,,,,,,,,,,
tropical fruit,pip fruit,other vegetables,frozen vegetables,ice cream,brown bread,pastry,flour,pickled vegetables,coffee,soda,misc. beverages,fruit/vegetable juice,,,,,,,,,,,,,,,,
butter,curd,dessert,cream cheese,canned beer,candy,shopping bags,,,,,,,,,,,,,,,,,,,,,,
pasta,soda,snack products,cake bar,,,,,,,,,,,,,,,,,,,,,,,,,
other vegetables,curd,yogurt,UHT-milk,brown bread,bottled water,newspapers,shopping bags,,,,,,,,,,,,,,,,,,,,,
beef,,,,,,,,,,,,,,,,,,,,,,,,,,,,
root vegetables,,,,,,,,,,,,,,,,,,,,,,,,,,,,
whole milk,frozen vegetables,coffee,,,,,,,,,,,,,,,,,,,,,,,,,,
beef,other vegetables,,,,,,,,,,,,,,,,,,,,,,,,,,,
specialty bar,,,,,,,,,,,,,,,,,,,,,,,,,,,,
tropical fruit,frozen meals,rolls/buns,bottled beer,newspapers,,,,,,,,,,,,,,,,,,,,,,,,
sausage,beef,citrus fruit,tropical fruit,nuts/prunes,root vegetables,other vegetables,whole milk,mayonnaise,oil,baking powder,pickled vegetables,chocolate,newspapers,,,,,,,,,,,,,,,
citrus fruit,tropical fruit,other vegetables,whole milk,butter,yogurt,whipped/sour cream,soft cheese,sliced cheese,hard cheese,roll products,margarine,soda,misc. beverages,fruit/vegetable juice,chocolate,newspapers,,,,,,,,,,,,
flour,sugar,cat food,misc. beverages,waffles,,,,,,,,,,,,,,,,,,,,,,,,
finished products,tropical fruit,pip fruit,other vegetables,whole milk,frozen fish,pastry,canned fish,seasonal products,dental care,hygiene articles,potted plants,,,,,,,,,,,,,,,,,
frankfurter,rolls/buns,margarine,soda,,,,,,,,,,,,,,,,,,,,,,,,,
chicken,other vegetables,whole milk,domestic eggs,oil,margarine,sugar,coffee,bottled beer,specialty bar,candy,,,,,,,,,,,,,,,,,,
sausage,beef,whole milk,pastry,,,,,,,,,,,,,,,,,,,,,,,,,
whole milk,frozen meals,specialty chocolate,,,,,,,,,,,,,,,,,,,,,,,,,,
sausage,other vegetables,,,,,,,,,,,,,,,,,,,,,,,,,,,
other vegetables,potted plants,,,,,,,,,,,,,,,,,,,,,,,,,,,
frankfurter,sausage,tropical fruit,oil,spices,pickled vegetables,bottled water,misc. beverages,,,,,,,,,,,,,,,,,,,,,
frankfurter,curd cheese,,,,,,,,,,,,,,,,,,,,,,,,,,,
whole milk,whipped/sour cream,semi-finished bread,baking powder,pickled vegetables,bottled water,soda,napkins,,,,,,,,,,,,,,,,,,,,,
frozen fish,brandy,,,,,,,,,,,,,,,,,,,,,,,,,,,
chicken,pork,other vegetables,whole milk,butter,curd,margarine,pickled vegetables,waffles,specialty chocolate,hygiene articles,,,,,,,,,,,,,,,,,,
curd,cat food,soda,,,,,,,,,,,,,,,,,,,,,,,,,,
whole milk,processed cheese,mayonnaise,margarine,mustard,cat food,coffee,bottled water,,,,,,,,,,,,,,,,,,,,,
chocolate,,,,,,,,,,,,,,,,,,,,,,,,,,,,
tropical fruit,other vegetables,butter milk,curd cheese,sugar,fruit/vegetable juice,bottled beer,chocolate,candles,,,,,,,,,,,,,,,,,,,,
tropical fruit,pip fruit,other vegetables,butter milk,yogurt,whipped/sour cream,UHT-milk,margarine,sugar,waffles,,,,,,,,,,,,,,,,,,,
UHT-milk,canned beer,,,,,,,,,,,,,,,,,,,,,,,,,,,
root vegetables,semi-finished bread,specialty bar,,,,,,,,,,,,,,,,,,,,,,,,,,
frankfurter,sausage,butter,dessert,spread cheese,white bread,pastry,coffee,waffles,,,,,,,,,,,,,,,,,,,,
whipped/sour cream,,,,,,,,,,,,,,,,,,,,,,,,,,,,
oil,,,,,,,,,,,,,,,,,,,,,,,,,,,,
white bread,bottled beer,,,,,,,,,,,,,,,,,,,,,,,,,,,
dessert,yogurt,brown bread,pastry,soda,long life bakery product,cake bar,light bulbs,,,,,,,,,,,,,,,,,,,,,
baking powder,,,,,,,,,,,,,,,,,,,,,,,,,,,,
pork,pip fruit,,,,,,,,,,,,,,,,,,,,,,,,,,,
brown bread,bottled water,specialty bar,,,,,,,,,,,,,,,,,,,,,,,,,,
bottled water,,,,,,,,,,,,,,,,,,,,,,,,,,,,
soda,,,,,,,,,,,,,,,,,,,,,,,,,,,,
canned beer,,,,,,,,,,,,,,,,,,,,,,,,,,,,
pastry,,,,,,,,,,,,,,,,,,,,,,,,,,,,
beef,chocolate,,,,,,,,,,,,,,,,,,,,,,,,,,,
hamburger meat,ketchup,,,,,,,,,,,,,,,,,,,,,,,,,,,
mayonnaise,white bread,soda,,,,,,,,,,,,,,,,,,,,,,,,,,
whole milk,dessert,soda,bottled beer,,,,,,,,,,,,,,,,,,,,,,,,,
dog food,cling film/bags,,,,,,,,,,,,,,,,,,,,,,,,,,,
citrus fruit,tropical fruit,yogurt,UHT-milk,domestic eggs,mustard,canned fish,,,,,,,,,,,,,,,,,,,,,,
tropical fruit,dessert,yogurt,domestic eggs,oil,fruit/vegetable juice,,,,,,,,,,,,,,,,,,,,,,,
beef,citrus fruit,root vegetables,bottled water,soda,fruit/vegetable juice,potted plants,,,,,,,,,,,,,,,,,,,,,,
chicken,butter,UHT-milk,spread cheese,bottled beer,salty snack,waffles,chewing gum,,,,,,,,,,,,,,,,,,,,,
sausage,rolls/buns,misc. beverages,fruit/vegetable juice,,,,,,,,,,,,,,,,,,,,,,,,,
whole milk,,,,,,,,,,,,,,,,,,,,,,,,,,,,
meat,other vegetables,white bread,newspapers,,,,,,,,,,,,,,,,,,,,,,,,,
beef,root vegetables,whole milk,butter,yogurt,soda,abrasive cleaner,newspapers,,,,,,,,,,,,,,,,,,,,,
ham,other vegetables,yogurt,domestic eggs,semi-finished bread,newspapers,,,,,,,,,,,,,,,,,,,,,,,
pork,other vegetables,rolls/buns,canned fish,chocolate,,,,,,,,,,,,,,,,,,,,,,,,
beef,hamburger meat,tropical fruit,pip fruit,other vegetables,whole milk,butter milk,yogurt,ice cream,rolls/buns,pastry,fruit/vegetable juice,,,,,,,,,,,,,,,,,
yogurt,condensed milk,pet care,house keeping products,shopping bags,,,,,,,,,,,,,,,,,,,,,,,,
other vegetables,whole milk,waffles,,,,,,,,,,,,,,,,,,,,,,,,,,
pip fruit,canned beer,white wine,,,,,,,,,,,,,,,,,,,,,,,,,,
ham,citrus fruit,tropical fruit,pip fruit,herbs,other vegetables,whole milk,yogurt,spread cheese,brown bread,dog food,fruit/vegetable juice,,,,,,,,,,,,,,,,,
other vegetables,bottled water,bottled beer,waffles,,,,,,,,,,,,,,,,,,,,,,,,,
ham,tropical fruit,beverages,hard cheese,waffles,chocolate,specialty chocolate,specialty bar,,,,,,,,,,,,,,,,,,,,,
yogurt,frozen vegetables,napkins,newspapers,potted plants,,,,,,,,,,,,,,,,,,,,,,,,
root vegetables,UHT-milk,rolls/buns,brown bread,pastry,bottled water,,,,,,,,,,,,,,,,,,,,,,,
hamburger meat,pip fruit,root vegetables,other vegetables,whole milk,curd,domestic eggs,salt,vinegar,oil,margarine,spices,coffee,bottled beer,newspapers,,,,,,,,,,,,,,
chicken,beef,root vegetables,brown bread,margarine,cat food,bottled water,soda,,,,,,,,,,,,,,,,,,,,,
pork,root vegetables,sliced cheese,specialty chocolate,specialty bar,napkins,shopping bags,,,,,,,,,,,,,,,,,,,,,,
napkins,,,,,,,,,,,,,,,,,,,,,,,,,,,,
canned beer,,,,,,,,,,,,,,,,,,,,,,,,,,,,
sausage,ham,grapes,other vegetables,UHT-milk,frozen meals,frozen potato products,rolls/buns,waffles,chocolate,candy,,,,,,,,,,,,,,,,,,
other vegetables,whole milk,yogurt,ice cream,flour,margarine,baking powder,pudding powder,,,,,,,,,,,,,,,,,,,,,
rolls/buns,,,,,,,,,,,,,,,,,,,,,,,,,,,,
frankfurter,pork,citrus fruit,other vegetables,domestic eggs,pastry,ketchup,pickled vegetables,soda,syrup,skin care,newspapers,,,,,,,,,,,,,,,,,
sausage,whole milk,UHT-milk,rolls/buns,sugar,canned beer,shopping bags,,,,,,,,,,,,,,,,,,,,,,
frankfurter,chicken,hamburger meat,pip fruit,other vegetables,whole milk,butter,curd,whipped/sour cream,salad dressing,frozen dessert,frozen potato products,pastry,rice,,,,,,,,,,,,,,,
beef,citrus fruit,pip fruit,root vegetables,other vegetables,pastry,flour,canned beer,red/blush wine,,,,,,,,,,,,,,,,,,,,
frankfurter,margarine,bottled beer,,,,,,,,,,,,,,,,,,,,,,,,,,
pork,whipped/sour cream,ice cream,rolls/buns,bottled water,chocolate,dish cleaner,,,,,,,,,,,,,,,,,,,,,,
other vegetables,,,,,,,,,,,,,,,,,,,,,,,,,,,,
coffee,soda,,,,,,,,,,,,,,,,,,,,,,,,,,,
meat,other vegetables,whole milk,whipped/sour cream,rolls/buns,margarine,soda,shopping bags,,,,,,,,,,,,,,,,,,,,,
citrus fruit,tropical fruit,root vegetables,other vegetables,whole milk,whipped/sour cream,curd cheese,frozen vegetables,soups,cat food,chewing gum,,,,,,,,,,,,,,,,,,
beef,root vegetables,,,,,,,,,,,,,,,,,,,,,,,,,,,
tropical fruit,other vegetables,whipped/sour cream,beverages,hard cheese,cream cheese,flour,sweet spreads,soda,long life bakery product,,,,,,,,,,,,,,,,,,,
sausage,other vegetables,dessert,pastry,waffles,dish cleaner,,,,,,,,,,,,,,,,,,,,,,,
whole milk,curd,semi-finished bread,baking powder,soda,,,,,,,,,,,,,,,,,,,,,,,,
other vegetables,,,,,,,,,,,,,,,,,,,,,,,,,,,,
turkey,other vegetables,whipped/sour cream,canned vegetables,instant coffee,bottled water,red/blush wine,,,,,,,,,,,,,,,,,,,,,,
chicken,hamburger meat,root vegetables,onions,other vegetables,whole milk,butter,curd,butter milk,frozen vegetables,domestic eggs,oil,canned vegetables,popcorn,,,,,,,,,,,,,,,
pork,root vegetables,shopping bags,,,,,,,,,,,,,,,,,,,,,,,,,,
yogurt,beverages,fruit/vegetable juice,detergent,cleaner,,,,,,,,,,,,,,,,,,,,,,,,
pet care,,,,,,,,,,,,,,,,,,,,,,,,,,,,
tropical fruit,berries,other vegetables,whole milk,yogurt,whipped/sour cream,frozen vegetables,coffee,bottled water,soda,salty snack,long life bakery product,specialty bar,,,,,,,,,,,,,,,,
whole milk,pastry,,,,,,,,,,,,,,,,,,,,,,,,,,,
pork,other vegetables,yogurt,white bread,bottled beer,napkins,shopping bags,,,,,,,,,,,,,,,,,,,,,,
UHT-milk,bottled water,specialty chocolate,,,,,,,,,,,,,,,,,,,,,,,,,,
sausage,,,,,,,,,,,,,,,,,,,,,,,,,,,,
specialty chocolate,specialty bar,,,,,,,,,,,,,,,,,,,,,,,,,,,
frozen meals,soda,,,,,,,,,,,,,,,,,,,,,,,,,,,
sausage,ham,other vegetables,whole milk,curd,cream cheese,processed cheese,frozen potato products,pastry,,,,,,,,,,,,,,,,,,,,
other vegetables,specialty bar,,,,,,,,,,,,,,,,,,,,,,,,,,,
herbs,bottled water,napkins,,,,,,,,,,,,,,,,,,,,,,,,,,
pip fruit,root vegetables,other vegetables,dessert,domestic eggs,margarine,cereals,soda,candles,,,,,,,,,,,,,,,,,,,,
citrus fruit,soft cheese,domestic eggs,pastry,oil,baking powder,pickled vegetables,dog food,coffee,,,,,,,,,,,,,,,,,,,,
frankfurter,whipped/sour cream,condensed milk,rolls/buns,bottled water,soda,bottled beer,specialty bar,,,,,,,,,,,,,,,,,,,,,
other vegetables,frozen potato products,coffee,salty snack,specialty chocolate,shopping bags,,,,,,,,,,,,,,,,,,,,,,,
soda,,,,,,,,,,,,,,,,,,,,,,,,,,,,
pastry,,,,,,,,,,,,,,,,,,,,,,,,,,,,
ham,frozen potato products,white bread,pastry,cat food,bottled water,soda,candy,sound storage medium,shopping bags,,,,,,,,,,,,,,,,,,,
frankfurter,citrus fruit,canned vegetables,coffee,,,,,,,,,,,,,,,,,,,,,,,,,
soda,specialty chocolate,newspapers,,,,,,,,,,,,,,,,,,,,,,,,,,
whole milk,UHT-milk,domestic eggs,newspapers,,,,,,,,,,,,,,,,,,,,,,,,,
misc. beverages,canned beer,shopping bags,,,,,,,,,,,,,,,,,,,,,,,,,,
root vegetables,other vegetables,whole milk,specialty bar,dishes,,,,,,,,,,,,,,,,,,,,,,,,
bottled beer,chocolate,specialty bar,,,,,,,,,,,,,,,,,,,,,,,,,,
male cosmetics,,,,,,,,,,,,,,,,,,,,,,,,,,,,
bottled water,soda,dishes,,,,,,,,,,,,,,,,,,,,,,,,,,
pork,pip fruit,other vegetables,butter,rice,margarine,soda,waffles,shopping bags,,,,,,,,,,,,,,,,,,,,
misc. beverages,,,,,,,,,,,,,,,,,,,,,,,,,,,,
whole milk,,,,,,,,,,,,,,,,,,,,,,,,,,,,
pip fruit,whole milk,domestic eggs,margarine,soda,chocolate,napkins,,,,,,,,,,,,,,,,,,,,,,
liquor,,,,,,,,,,,,,,,,,,,,,,,,,,,,
whole milk,pastry,vinegar,,,,,,,,,,,,,,,,,,,,,,,,,,
canned beer,,,,,,,,,,,,,,,,,,,,,,,,,,,,
tropical fruit,grapes,onions,other vegetables,yogurt,domestic eggs,oil,pudding powder,pickled vegetables,salty snack,waffles,specialty bar,,,,,,,,,,,,,,,,,
meat,whipped/sour cream,coffee,chewing gum,dishes,,,,,,,,,,,,,,,,,,,,,,,,
pork,root vegetables,cream cheese,frozen fish,flour,sugar,decalcifier,shopping bags,,,,,,,,,,,,,,,,,,,,,
rolls/buns,bottled beer,,,,,,,,,,,,,,,,,,,,,,,,,,,
butter milk,,,,,,,,,,,,,,,,,,,,,,,,,,,,
organic sausage,citrus fruit,whole milk,whipped/sour cream,hard cheese,rolls/buns,pastry,bottled beer,long life bakery product,detergent,napkins,house keeping products,candles,,,,,,,,,,,,,,,,
napkins,,,,,,,,,,,,,,,,,,,,,,,,,,,,
chocolate marshmallow,,,,,,,,,,,,,,,,,,,,,,,,,,,,
frankfurter,root vegetables,packaged fruit/vegetables,soda,hygiene articles,,,,,,,,,,,,,,,,,,,,,,,,
cling film/bags,,,,,,,,,,,,,,,,,,,,,,,,,,,,
brown bread,bottled water,soda,canned beer,,,,,,,,,,,,,,,,,,,,,,,,,
ice cream,,,,,,,,,,,,,,,,,,,,,,,,,,,,
processed cheese,rolls/buns,detergent,dish cleaner,flower soil/fertilizer,,,,,,,,,,,,,,,,,,,,,,,,
whole milk,pickled vegetables,bottled water,fruit/vegetable juice,candy,,,,,,,,,,,,,,,,,,,,,,,,
citrus fruit,specialty bar,,,,,,,,,,,,,,,,,,,,,,,,,,,
pip fruit,rolls/buns,bottled water,soda,specialty chocolate,,,,,,,,,,,,,,,,,,,,,,,,
sausage,other vegetables,spread cheese,rolls/buns,soda,salty snack,long life bakery product,,,,,,,,,,,,,,,,,,,,,,
pastry,sugar,coffee,liquor (appetizer),,,,,,,,,,,,,,,,,,,,,,,,,
ham,meat,whole milk,dessert,butter milk,whipped/sour cream,sliced cheese,rolls/buns,soda,fruit/vegetable juice,,,,,,,,,,,,,,,,,,,
frozen chicken,fruit/vegetable juice,bottled beer,shopping bags,,,,,,,,,,,,,,,,,,,,,,,,,
bottled water,canned beer,,,,,,,,,,,,,,,,,,,,,,,,,,,
other vegetables,,,,,,,,,,,,,,,,,,,,,,,,,,,,
pip fruit,sweet spreads,,,,,,,,,,,,,,,,,,,,,,,,,,,
pork,packaged fruit/vegetables,whole milk,white bread,liquor,chocolate marshmallow,,,,,,,,,,,,,,,,,,,,,,,
tropical fruit,other vegetables,whipped/sour cream,white bread,,,,,,,,,,,,,,,,,,,,,,,,,
tropical fruit,UHT-milk,pastry,chocolate,napkins,shopping bags,,,,,,,,,,,,,,,,,,,,,,,
spread cheese,soda,,,,,,,,,,,,,,,,,,,,,,,,,,,
beverages,frozen vegetables,coffee,soda,fruit/vegetable juice,cling film/bags,,,,,,,,,,,,,,,,,,,,,,,
sausage,beef,tropical fruit,onions,frozen vegetables,domestic eggs,white bread,semi-finished bread,sugar,baking powder,canned fish,coffee,seasonal products,,,,,,,,,,,,,,,,
UHT-milk,,,,,,,,,,,,,,,,,,,,,,,,,,,,
soda,salty snack,specialty bar,candy,,,,,,,,,,,,,,,,,,,,,,,,,
UHT-milk,pastry,waffles,,,,,,,,,,,,,,,,,,,,,,,,,,
whisky,chewing gum,,,,,,,,,,,,,,,,,,,,,,,,,,,
misc. beverages,bottled beer,white wine,,,,,,,,,,,,,,,,,,,,,,,,,,
white wine,,,,,,,,,,,,,,,,,,,,,,,,,,,,
sausage,pork,other vegetables,rolls/buns,pickled vegetables,specialty bar,shopping bags,,,,,,,,,,,,,,,,,,,,,,
processed cheese,ketchup,seasonal products,,,,,,,,,,,,,,,,,,,,,,,,,,
rolls/buns,potted plants,,,,,,,,,,,,,,,,,,,,,,,,,,,
chicken,whipped/sour cream,ice cream,frozen potato products,soda,candy,shopping bags,,,,,,,,,,,,,,,,,,,,,,
whole milk,yogurt,,,,,,,,,,,,,,,,,,,,,,,,,,,
pip fruit,berries,whole milk,yogurt,hard cheese,frozen vegetables,popcorn,,,,,,,,,,,,,,,,,,,,,,
soda,,,,,,,,,,,,,,,,,,,,,,,,,,,,
yogurt,ice cream,soda,long life bakery product,candy,,,,,,,,,,,,,,,,,,,,,,,,
liquor,,,,,,,,,,,,,,,,,,,,,,,,,,,,
onions,,,,,,,,,,,,,,,,,,,,,,,,,,,,
beef,bottled beer,cake bar,,,,,,,,,,,,,,,,,,,,,,,,,,
rolls/buns,pickled vegetables,coffee,bottled water,red/blush wine,,,,,,,,,,,,,,,,,,,,,,,,
frankfurter,tropical fruit,domestic eggs,rolls/buns,soda,fruit/vegetable juice,,,,,,,,,,,,,,,,,,,,,,,
whole milk,bottled water,,,,,,,,,,,,,,,,,,,,,,,,,,,
pork,whole milk,dessert,frozen vegetables,bottled water,cleaner,,,,,,,,,,,,,,,,,,,,,,,
shopping bags,,,,,,,,,,,,,,,,,,,,,,,,,,,,
meat,root vegetables,whole milk,,,,,,,,,,,,,,,,,,,,,,,,,,
sausage,tropical fruit,berries,whole milk,butter,rolls/buns,roll products,vinegar,sugar,jam,candles,,,,,,,,,,,,,,,,,,
canned beer,shopping bags,,,,,,,,,,,,,,,,,,,,,,,,,,,
rolls/buns,oil,,,,,,,,,,,,,,,,,,,,,,,,,,,
citrus fruit,other vegetables,butter,rolls/buns,,,,,,,,,,,,,,,,,,,,,,,,,
bottled beer,,,,,,,,,,,,,,,,,,,,,,,,,,,,
pastry,,,,,,,,,,,,,,,,,,,,,,,,,,,,
other vegetables,rolls/buns,red/blush wine,,,,,,,,,,,,,,,,,,,,,,,,,,
tidbits,canned beer,red/blush wine,,,,,,,,,,,,,,,,,,,,,,,,,,
potato products,,,,,,,,,,,,,,,,,,,,,,,,,,,,
whole milk,whipped/sour cream,fruit/vegetable juice,canned beer,salty snack,waffles,,,,,,,,,,,,,,,,,,,,,,,
bottled beer,shopping bags,,,,,,,,,,,,,,,,,,,,,,,,,,,
frankfurter,whole milk,frozen vegetables,frozen fish,cling film/bags,house keeping products,flower (seeds),shopping bags,,,,,,,,,,,,,,,,,,,,,
onions,mayonnaise,rolls/buns,mustard,fruit/vegetable juice,,,,,,,,,,,,,,,,,,,,,,,,
whole milk,fruit/vegetable juice,,,,,,,,,,,,,,,,,,,,,,,,,,,
root vegetables,whole milk,soda,detergent,softener,dish cleaner,photo/film,,,,,,,,,,,,,,,,,,,,,,
photo/film,,,,,,,,,,,,,,,,,,,,,,,,,,,,
yogurt,,,,,,,,,,,,,,,,,,,,,,,,,,,,
sugar,waffles,cleaner,kitchen towels,shopping bags,,,,,,,,,,,,,,,,,,,,,,,,
yogurt,whipped/sour cream,frozen vegetables,salt,pasta,baking powder,soda,misc. beverages,fruit/vegetable juice,,,,,,,,,,,,,,,,,,,,
hamburger meat,whole milk,mayonnaise,pastry,Instant food products,,,,,,,,,,,,,,,,,,,,,,,,
pastry,,,,,,,,,,,,,,,,,,,,,,,,,,,,
soda,,,,,,,,,,,,,,,,,,,,,,,,,,,,
UHT-milk,brandy,liquor (appetizer),specialty bar,hygiene articles,,,,,,,,,,,,,,,,,,,,,,,,
citrus fruit,tropical fruit,herbs,other vegetables,whole milk,whipped/sour cream,bottled water,,,,,,,,,,,,,,,,,,,,,,
sausage,whole milk,condensed milk,canned fish,soda,dishes,,,,,,,,,,,,,,,,,,,,,,,
condensed milk,soda,,,,,,,,,,,,,,,,,,,,,,,,,,,
dessert,,,,,,,,,,,,,,,,,,,,,,,,,,,,
pip fruit,brown bread,misc. beverages,chewing gum,,,,,,,,,,,,,,,,,,,,,,,,,
sausage,butter milk,pet care,coffee,,,,,,,,,,,,,,,,,,,,,,,,,
tropical fruit,frozen meals,frozen fish,salty snack,long life bakery product,chocolate,specialty chocolate,,,,,,,,,,,,,,,,,,,,,,
pip fruit,fruit/vegetable juice,,,,,,,,,,,,,,,,,,,,,,,,,,,
tropical fruit,nuts/prunes,root vegetables,whole milk,yogurt,rolls/buns,waffles,napkins,newspapers,,,,,,,,,,,,,,,,,,,,
canned beer,newspapers,,,,,,,,,,,,,,,,,,,,,,,,,,,
sausage,margarine,newspapers,,,,,,,,,,,,,,,,,,,,,,,,,,
beverages,,,,,,,,,,,,,,,,,,,,,,,,,,,,
pip fruit,berries,root vegetables,yogurt,soft cheese,hard cheese,frozen meals,frozen fish,frozen dessert,white bread,pastry,pasta,cereals,soda,long life bakery product,cake bar,detergent,,,,,,,,,,,,
soda,chocolate,,,,,,,,,,,,,,,,,,,,,,,,,,,
root vegetables,shopping bags,,,,,,,,,,,,,,,,,,,,,,,,,,,
hamburger meat,packaged fruit/vegetables,whole milk,curd,yogurt,pastry,,,,,,,,,,,,,,,,,,,,,,,
tropical fruit,nuts/prunes,whole milk,cream cheese,domestic eggs,rolls/buns,white bread,flour,margarine,cat food,bottled water,bottled beer,softener,hygiene articles,napkins,,,,,,,,,,,,,,
sausage,hamburger meat,chocolate,detergent,,,,,,,,,,,,,,,,,,,,,,,,,
yogurt,brown bread,,,,,,,,,,,,,,,,,,,,,,,,,,,
white bread,chocolate,shopping bags,,,,,,,,,,,,,,,,,,,,,,,,,,
sausage,white wine,,,,,,,,,,,,,,,,,,,,,,,,,,,
pip fruit,other vegetables,frozen vegetables,canned vegetables,,,,,,,,,,,,,,,,,,,,,,,,,
soda,,,,,,,,,,,,,,,,,,,,,,,,,,,,
tropical fruit,whole milk,,,,,,,,,,,,,,,,,,,,,,,,,,,
curd,UHT-milk,spread cheese,pasta,Instant food products,soda,shopping bags,,,,,,,,,,,,,,,,,,,,,,
butter,candy,,,,,,,,,,,,,,,,,,,,,,,,,,,
pork,other vegetables,whole milk,domestic eggs,,,,,,,,,,,,,,,,,,,,,,,,,
bottled water,fruit/vegetable juice,canned beer,,,,,,,,,,,,,,,,,,,,,,,,,,
citrus fruit,whole milk,waffles,,,,,,,,,,,,,,,,,,,,,,,,,,
root vegetables,whipped/sour cream,frozen vegetables,domestic eggs,rolls/buns,,,,,,,,,,,,,,,,,,,,,,,,
root vegetables,,,,,,,,,,,,,,,,,,,,,,,,,,,,
other vegetables,white bread,newspapers,,,,,,,,,,,,,,,,,,,,,,,,,,
hamburger meat,dessert,sliced cheese,pickled vegetables,toilet cleaner,,,,,,,,,,,,,,,,,,,,,,,,
berries,butter milk,yogurt,pastry,bathroom cleaner,,,,,,,,,,,,,,,,,,,,,,,,
bottled water,,,,,,,,,,,,,,,,,,,,,,,,,,,,
chocolate,,,,,,,,,,,,,,,,,,,,,,,,,,,,
citrus fruit,root vegetables,whole milk,coffee,,,,,,,,,,,,,,,,,,,,,,,,,
newspapers,,,,,,,,,,,,,,,,,,,,,,,,,,,,
semi-finished bread,,,,,,,,,,,,,,,,,,,,,,,,,,,,
pork,pip fruit,onions,other vegetables,whole milk,dessert,yogurt,whisky,,,,,,,,,,,,,,,,,,,,,
salty snack,,,,,,,,,,,,,,,,,,,,,,,,,,,,
root vegetables,herbs,other vegetables,whole milk,rolls/buns,roll products,soda,shopping bags,,,,,,,,,,,,,,,,,,,,,
other vegetables,whole milk,frozen potato products,,,,,,,,,,,,,,,,,,,,,,,,,,
whole milk,pastry,,,,,,,,,,,,,,,,,,,,,,,,,,,
shopping bags,,,,,,,,,,,,,,,,,,,,,,,,,,,,
whole milk,zwieback,salty snack,,,,,,,,,,,,,,,,,,,,,,,,,,
soda,canned beer,,,,,,,,,,,,,,,,,,,,,,,,,,,
seasonal products,,,,,,,,,,,,,,,,,,,,,,,,,,,,
tropical fruit,ice cream,frozen dessert,candy,,,,,,,,,,,,,,,,,,,,,,,,,
pork,tropical fruit,onions,herbs,whole milk,butter,frozen vegetables,rolls/buns,jam,bottled water,liquor (appetizer),,,,,,,,,,,,,,,,,,
other vegetables,UHT-milk,sauces,fruit/vegetable juice,shopping bags,,,,,,,,,,,,,,,,,,,,,,,,
berries,,,,,,,,,,,,,,,,,,,,,,,,,,,,
bottled water,canned beer,hygiene articles,,,,,,,,,,,,,,,,,,,,,,,,,,
waffles,,,,,,,,,,,,,,,,,,,,,,,,,,,,
soda,,,,,,,,,,,,,,,,,,,,,,,,,,,,
soda,,,,,,,,,,,,,,,,,,,,,,,,,,,,
pastry,canned beer,,,,,,,,,,,,,,,,,,,,,,,,,,,
frozen meals,ice cream,,,,,,,,,,,,,,,,,,,,,,,,,,,
salty snack,,,,,,,,,,,,,,,,,,,,,,,,,,,,
tropical fruit,pip fruit,UHT-milk,sugar,cat food,coffee,long life bakery product,chocolate,hygiene articles,,,,,,,,,,,,,,,,,,,,
pork,,,,,,,,,,,,,,,,,,,,,,,,,,,,
ham,turkey,tropical fruit,whole milk,butter,frozen meals,pastry,roll products,semi-finished bread,cat food,soda,waffles,cake bar,specialty chocolate,kitchen towels,shopping bags,,,,,,,,,,,,,
sausage,tropical fruit,pip fruit,root vegetables,whipped/sour cream,pastry,cat food,pet care,bottled beer,,,,,,,,,,,,,,,,,,,,
domestic eggs,,,,,,,,,,,,,,,,,,,,,,,,,,,,
whole milk,butter,whipped/sour cream,sliced cheese,cream cheese,spices,specialty bar,,,,,,,,,,,,,,,,,,,,,,
bottled beer,,,,,,,,,,,,,,,,,,,,,,,,,,,,
pork,whole milk,pastry,shopping bags,,,,,,,,,,,,,,,,,,,,,,,,,
frankfurter,dessert,,,,,,,,,,,,,,,,,,,,,,,,,,,
Instant food products,canned vegetables,salty snack,,,,,,,,,,,,,,,,,,,,,,,,,,
ham,tropical fruit,pip fruit,root vegetables,domestic eggs,napkins,newspapers,,,,,,,,,,,,,,,,,,,,,,
bottled beer,,,,,,,,,,,,,,,,,,,,,,,,,,,,
berries,other vegetables,yogurt,pastry,shopping bags,,,,,,,,,,,,,,,,,,,,,,,,
beef,pip fruit,root vegetables,whole milk,yogurt,flour,dog food,canned beer,,,,,,,,,,,,,,,,,,,,,
whole milk,rolls/buns,hygiene articles,napkins,house keeping products,,,,,,,,,,,,,,,,,,,,,,,,
frozen meals,,,,,,,,,,,,,,,,,,,,,,,,,,,,
beef,,,,,,,,,,,,,,,,,,,,,,,,,,,,
sausage,cream cheese,mayonnaise,rolls/buns,margarine,soda,,,,,,,,,,,,,,,,,,,,,,,
frankfurter,sausage,citrus fruit,root vegetables,other vegetables,yogurt,soft cheese,spread cheese,rolls/buns,bottled water,,,,,,,,,,,,,,,,,,,
soda,bottled beer,,,,,,,,,,,,,,,,,,,,,,,,,,,
citrus fruit,yogurt,fruit/vegetable juice,napkins,,,,,,,,,,,,,,,,,,,,,,,,,
sausage,yogurt,white wine,red/blush wine,shopping bags,,,,,,,,,,,,,,,,,,,,,,,,
other vegetables,,,,,,,,,,,,,,,,,,,,,,,,,,,,
rolls/buns,prosecco,salty snack,,,,,,,,,,,,,,,,,,,,,,,,,,
other vegetables,whole milk,butter milk,specialty cheese,,,,,,,,,,,,,,,,,,,,,,,,,
root vegetables,other vegetables,whole milk,rolls/buns,pastry,bottled water,soda,waffles,cake bar,,,,,,,,,,,,,,,,,,,,
whole milk,,,,,,,,,,,,,,,,,,,,,,,,,,,,
oil,fruit/vegetable juice,dishes,,,,,,,,,,,,,,,,,,,,,,,,,,
frankfurter,rolls/buns,,,,,,,,,,,,,,,,,,,,,,,,,,,
tropical fruit,yogurt,coffee,newspapers,,,,,,,,,,,,,,,,,,,,,,,,,
soda,chocolate marshmallow,,,,,,,,,,,,,,,,,,,,,,,,,,,
sausage,pip fruit,whole milk,yogurt,sliced cheese,cream cheese,pastry,soda,shopping bags,,,,,,,,,,,,,,,,,,,,
sausage,tropical fruit,whole milk,bottled beer,,,,,,,,,,,,,,,,,,,,,,,,,
sausage,soft cheese,rolls/buns,brown bread,,,,,,,,,,,,,,,,,,,,,,,,,
detergent,,,,,,,,,,,,,,,,,,,,,,,,,,,,
pastry,canned beer,long life bakery product,candles,,,,,,,,,,,,,,,,,,,,,,,,,
canned beer,,,,,,,,,,,,,,,,,,,,,,,,,,,,
rolls/buns,,,,,,,,,,,,,,,,,,,,,,,,,,,,
meat,pork,root vegetables,other vegetables,yogurt,cream cheese,rolls/buns,white bread,vinegar,soda,cake bar,napkins,,,,,,,,,,,,,,,,,
yogurt,artif. sweetener,,,,,,,,,,,,,,,,,,,,,,,,,,,
rolls/buns,,,,,,,,,,,,,,,,,,,,,,,,,,,,
frozen meals,rolls/buns,brown bread,,,,,,,,,,,,,,,,,,,,,,,,,,
dishes,,,,,,,,,,,,,,,,,,,,,,,,,,,,
rolls/buns,brown bread,,,,,,,,,,,,,,,,,,,,,,,,,,,
rolls/buns,,,,,,,,,,,,,,,,,,,,,,,,,,,,
other vegetables,whole milk,yogurt,rolls/buns,brown bread,coffee,soda,fruit/vegetable juice,bottled beer,chocolate,specialty chocolate,specialty bar,napkins,dishes,,,,,,,,,,,,,,,
coffee,soda,,,,,,,,,,,,,,,,,,,,,,,,,,,
ham,chicken,citrus fruit,tropical fruit,berries,root vegetables,other vegetables,whole milk,yogurt,whipped/sour cream,beverages,soft cheese,sliced cheese,rolls/buns,pastry,semi-finished bread,oil,fruit/vegetable juice,,,,,,,,,,,
citrus fruit,pip fruit,whole milk,condensed milk,cream cheese,domestic eggs,fruit/vegetable juice,,,,,,,,,,,,,,,,,,,,,,
sausage,root vegetables,other vegetables,brown bread,long life bakery product,,,,,,,,,,,,,,,,,,,,,,,,
frankfurter,citrus fruit,tropical fruit,pip fruit,grapes,root vegetables,other vegetables,whole milk,yogurt,frozen meals,frozen fish,frozen dessert,brown bread,,,,,,,,,,,,,,,,
liver loaf,brown bread,bottled water,canned beer,,,,,,,,,,,,,,,,,,,,,,,,,
pork,grapes,berries,other vegetables,whipped/sour cream,frozen dessert,domestic eggs,rolls/buns,pastry,sugar,baking powder,bottled water,dishes,,,,,,,,,,,,,,,,
herbs,other vegetables,whipped/sour cream,red/blush wine,shopping bags,,,,,,,,,,,,,,,,,,,,,,,,
grapes,root vegetables,other vegetables,whipped/sour cream,cat food,chewing gum,decalcifier,bathroom cleaner,napkins,dishes,kitchen towels,,,,,,,,,,,,,,,,,,
sausage,sliced cheese,pickled vegetables,,,,,,,,,,,,,,,,,,,,,,,,,,
chocolate,,,,,,,,,,,,,,,,,,,,,,,,,,,,
frankfurter,hamburger meat,brown bread,salt,pasta,canned vegetables,,,,,,,,,,,,,,,,,,,,,,,
whole milk,whipped/sour cream,pastry,bottled water,,,,,,,,,,,,,,,,,,,,,,,,,
sausage,,,,,,,,,,,,,,,,,,,,,,,,,,,,
ham,citrus fruit,butter milk,yogurt,cream cheese,rolls/buns,dog food,female sanitary products,napkins,potted plants,,,,,,,,,,,,,,,,,,,
frankfurter,rolls/buns,,,,,,,,,,,,,,,,,,,,,,,,,,,
citrus fruit,whole milk,butter,curd,yogurt,soft cheese,,,,,,,,,,,,,,,,,,,,,,,
tropical fruit,whole milk,yogurt,beverages,brown bread,newspapers,,,,,,,,,,,,,,,,,,,,,,,
bottled beer,liquor,red/blush wine,,,,,,,,,,,,,,,,,,,,,,,,,,
bottled water,misc. beverages,,,,,,,,,,,,,,,,,,,,,,,,,,,
newspapers,,,,,,,,,,,,,,,,,,,,,,,,,,,,
citrus fruit,tropical fruit,other vegetables,salt,misc. beverages,fruit/vegetable juice,napkins,,,,,,,,,,,,,,,,,,,,,,
citrus fruit,frozen vegetables,domestic eggs,brown bread,soda,chocolate,house keeping products,,,,,,,,,,,,,,,,,,,,,,
house keeping products,,,,,,,,,,,,,,,,,,,,,,,,,,,,
tropical fruit,whole milk,ice cream,red/blush wine,chocolate,shopping bags,,,,,,,,,,,,,,,,,,,,,,,
root vegetables,rolls/buns,pastry,,,,,,,,,,,,,,,,,,,,,,,,,,
misc. beverages,fruit/vegetable juice,,,,,,,,,,,,,,,,,,,,,,,,,,,
beverages,long life bakery product,,,,,,,,,,,,,,,,,,,,,,,,,,,
ice cream,oil,bottled beer,,,,,,,,,,,,,,,,,,,,,,,,,,
other vegetables,whole milk,curd,dessert,yogurt,cream cheese,cat food,,,,,,,,,,,,,,,,,,,,,,
photo/film,,,,,,,,,,,,,,,,,,,,,,,,,,,,
tropical fruit,root vegetables,other vegetables,frozen dessert,margarine,,,,,,,,,,,,,,,,,,,,,,,,
yogurt,salty snack,napkins,,,,,,,,,,,,,,,,,,,,,,,,,,
whole milk,frozen fish,pastry,,,,,,,,,,,,,,,,,,,,,,,,,,
sausage,tropical fruit,whole milk,butter milk,yogurt,white bread,meat spreads,soda,fruit/vegetable juice,shopping bags,,,,,,,,,,,,,,,,,,,
pasta,,,,,,,,,,,,,,,,,,,,,,,,,,,,
soda,,,,,,,,,,,,,,,,,,,,,,,,,,,,
pip fruit,whole milk,soda,,,,,,,,,,,,,,,,,,,,,,,,,,
canned beer,newspapers,,,,,,,,,,,,,,,,,,,,,,,,,,,
tropical fruit,,,,,,,,,,,,,,,,,,,,,,,,,,,,
whole milk,butter,yogurt,rolls/buns,,,,,,,,,,,,,,,,,,,,,,,,,
yogurt,,,,,,,,,,,,,,,,,,,,,,,,,,,,
ice cream,newspapers,,,,,,,,,,,,,,,,,,,,,,,,,,,
whipped/sour cream,rolls/buns,pastry,soda,salty snack,chewing gum,cleaner,female sanitary products,shopping bags,,,,,,,,,,,,,,,,,,,,
sausage,other vegetables,yogurt,whipped/sour cream,cream cheese,soda,hygiene articles,cling film/bags,,,,,,,,,,,,,,,,,,,,,
soda,,,,,,,,,,,,,,,,,,,,,,,,,,,,
yogurt,beverages,,,,,,,,,,,,,,,,,,,,,,,,,,,
liver loaf,whole milk,mustard,shopping bags,,,,,,,,,,,,,,,,,,,,,,,,,
hamburger meat,,,,,,,,,,,,,,,,,,,,,,,,,,,,
margarine,fruit/vegetable juice,,,,,,,,,,,,,,,,,,,,,,,,,,,
bottled beer,,,,,,,,,,,,,,,,,,,,,,,,,,,,
rolls/buns,,,,,,,,,,,,,,,,,,,,,,,,,,,,
butter,mayonnaise,instant coffee,,,,,,,,,,,,,,,,,,,,,,,,,,
chewing gum,,,,,,,,,,,,,,,,,,,,,,,,,,,,
sausage,meat,citrus fruit,yogurt,ice cream,rolls/buns,brown bread,pickled vegetables,jam,liquor,newspapers,,,,,,,,,,,,,,,,,,
liqueur,,,,,,,,,,,,,,,,,,,,,,,,,,,,
grapes,salty snack,specialty bar,candy,,,,,,,,,,,,,,,,,,,,,,,,,
canned beer,,,,,,,,,,,,,,,,,,,,,,,,,,,,
other vegetables,sweet spreads,,,,,,,,,,,,,,,,,,,,,,,,,,,
ham,curd,dessert,beverages,UHT-milk,cream cheese,brown bread,mustard,sweet spreads,,,,,,,,,,,,,,,,,,,,
sausage,salty snack,seasonal products,,,,,,,,,,,,,,,,,,,,,,,,,,
specialty chocolate,,,,,,,,,,,,,,,,,,,,,,,,,,,,
butter,,,,,,,,,,,,,,,,,,,,,,,,,,,,
semi-finished bread,bottled water,,,,,,,,,,,,,,,,,,,,,,,,,,,
other vegetables,white bread,pastry,shopping bags,,,,,,,,,,,,,,,,,,,,,,,,,
chicken,butter,white bread,,,,,,,,,,,,,,,,,,,,,,,,,,
misc. beverages,,,,,,,,,,,,,,,,,,,,,,,,,,,,
citrus fruit,onions,hard cheese,specialty cheese,frozen vegetables,frozen dessert,domestic eggs,rolls/buns,,,,,,,,,,,,,,,,,,,,,
berries,,,,,,,,,,,,,,,,,,,,,,,,,,,,
canned beer,,,,,,,,,,,,,,,,,,,,,,,,,,,,
canned beer,,,,,,,,,,,,,,,,,,,,,,,,,,,,
pork,tropical fruit,root vegetables,margarine,soda,bottled beer,waffles,,,,,,,,,,,,,,,,,,,,,,
sausage,chicken,citrus fruit,,,,,,,,,,,,,,,,,,,,,,,,,,
pork,citrus fruit,tropical fruit,whole milk,frozen vegetables,domestic eggs,honey,canned vegetables,red/blush wine,chocolate marshmallow,napkins,,,,,,,,,,,,,,,,,,
sausage,citrus fruit,tropical fruit,pip fruit,yogurt,pastry,bottled water,long life bakery product,,,,,,,,,,,,,,,,,,,,,
other vegetables,,,,,,,,,,,,,,,,,,,,,,,,,,,,
pip fruit,rolls/buns,prosecco,seasonal products,potted plants,shopping bags,,,,,,,,,,,,,,,,,,,,,,,
rolls/buns,,,,,,,,,,,,,,,,,,,,,,,,,,,,
other vegetables,yogurt,chocolate,,,,,,,,,,,,,,,,,,,,,,,,,,
bottled beer,liquor,,,,,,,,,,,,,,,,,,,,,,,,,,,
ham,whole milk,yogurt,soda,red/blush wine,,,,,,,,,,,,,,,,,,,,,,,,
rolls/buns,coffee,,,,,,,,,,,,,,,,,,,,,,,,,,,
UHT-milk,baking powder,,,,,,,,,,,,,,,,,,,,,,,,,,,
frankfurter,whole milk,rolls/buns,coffee,salty snack,kitchen towels,,,,,,,,,,,,,,,,,,,,,,,
whole milk,domestic eggs,soda,canned beer,liquor (appetizer),shopping bags,,,,,,,,,,,,,,,,,,,,,,,
canned beer,,,,,,,,,,,,,,,,,,,,,,,,,,,,
UHT-milk,,,,,,,,,,,,,,,,,,,,,,,,,,,,
brandy,specialty bar,,,,,,,,,,,,,,,,,,,,,,,,,,,
bottled beer,,,,,,,,,,,,,,,,,,,,,,,,,,,,
other vegetables,whipped/sour cream,cream cheese,rolls/buns,coffee,,,,,,,,,,,,,,,,,,,,,,,,
yogurt,,,,,,,,,,,,,,,,,,,,,,,,,,,,
butter,yogurt,rolls/buns,soda,,,,,,,,,,,,,,,,,,,,,,,,,
canned beer,,,,,,,,,,,,,,,,,,,,,,,,,,,,
rolls/buns,long life bakery product,candy,shopping bags,,,,,,,,,,,,,,,,,,,,,,,,,
pip fruit,onions,whole milk,yogurt,frozen vegetables,frozen fish,rolls/buns,semi-finished bread,margarine,bottled beer,,,,,,,,,,,,,,,,,,,
pork,citrus fruit,tropical fruit,spread cheese,bottled water,,,,,,,,,,,,,,,,,,,,,,,,
frankfurter,pork,yogurt,soft cheese,sugar,bottled water,soda,fruit/vegetable juice,shopping bags,,,,,,,,,,,,,,,,,,,,
sausage,soda,bottled beer,,,,,,,,,,,,,,,,,,,,,,,,,,
soda,,,,,,,,,,,,,,,,,,,,,,,,,,,,
canned beer,,,,,,,,,,,,,,,,,,,,,,,,,,,,
pork,beef,,,,,,,,,,,,,,,,,,,,,,,,,,,
chicken,root vegetables,whole milk,rolls/buns,brown bread,,,,,,,,,,,,,,,,,,,,,,,,
rolls/buns,red/blush wine,photo/film,,,,,,,,,,,,,,,,,,,,,,,,,,
pork,citrus fruit,root vegetables,whole milk,bottled water,dish cleaner,,,,,,,,,,,,,,,,,,,,,,,
sausage,brown bread,margarine,bottled beer,,,,,,,,,,,,,,,,,,,,,,,,,
root vegetables,other vegetables,whole milk,,,,,,,,,,,,,,,,,,,,,,,,,,
sausage,hamburger meat,tropical fruit,pip fruit,whole milk,beverages,frozen vegetables,frozen meals,white bread,pasta,pickled vegetables,sweet spreads,bottled water,fruit/vegetable juice,long life bakery product,specialty bar,detergent,newspapers,,,,,,,,,,,
frankfurter,tropical fruit,other vegetables,whole milk,rolls/buns,pet care,soda,fruit/vegetable juice,make up remover,,,,,,,,,,,,,,,,,,,,
whole milk,curd,yogurt,margarine,,,,,,,,,,,,,,,,,,,,,,,,,
sausage,yogurt,rolls/buns,bottled water,soda,,,,,,,,,,,,,,,,,,,,,,,,
sausage,beef,tropical fruit,pip fruit,berries,root vegetables,other vegetables,whole milk,mustard,candles,,,,,,,,,,,,,,,,,,,
baking powder,coffee,photo/film,,,,,,,,,,,,,,,,,,,,,,,,,,
frankfurter,beef,other vegetables,whole milk,butter,yogurt,soft cheese,pastry,oil,coffee,bottled water,soda,cake bar,specialty bar,detergent,hygiene articles,dishes,,,,,,,,,,,,
meat,chicken,hamburger meat,citrus fruit,whole milk,butter,butter milk,yogurt,soft cheese,frozen vegetables,domestic eggs,rolls/buns,fruit/vegetable juice,seasonal products,,,,,,,,,,,,,,,
root vegetables,onions,whole milk,bottled water,,,,,,,,,,,,,,,,,,,,,,,,,
canned beer,,,,,,,,,,,,,,,,,,,,,,,,,,,,
citrus fruit,tropical fruit,pip fruit,whole milk,butter milk,,,,,,,,,,,,,,,,,,,,,,,,
chicken,hamburger meat,citrus fruit,other vegetables,coffee,,,,,,,,,,,,,,,,,,,,,,,,
other vegetables,whipped/sour cream,,,,,,,,,,,,,,,,,,,,,,,,,,,
chicken,hamburger meat,pip fruit,other vegetables,UHT-milk,sliced cheese,specialty cheese,dog food,coffee,brandy,softener,potted plants,,,,,,,,,,,,,,,,,
chicken,pip fruit,whole milk,whipped/sour cream,margarine,newspapers,flower (seeds),,,,,,,,,,,,,,,,,,,,,,
meat,chicken,pork,root vegetables,whole milk,rolls/buns,detergent,,,,,,,,,,,,,,,,,,,,,,
pork,pip fruit,curd,roll products,margarine,soups,coffee,napkins,newspapers,,,,,,,,,,,,,,,,,,,,
coffee,potted plants,,,,,,,,,,,,,,,,,,,,,,,,,,,
chicken,tropical fruit,frozen fish,domestic eggs,roll products,seasonal products,dish cleaner,,,,,,,,,,,,,,,,,,,,,,
pip fruit,root vegetables,other vegetables,whole milk,,,,,,,,,,,,,,,,,,,,,,,,,
beverages,soda,,,,,,,,,,,,,,,,,,,,,,,,,,,
bottled beer,,,,,,,,,,,,,,,,,,,,,,,,,,,,
pip fruit,other vegetables,whole milk,,,,,,,,,,,,,,,,,,,,,,,,,,
hamburger meat,root vegetables,whole milk,rolls/buns,long life bakery product,waffles,,,,,,,,,,,,,,,,,,,,,,,
chocolate,,,,,,,,,,,,,,,,,,,,,,,,,,,,
oil,bottled water,long life bakery product,,,,,,,,,,,,,,,,,,,,,,,,,,
sausage,root vegetables,curd,yogurt,whipped/sour cream,sliced cheese,processed cheese,domestic eggs,oil,Instant food products,soda,red/blush wine,candy,newspapers,,,,,,,,,,,,,,,
pork,root vegetables,other vegetables,mayonnaise,domestic eggs,rolls/buns,mustard,fruit/vegetable juice,chewing gum,dishes,,,,,,,,,,,,,,,,,,,
citrus fruit,root vegetables,onions,other vegetables,domestic eggs,white bread,cake bar,,,,,,,,,,,,,,,,,,,,,,
other vegetables,whole milk,rolls/buns,brown bread,soda,hygiene articles,newspapers,,,,,,,,,,,,,,,,,,,,,,
meat,chicken,other vegetables,butter milk,yogurt,roll products,flour,cat food,soda,dishes,,,,,,,,,,,,,,,,,,,
pip fruit,pasta,oil,shopping bags,,,,,,,,,,,,,,,,,,,,,,,,,
beef,root vegetables,frozen vegetables,frozen potato products,white bread,detergent,,,,,,,,,,,,,,,,,,,,,,,
chicken,hamburger meat,herbs,UHT-milk,cream cheese,frozen vegetables,soda,dish cleaner,potted plants,,,,,,,,,,,,,,,,,,,,
whole milk,butter milk,rolls/buns,margarine,bottled water,fruit/vegetable juice,,,,,,,,,,,,,,,,,,,,,,,
sausage,curd,yogurt,cream cheese,brown bread,pastry,coffee,seasonal products,napkins,,,,,,,,,,,,,,,,,,,,
coffee,,,,,,,,,,,,,,,,,,,,,,,,,,,,
chicken,pork,citrus fruit,root vegetables,herbs,other vegetables,whole milk,butter,frozen dessert,domestic eggs,rolls/buns,bottled water,bottled beer,,,,,,,,,,,,,,,,
tropical fruit,other vegetables,yogurt,domestic eggs,rolls/buns,pastry,semi-finished bread,zwieback,oil,margarine,organic products,coffee,bottled water,soda,snack products,waffles,chocolate marshmallow,candy,seasonal products,,,,,,,,,,
finished products,other vegetables,whole milk,yogurt,curd cheese,brown bread,pastry,potato products,baking powder,soda,specialty chocolate,candy,seasonal products,,,,,,,,,,,,,,,,
abrasive cleaner,napkins,,,,,,,,,,,,,,,,,,,,,,,,,,,
bottled water,,,,,,,,,,,,,,,,,,,,,,,,,,,,
whole milk,,,,,,,,,,,,,,,,,,,,,,,,,,,,
tropical fruit,root vegetables,sliced cheese,processed cheese,margarine,bottled water,soda,misc. beverages,,,,,,,,,,,,,,,,,,,,,
butter milk,domestic eggs,rolls/buns,soda,specialty chocolate,,,,,,,,,,,,,,,,,,,,,,,,
sausage,whole milk,frozen dessert,mustard,jam,bottled water,hygiene articles,,,,,,,,,,,,,,,,,,,,,,
rolls/buns,soda,fruit/vegetable juice,bottled beer,long life bakery product,,,,,,,,,,,,,,,,,,,,,,,,
canned beer,,,,,,,,,,,,,,,,,,,,,,,,,,,,
whole milk,rolls/buns,spices,bottled water,,,,,,,,,,,,,,,,,,,,,,,,,
citrus fruit,candy,,,,,,,,,,,,,,,,,,,,,,,,,,,
margarine,,,,,,,,,,,,,,,,,,,,,,,,,,,,
sausage,newspapers,,,,,,,,,,,,,,,,,,,,,,,,,,,
shopping bags,,,,,,,,,,,,,,,,,,,,,,,,,,,,
tropical fruit,rolls/buns,seasonal products,bathroom cleaner,newspapers,shopping bags,,,,,,,,,,,,,,,,,,,,,,,
other vegetables,whole milk,domestic eggs,margarine,bottled water,fruit/vegetable juice,bottled beer,,,,,,,,,,,,,,,,,,,,,,
root vegetables,butter,margarine,,,,,,,,,,,,,,,,,,,,,,,,,,
photo/film,,,,,,,,,,,,,,,,,,,,,,,,,,,,
sausage,turkey,citrus fruit,other vegetables,whole milk,butter,curd,whipped/sour cream,tidbits,ice cream,rolls/buns,pastry,soda,newspapers,,,,,,,,,,,,,,,
turkey,,,,,,,,,,,,,,,,,,,,,,,,,,,,
pastry,,,,,,,,,,,,,,,,,,,,,,,,,,,,
pork,whole milk,curd,whipped/sour cream,,,,,,,,,,,,,,,,,,,,,,,,,
photo/film,,,,,,,,,,,,,,,,,,,,,,,,,,,,
beef,pip fruit,onions,whole milk,margarine,specialty fat,soda,fruit/vegetable juice,napkins,,,,,,,,,,,,,,,,,,,,
whole milk,flour,margarine,sugar,,,,,,,,,,,,,,,,,,,,,,,,,
bottled beer,,,,,,,,,,,,,,,,,,,,,,,,,,,,
finished products,beef,citrus fruit,pip fruit,root vegetables,whole milk,semi-finished bread,potato products,rice,soda,fruit/vegetable juice,candy,potted plants,shopping bags,,,,,,,,,,,,,,,
canned beer,,,,,,,,,,,,,,,,,,,,,,,,,,,,
canned beer,,,,,,,,,,,,,,,,,,,,,,,,,,,,
citrus fruit,pip fruit,butter,rolls/buns,oil,soda,bottled beer,brandy,red/blush wine,sparkling wine,,,,,,,,,,,,,,,,,,,
pip fruit,chewing gum,,,,,,,,,,,,,,,,,,,,,,,,,,,
tropical fruit,shopping bags,,,,,,,,,,,,,,,,,,,,,,,,,,,
liver loaf,citrus fruit,other vegetables,curd,salad dressing,semi-finished bread,abrasive cleaner,,,,,,,,,,,,,,,,,,,,,,
citrus fruit,tropical fruit,root vegetables,other vegetables,yogurt,whipped/sour cream,frozen vegetables,ice cream,rolls/buns,salt,sugar,soda,napkins,newspapers,,,,,,,,,,,,,,,
frankfurter,pip fruit,onions,whole milk,curd,yogurt,pastry,Instant food products,kitchen utensil,,,,,,,,,,,,,,,,,,,,
soft cheese,soda,white wine,,,,,,,,,,,,,,,,,,,,,,,,,,
sausage,beverages,rolls/buns,misc. beverages,waffles,shopping bags,,,,,,,,,,,,,,,,,,,,,,,
rolls/buns,chewing gum,,,,,,,,,,,,,,,,,,,,,,,,,,,
margarine,soda,,,,,,,,,,,,,,,,,,,,,,,,,,,
pip fruit,whole milk,butter,whipped/sour cream,beverages,newspapers,flower (seeds),,,,,,,,,,,,,,,,,,,,,,
chicken,citrus fruit,root vegetables,other vegetables,brown bread,pastry,salty snack,napkins,,,,,,,,,,,,,,,,,,,,,
whole milk,butter,newspapers,,,,,,,,,,,,,,,,,,,,,,,,,,
sausage,canned beer,shopping bags,,,,,,,,,,,,,,,,,,,,,,,,,,
chicken,packaged fruit/vegetables,whole milk,curd,whipped/sour cream,frozen vegetables,frozen dessert,rolls/buns,white bread,brown bread,margarine,soda,long life bakery product,specialty chocolate,candy,,,,,,,,,,,,,,
hamburger meat,mustard,soups,Instant food products,sweet spreads,soda,newspapers,,,,,,,,,,,,,,,,,,,,,,
whole milk,yogurt,bottled water,canned beer,,,,,,,,,,,,,,,,,,,,,,,,,
citrus fruit,pip fruit,root vegetables,yogurt,margarine,dishes,,,,,,,,,,,,,,,,,,,,,,,
whole milk,yogurt,whipped/sour cream,beverages,brown bread,,,,,,,,,,,,,,,,,,,,,,,,
frankfurter,,,,,,,,,,,,,,,,,,,,,,,,,,,,
sausage,citrus fruit,other vegetables,yogurt,whipped/sour cream,frozen meals,pasta,coffee,bottled water,shopping bags,,,,,,,,,,,,,,,,,,,
sliced cheese,hard cheese,,,,,,,,,,,,,,,,,,,,,,,,,,,
yogurt,popcorn,cleaner,newspapers,,,,,,,,,,,,,,,,,,,,,,,,,
root vegetables,other vegetables,whole milk,hard cheese,rolls/buns,baking powder,,,,,,,,,,,,,,,,,,,,,,,
berries,margarine,coffee,specialty bar,shopping bags,,,,,,,,,,,,,,,,,,,,,,,,
beef,hamburger meat,whole milk,curd,yogurt,cream cheese,spices,pickled vegetables,sweet spreads,cat food,soda,chocolate,cleaner,,,,,,,,,,,,,,,,
sausage,whole milk,rolls/buns,,,,,,,,,,,,,,,,,,,,,,,,,,
butter milk,pastry,,,,,,,,,,,,,,,,,,,,,,,,,,,
sausage,hamburger meat,pip fruit,other vegetables,butter milk,mayonnaise,frozen vegetables,dental care,,,,,,,,,,,,,,,,,,,,,
tropical fruit,pip fruit,coffee,soda,fruit/vegetable juice,salty snack,,,,,,,,,,,,,,,,,,,,,,,
pip fruit,nuts/prunes,whole milk,yogurt,whipped/sour cream,cream cheese,rolls/buns,waffles,chocolate,newspapers,,,,,,,,,,,,,,,,,,,
citrus fruit,domestic eggs,,,,,,,,,,,,,,,,,,,,,,,,,,,
semi-finished bread,,,,,,,,,,,,,,,,,,,,,,,,,,,,
yogurt,coffee,,,,,,,,,,,,,,,,,,,,,,,,,,,
citrus fruit,tropical fruit,whole milk,butter,curd,yogurt,whipped/sour cream,rolls/buns,pastry,,,,,,,,,,,,,,,,,,,,
root vegetables,,,,,,,,,,,,,,,,,,,,,,,,,,,,
whole milk,,,,,,,,,,,,,,,,,,,,,,,,,,,,
coffee,soda,waffles,,,,,,,,,,,,,,,,,,,,,,,,,,
whole milk,beverages,frozen vegetables,margarine,liquor (appetizer),newspapers,,,,,,,,,,,,,,,,,,,,,,,
whole milk,white bread,long life bakery product,,,,,,,,,,,,,,,,,,,,,,,,,,
whole milk,semi-finished bread,,,,,,,,,,,,,,,,,,,,,,,,,,,
meat,tropical fruit,root vegetables,other vegetables,whole milk,butter,whipped/sour cream,frozen meals,rolls/buns,hygiene articles,,,,,,,,,,,,,,,,,,,
yogurt,whipped/sour cream,UHT-milk,baking powder,bottled water,soda,,,,,,,,,,,,,,,,,,,,,,,
chicken,citrus fruit,whole milk,yogurt,mustard,cat food,soda,newspapers,,,,,,,,,,,,,,,,,,,,,
chicken,white wine,shopping bags,,,,,,,,,,,,,,,,,,,,,,,,,,
frozen dessert,bottled water,,,,,,,,,,,,,,,,,,,,,,,,,,,
tropical fruit,pip fruit,root vegetables,curd,yogurt,flour,margarine,sugar,bottled water,newspapers,,,,,,,,,,,,,,,,,,,
whole milk,curd,rolls/buns,,,,,,,,,,,,,,,,,,,,,,,,,,
pork,whole milk,butter,yogurt,soft cheese,cream cheese,coffee,potted plants,,,,,,,,,,,,,,,,,,,,,
sausage,ham,other vegetables,beverages,mayonnaise,rolls/buns,soda,bottled beer,chocolate,chocolate marshmallow,candy,,,,,,,,,,,,,,,,,,
soda,,,,,,,,,,,,,,,,,,,,,,,,,,,,
tropical fruit,,,,,,,,,,,,,,,,,,,,,,,,,,,,
tropical fruit,other vegetables,,,,,,,,,,,,,,,,,,,,,,,,,,,
canned beer,,,,,,,,,,,,,,,,,,,,,,,,,,,,
ham,onions,other vegetables,whole milk,whipped/sour cream,soft cheese,sliced cheese,brown bread,canned vegetables,sweet spreads,salty snack,specialty chocolate,dishes,,,,,,,,,,,,,,,,
grapes,butter,soft cheese,canned beer,,,,,,,,,,,,,,,,,,,,,,,,,
curd,,,,,,,,,,,,,,,,,,,,,,,,,,,,
citrus fruit,tropical fruit,other vegetables,whole milk,yogurt,beverages,cream cheese,bottled water,potted plants,,,,,,,,,,,,,,,,,,,,
other vegetables,rolls/buns,pastry,bottled beer,,,,,,,,,,,,,,,,,,,,,,,,,
frankfurter,tropical fruit,root vegetables,rolls/buns,mustard,canned fish,misc. beverages,bottled beer,shopping bags,,,,,,,,,,,,,,,,,,,,
frankfurter,root vegetables,whipped/sour cream,rolls/buns,roll products,salt,shopping bags,,,,,,,,,,,,,,,,,,,,,,
tropical fruit,pip fruit,yogurt,frozen vegetables,pastry,bottled beer,,,,,,,,,,,,,,,,,,,,,,,
frankfurter,chicken,pork,citrus fruit,tropical fruit,pip fruit,root vegetables,herbs,other vegetables,whole milk,butter milk,beverages,sliced cheese,frozen vegetables,roll products,pasta,,,,,,,,,,,,,
other vegetables,,,,,,,,,,,,,,,,,,,,,,,,,,,,
whole milk,,,,,,,,,,,,,,,,,,,,,,,,,,,,
soda,,,,,,,,,,,,,,,,,,,,,,,,,,,,
chicken,other vegetables,whipped/sour cream,sliced cheese,frozen vegetables,frozen meals,fruit/vegetable juice,long life bakery product,specialty chocolate,,,,,,,,,,,,,,,,,,,,
other vegetables,whipped/sour cream,processed cheese,frozen fruits,domestic eggs,rolls/buns,cereals,dog food,specialty chocolate,chocolate marshmallow,napkins,shopping bags,,,,,,,,,,,,,,,,,
whole milk,,,,,,,,,,,,,,,,,,,,,,,,,,,,
sausage,hamburger meat,other vegetables,yogurt,cream cheese,meat spreads,bottled water,soda,,,,,,,,,,,,,,,,,,,,,
sausage,tropical fruit,whole milk,yogurt,whipped/sour cream,white bread,bottled water,,,,,,,,,,,,,,,,,,,,,,
pork,root vegetables,onions,other vegetables,whole milk,butter,frozen vegetables,domestic eggs,rolls/buns,bottled beer,canned beer,napkins,,,,,,,,,,,,,,,,,
frankfurter,whole milk,frozen meals,domestic eggs,white bread,pastry,bottled beer,chocolate,,,,,,,,,,,,,,,,,,,,,
chicken,pip fruit,frozen vegetables,,,,,,,,,,,,,,,,,,,,,,,,,,
fruit/vegetable juice,,,,,,,,,,,,,,,,,,,,,,,,,,,,
soda,,,,,,,,,,,,,,,,,,,,,,,,,,,,
root vegetables,other vegetables,whole milk,margarine,,,,,,,,,,,,,,,,,,,,,,,,,
liquor,,,,,,,,,,,,,,,,,,,,,,,,,,,,
soda,bottled beer,liquor,,,,,,,,,,,,,,,,,,,,,,,,,,
seasonal products,shopping bags,,,,,,,,,,,,,,,,,,,,,,,,,,,
canned beer,white wine,specialty chocolate,seasonal products,shopping bags,,,,,,,,,,,,,,,,,,,,,,,,
baking powder,rum,,,,,,,,,,,,,,,,,,,,,,,,,,,
sausage,,,,,,,,,,,,,,,,,,,,,,,,,,,,
sugar,,,,,,,,,,,,,,,,,,,,,,,,,,,,
pet care,,,,,,,,,,,,,,,,,,,,,,,,,,,,
berries,whipped/sour cream,oil,dog food,liquor,dishes,shopping bags,,,,,,,,,,,,,,,,,,,,,,
tropical fruit,rolls/buns,,,,,,,,,,,,,,,,,,,,,,,,,,,
tropical fruit,other vegetables,whole milk,sliced cheese,frozen dessert,brown bread,pastry,semi-finished bread,canned fish,cat food,soda,napkins,newspapers,shopping bags,,,,,,,,,,,,,,,
bottled beer,,,,,,,,,,,,,,,,,,,,,,,,,,,,
sausage,pip fruit,other vegetables,whole milk,butter,dessert,butter milk,yogurt,whipped/sour cream,hard cheese,mayonnaise,oil,mustard,baking powder,popcorn,long life bakery product,chocolate,candy,,,,,,,,,,,
tropical fruit,dessert,yogurt,syrup,hygiene articles,,,,,,,,,,,,,,,,,,,,,,,,
white wine,,,,,,,,,,,,,,,,,,,,,,,,,,,,
frankfurter,sausage,liver loaf,chicken,pork,root vegetables,whole milk,whipped/sour cream,sliced cheese,frozen vegetables,bottled water,fruit/vegetable juice,salty snack,long life bakery product,,,,,,,,,,,,,,,
turkey,citrus fruit,butter,whipped/sour cream,hard cheese,white bread,,,,,,,,,,,,,,,,,,,,,,,
tropical fruit,root vegetables,other vegetables,whipped/sour cream,specialty cheese,rolls/buns,nut snack,,,,,,,,,,,,,,,,,,,,,,
domestic eggs,white bread,specialty fat,mustard,specialty vegetables,,,,,,,,,,,,,,,,,,,,,,,,
hamburger meat,citrus fruit,other vegetables,whole milk,butter,rolls/buns,baking powder,cooking chocolate,specialty chocolate,male cosmetics,,,,,,,,,,,,,,,,,,,
citrus fruit,other vegetables,whole milk,butter,pastry,oil,bottled water,bottled beer,detergent,,,,,,,,,,,,,,,,,,,,
pork,citrus fruit,other vegetables,dessert,white bread,kitchen towels,candles,newspapers,,,,,,,,,,,,,,,,,,,,,
pork,whole milk,yogurt,UHT-milk,sliced cheese,ice cream,soda,fruit/vegetable juice,napkins,,,,,,,,,,,,,,,,,,,,
bottled beer,,,,,,,,,,,,,,,,,,,,,,,,,,,,
soda,,,,,,,,,,,,,,,,,,,,,,,,,,,,
tropical fruit,chewing gum,specialty chocolate,chocolate marshmallow,,,,,,,,,,,,,,,,,,,,,,,,,
sausage,,,,,,,,,,,,,,,,,,,,,,,,,,,,
yogurt,bottled water,soda,bottled beer,chocolate,female sanitary products,,,,,,,,,,,,,,,,,,,,,,,
other vegetables,canned fish,soda,shopping bags,,,,,,,,,,,,,,,,,,,,,,,,,
pork,rolls/buns,liquor,salty snack,popcorn,,,,,,,,,,,,,,,,,,,,,,,,
berries,,,,,,,,,,,,,,,,,,,,,,,,,,,,
berries,,,,,,,,,,,,,,,,,,,,,,,,,,,,
other vegetables,whole milk,fruit/vegetable juice,chocolate,,,,,,,,,,,,,,,,,,,,,,,,,
root vegetables,other vegetables,mayonnaise,soda,chocolate,specialty chocolate,,,,,,,,,,,,,,,,,,,,,,,
tropical fruit,,,,,,,,,,,,,,,,,,,,,,,,,,,,
citrus fruit,tropical fruit,coffee,soda,fruit/vegetable juice,canned beer,candy,,,,,,,,,,,,,,,,,,,,,,
pip fruit,bottled water,soda,fruit/vegetable juice,canned beer,newspapers,,,,,,,,,,,,,,,,,,,,,,,
rolls/buns,candy,,,,,,,,,,,,,,,,,,,,,,,,,,,
citrus fruit,,,,,,,,,,,,,,,,,,,,,,,,,,,,
other vegetables,yogurt,whipped/sour cream,jam,fruit/vegetable juice,chocolate,dishes,newspapers,,,,,,,,,,,,,,,,,,,,,
whole milk,whipped/sour cream,rolls/buns,shopping bags,,,,,,,,,,,,,,,,,,,,,,,,,
finished products,frozen meals,chocolate,shopping bags,,,,,,,,,,,,,,,,,,,,,,,,,
whole milk,rolls/buns,,,,,,,,,,,,,,,,,,,,,,,,,,,
pork,beef,,,,,,,,,,,,,,,,,,,,,,,,,,,
chocolate marshmallow,,,,,,,,,,,,,,,,,,,,,,,,,,,,
root vegetables,other vegetables,whole milk,butter milk,processed cheese,margarine,,,,,,,,,,,,,,,,,,,,,,,
sausage,root vegetables,bottled beer,skin care,,,,,,,,,,,,,,,,,,,,,,,,,
frankfurter,,,,,,,,,,,,,,,,,,,,,,,,,,,,
tropical fruit,berries,whole milk,white bread,margarine,fruit/vegetable juice,hygiene articles,napkins,shopping bags,,,,,,,,,,,,,,,,,,,,
tropical fruit,other vegetables,butter,whipped/sour cream,semi-finished bread,vinegar,fruit/vegetable juice,chocolate,shopping bags,,,,,,,,,,,,,,,,,,,,
whole milk,whipped/sour cream,,,,,,,,,,,,,,,,,,,,,,,,,,,
whole milk,curd,pastry,fruit/vegetable juice,newspapers,,,,,,,,,,,,,,,,,,,,,,,,
finished products,fruit/vegetable juice,white wine,chocolate,potted plants,,,,,,,,,,,,,,,,,,,,,,,,
other vegetables,bottled beer,canned beer,white wine,detergent,softener,newspapers,,,,,,,,,,,,,,,,,,,,,,
onions,whole milk,butter,yogurt,frozen fish,fruit/vegetable juice,,,,,,,,,,,,,,,,,,,,,,,
berries,fruit/vegetable juice,waffles,specialty bar,,,,,,,,,,,,,,,,,,,,,,,,,
turkey,pip fruit,other vegetables,dessert,brown bread,soda,,,,,,,,,,,,,,,,,,,,,,,
pip fruit,rolls/buns,bottled water,soda,newspapers,,,,,,,,,,,,,,,,,,,,,,,,
other vegetables,whole milk,brown bread,,,,,,,,,,,,,,,,,,,,,,,,,,
hamburger meat,,,,,,,,,,,,,,,,,,,,,,,,,,,,
pastry,bottled water,newspapers,,,,,,,,,,,,,,,,,,,,,,,,,,
beef,whole milk,butter,yogurt,frozen vegetables,domestic eggs,rolls/buns,coffee,bottled beer,skin care,,,,,,,,,,,,,,,,,,,
whole milk,cocoa drinks,,,,,,,,,,,,,,,,,,,,,,,,,,,
root vegetables,other vegetables,rolls/buns,light bulbs,,,,,,,,,,,,,,,,,,,,,,,,,
pork,frozen vegetables,oil,,,,,,,,,,,,,,,,,,,,,,,,,,
pork,whole milk,UHT-milk,newspapers,,,,,,,,,,,,,,,,,,,,,,,,,
newspapers,flower soil/fertilizer,,,,,,,,,,,,,,,,,,,,,,,,,,,
sausage,ham,whole milk,rolls/buns,fruit/vegetable juice,red/blush wine,chocolate,specialty chocolate,candy,house keeping products,shopping bags,,,,,,,,,,,,,,,,,,
hamburger meat,other vegetables,whole milk,potted plants,,,,,,,,,,,,,,,,,,,,,,,,,
chewing gum,,,,,,,,,,,,,,,,,,,,,,,,,,,,
other vegetables,whole milk,brown bread,canned beer,,,,,,,,,,,,,,,,,,,,,,,,,
frankfurter,soda,newspapers,,,,,,,,,,,,,,,,,,,,,,,,,,
chicken,beef,hamburger meat,pip fruit,grapes,root vegetables,whole milk,butter,dessert,yogurt,whipped/sour cream,cream cheese,pastry,bottled water,fruit/vegetable juice,,,,,,,,,,,,,,
whole milk,,,,,,,,,,,,,,,,,,,,,,,,,,,,
pork,tropical fruit,pip fruit,other vegetables,whipped/sour cream,beverages,white bread,bottled beer,kitchen towels,,,,,,,,,,,,,,,,,,,,
whole milk,curd,baking powder,,,,,,,,,,,,,,,,,,,,,,,,,,
pork,root vegetables,yogurt,UHT-milk,vinegar,oil,soda,newspapers,,,,,,,,,,,,,,,,,,,,,
tropical fruit,pip fruit,root vegetables,other vegetables,whole milk,bottled water,,,,,,,,,,,,,,,,,,,,,,,
canned beer,,,,,,,,,,,,,,,,,,,,,,,,,,,,
pork,root vegetables,other vegetables,whole milk,domestic eggs,pastry,,,,,,,,,,,,,,,,,,,,,,,
pip fruit,root vegetables,other vegetables,whole milk,rolls/buns,brown bread,canned beer,newspapers,potted plants,,,,,,,,,,,,,,,,,,,,
brown bread,,,,,,,,,,,,,,,,,,,,,,,,,,,,
beef,other vegetables,soft cheese,pastry,long life bakery product,specialty chocolate,,,,,,,,,,,,,,,,,,,,,,,
sausage,citrus fruit,other vegetables,specialty cheese,baking powder,bottled water,detergent,newspapers,,,,,,,,,,,,,,,,,,,,,
pork,domestic eggs,roll products,misc. beverages,,,,,,,,,,,,,,,,,,,,,,,,,
frankfurter,beef,grapes,other vegetables,bottled beer,red/blush wine,napkins,newspapers,,,,,,,,,,,,,,,,,,,,,
ham,UHT-milk,cream cheese,coffee,bottled water,napkins,,,,,,,,,,,,,,,,,,,,,,,
frankfurter,hamburger meat,berries,onions,other vegetables,whole milk,curd,dessert,rolls/buns,cake bar,newspapers,,,,,,,,,,,,,,,,,,
whole milk,butter,soft cheese,,,,,,,,,,,,,,,,,,,,,,,,,,
other vegetables,whole milk,curd,cream cheese,frozen vegetables,roll products,sugar,soda,bottled beer,salty snack,popcorn,,,,,,,,,,,,,,,,,,
rolls/buns,brown bread,soda,,,,,,,,,,,,,,,,,,,,,,,,,,
citrus fruit,tropical fruit,pip fruit,root vegetables,other vegetables,,,,,,,,,,,,,,,,,,,,,,,,
ham,whole milk,white bread,newspapers,,,,,,,,,,,,,,,,,,,,,,,,,
citrus fruit,whole milk,yogurt,whipped/sour cream,rolls/buns,,,,,,,,,,,,,,,,,,,,,,,,
sausage,whole milk,sliced cheese,rolls/buns,brown bread,bottled beer,,,,,,,,,,,,,,,,,,,,,,,
soda,cling film/bags,house keeping products,,,,,,,,,,,,,,,,,,,,,,,,,,
other vegetables,salt,sweet spreads,,,,,,,,,,,,,,,,,,,,,,,,,,
ham,tropical fruit,white bread,pastry,waffles,specialty bar,,,,,,,,,,,,,,,,,,,,,,,
sausage,rolls/buns,shopping bags,,,,,,,,,,,,,,,,,,,,,,,,,,
sausage,citrus fruit,yogurt,tidbits,domestic eggs,rolls/buns,meat spreads,soda,,,,,,,,,,,,,,,,,,,,,
hygiene articles,house keeping products,,,,,,,,,,,,,,,,,,,,,,,,,,,
canned beer,,,,,,,,,,,,,,,,,,,,,,,,,,,,
sausage,citrus fruit,root vegetables,other vegetables,rolls/buns,soda,fruit/vegetable juice,bottled beer,dental care,,,,,,,,,,,,,,,,,,,,
sausage,other vegetables,rolls/buns,canned vegetables,coffee,soda,dish cleaner,,,,,,,,,,,,,,,,,,,,,,
beef,hamburger meat,pip fruit,root vegetables,whole milk,butter milk,yogurt,whipped/sour cream,pasta,sugar,cereals,,,,,,,,,,,,,,,,,,
tropical fruit,berries,herbs,rice,shopping bags,,,,,,,,,,,,,,,,,,,,,,,,
canned vegetables,white wine,newspapers,flower soil/fertilizer,,,,,,,,,,,,,,,,,,,,,,,,,
sausage,chicken,whole milk,processed cheese,frozen vegetables,rolls/buns,rice,margarine,sugar,canned fruit,pickled vegetables,hygiene articles,,,,,,,,,,,,,,,,,
pickled vegetables,bottled water,fruit/vegetable juice,newspapers,,,,,,,,,,,,,,,,,,,,,,,,,
citrus fruit,root vegetables,other vegetables,whole milk,butter,curd,oil,canned vegetables,hygiene articles,newspapers,,,,,,,,,,,,,,,,,,,
potato products,bottled water,soda,bottled beer,,,,,,,,,,,,,,,,,,,,,,,,,
white wine,red/blush wine,,,,,,,,,,,,,,,,,,,,,,,,,,,
turkey,tropical fruit,pip fruit,root vegetables,herbs,other vegetables,packaged fruit/vegetables,whole milk,butter milk,yogurt,specialty cheese,rolls/buns,oil,cat food,coffee,bottled water,fruit/vegetable juice,candy,dish cleaner,,,,,,,,,,
beef,citrus fruit,tropical fruit,pip fruit,berries,root vegetables,other vegetables,whole milk,dessert,sliced cheese,rolls/buns,flour,sugar,pickled vegetables,tea,soda,bottled beer,chocolate,napkins,newspapers,,,,,,,,,
pork,beef,root vegetables,other vegetables,frozen vegetables,margarine,white wine,,,,,,,,,,,,,,,,,,,,,,
root vegetables,whole milk,honey,pudding powder,newspapers,,,,,,,,,,,,,,,,,,,,,,,,
frankfurter,bottled beer,,,,,,,,,,,,,,,,,,,,,,,,,,,
citrus fruit,baking powder,sweet spreads,nut snack,,,,,,,,,,,,,,,,,,,,,,,,,
rolls/buns,pastry,,,,,,,,,,,,,,,,,,,,,,,,,,,
tropical fruit,whole milk,curd,yogurt,rolls/buns,specialty bar,,,,,,,,,,,,,,,,,,,,,,,
turkey,pork,citrus fruit,pip fruit,frozen meals,waffles,chocolate,hygiene articles,shopping bags,,,,,,,,,,,,,,,,,,,,
frankfurter,sausage,liver loaf,beef,tropical fruit,pip fruit,root vegetables,onions,whole milk,butter,yogurt,whipped/sour cream,sliced cheese,cream cheese,frozen meals,frozen potato products,domestic eggs,rolls/buns,roll products,salt,rice,margarine,jam,coffee,long life bakery product,waffles,hygiene articles,,
tropical fruit,root vegetables,whole milk,whipped/sour cream,frozen vegetables,domestic eggs,red/blush wine,,,,,,,,,,,,,,,,,,,,,,
chicken,pork,citrus fruit,berries,yogurt,,,,,,,,,,,,,,,,,,,,,,,,
root vegetables,yogurt,brown bread,pastry,flour,bottled water,potted plants,,,,,,,,,,,,,,,,,,,,,,
bottled beer,shopping bags,,,,,,,,,,,,,,,,,,,,,,,,,,,
tropical fruit,whole milk,domestic eggs,pastry,margarine,coffee,dental care,hygiene articles,cling film/bags,,,,,,,,,,,,,,,,,,,,
pork,tropical fruit,root vegetables,whipped/sour cream,frozen vegetables,roll products,,,,,,,,,,,,,,,,,,,,,,,
specialty chocolate,,,,,,,,,,,,,,,,,,,,,,,,,,,,
frankfurter,turkey,citrus fruit,whole milk,curd,frozen potato products,rolls/buns,white bread,pastry,semi-finished bread,pickled vegetables,sweet spreads,bottled water,soda,fruit/vegetable juice,bottled beer,white wine,prosecco,chocolate,candy,,,,,,,,,
root vegetables,,,,,,,,,,,,,,,,,,,,,,,,,,,,
tropical fruit,UHT-milk,brown bread,Instant food products,napkins,,,,,,,,,,,,,,,,,,,,,,,,
pip fruit,root vegetables,ice cream,rolls/buns,syrup,canned beer,,,,,,,,,,,,,,,,,,,,,,,
beef,root vegetables,other vegetables,whole milk,curd,cream,domestic eggs,soda,fruit/vegetable juice,,,,,,,,,,,,,,,,,,,,
frankfurter,root vegetables,bottled water,canned beer,hygiene articles,,,,,,,,,,,,,,,,,,,,,,,,
root vegetables,other vegetables,UHT-milk,hard cheese,rolls/buns,sweet spreads,salty snack,popcorn,waffles,cake bar,specialty bar,,,,,,,,,,,,,,,,,,
frankfurter,pip fruit,root vegetables,other vegetables,whole milk,butter milk,organic products,soda,,,,,,,,,,,,,,,,,,,,,
tropical fruit,grapes,root vegetables,other vegetables,rolls/buns,tea,bottled beer,,,,,,,,,,,,,,,,,,,,,,
whole milk,domestic eggs,oil,,,,,,,,,,,,,,,,,,,,,,,,,,
hamburger meat,pastry,misc. beverages,,,,,,,,,,,,,,,,,,,,,,,,,,
long life bakery product,candy,,,,,,,,,,,,,,,,,,,,,,,,,,,
soda,chocolate,,,,,,,,,,,,,,,,,,,,,,,,,,,
hamburger meat,pip fruit,root vegetables,other vegetables,whole milk,whipped/sour cream,cream cheese,brown bread,soups,sauces,,,,,,,,,,,,,,,,,,,
hard cheese,pastry,,,,,,,,,,,,,,,,,,,,,,,,,,,
newspapers,,,,,,,,,,,,,,,,,,,,,,,,,,,,
soft cheese,rolls/buns,brown bread,syrup,newspapers,shopping bags,,,,,,,,,,,,,,,,,,,,,,,
potted plants,,,,,,,,,,,,,,,,,,,,,,,,,,,,
tropical fruit,root vegetables,rolls/buns,newspapers,,,,,,,,,,,,,,,,,,,,,,,,,
whole milk,butter,yogurt,rolls/buns,candles,newspapers,,,,,,,,,,,,,,,,,,,,,,,
whole milk,curd,whipped/sour cream,,,,,,,,,,,,,,,,,,,,,,,,,,
hamburger meat,condensed milk,pastry,fruit/vegetable juice,salty snack,candles,,,,,,,,,,,,,,,,,,,,,,,
sausage,other vegetables,whole milk,dessert,domestic eggs,rolls/buns,white bread,bottled water,soda,chocolate,detergent,shopping bags,,,,,,,,,,,,,,,,,
chicken,,,,,,,,,,,,,,,,,,,,,,,,,,,,
chicken,beef,root vegetables,other vegetables,whole milk,whipped/sour cream,pasta,soda,,,,,,,,,,,,,,,,,,,,,
white bread,brown bread,,,,,,,,,,,,,,,,,,,,,,,,,,,
chicken,pork,other vegetables,UHT-milk,white bread,pastry,pasta,soda,specialty bar,,,,,,,,,,,,,,,,,,,,
beef,root vegetables,other vegetables,whole milk,domestic eggs,rolls/buns,brown bread,soda,fruit/vegetable juice,red/blush wine,snack products,dishes,light bulbs,shopping bags,,,,,,,,,,,,,,,
root vegetables,packaged fruit/vegetables,rolls/buns,sugar,liquor,,,,,,,,,,,,,,,,,,,,,,,,
syrup,,,,,,,,,,,,,,,,,,,,,,,,,,,,
salt,candy,,,,,,,,,,,,,,,,,,,,,,,,,,,
whole milk,frozen vegetables,frozen meals,cereals,bottled beer,,,,,,,,,,,,,,,,,,,,,,,,
other vegetables,yogurt,whipped/sour cream,newspapers,,,,,,,,,,,,,,,,,,,,,,,,,
sausage,rolls/buns,fruit/vegetable juice,,,,,,,,,,,,,,,,,,,,,,,,,,
fish,tropical fruit,pip fruit,berries,whole milk,curd,yogurt,whipped/sour cream,condensed milk,instant coffee,long life bakery product,cake bar,napkins,,,,,,,,,,,,,,,,
citrus fruit,tropical fruit,pip fruit,root vegetables,onions,other vegetables,whole milk,yogurt,rolls/buns,brown bread,soda,fruit/vegetable juice,,,,,,,,,,,,,,,,,
dishes,,,,,,,,,,,,,,,,,,,,,,,,,,,,
meat,curd,yogurt,ice cream,oil,canned fish,soda,fruit/vegetable juice,seasonal products,,,,,,,,,,,,,,,,,,,,
pip fruit,root vegetables,UHT-milk,condensed milk,margarine,sugar,pudding powder,cocoa drinks,fruit/vegetable juice,chocolate,,,,,,,,,,,,,,,,,,,
onions,,,,,,,,,,,,,,,,,,,,,,,,,,,,
liver loaf,pip fruit,root vegetables,frozen vegetables,salty snack,,,,,,,,,,,,,,,,,,,,,,,,
citrus fruit,tropical fruit,root vegetables,other vegetables,whole milk,,,,,,,,,,,,,,,,,,,,,,,,
bottled beer,,,,,,,,,,,,,,,,,,,,,,,,,,,,
dessert,cream cheese,mayonnaise,domestic eggs,pastry,canned fish,chocolate,cleaner,female sanitary products,,,,,,,,,,,,,,,,,,,,
roll products,dog food,soda,fruit/vegetable juice,bottled beer,napkins,,,,,,,,,,,,,,,,,,,,,,,
sausage,whole milk,condensed milk,semi-finished bread,cat food,,,,,,,,,,,,,,,,,,,,,,,,
yogurt,margarine,newspapers,,,,,,,,,,,,,,,,,,,,,,,,,,
citrus fruit,berries,butter,butter milk,yogurt,sliced cheese,frozen vegetables,frozen chicken,soda,,,,,,,,,,,,,,,,,,,,
butter milk,cream cheese,rolls/buns,misc. beverages,newspapers,,,,,,,,,,,,,,,,,,,,,,,,
bottled beer,,,,,,,,,,,,,,,,,,,,,,,,,,,,
chicken,other vegetables,frozen vegetables,canned beer,shopping bags,,,,,,,,,,,,,,,,,,,,,,,,
root vegetables,other vegetables,whole milk,whipped/sour cream,hard cheese,frozen vegetables,cat food,dishes,newspapers,,,,,,,,,,,,,,,,,,,,
tropical fruit,other vegetables,rolls/buns,salt,margarine,soda,bottled beer,salty snack,,,,,,,,,,,,,,,,,,,,,
sausage,hamburger meat,citrus fruit,whole milk,pasta,soda,chewing gum,detergent,hygiene articles,kitchen towels,,,,,,,,,,,,,,,,,,,
salty snack,dental care,,,,,,,,,,,,,,,,,,,,,,,,,,,
beef,other vegetables,chocolate,newspapers,shopping bags,,,,,,,,,,,,,,,,,,,,,,,,
ham,other vegetables,whole milk,domestic eggs,sweet spreads,misc. beverages,salty snack,hygiene articles,shopping bags,,,,,,,,,,,,,,,,,,,,
candles,,,,,,,,,,,,,,,,,,,,,,,,,,,,
beverages,misc. beverages,,,,,,,,,,,,,,,,,,,,,,,,,,,
tropical fruit,pip fruit,yogurt,frozen vegetables,artif. sweetener,,,,,,,,,,,,,,,,,,,,,,,,
bottled beer,,,,,,,,,,,,,,,,,,,,,,,,,,,,
pork,root vegetables,herbs,other vegetables,whole milk,processed cheese,domestic eggs,margarine,fruit/vegetable juice,hygiene articles,,,,,,,,,,,,,,,,,,,
rolls/buns,,,,,,,,,,,,,,,,,,,,,,,,,,,,
whole milk,,,,,,,,,,,,,,,,,,,,,,,,,,,,
canned beer,,,,,,,,,,,,,,,,,,,,,,,,,,,,
rolls/buns,,,,,,,,,,,,,,,,,,,,,,,,,,,,
sausage,soda,fruit/vegetable juice,salty snack,chewing gum,shopping bags,,,,,,,,,,,,,,,,,,,,,,,
bottled beer,,,,,,,,,,,,,,,,,,,,,,,,,,,,
domestic eggs,canned beer,shopping bags,,,,,,,,,,,,,,,,,,,,,,,,,,
soda,canned beer,,,,,,,,,,,,,,,,,,,,,,,,,,,
ham,hamburger meat,whole milk,processed cheese,white bread,potato products,artif. sweetener,instant coffee,bottled water,soda,fruit/vegetable juice,salty snack,specialty bar,detergent,shopping bags,,,,,,,,,,,,,,
bottled beer,shopping bags,,,,,,,,,,,,,,,,,,,,,,,,,,,
other vegetables,UHT-milk,cream,,,,,,,,,,,,,,,,,,,,,,,,,,
finished products,citrus fruit,tropical fruit,grapes,berries,root vegetables,other vegetables,whole milk,spread cheese,brown bread,pastry,potato products,fruit/vegetable juice,chocolate,potted plants,shopping bags,,,,,,,,,,,,,
misc. beverages,,,,,,,,,,,,,,,,,,,,,,,,,,,,
tropical fruit,butter milk,baking powder,,,,,,,,,,,,,,,,,,,,,,,,,,
frankfurter,curd,frozen potato products,soda,dish cleaner,,,,,,,,,,,,,,,,,,,,,,,,
yogurt,pastry,,,,,,,,,,,,,,,,,,,,,,,,,,,
tropical fruit,yogurt,cream cheese,,,,,,,,,,,,,,,,,,,,,,,,,,
newspapers,,,,,,,,,,,,,,,,,,,,,,,,,,,,
bottled water,bottled beer,,,,,,,,,,,,,,,,,,,,,,,,,,,
onions,other vegetables,whole milk,yogurt,domestic eggs,pastry,dishes,shopping bags,,,,,,,,,,,,,,,,,,,,,
pastry,soda,,,,,,,,,,,,,,,,,,,,,,,,,,,
hamburger meat,other vegetables,whole milk,spread cheese,soda,canned beer,chocolate,specialty bar,,,,,,,,,,,,,,,,,,,,,
soda,,,,,,,,,,,,,,,,,,,,,,,,,,,,
pork,tropical fruit,pip fruit,whole milk,whipped/sour cream,detergent,softener,napkins,shopping bags,,,,,,,,,,,,,,,,,,,,
whipped/sour cream,rolls/buns,,,,,,,,,,,,,,,,,,,,,,,,,,,
soda,long life bakery product,,,,,,,,,,,,,,,,,,,,,,,,,,,
butter,sliced cheese,frozen meals,pastry,soda,fruit/vegetable juice,chocolate,specialty bar,,,,,,,,,,,,,,,,,,,,,
tropical fruit,whole milk,butter milk,UHT-milk,rolls/buns,,,,,,,,,,,,,,,,,,,,,,,,
sausage,yogurt,pastry,canned fish,shopping bags,,,,,,,,,,,,,,,,,,,,,,,,
frankfurter,other vegetables,whole milk,butter,rolls/buns,margarine,Instant food products,canned beer,detergent,,,,,,,,,,,,,,,,,,,,
condensed milk,rolls/buns,sugar,coffee,,,,,,,,,,,,,,,,,,,,,,,,,
pip fruit,,,,,,,,,,,,,,,,,,,,,,,,,,,,
sausage,root vegetables,whole milk,butter milk,yogurt,rolls/buns,pastry,,,,,,,,,,,,,,,,,,,,,,
canned beer,,,,,,,,,,,,,,,,,,,,,,,,,,,,
citrus fruit,tropical fruit,pip fruit,grapes,root vegetables,other vegetables,rolls/buns,pastry,jam,cat food,,,,,,,,,,,,,,,,,,,
seasonal products,photo/film,,,,,,,,,,,,,,,,,,,,,,,,,,,
brown bread,,,,,,,,,,,,,,,,,,,,,,,,,,,,
newspapers,,,,,,,,,,,,,,,,,,,,,,,,,,,,
tropical fruit,pip fruit,whole milk,curd,yogurt,brown bread,pastry,cereals,,,,,,,,,,,,,,,,,,,,,
rolls/buns,bottled water,soda,,,,,,,,,,,,,,,,,,,,,,,,,,
sausage,rolls/buns,mustard,soda,,,,,,,,,,,,,,,,,,,,,,,,,
sausage,liquor (appetizer),,,,,,,,,,,,,,,,,,,,,,,,,,,
citrus fruit,yogurt,hygiene articles,,,,,,,,,,,,,,,,,,,,,,,,,,
UHT-milk,condensed milk,coffee,cling film/bags,,,,,,,,,,,,,,,,,,,,,,,,,
sausage,long life bakery product,,,,,,,,,,,,,,,,,,,,,,,,,,,
citrus fruit,other vegetables,whole milk,mayonnaise,rolls/buns,waffles,,,,,,,,,,,,,,,,,,,,,,,
pork,citrus fruit,pip fruit,other vegetables,whole milk,pudding powder,,,,,,,,,,,,,,,,,,,,,,,
dog food,,,,,,,,,,,,,,,,,,,,,,,,,,,,
salty snack,,,,,,,,,,,,,,,,,,,,,,,,,,,,
meat,other vegetables,whole milk,rolls/buns,sugar,coffee,bottled water,fruit/vegetable juice,,,,,,,,,,,,,,,,,,,,,
whole milk,rolls/buns,brown bread,bottled water,bottled beer,,,,,,,,,,,,,,,,,,,,,,,,
rolls/buns,,,,,,,,,,,,,,,,,,,,,,,,,,,,
bottled water,soda,,,,,,,,,,,,,,,,,,,,,,,,,,,
sausage,citrus fruit,other vegetables,whipped/sour cream,frozen vegetables,margarine,bottled beer,hygiene articles,,,,,,,,,,,,,,,,,,,,,
beef,whole milk,curd,yogurt,hard cheese,domestic eggs,rolls/buns,white bread,oil,misc. beverages,cling film/bags,house keeping products,,,,,,,,,,,,,,,,,
mustard,,,,,,,,,,,,,,,,,,,,,,,,,,,,
meat,pip fruit,dessert,processed cheese,domestic eggs,rolls/buns,white bread,brown bread,pastry,semi-finished bread,candy,cookware,,,,,,,,,,,,,,,,,
rolls/buns,shopping bags,,,,,,,,,,,,,,,,,,,,,,,,,,,
root vegetables,,,,,,,,,,,,,,,,,,,,,,,,,,,,
tropical fruit,berries,whipped/sour cream,rolls/buns,pickled vegetables,coffee,soda,long life bakery product,,,,,,,,,,,,,,,,,,,,,
sausage,hamburger meat,citrus fruit,whole milk,yogurt,white bread,,,,,,,,,,,,,,,,,,,,,,,
frankfurter,sausage,rolls/buns,soda,liquor,shopping bags,,,,,,,,,,,,,,,,,,,,,,,
meat,root vegetables,other vegetables,whipped/sour cream,frozen meals,ice cream,,,,,,,,,,,,,,,,,,,,,,,
whole milk,canned beer,,,,,,,,,,,,,,,,,,,,,,,,,,,
chicken,pork,tropical fruit,whipped/sour cream,oil,coffee,soda,shopping bags,,,,,,,,,,,,,,,,,,,,,
cream cheese,oil,canned beer,waffles,hygiene articles,candles,,,,,,,,,,,,,,,,,,,,,,,
whole milk,brown bread,bottled beer,newspapers,,,,,,,,,,,,,,,,,,,,,,,,,
whole milk,coffee,,,,,,,,,,,,,,,,,,,,,,,,,,,
tropical fruit,,,,,,,,,,,,,,,,,,,,,,,,,,,,
beverages,sauces,sweet spreads,potted plants,,,,,,,,,,,,,,,,,,,,,,,,,
meat,pork,tropical fruit,root vegetables,other vegetables,,,,,,,,,,,,,,,,,,,,,,,,
cream cheese,rolls/buns,,,,,,,,,,,,,,,,,,,,,,,,,,,
meat,other vegetables,whole milk,rolls/buns,shopping bags,,,,,,,,,,,,,,,,,,,,,,,,
sausage,tropical fruit,pip fruit,curd,beverages,bottled beer,,,,,,,,,,,,,,,,,,,,,,,
sausage,UHT-milk,bottled beer,kitchen towels,,,,,,,,,,,,,,,,,,,,,,,,,
whole milk,soft cheese,sliced cheese,domestic eggs,rolls/buns,,,,,,,,,,,,,,,,,,,,,,,,
frozen vegetables,frozen meals,,,,,,,,,,,,,,,,,,,,,,,,,,,
root vegetables,other vegetables,yogurt,flower (seeds),,,,,,,,,,,,,,,,,,,,,,,,,
pip fruit,other vegetables,whole milk,yogurt,pasta,oil,,,,,,,,,,,,,,,,,,,,,,,
bottled water,,,,,,,,,,,,,,,,,,,,,,,,,,,,
dish cleaner,,,,,,,,,,,,,,,,,,,,,,,,,,,,
nuts/prunes,other vegetables,rum,,,,,,,,,,,,,,,,,,,,,,,,,,
rolls/buns,canned beer,,,,,,,,,,,,,,,,,,,,,,,,,,,
sausage,soda,specialty chocolate,,,,,,,,,,,,,,,,,,,,,,,,,,
rolls/buns,Instant food products,,,,,,,,,,,,,,,,,,,,,,,,,,,
pip fruit,whole milk,white bread,brown bread,margarine,sweet spreads,fruit/vegetable juice,newspapers,,,,,,,,,,,,,,,,,,,,,
whole milk,fruit/vegetable juice,,,,,,,,,,,,,,,,,,,,,,,,,,,
other vegetables,soft cheese,,,,,,,,,,,,,,,,,,,,,,,,,,,
white bread,bottled beer,newspapers,,,,,,,,,,,,,,,,,,,,,,,,,,
citrus fruit,,,,,,,,,,,,,,,,,,,,,,,,,,,,
frankfurter,sausage,berries,butter,yogurt,whipped/sour cream,cream cheese,domestic eggs,margarine,shopping bags,,,,,,,,,,,,,,,,,,,
beverages,chocolate,,,,,,,,,,,,,,,,,,,,,,,,,,,
red/blush wine,,,,,,,,,,,,,,,,,,,,,,,,,,,,
soda,,,,,,,,,,,,,,,,,,,,,,,,,,,,
finished products,candy,,,,,,,,,,,,,,,,,,,,,,,,,,,
pastry,oil,bottled beer,chocolate,specialty chocolate,,,,,,,,,,,,,,,,,,,,,,,,
tropical fruit,pip fruit,root vegetables,liquor,detergent,dishes,newspapers,,,,,,,,,,,,,,,,,,,,,,
skin care,napkins,,,,,,,,,,,,,,,,,,,,,,,,,,,
root vegetables,other vegetables,whole milk,soups,bottled beer,,,,,,,,,,,,,,,,,,,,,,,,
sausage,whole milk,frozen vegetables,frozen meals,domestic eggs,rolls/buns,fruit/vegetable juice,cake bar,,,,,,,,,,,,,,,,,,,,,
bottled beer,,,,,,,,,,,,,,,,,,,,,,,,,,,,
hard cheese,Instant food products,,,,,,,,,,,,,,,,,,,,,,,,,,,
soda,bottled beer,liquor,red/blush wine,napkins,,,,,,,,,,,,,,,,,,,,,,,,
liver loaf,root vegetables,onions,UHT-milk,cream cheese,soda,flower (seeds),,,,,,,,,,,,,,,,,,,,,,
yogurt,fruit/vegetable juice,,,,,,,,,,,,,,,,,,,,,,,,,,,
soda,long life bakery product,,,,,,,,,,,,,,,,,,,,,,,,,,,
pip fruit,butter milk,soda,,,,,,,,,,,,,,,,,,,,,,,,,,
pip fruit,soda,chewing gum,,,,,,,,,,,,,,,,,,,,,,,,,,
tropical fruit,butter,rolls/buns,canned fish,dog food,shopping bags,,,,,,,,,,,,,,,,,,,,,,,
dessert,waffles,,,,,,,,,,,,,,,,,,,,,,,,,,,
whole milk,rolls/buns,pastry,newspapers,,,,,,,,,,,,,,,,,,,,,,,,,
liver loaf,root vegetables,other vegetables,whole milk,frozen vegetables,margarine,,,,,,,,,,,,,,,,,,,,,,,
dessert,,,,,,,,,,,,,,,,,,,,,,,,,,,,
root vegetables,other vegetables,whole milk,frozen fish,honey,Instant food products,canned fish,dishes,,,,,,,,,,,,,,,,,,,,,
cream cheese,instant coffee,salty snack,waffles,kitchen towels,shopping bags,,,,,,,,,,,,,,,,,,,,,,,
canned beer,,,,,,,,,,,,,,,,,,,,,,,,,,,,
canned beer,,,,,,,,,,,,,,,,,,,,,,,,,,,,
liquor,,,,,,,,,,,,,,,,,,,,,,,,,,,,
soups,canned vegetables,chocolate,,,,,,,,,,,,,,,,,,,,,,,,,,
sausage,pickled vegetables,soda,skin care,shopping bags,,,,,,,,,,,,,,,,,,,,,,,,
frankfurter,whole milk,butter,dessert,,,,,,,,,,,,,,,,,,,,,,,,,
soda,,,,,,,,,,,,,,,,,,,,,,,,,,,,
meat,frozen meals,fruit/vegetable juice,,,,,,,,,,,,,,,,,,,,,,,,,,
coffee,,,,,,,,,,,,,,,,,,,,,,,,,,,,
rolls/buns,red/blush wine,,,,,,,,,,,,,,,,,,,,,,,,,,,
citrus fruit,specialty fat,,,,,,,,,,,,,,,,,,,,,,,,,,,
canned beer,,,,,,,,,,,,,,,,,,,,,,,,,,,,
pastry,,,,,,,,,,,,,,,,,,,,,,,,,,,,
whipped/sour cream,frozen vegetables,frozen meals,,,,,,,,,,,,,,,,,,,,,,,,,,
soda,bottled beer,liquor,red/blush wine,,,,,,,,,,,,,,,,,,,,,,,,,
spread cheese,white bread,newspapers,,,,,,,,,,,,,,,,,,,,,,,,,,
whole milk,curd,dessert,misc. beverages,chocolate marshmallow,cling film/bags,house keeping products,newspapers,,,,,,,,,,,,,,,,,,,,,
root vegetables,soft cheese,,,,,,,,,,,,,,,,,,,,,,,,,,,
soda,,,,,,,,,,,,,,,,,,,,,,,,,,,,
hamburger meat,whole milk,curd,dessert,rolls/buns,oil,spices,sauces,soda,cake bar,napkins,shopping bags,,,,,,,,,,,,,,,,,
rolls/buns,soda,chewing gum,,,,,,,,,,,,,,,,,,,,,,,,,,
bottled beer,,,,,,,,,,,,,,,,,,,,,,,,,,,,
cream cheese,ice cream,pastry,specialty chocolate,rubbing alcohol,,,,,,,,,,,,,,,,,,,,,,,,
tropical fruit,pip fruit,whole milk,pastry,,,,,,,,,,,,,,,,,,,,,,,,,
beverages,,,,,,,,,,,,,,,,,,,,,,,,,,,,
yogurt,canned beer,dishes,,,,,,,,,,,,,,,,,,,,,,,,,,
meat,finished products,other vegetables,rolls/buns,brown bread,soda,white wine,,,,,,,,,,,,,,,,,,,,,,
hamburger meat,other vegetables,whole milk,cream,oil,sugar,baking powder,canned beer,baby cosmetics,,,,,,,,,,,,,,,,,,,,
pip fruit,condensed milk,sugar,coffee,bottled water,long life bakery product,,,,,,,,,,,,,,,,,,,,,,,
sausage,other vegetables,whole milk,yogurt,soda,,,,,,,,,,,,,,,,,,,,,,,,
whole milk,butter milk,yogurt,rolls/buns,white bread,mustard,pickled vegetables,sweet spreads,canned fish,soda,misc. beverages,long life bakery product,specialty chocolate,shopping bags,,,,,,,,,,,,,,,
citrus fruit,misc. beverages,,,,,,,,,,,,,,,,,,,,,,,,,,,
pastry,,,,,,,,,,,,,,,,,,,,,,,,,,,,
sausage,soft cheese,bottled beer,,,,,,,,,,,,,,,,,,,,,,,,,,
liver loaf,whole milk,yogurt,condensed milk,specialty cheese,white bread,,,,,,,,,,,,,,,,,,,,,,,
bottled water,,,,,,,,,,,,,,,,,,,,,,,,,,,,
beef,,,,,,,,,,,,,,,,,,,,,,,,,,,,
meat,citrus fruit,pip fruit,root vegetables,bottled water,,,,,,,,,,,,,,,,,,,,,,,,
whole milk,processed cheese,spread cheese,rolls/buns,,,,,,,,,,,,,,,,,,,,,,,,,
dessert,yogurt,cat food,napkins,,,,,,,,,,,,,,,,,,,,,,,,,
rolls/buns,sugar,coffee,soda,,,,,,,,,,,,,,,,,,,,,,,,,
sausage,meat,pip fruit,other vegetables,salty snack,napkins,,,,,,,,,,,,,,,,,,,,,,,
chicken,fruit/vegetable juice,long life bakery product,,,,,,,,,,,,,,,,,,,,,,,,,,
rolls/buns,,,,,,,,,,,,,,,,,,,,,,,,,,,,
rolls/buns,soda,snack products,,,,,,,,,,,,,,,,,,,,,,,,,,
citrus fruit,berries,yogurt,bottled water,soda,fruit/vegetable juice,chocolate,specialty bar,shopping bags,,,,,,,,,,,,,,,,,,,,
rolls/buns,pastry,coffee,,,,,,,,,,,,,,,,,,,,,,,,,,
pasta,sauces,,,,,,,,,,,,,,,,,,,,,,,,,,,
sausage,pork,sliced cheese,frozen potato products,white bread,soda,waffles,,,,,,,,,,,,,,,,,,,,,,
citrus fruit,tropical fruit,baking powder,fruit/vegetable juice,waffles,specialty bar,candles,flower (seeds),,,,,,,,,,,,,,,,,,,,,
beef,spread cheese,domestic eggs,cat food,white wine,shopping bags,,,,,,,,,,,,,,,,,,,,,,,
whole milk,,,,,,,,,,,,,,,,,,,,,,,,,,,,
candy,,,,,,,,,,,,,,,,,,,,,,,,,,,,
bottled beer,,,,,,,,,,,,,,,,,,,,,,,,,,,,
yogurt,frozen dessert,,,,,,,,,,,,,,,,,,,,,,,,,,,
sausage,ham,soft cheese,hard cheese,coffee,soda,long life bakery product,chocolate,,,,,,,,,,,,,,,,,,,,,
root vegetables,brown bread,mustard,cat food,canned beer,,,,,,,,,,,,,,,,,,,,,,,,
pip fruit,whole milk,beverages,domestic eggs,white bread,,,,,,,,,,,,,,,,,,,,,,,,
yogurt,sugar,shopping bags,,,,,,,,,,,,,,,,,,,,,,,,,,
meat,whole milk,rolls/buns,,,,,,,,,,,,,,,,,,,,,,,,,,
soda,bathroom cleaner,,,,,,,,,,,,,,,,,,,,,,,,,,,
whole milk,frozen vegetables,,,,,,,,,,,,,,,,,,,,,,,,,,,
bottled beer,,,,,,,,,,,,,,,,,,,,,,,,,,,,
bottled water,,,,,,,,,,,,,,,,,,,,,,,,,,,,
pork,tropical fruit,hard cheese,margarine,soda,bottled beer,napkins,,,,,,,,,,,,,,,,,,,,,,
whole milk,dessert,coffee,bottled water,,,,,,,,,,,,,,,,,,,,,,,,,
domestic eggs,,,,,,,,,,,,,,,,,,,,,,,,,,,,
sausage,white wine,napkins,,,,,,,,,,,,,,,,,,,,,,,,,,
butter milk,ice cream,coffee,bottled water,fruit/vegetable juice,hygiene articles,shopping bags,,,,,,,,,,,,,,,,,,,,,,
ham,root vegetables,whipped/sour cream,ketchup,,,,,,,,,,,,,,,,,,,,,,,,,
sausage,frozen vegetables,rolls/buns,soda,red/blush wine,,,,,,,,,,,,,,,,,,,,,,,,
bottled beer,,,,,,,,,,,,,,,,,,,,,,,,,,,,
brown bread,,,,,,,,,,,,,,,,,,,,,,,,,,,,
citrus fruit,pip fruit,,,,,,,,,,,,,,,,,,,,,,,,,,,
tropical fruit,other vegetables,whole milk,brown bread,margarine,sauces,sweet spreads,waffles,,,,,,,,,,,,,,,,,,,,,
frankfurter,citrus fruit,pip fruit,butter milk,beverages,frozen meals,brown bread,pickled vegetables,shopping bags,,,,,,,,,,,,,,,,,,,,
curd,coffee,bottled beer,,,,,,,,,,,,,,,,,,,,,,,,,,
meat,citrus fruit,yogurt,brown bread,cat food,bottled water,chocolate,napkins,,,,,,,,,,,,,,,,,,,,,
other vegetables,whole milk,frozen potato products,white bread,pastry,soda,fruit/vegetable juice,specialty bar,,,,,,,,,,,,,,,,,,,,,
whole milk,,,,,,,,,,,,,,,,,,,,,,,,,,,,
pip fruit,whipped/sour cream,,,,,,,,,,,,,,,,,,,,,,,,,,,
other vegetables,whole milk,mustard,prosecco,specialty chocolate,female sanitary products,,,,,,,,,,,,,,,,,,,,,,,
sausage,other vegetables,dessert,yogurt,condensed milk,hard cheese,spread cheese,bottled water,fruit/vegetable juice,shopping bags,,,,,,,,,,,,,,,,,,,
salty snack,,,,,,,,,,,,,,,,,,,,,,,,,,,,
whole milk,rolls/buns,salt,,,,,,,,,,,,,,,,,,,,,,,,,,
whole milk,,,,,,,,,,,,,,,,,,,,,,,,,,,,
whole milk,soft cheese,sliced cheese,,,,,,,,,,,,,,,,,,,,,,,,,,
oil,soda,misc. beverages,canned beer,brandy,salty snack,candy,hygiene articles,shopping bags,,,,,,,,,,,,,,,,,,,,
whole milk,dessert,butter milk,yogurt,pastry,margarine,bottled water,soda,,,,,,,,,,,,,,,,,,,,,
meat,other vegetables,,,,,,,,,,,,,,,,,,,,,,,,,,,
sausage,meat,dessert,rolls/buns,instant coffee,soda,canned beer,,,,,,,,,,,,,,,,,,,,,,
bottled beer,newspapers,,,,,,,,,,,,,,,,,,,,,,,,,,,
pastry,long life bakery product,,,,,,,,,,,,,,,,,,,,,,,,,,,
beef,hamburger meat,other vegetables,rolls/buns,sugar,white wine,hygiene articles,newspapers,,,,,,,,,,,,,,,,,,,,,
newspapers,,,,,,,,,,,,,,,,,,,,,,,,,,,,
sausage,rolls/buns,,,,,,,,,,,,,,,,,,,,,,,,,,,
canned beer,,,,,,,,,,,,,,,,,,,,,,,,,,,,
frankfurter,meat,root vegetables,onions,other vegetables,whole milk,yogurt,UHT-milk,rolls/buns,oil,mustard,canned fish,coffee,newspapers,shopping bags,,,,,,,,,,,,,,
rolls/buns,brown bread,,,,,,,,,,,,,,,,,,,,,,,,,,,
canned beer,,,,,,,,,,,,,,,,,,,,,,,,,,,,
soda,bottled beer,,,,,,,,,,,,,,,,,,,,,,,,,,,
meat,chicken,root vegetables,onions,whole milk,soda,,,,,,,,,,,,,,,,,,,,,,,
white wine,,,,,,,,,,,,,,,,,,,,,,,,,,,,
sausage,other vegetables,,,,,,,,,,,,,,,,,,,,,,,,,,,
hard cheese,pasta,soda,waffles,,,,,,,,,,,,,,,,,,,,,,,,,
dessert,yogurt,,,,,,,,,,,,,,,,,,,,,,,,,,,
coffee,,,,,,,,,,,,,,,,,,,,,,,,,,,,
frankfurter,sausage,whole milk,butter milk,yogurt,sliced cheese,hard cheese,rolls/buns,pastry,pickled vegetables,newspapers,,,,,,,,,,,,,,,,,,
pork,whole milk,pasta,fruit/vegetable juice,,,,,,,,,,,,,,,,,,,,,,,,,
beef,citrus fruit,root vegetables,yogurt,whipped/sour cream,brown bread,napkins,newspapers,,,,,,,,,,,,,,,,,,,,,
ham,sliced cheese,,,,,,,,,,,,,,,,,,,,,,,,,,,
hamburger meat,other vegetables,pickled vegetables,,,,,,,,,,,,,,,,,,,,,,,,,,
finished products,turkey,grapes,onions,other vegetables,whole milk,butter milk,yogurt,whipped/sour cream,hard cheese,frozen vegetables,fruit/vegetable juice,napkins,,,,,,,,,,,,,,,,
root vegetables,herbs,other vegetables,,,,,,,,,,,,,,,,,,,,,,,,,,
butter milk,,,,,,,,,,,,,,,,,,,,,,,,,,,,
whole milk,butter,sugar,,,,,,,,,,,,,,,,,,,,,,,,,,
whole milk,bottled water,soda,chewing gum,,,,,,,,,,,,,,,,,,,,,,,,,
misc. beverages,,,,,,,,,,,,,,,,,,,,,,,,,,,,
hamburger meat,whipped/sour cream,cream cheese,rolls/buns,pasta,canned fish,popcorn,,,,,,,,,,,,,,,,,,,,,,
white wine,,,,,,,,,,,,,,,,,,,,,,,,,,,,
canned beer,,,,,,,,,,,,,,,,,,,,,,,,,,,,
processed cheese,soda,bottled beer,liquor,red/blush wine,napkins,,,,,,,,,,,,,,,,,,,,,,,
tropical fruit,seasonal products,,,,,,,,,,,,,,,,,,,,,,,,,,,
ham,citrus fruit,tropical fruit,pip fruit,processed cheese,white bread,shopping bags,,,,,,,,,,,,,,,,,,,,,,
sausage,hamburger meat,pip fruit,root vegetables,whole milk,chocolate,,,,,,,,,,,,,,,,,,,,,,,
other vegetables,,,,,,,,,,,,,,,,,,,,,,,,,,,,
coffee,,,,,,,,,,,,,,,,,,,,,,,,,,,,
whole milk,butter,soda,chocolate,,,,,,,,,,,,,,,,,,,,,,,,,
hygiene articles,photo/film,,,,,,,,,,,,,,,,,,,,,,,,,,,
pork,other vegetables,whole milk,rolls/buns,semi-finished bread,artif. sweetener,fruit/vegetable juice,cake bar,specialty bar,skin care,,,,,,,,,,,,,,,,,,,
dessert,spread cheese,rolls/buns,brown bread,soda,canned beer,newspapers,,,,,,,,,,,,,,,,,,,,,,
white wine,,,,,,,,,,,,,,,,,,,,,,,,,,,,
sausage,meat,bottled water,,,,,,,,,,,,,,,,,,,,,,,,,,
chicken,root vegetables,whole milk,rolls/buns,pasta,newspapers,,,,,,,,,,,,,,,,,,,,,,,
sausage,whole milk,,,,,,,,,,,,,,,,,,,,,,,,,,,
pastry,semi-finished bread,coffee,bottled water,misc. beverages,,,,,,,,,,,,,,,,,,,,,,,,
tropical fruit,pip fruit,grapes,semi-finished bread,bottled water,soda,chewing gum,,,,,,,,,,,,,,,,,,,,,,
citrus fruit,tropical fruit,yogurt,UHT-milk,pastry,,,,,,,,,,,,,,,,,,,,,,,,
yogurt,,,,,,,,,,,,,,,,,,,,,,,,,,,,
waffles,specialty chocolate,,,,,,,,,,,,,,,,,,,,,,,,,,,
soda,,,,,,,,,,,,,,,,,,,,,,,,,,,,
whole milk,,,,,,,,,,,,,,,,,,,,,,,,,,,,
sausage,tropical fruit,root vegetables,onions,other vegetables,whole milk,white bread,chewing gum,,,,,,,,,,,,,,,,,,,,,
sausage,meat,yogurt,,,,,,,,,,,,,,,,,,,,,,,,,,
pork,citrus fruit,other vegetables,dessert,yogurt,,,,,,,,,,,,,,,,,,,,,,,,
whole milk,brown bread,,,,,,,,,,,,,,,,,,,,,,,,,,,
whole milk,bottled beer,,,,,,,,,,,,,,,,,,,,,,,,,,,
rubbing alcohol,,,,,,,,,,,,,,,,,,,,,,,,,,,,
sausage,butter,hard cheese,domestic eggs,,,,,,,,,,,,,,,,,,,,,,,,,
specialty chocolate,,,,,,,,,,,,,,,,,,,,,,,,,,,,
frankfurter,tropical fruit,root vegetables,whole milk,sugar,mustard,popcorn,,,,,,,,,,,,,,,,,,,,,,
pork,soda,fruit/vegetable juice,bottled beer,liquor,,,,,,,,,,,,,,,,,,,,,,,,
whole milk,frozen meals,bottled water,,,,,,,,,,,,,,,,,,,,,,,,,,
chocolate,,,,,,,,,,,,,,,,,,,,,,,,,,,,
root vegetables,herbs,other vegetables,cream cheese,frozen vegetables,jam,canned fish,coffee,,,,,,,,,,,,,,,,,,,,,
pork,root vegetables,,,,,,,,,,,,,,,,,,,,,,,,,,,
dish cleaner,shopping bags,,,,,,,,,,,,,,,,,,,,,,,,,,,
rolls/buns,,,,,,,,,,,,,,,,,,,,,,,,,,,,
pork,whole milk,shopping bags,,,,,,,,,,,,,,,,,,,,,,,,,,
beverages,rolls/buns,soda,seasonal products,,,,,,,,,,,,,,,,,,,,,,,,,
soda,,,,,,,,,,,,,,,,,,,,,,,,,,,,
sausage,whole milk,,,,,,,,,,,,,,,,,,,,,,,,,,,
whole milk,newspapers,,,,,,,,,,,,,,,,,,,,,,,,,,,
chocolate,,,,,,,,,,,,,,,,,,,,,,,,,,,,
beef,hamburger meat,root vegetables,other vegetables,butter,curd,dessert,yogurt,cream cheese,frozen meals,pastry,potato products,Instant food products,soda,napkins,house keeping products,newspapers,,,,,,,,,,,,
whole milk,,,,,,,,,,,,,,,,,,,,,,,,,,,,
soda,chewing gum,,,,,,,,,,,,,,,,,,,,,,,,,,,
pip fruit,whipped/sour cream,hard cheese,bottled water,fruit/vegetable juice,,,,,,,,,,,,,,,,,,,,,,,,
meat,rolls/buns,white bread,semi-finished bread,flour,meat spreads,,,,,,,,,,,,,,,,,,,,,,,
chicken,candy,,,,,,,,,,,,,,,,,,,,,,,,,,,
zwieback,bottled beer,hygiene articles,,,,,,,,,,,,,,,,,,,,,,,,,,
other vegetables,rolls/buns,,,,,,,,,,,,,,,,,,,,,,,,,,,
packaged fruit/vegetables,,,,,,,,,,,,,,,,,,,,,,,,,,,,
ice cream,rolls/buns,chocolate,,,,,,,,,,,,,,,,,,,,,,,,,,
bottled beer,,,,,,,,,,,,,,,,,,,,,,,,,,,,
tropical fruit,whole milk,domestic eggs,rolls/buns,pet care,bottled water,hygiene articles,,,,,,,,,,,,,,,,,,,,,,
root vegetables,herbs,other vegetables,whole milk,yogurt,whipped/sour cream,frozen vegetables,frozen fruits,baking powder,pickled vegetables,fruit/vegetable juice,sparkling wine,long life bakery product,shopping bags,,,,,,,,,,,,,,,
UHT-milk,canned fish,,,,,,,,,,,,,,,,,,,,,,,,,,,
berries,oil,bottled water,cake bar,house keeping products,shopping bags,,,,,,,,,,,,,,,,,,,,,,,
salt,margarine,canned beer,,,,,,,,,,,,,,,,,,,,,,,,,,
pip fruit,root vegetables,frozen vegetables,frozen potato products,pastry,fruit/vegetable juice,napkins,bags,,,,,,,,,,,,,,,,,,,,,
frozen meals,soda,specialty chocolate,,,,,,,,,,,,,,,,,,,,,,,,,,
liquor,napkins,,,,,,,,,,,,,,,,,,,,,,,,,,,
citrus fruit,tropical fruit,pip fruit,condensed milk,frozen meals,meat spreads,canned fish,coffee,canned beer,salty snack,cling film/bags,kitchen towels,shopping bags,,,,,,,,,,,,,,,,
domestic eggs,waffles,napkins,,,,,,,,,,,,,,,,,,,,,,,,,,
rolls/buns,white bread,,,,,,,,,,,,,,,,,,,,,,,,,,,
tropical fruit,yogurt,salt,specialty vegetables,bottled beer,,,,,,,,,,,,,,,,,,,,,,,,
bottled beer,prosecco,,,,,,,,,,,,,,,,,,,,,,,,,,,
whole milk,fruit/vegetable juice,chewing gum,shopping bags,,,,,,,,,,,,,,,,,,,,,,,,,
chicken,tropical fruit,domestic eggs,white wine,,,,,,,,,,,,,,,,,,,,,,,,,
canned beer,,,,,,,,,,,,,,,,,,,,,,,,,,,,
other vegetables,dessert,white bread,dog food,flower soil/fertilizer,,,,,,,,,,,,,,,,,,,,,,,,
frankfurter,tropical fruit,other vegetables,whole milk,butter,frozen meals,fruit/vegetable juice,,,,,,,,,,,,,,,,,,,,,,
white wine,,,,,,,,,,,,,,,,,,,,,,,,,,,,
tropical fruit,other vegetables,whole milk,mayonnaise,brown bread,canned fish,soda,misc. beverages,bottled beer,dental care,,,,,,,,,,,,,,,,,,,
fruit/vegetable juice,long life bakery product,newspapers,,,,,,,,,,,,,,,,,,,,,,,,,,
berries,rolls/buns,pastry,fruit/vegetable juice,canned beer,,,,,,,,,,,,,,,,,,,,,,,,
other vegetables,brown bread,pastry,bottled water,canned beer,,,,,,,,,,,,,,,,,,,,,,,,
meat,yogurt,cream cheese,brown bread,meat spreads,canned fish,,,,,,,,,,,,,,,,,,,,,,,
other vegetables,whole milk,dessert,chewing gum,,,,,,,,,,,,,,,,,,,,,,,,,
ham,light bulbs,,,,,,,,,,,,,,,,,,,,,,,,,,,
chocolate,specialty chocolate,,,,,,,,,,,,,,,,,,,,,,,,,,,
frankfurter,whole milk,white bread,brown bread,,,,,,,,,,,,,,,,,,,,,,,,,
processed cheese,white bread,sugar,cat food,soda,fruit/vegetable juice,candy,shopping bags,,,,,,,,,,,,,,,,,,,,,
chewing gum,,,,,,,,,,,,,,,,,,,,,,,,,,,,
root vegetables,herbs,,,,,,,,,,,,,,,,,,,,,,,,,,,
tropical fruit,dessert,yogurt,soda,candy,,,,,,,,,,,,,,,,,,,,,,,,
detergent,,,,,,,,,,,,,,,,,,,,,,,,,,,,
sausage,yogurt,cat food,,,,,,,,,,,,,,,,,,,,,,,,,,
soda,liquor (appetizer),,,,,,,,,,,,,,,,,,,,,,,,,,,
citrus fruit,tropical fruit,pip fruit,chewing gum,,,,,,,,,,,,,,,,,,,,,,,,,
whole milk,yogurt,pastry,sweet spreads,soda,,,,,,,,,,,,,,,,,,,,,,,,
misc. beverages,canned beer,,,,,,,,,,,,,,,,,,,,,,,,,,,
tropical fruit,whole milk,newspapers,shopping bags,,,,,,,,,,,,,,,,,,,,,,,,,
beef,other vegetables,bottled beer,red/blush wine,shopping bags,,,,,,,,,,,,,,,,,,,,,,,,
frankfurter,tropical fruit,pip fruit,dessert,beverages,domestic eggs,flour,margarine,Instant food products,canned fruit,jam,,,,,,,,,,,,,,,,,,
whole milk,yogurt,spread cheese,bottled water,soda,,,,,,,,,,,,,,,,,,,,,,,,
bottled beer,,,,,,,,,,,,,,,,,,,,,,,,,,,,
chocolate marshmallow,,,,,,,,,,,,,,,,,,,,,,,,,,,,
other vegetables,semi-finished bread,,,,,,,,,,,,,,,,,,,,,,,,,,,
cocoa drinks,,,,,,,,,,,,,,,,,,,,,,,,,,,,
whole milk,brown bread,,,,,,,,,,,,,,,,,,,,,,,,,,,
tropical fruit,whole milk,domestic eggs,red/blush wine,house keeping products,,,,,,,,,,,,,,,,,,,,,,,,
sausage,UHT-milk,brown bread,oil,canned beer,brandy,shopping bags,,,,,,,,,,,,,,,,,,,,,,
frankfurter,hamburger meat,tropical fruit,other vegetables,whole milk,yogurt,whipped/sour cream,rolls/buns,kitchen towels,newspapers,,,,,,,,,,,,,,,,,,,
chewing gum,seasonal products,,,,,,,,,,,,,,,,,,,,,,,,,,,
butter,dessert,yogurt,rolls/buns,margarine,chewing gum,,,,,,,,,,,,,,,,,,,,,,,
soda,,,,,,,,,,,,,,,,,,,,,,,,,,,,
whole milk,white bread,newspapers,,,,,,,,,,,,,,,,,,,,,,,,,,
soda,,,,,,,,,,,,,,,,,,,,,,,,,,,,
pastry,instant coffee,,,,,,,,,,,,,,,,,,,,,,,,,,,
ice cream,bottled beer,prosecco,dishes,shopping bags,,,,,,,,,,,,,,,,,,,,,,,,
sausage,,,,,,,,,,,,,,,,,,,,,,,,,,,,
citrus fruit,yogurt,whipped/sour cream,shopping bags,,,,,,,,,,,,,,,,,,,,,,,,,
chocolate,,,,,,,,,,,,,,,,,,,,,,,,,,,,
sausage,other vegetables,dessert,,,,,,,,,,,,,,,,,,,,,,,,,,
whipped/sour cream,,,,,,,,,,,,,,,,,,,,,,,,,,,,
frankfurter,ham,tropical fruit,pip fruit,grapes,other vegetables,whole milk,yogurt,sliced cheese,frozen meals,frozen fish,brown bread,,,,,,,,,,,,,,,,,
tropical fruit,dessert,yogurt,sliced cheese,cream cheese,rolls/buns,brown bread,canned vegetables,fruit/vegetable juice,,,,,,,,,,,,,,,,,,,,
root vegetables,other vegetables,white bread,baking powder,,,,,,,,,,,,,,,,,,,,,,,,,
coffee,tea,,,,,,,,,,,,,,,,,,,,,,,,,,,
soda,,,,,,,,,,,,,,,,,,,,,,,,,,,,
ice cream,,,,,,,,,,,,,,,,,,,,,,,,,,,,
hamburger meat,cream cheese,brown bread,,,,,,,,,,,,,,,,,,,,,,,,,,
other vegetables,coffee,soda,dental care,,,,,,,,,,,,,,,,,,,,,,,,,
bottled beer,,,,,,,,,,,,,,,,,,,,,,,,,,,,
misc. beverages,dishes,,,,,,,,,,,,,,,,,,,,,,,,,,,
beef,tropical fruit,whole milk,margarine,soda,candles,,,,,,,,,,,,,,,,,,,,,,,
whole milk,meat spreads,fruit/vegetable juice,,,,,,,,,,,,,,,,,,,,,,,,,,
sausage,whole milk,yogurt,,,,,,,,,,,,,,,,,,,,,,,,,,
ice cream,,,,,,,,,,,,,,,,,,,,,,,,,,,,
soda,,,,,,,,,,,,,,,,,,,,,,,,,,,,
pip fruit,root vegetables,whole milk,butter,curd,yogurt,UHT-milk,specialty cheese,white bread,margarine,cereals,pickled vegetables,coffee,cake bar,,,,,,,,,,,,,,,
meat,other vegetables,whole milk,hard cheese,fruit/vegetable juice,long life bakery product,,,,,,,,,,,,,,,,,,,,,,,
whole milk,hard cheese,rolls/buns,bottled water,,,,,,,,,,,,,,,,,,,,,,,,,
zwieback,,,,,,,,,,,,,,,,,,,,,,,,,,,,
canned beer,,,,,,,,,,,,,,,,,,,,,,,,,,,,
meat,pork,butter,brown bread,specialty chocolate,kitchen towels,,,,,,,,,,,,,,,,,,,,,,,
tropical fruit,pip fruit,whole milk,cream cheese,frozen vegetables,ice cream,bottled water,shopping bags,,,,,,,,,,,,,,,,,,,,,
soda,,,,,,,,,,,,,,,,,,,,,,,,,,,,
meat,whole milk,yogurt,,,,,,,,,,,,,,,,,,,,,,,,,,
frankfurter,tropical fruit,other vegetables,dessert,UHT-milk,cream cheese,brown bread,pastry,hygiene articles,,,,,,,,,,,,,,,,,,,,
whole milk,cat food,pet care,coffee,soda,misc. beverages,chocolate,,,,,,,,,,,,,,,,,,,,,,
sausage,tropical fruit,root vegetables,other vegetables,hard cheese,fruit/vegetable juice,long life bakery product,waffles,,,,,,,,,,,,,,,,,,,,,
pork,other vegetables,whole milk,frozen vegetables,brown bread,roll products,canned vegetables,sparkling wine,chocolate,dental care,,,,,,,,,,,,,,,,,,,
beef,whole milk,curd,white bread,napkins,,,,,,,,,,,,,,,,,,,,,,,,
brown bread,,,,,,,,,,,,,,,,,,,,,,,,,,,,
bottled beer,,,,,,,,,,,,,,,,,,,,,,,,,,,,
sausage,tropical fruit,yogurt,frozen meals,cat food,bottled water,soda,bottled beer,waffles,,,,,,,,,,,,,,,,,,,,
pip fruit,other vegetables,whole milk,butter,whipped/sour cream,sliced cheese,pastry,hygiene articles,napkins,,,,,,,,,,,,,,,,,,,,
UHT-milk,mustard,,,,,,,,,,,,,,,,,,,,,,,,,,,
butter milk,brown bread,,,,,,,,,,,,,,,,,,,,,,,,,,,
tropical fruit,root vegetables,other vegetables,whole milk,yogurt,rice,oil,bathroom cleaner,,,,,,,,,,,,,,,,,,,,,
hamburger meat,,,,,,,,,,,,,,,,,,,,,,,,,,,,
root vegetables,onions,dessert,mayonnaise,brown bread,salt,canned fish,bottled water,fruit/vegetable juice,bottled beer,popcorn,,,,,,,,,,,,,,,,,,
butter,spread cheese,ice cream,rolls/buns,soda,long life bakery product,chocolate,chocolate marshmallow,,,,,,,,,,,,,,,,,,,,,
UHT-milk,sugar,coffee,canned beer,,,,,,,,,,,,,,,,,,,,,,,,,
whole milk,rolls/buns,canned beer,chewing gum,,,,,,,,,,,,,,,,,,,,,,,,,
frankfurter,mayonnaise,margarine,mustard,ketchup,seasonal products,,,,,,,,,,,,,,,,,,,,,,,
sliced cheese,rolls/buns,,,,,,,,,,,,,,,,,,,,,,,,,,,
sausage,meat,whole milk,curd,dessert,yogurt,brown bread,dental care,male cosmetics,,,,,,,,,,,,,,,,,,,,
chicken,pip fruit,whole milk,dessert,margarine,soda,canned beer,liquor,newspapers,,,,,,,,,,,,,,,,,,,,
butter milk,yogurt,,,,,,,,,,,,,,,,,,,,,,,,,,,
sausage,berries,sliced cheese,cream cheese,,,,,,,,,,,,,,,,,,,,,,,,,
hamburger meat,berries,other vegetables,UHT-milk,hard cheese,processed cheese,canned vegetables,soda,waffles,specialty bar,newspapers,,,,,,,,,,,,,,,,,,
tropical fruit,whole milk,newspapers,,,,,,,,,,,,,,,,,,,,,,,,,,
softener,newspapers,,,,,,,,,,,,,,,,,,,,,,,,,,,
tropical fruit,whole milk,,,,,,,,,,,,,,,,,,,,,,,,,,,
dessert,soft cheese,brown bread,pastry,soda,long life bakery product,hygiene articles,shopping bags,,,,,,,,,,,,,,,,,,,,,
newspapers,,,,,,,,,,,,,,,,,,,,,,,,,,,,
chicken,,,,,,,,,,,,,,,,,,,,,,,,,,,,
fruit/vegetable juice,,,,,,,,,,,,,,,,,,,,,,,,,,,,
margarine,misc. beverages,,,,,,,,,,,,,,,,,,,,,,,,,,,
salt,salty snack,,,,,,,,,,,,,,,,,,,,,,,,,,,
root vegetables,,,,,,,,,,,,,,,,,,,,,,,,,,,,
sausage,spread cheese,domestic eggs,soda,shopping bags,,,,,,,,,,,,,,,,,,,,,,,,
other vegetables,whole milk,salty snack,,,,,,,,,,,,,,,,,,,,,,,,,,
tropical fruit,pip fruit,root vegetables,onions,other vegetables,whole milk,whipped/sour cream,misc. beverages,fruit/vegetable juice,red/blush wine,salty snack,detergent,shopping bags,,,,,,,,,,,,,,,,
newspapers,,,,,,,,,,,,,,,,,,,,,,,,,,,,
ham,whole milk,hard cheese,margarine,coffee,fruit/vegetable juice,,,,,,,,,,,,,,,,,,,,,,,
chewing gum,specialty bar,,,,,,,,,,,,,,,,,,,,,,,,,,,
canned beer,,,,,,,,,,,,,,,,,,,,,,,,,,,,
citrus fruit,pip fruit,other vegetables,whole milk,curd,frozen fish,domestic eggs,jam,dishes,,,,,,,,,,,,,,,,,,,,
whole milk,bottled beer,liquor (appetizer),hygiene articles,,,,,,,,,,,,,,,,,,,,,,,,,
citrus fruit,,,,,,,,,,,,,,,,,,,,,,,,,,,,
canned beer,,,,,,,,,,,,,,,,,,,,,,,,,,,,
dessert,,,,,,,,,,,,,,,,,,,,,,,,,,,,
ham,whole milk,dessert,rolls/buns,misc. beverages,waffles,skin care,,,,,,,,,,,,,,,,,,,,,,
pip fruit,rolls/buns,snack products,,,,,,,,,,,,,,,,,,,,,,,,,,
UHT-milk,domestic eggs,rolls/buns,fruit/vegetable juice,newspapers,,,,,,,,,,,,,,,,,,,,,,,,
canned beer,,,,,,,,,,,,,,,,,,,,,,,,,,,,
whole milk,butter milk,cream cheese,coffee,,,,,,,,,,,,,,,,,,,,,,,,,
meat,pork,soft cheese,oil,margarine,seasonal products,,,,,,,,,,,,,,,,,,,,,,,
whole milk,domestic eggs,,,,,,,,,,,,,,,,,,,,,,,,,,,
misc. beverages,,,,,,,,,,,,,,,,,,,,,,,,,,,,
bottled water,newspapers,,,,,,,,,,,,,,,,,,,,,,,,,,,
tropical fruit,bottled water,white wine,newspapers,,,,,,,,,,,,,,,,,,,,,,,,,
sliced cheese,domestic eggs,rolls/buns,bottled water,soda,potted plants,,,,,,,,,,,,,,,,,,,,,,,
soda,,,,,,,,,,,,,,,,,,,,,,,,,,,,
canned beer,,,,,,,,,,,,,,,,,,,,,,,,,,,,
canned beer,,,,,,,,,,,,,,,,,,,,,,,,,,,,
tropical fruit,pip fruit,root vegetables,other vegetables,whole milk,curd,yogurt,tea,bottled water,salty snack,kitchen towels,newspapers,,,,,,,,,,,,,,,,,
bottled water,soda,,,,,,,,,,,,,,,,,,,,,,,,,,,
tropical fruit,other vegetables,cream cheese,baking powder,long life bakery product,,,,,,,,,,,,,,,,,,,,,,,,
citrus fruit,curd,yogurt,newspapers,,,,,,,,,,,,,,,,,,,,,,,,,
whole milk,curd,oil,margarine,,,,,,,,,,,,,,,,,,,,,,,,,
beef,root vegetables,soda,fruit/vegetable juice,detergent,newspapers,,,,,,,,,,,,,,,,,,,,,,,
fruit/vegetable juice,potted plants,,,,,,,,,,,,,,,,,,,,,,,,,,,
other vegetables,cream cheese,,,,,,,,,,,,,,,,,,,,,,,,,,,
rolls/buns,,,,,,,,,,,,,,,,,,,,,,,,,,,,
yogurt,frozen dessert,rolls/buns,pastry,soda,fruit/vegetable juice,napkins,,,,,,,,,,,,,,,,,,,,,,
pork,whole milk,pastry,sugar,newspapers,,,,,,,,,,,,,,,,,,,,,,,,
tropical fruit,root vegetables,whole milk,yogurt,whipped/sour cream,rolls/buns,margarine,sugar,Instant food products,bottled water,,,,,,,,,,,,,,,,,,,
rolls/buns,margarine,bottled water,rum,red/blush wine,long life bakery product,waffles,chocolate,,,,,,,,,,,,,,,,,,,,,
hamburger meat,whole milk,misc. beverages,red/blush wine,,,,,,,,,,,,,,,,,,,,,,,,,
pip fruit,pastry,,,,,,,,,,,,,,,,,,,,,,,,,,,
whole milk,bottled water,bottled beer,newspapers,,,,,,,,,,,,,,,,,,,,,,,,,
pastry,,,,,,,,,,,,,,,,,,,,,,,,,,,,
sausage,root vegetables,whole milk,whipped/sour cream,rolls/buns,mustard,,,,,,,,,,,,,,,,,,,,,,,
canned beer,,,,,,,,,,,,,,,,,,,,,,,,,,,,
pastry,coffee,chewing gum,,,,,,,,,,,,,,,,,,,,,,,,,,
whole milk,,,,,,,,,,,,,,,,,,,,,,,,,,,,
root vegetables,other vegetables,cream cheese,chocolate,,,,,,,,,,,,,,,,,,,,,,,,,
other vegetables,bottled water,canned beer,chewing gum,newspapers,,,,,,,,,,,,,,,,,,,,,,,,
bottled water,canned beer,,,,,,,,,,,,,,,,,,,,,,,,,,,
whole milk,rolls/buns,bottled water,,,,,,,,,,,,,,,,,,,,,,,,,,
beef,hamburger meat,pip fruit,berries,other vegetables,rolls/buns,semi-finished bread,baking powder,white wine,napkins,cling film/bags,,,,,,,,,,,,,,,,,,
sausage,ham,tropical fruit,whole milk,butter,processed cheese,rolls/buns,potato products,rice,margarine,cereals,cat food,fruit/vegetable juice,bottled beer,chocolate,napkins,,,,,,,,,,,,,
candy,,,,,,,,,,,,,,,,,,,,,,,,,,,,
sausage,other vegetables,dessert,yogurt,UHT-milk,cream cheese,frozen vegetables,rolls/buns,brown bread,pastry,specialty bar,,,,,,,,,,,,,,,,,,
citrus fruit,dessert,yogurt,UHT-milk,frozen vegetables,frozen fish,zwieback,spices,waffles,,,,,,,,,,,,,,,,,,,,
sausage,ham,sliced cheese,frozen fish,rolls/buns,margarine,mustard,,,,,,,,,,,,,,,,,,,,,,
other vegetables,whole milk,yogurt,ice cream,brown bread,pastry,soda,newspapers,,,,,,,,,,,,,,,,,,,,,
detergent,photo/film,,,,,,,,,,,,,,,,,,,,,,,,,,,
citrus fruit,tropical fruit,pip fruit,root vegetables,packaged fruit/vegetables,dessert,yogurt,UHT-milk,hard cheese,mayonnaise,domestic eggs,spices,canned vegetables,fruit/vegetable juice,candy,,,,,,,,,,,,,,
beef,root vegetables,herbs,other vegetables,whole milk,butter,rolls/buns,brown bread,bottled beer,long life bakery product,potted plants,,,,,,,,,,,,,,,,,,
bottled beer,,,,,,,,,,,,,,,,,,,,,,,,,,,,
other vegetables,whole milk,,,,,,,,,,,,,,,,,,,,,,,,,,,
misc. beverages,,,,,,,,,,,,,,,,,,,,,,,,,,,,
pip fruit,pastry,margarine,,,,,,,,,,,,,,,,,,,,,,,,,,
root vegetables,whole milk,hard cheese,sauces,bottled water,fruit/vegetable juice,,,,,,,,,,,,,,,,,,,,,,,
chicken,beef,tropical fruit,other vegetables,soft cheese,pickled vegetables,bottled water,detergent,newspapers,,,,,,,,,,,,,,,,,,,,
tropical fruit,yogurt,UHT-milk,bottled water,soda,,,,,,,,,,,,,,,,,,,,,,,,
root vegetables,rolls/buns,,,,,,,,,,,,,,,,,,,,,,,,,,,
beef,pip fruit,root vegetables,whole milk,soft cheese,bottled beer,detergent,,,,,,,,,,,,,,,,,,,,,,
hamburger meat,root vegetables,whole milk,yogurt,brown bread,pastry,bottled beer,specialty chocolate,flower (seeds),,,,,,,,,,,,,,,,,,,,
liquor (appetizer),,,,,,,,,,,,,,,,,,,,,,,,,,,,
pip fruit,root vegetables,frozen vegetables,rolls/buns,semi-finished bread,soda,white wine,newspapers,,,,,,,,,,,,,,,,,,,,,
newspapers,,,,,,,,,,,,,,,,,,,,,,,,,,,,
turkey,tropical fruit,root vegetables,other vegetables,butter,whipped/sour cream,hard cheese,ketchup,fruit/vegetable juice,candy,napkins,,,,,,,,,,,,,,,,,,
rolls/buns,margarine,bottled water,bottled beer,,,,,,,,,,,,,,,,,,,,,,,,,
sausage,soda,,,,,,,,,,,,,,,,,,,,,,,,,,,
beef,margarine,bottled beer,flower (seeds),,,,,,,,,,,,,,,,,,,,,,,,,
whole milk,rolls/buns,baking powder,chocolate,,,,,,,,,,,,,,,,,,,,,,,,,
pip fruit,whole milk,frozen vegetables,bottled water,,,,,,,,,,,,,,,,,,,,,,,,,
meat,whole milk,rolls/buns,,,,,,,,,,,,,,,,,,,,,,,,,,
hamburger meat,whole milk,tidbits,frozen fish,ice cream,sauces,salty snack,kitchen towels,,,,,,,,,,,,,,,,,,,,,
photo/film,,,,,,,,,,,,,,,,,,,,,,,,,,,,
other vegetables,,,,,,,,,,,,,,,,,,,,,,,,,,,,
root vegetables,white bread,brown bread,,,,,,,,,,,,,,,,,,,,,,,,,,
citrus fruit,pip fruit,other vegetables,whole milk,frozen vegetables,bottled water,,,,,,,,,,,,,,,,,,,,,,,
beef,,,,,,,,,,,,,,,,,,,,,,,,,,,,
frankfurter,whole milk,yogurt,frozen vegetables,coffee,bottled water,bottled beer,,,,,,,,,,,,,,,,,,,,,,
ham,beef,tropical fruit,cat food,,,,,,,,,,,,,,,,,,,,,,,,,
soda,bottled beer,specialty bar,,,,,,,,,,,,,,,,,,,,,,,,,,
soda,bottled beer,,,,,,,,,,,,,,,,,,,,,,,,,,,
turkey,pork,beef,herbs,other vegetables,soft cheese,frozen vegetables,rolls/buns,rice,,,,,,,,,,,,,,,,,,,,
pork,,,,,,,,,,,,,,,,,,,,,,,,,,,,
root vegetables,other vegetables,whole milk,yogurt,whipped/sour cream,flour,long life bakery product,shopping bags,,,,,,,,,,,,,,,,,,,,,
rolls/buns,,,,,,,,,,,,,,,,,,,,,,,,,,,,
citrus fruit,other vegetables,,,,,,,,,,,,,,,,,,,,,,,,,,,
yogurt,beverages,domestic eggs,rolls/buns,pastry,soda,long life bakery product,chocolate,chocolate marshmallow,napkins,,,,,,,,,,,,,,,,,,,
tropical fruit,whole milk,sauces,sweet spreads,chocolate,newspapers,,,,,,,,,,,,,,,,,,,,,,,
other vegetables,hard cheese,newspapers,,,,,,,,,,,,,,,,,,,,,,,,,,
margarine,misc. beverages,bottled beer,,,,,,,,,,,,,,,,,,,,,,,,,,
ham,chicken,root vegetables,onions,other vegetables,yogurt,whipped/sour cream,sliced cheese,frozen vegetables,frozen meals,ice cream,newspapers,,,,,,,,,,,,,,,,,
bottled water,,,,,,,,,,,,,,,,,,,,,,,,,,,,
frozen potato products,rolls/buns,brown bread,,,,,,,,,,,,,,,,,,,,,,,,,,
citrus fruit,root vegetables,other vegetables,coffee,liquor,chocolate,candy,seasonal products,flower (seeds),shopping bags,,,,,,,,,,,,,,,,,,,
frankfurter,chicken,pork,tropical fruit,pip fruit,yogurt,whipped/sour cream,frozen vegetables,semi-finished bread,zwieback,flour,vinegar,margarine,pickled vegetables,bottled water,soda,waffles,chocolate,chocolate marshmallow,detergent,napkins,,,,,,,,
other vegetables,whole milk,margarine,,,,,,,,,,,,,,,,,,,,,,,,,,
pip fruit,other vegetables,fruit/vegetable juice,,,,,,,,,,,,,,,,,,,,,,,,,,
frankfurter,citrus fruit,other vegetables,butter milk,yogurt,whipped/sour cream,rolls/buns,brown bread,pickled vegetables,canned fish,tea,,,,,,,,,,,,,,,,,,
frozen meals,ice cream,frozen potato products,,,,,,,,,,,,,,,,,,,,,,,,,,
root vegetables,onions,whole milk,curd,yogurt,whipped/sour cream,soft cheese,cream cheese,curd cheese,frozen fish,rolls/buns,waffles,,,,,,,,,,,,,,,,,
beef,,,,,,,,,,,,,,,,,,,,,,,,,,,,
sausage,fish,curd,processed cheese,pastry,,,,,,,,,,,,,,,,,,,,,,,,
beef,root vegetables,other vegetables,whole milk,yogurt,whipped/sour cream,cream cheese,cat food,napkins,,,,,,,,,,,,,,,,,,,,
pork,domestic eggs,soda,,,,,,,,,,,,,,,,,,,,,,,,,,
artif. sweetener,,,,,,,,,,,,,,,,,,,,,,,,,,,,
frankfurter,ham,tropical fruit,yogurt,curd cheese,frozen fish,zwieback,margarine,fruit/vegetable juice,,,,,,,,,,,,,,,,,,,,
rolls/buns,canned fish,canned beer,,,,,,,,,,,,,,,,,,,,,,,,,,
canned beer,newspapers,,,,,,,,,,,,,,,,,,,,,,,,,,,
frankfurter,whole milk,white bread,margarine,bottled beer,detergent,potted plants,,,,,,,,,,,,,,,,,,,,,,
sausage,pip fruit,whole milk,white bread,salt,pasta,oil,sugar,bottled water,soda,bottled beer,,,,,,,,,,,,,,,,,,
brown bread,canned beer,,,,,,,,,,,,,,,,,,,,,,,,,,,
whole milk,butter,coffee,bottled water,seasonal products,candles,,,,,,,,,,,,,,,,,,,,,,,
frankfurter,sausage,rolls/buns,brown bread,soda,shopping bags,,,,,,,,,,,,,,,,,,,,,,,
domestic eggs,specialty chocolate,,,,,,,,,,,,,,,,,,,,,,,,,,,
sausage,root vegetables,beverages,rolls/buns,soda,,,,,,,,,,,,,,,,,,,,,,,,
other vegetables,whole milk,yogurt,rolls/buns,female sanitary products,hygiene articles,,,,,,,,,,,,,,,,,,,,,,,
pork,semi-finished bread,soda,,,,,,,,,,,,,,,,,,,,,,,,,,
frankfurter,citrus fruit,rolls/buns,soda,,,,,,,,,,,,,,,,,,,,,,,,,
white bread,misc. beverages,long life bakery product,,,,,,,,,,,,,,,,,,,,,,,,,,
sausage,tropical fruit,whole milk,whipped/sour cream,specialty cheese,soda,skin care,,,,,,,,,,,,,,,,,,,,,,
frankfurter,rolls/buns,bottled water,,,,,,,,,,,,,,,,,,,,,,,,,,
chicken,grapes,root vegetables,whole milk,domestic eggs,detergent,newspapers,,,,,,,,,,,,,,,,,,,,,,
other vegetables,,,,,,,,,,,,,,,,,,,,,,,,,,,,
house keeping products,,,,,,,,,,,,,,,,,,,,,,,,,,,,
pork,whole milk,bottled water,soda,napkins,,,,,,,,,,,,,,,,,,,,,,,,
beverages,newspapers,,,,,,,,,,,,,,,,,,,,,,,,,,,
butter,brown bread,seasonal products,,,,,,,,,,,,,,,,,,,,,,,,,,
salt,cling film/bags,,,,,,,,,,,,,,,,,,,,,,,,,,,
shopping bags,,,,,,,,,,,,,,,,,,,,,,,,,,,,
curd,semi-finished bread,baking powder,,,,,,,,,,,,,,,,,,,,,,,,,,
sausage,pip fruit,root vegetables,onions,whole milk,butter,dessert,soft cheese,cream cheese,specialty cheese,domestic eggs,salt,pasta,vinegar,oil,mustard,ketchup,canned vegetables,pickled vegetables,canned fish,instant coffee,tea,misc. beverages,bottled beer,white wine,chocolate,abrasive cleaner,hygiene articles,
grapes,whole milk,butter,rolls/buns,coffee,bottled water,soda,misc. beverages,potted plants,,,,,,,,,,,,,,,,,,,,
tropical fruit,curd,,,,,,,,,,,,,,,,,,,,,,,,,,,
citrus fruit,root vegetables,other vegetables,whole milk,,,,,,,,,,,,,,,,,,,,,,,,,
canned beer,,,,,,,,,,,,,,,,,,,,,,,,,,,,
citrus fruit,tropical fruit,onions,UHT-milk,specialty fat,instant coffee,bottled water,soda,fruit/vegetable juice,bottled beer,salty snack,newspapers,,,,,,,,,,,,,,,,,
cooking chocolate,,,,,,,,,,,,,,,,,,,,,,,,,,,,
whole milk,bottled water,,,,,,,,,,,,,,,,,,,,,,,,,,,
citrus fruit,tropical fruit,other vegetables,whole milk,curd,rolls/buns,,,,,,,,,,,,,,,,,,,,,,,
whole milk,rolls/buns,,,,,,,,,,,,,,,,,,,,,,,,,,,
whole milk,,,,,,,,,,,,,,,,,,,,,,,,,,,,
rolls/buns,,,,,,,,,,,,,,,,,,,,,,,,,,,,
root vegetables,onions,whole milk,whipped/sour cream,pickled vegetables,,,,,,,,,,,,,,,,,,,,,,,,
citrus fruit,root vegetables,other vegetables,whole milk,margarine,specialty fat,hygiene articles,,,,,,,,,,,,,,,,,,,,,,
citrus fruit,tropical fruit,whole milk,yogurt,whipped/sour cream,preservation products,,,,,,,,,,,,,,,,,,,,,,,
citrus fruit,other vegetables,yogurt,,,,,,,,,,,,,,,,,,,,,,,,,,
chicken,curd,butter milk,UHT-milk,rolls/buns,fruit/vegetable juice,newspapers,,,,,,,,,,,,,,,,,,,,,,
other vegetables,whole milk,yogurt,rolls/buns,,,,,,,,,,,,,,,,,,,,,,,,,
hamburger meat,dessert,soda,fruit/vegetable juice,,,,,,,,,,,,,,,,,,,,,,,,,
frankfurter,curd,rolls/buns,brown bread,mustard,candy,,,,,,,,,,,,,,,,,,,,,,,
canned beer,,,,,,,,,,,,,,,,,,,,,,,,,,,,
frozen vegetables,rolls/buns,,,,,,,,,,,,,,,,,,,,,,,,,,,
other vegetables,curd,margarine,,,,,,,,,,,,,,,,,,,,,,,,,,
pork,hamburger meat,tropical fruit,pip fruit,other vegetables,whipped/sour cream,beverages,white bread,,,,,,,,,,,,,,,,,,,,,
turkey,root vegetables,other vegetables,whole milk,butter milk,UHT-milk,brown bread,bottled water,,,,,,,,,,,,,,,,,,,,,
sausage,rolls/buns,pastry,bottled water,,,,,,,,,,,,,,,,,,,,,,,,,
whole milk,whipped/sour cream,domestic eggs,white bread,photo/film,,,,,,,,,,,,,,,,,,,,,,,,
coffee,,,,,,,,,,,,,,,,,,,,,,,,,,,,
hamburger meat,root vegetables,other vegetables,whole milk,sliced cheese,,,,,,,,,,,,,,,,,,,,,,,,
turkey,pip fruit,other vegetables,whole milk,frozen vegetables,,,,,,,,,,,,,,,,,,,,,,,,
whole milk,butter milk,salt,sugar,soda,long life bakery product,waffles,,,,,,,,,,,,,,,,,,,,,,
pork,whole milk,curd cheese,frozen vegetables,cat food,,,,,,,,,,,,,,,,,,,,,,,,
sausage,chicken,tropical fruit,berries,root vegetables,onions,whole milk,butter,yogurt,hard cheese,domestic eggs,vinegar,spices,long life bakery product,dish cleaner,newspapers,,,,,,,,,,,,,
whole milk,bottled beer,,,,,,,,,,,,,,,,,,,,,,,,,,,
canned beer,,,,,,,,,,,,,,,,,,,,,,,,,,,,
beef,berries,root vegetables,onions,flour,mustard,soda,bottled beer,salty snack,popcorn,,,,,,,,,,,,,,,,,,,
frankfurter,finished products,chicken,other vegetables,whole milk,curd,flour,pasta,salty snack,,,,,,,,,,,,,,,,,,,,
other vegetables,,,,,,,,,,,,,,,,,,,,,,,,,,,,
other vegetables,whole milk,curd,yogurt,cream cheese,pastry,salty snack,,,,,,,,,,,,,,,,,,,,,,
root vegetables,whole milk,domestic eggs,female sanitary products,newspapers,,,,,,,,,,,,,,,,,,,,,,,,
pip fruit,soda,bottled beer,canned beer,waffles,chocolate,,,,,,,,,,,,,,,,,,,,,,,
sausage,pork,tropical fruit,root vegetables,herbs,whole milk,curd,yogurt,whipped/sour cream,chewing gum,male cosmetics,newspapers,,,,,,,,,,,,,,,,,
other vegetables,butter,soda,bottled beer,liquor,rum,chocolate marshmallow,hygiene articles,newspapers,,,,,,,,,,,,,,,,,,,,
pork,,,,,,,,,,,,,,,,,,,,,,,,,,,,
meat,whole milk,sliced cheese,brown bread,pastry,fruit/vegetable juice,newspapers,,,,,,,,,,,,,,,,,,,,,,
dessert,rolls/buns,napkins,newspapers,shopping bags,,,,,,,,,,,,,,,,,,,,,,,,
other vegetables,cream cheese,margarine,canned vegetables,bottled beer,,,,,,,,,,,,,,,,,,,,,,,,
ice cream,brown bread,,,,,,,,,,,,,,,,,,,,,,,,,,,
chicken,whole milk,frozen meals,domestic eggs,brown bread,ketchup,dog food,misc. beverages,napkins,,,,,,,,,,,,,,,,,,,,
root vegetables,whole milk,condensed milk,frozen vegetables,rolls/buns,white bread,,,,,,,,,,,,,,,,,,,,,,,
UHT-milk,ice cream,bottled water,soda,shopping bags,,,,,,,,,,,,,,,,,,,,,,,,
pastry,soda,,,,,,,,,,,,,,,,,,,,,,,,,,,
other vegetables,rolls/buns,bottled beer,,,,,,,,,,,,,,,,,,,,,,,,,,
citrus fruit,root vegetables,whole milk,yogurt,whipped/sour cream,condensed milk,rolls/buns,flour,long life bakery product,,,,,,,,,,,,,,,,,,,,
hamburger meat,,,,,,,,,,,,,,,,,,,,,,,,,,,,
whole milk,white bread,flour,sugar,potted plants,,,,,,,,,,,,,,,,,,,,,,,,
chicken,whole milk,semi-finished bread,jam,coffee,soda,napkins,shopping bags,,,,,,,,,,,,,,,,,,,,,
citrus fruit,root vegetables,margarine,misc. beverages,long life bakery product,waffles,,,,,,,,,,,,,,,,,,,,,,,
chicken,yogurt,whipped/sour cream,frozen dessert,soda,potted plants,,,,,,,,,,,,,,,,,,,,,,,
other vegetables,whole milk,yogurt,,,,,,,,,,,,,,,,,,,,,,,,,,
pork,root vegetables,whole milk,UHT-milk,frozen meals,softener,shopping bags,,,,,,,,,,,,,,,,,,,,,,
whole milk,,,,,,,,,,,,,,,,,,,,,,,,,,,,
beef,tropical fruit,pip fruit,root vegetables,other vegetables,whole milk,yogurt,whipped/sour cream,mayonnaise,,,,,,,,,,,,,,,,,,,,
sausage,meat,tropical fruit,rolls/buns,margarine,bottled water,bottled beer,skin care,hygiene articles,shopping bags,,,,,,,,,,,,,,,,,,,
root vegetables,herbs,other vegetables,whole milk,butter milk,whipped/sour cream,shopping bags,,,,,,,,,,,,,,,,,,,,,,
chicken,pip fruit,whole milk,rolls/buns,brown bread,pastry,semi-finished bread,margarine,bottled water,newspapers,,,,,,,,,,,,,,,,,,,
turkey,beef,other vegetables,whipped/sour cream,baking powder,cat food,chocolate,,,,,,,,,,,,,,,,,,,,,,
pastry,soda,canned beer,white wine,newspapers,,,,,,,,,,,,,,,,,,,,,,,,
sausage,citrus fruit,pip fruit,whole milk,dessert,domestic eggs,brown bread,margarine,specialty chocolate,,,,,,,,,,,,,,,,,,,,
yogurt,rolls/buns,,,,,,,,,,,,,,,,,,,,,,,,,,,
sausage,whole milk,yogurt,hard cheese,domestic eggs,brown bread,salty snack,waffles,chocolate,newspapers,,,,,,,,,,,,,,,,,,,
meat,whole milk,dessert,soft cheese,frozen meals,rolls/buns,misc. beverages,long life bakery product,chocolate,specialty bar,,,,,,,,,,,,,,,,,,,
rolls/buns,,,,,,,,,,,,,,,,,,,,,,,,,,,,
yogurt,,,,,,,,,,,,,,,,,,,,,,,,,,,,
chicken,hamburger meat,other vegetables,frozen vegetables,rolls/buns,pastry,,,,,,,,,,,,,,,,,,,,,,,
whole milk,curd,pastry,,,,,,,,,,,,,,,,,,,,,,,,,,
newspapers,,,,,,,,,,,,,,,,,,,,,,,,,,,,
rolls/buns,canned beer,,,,,,,,,,,,,,,,,,,,,,,,,,,
other vegetables,whole milk,yogurt,whipped/sour cream,rolls/buns,waffles,seasonal products,,,,,,,,,,,,,,,,,,,,,,
sausage,tropical fruit,root vegetables,other vegetables,whole milk,frozen vegetables,domestic eggs,flour,margarine,sugar,ketchup,baking powder,canned vegetables,bottled water,cooking chocolate,newspapers,,,,,,,,,,,,,
condensed milk,soda,,,,,,,,,,,,,,,,,,,,,,,,,,,
margarine,long life bakery product,candles,,,,,,,,,,,,,,,,,,,,,,,,,,
grapes,rolls/buns,pastry,bottled beer,,,,,,,,,,,,,,,,,,,,,,,,,
turkey,beef,semi-finished bread,,,,,,,,,,,,,,,,,,,,,,,,,,
other vegetables,napkins,,,,,,,,,,,,,,,,,,,,,,,,,,,
whipped/sour cream,,,,,,,,,,,,,,,,,,,,,,,,,,,,
hard cheese,salt,canned vegetables,,,,,,,,,,,,,,,,,,,,,,,,,,
pork,hamburger meat,other vegetables,whole milk,brown bread,margarine,bottled water,bottled beer,flower (seeds),,,,,,,,,,,,,,,,,,,,
citrus fruit,berries,curd,yogurt,soda,,,,,,,,,,,,,,,,,,,,,,,,
citrus fruit,other vegetables,frozen meals,domestic eggs,fruit/vegetable juice,potted plants,,,,,,,,,,,,,,,,,,,,,,,
sausage,root vegetables,ice cream,white bread,salt,,,,,,,,,,,,,,,,,,,,,,,,
frankfurter,pip fruit,hard cheese,bottled water,chocolate,,,,,,,,,,,,,,,,,,,,,,,,
chicken,turkey,citrus fruit,tropical fruit,berries,onions,whole milk,yogurt,whipped/sour cream,rolls/buns,pastry,margarine,cat food,soda,kitchen utensil,potted plants,,,,,,,,,,,,,
chicken,other vegetables,dessert,soda,,,,,,,,,,,,,,,,,,,,,,,,,
ham,tropical fruit,butter,cream cheese,domestic eggs,white bread,pastry,tea,fruit/vegetable juice,chocolate,shopping bags,,,,,,,,,,,,,,,,,,
ham,beef,other vegetables,yogurt,canned fish,,,,,,,,,,,,,,,,,,,,,,,,
tropical fruit,other vegetables,whole milk,dessert,bottled water,soda,canned beer,seasonal products,,,,,,,,,,,,,,,,,,,,,
ham,tropical fruit,newspapers,,,,,,,,,,,,,,,,,,,,,,,,,,
sugar,white wine,newspapers,,,,,,,,,,,,,,,,,,,,,,,,,,
whole milk,yogurt,bottled beer,,,,,,,,,,,,,,,,,,,,,,,,,,
pip fruit,other vegetables,butter milk,specialty cheese,frozen vegetables,white bread,sugar,coffee,,,,,,,,,,,,,,,,,,,,,
whole milk,whipped/sour cream,domestic eggs,bottled water,soda,specialty chocolate,potted plants,,,,,,,,,,,,,,,,,,,,,,
whipped/sour cream,long life bakery product,napkins,potted plants,,,,,,,,,,,,,,,,,,,,,,,,,
organic sausage,other vegetables,liquor (appetizer),red/blush wine,,,,,,,,,,,,,,,,,,,,,,,,,
sausage,chicken,pork,other vegetables,whole milk,butter,yogurt,margarine,fruit/vegetable juice,bottled beer,,,,,,,,,,,,,,,,,,,
sausage,beef,citrus fruit,tropical fruit,berries,root vegetables,whole milk,white bread,brown bread,fruit/vegetable juice,bottled beer,cling film/bags,,,,,,,,,,,,,,,,,
root vegetables,other vegetables,whole milk,pastry,cling film/bags,shopping bags,,,,,,,,,,,,,,,,,,,,,,,
pork,onions,other vegetables,butter,dessert,beverages,UHT-milk,specialty cheese,frozen vegetables,rolls/buns,coffee,shopping bags,,,,,,,,,,,,,,,,,
ham,organic sausage,tropical fruit,pip fruit,onions,other vegetables,whole milk,butter,curd,yogurt,sliced cheese,salt,margarine,jam,bottled beer,chewing gum,abrasive cleaner,,,,,,,,,,,,
UHT-milk,bottled water,chewing gum,cling film/bags,shopping bags,,,,,,,,,,,,,,,,,,,,,,,,
frozen vegetables,soda,,,,,,,,,,,,,,,,,,,,,,,,,,,
pip fruit,frozen meals,ice cream,fruit/vegetable juice,,,,,,,,,,,,,,,,,,,,,,,,,
other vegetables,white bread,soda,bottled beer,,,,,,,,,,,,,,,,,,,,,,,,,
soda,,,,,,,,,,,,,,,,,,,,,,,,,,,,
margarine,soda,,,,,,,,,,,,,,,,,,,,,,,,,,,
frankfurter,beef,pip fruit,root vegetables,other vegetables,curd,yogurt,margarine,sugar,,,,,,,,,,,,,,,,,,,,
sugar,,,,,,,,,,,,,,,,,,,,,,,,,,,,
chicken,root vegetables,other vegetables,whipped/sour cream,margarine,sauces,canned beer,shopping bags,,,,,,,,,,,,,,,,,,,,,
domestic eggs,pastry,,,,,,,,,,,,,,,,,,,,,,,,,,,
canned beer,shopping bags,,,,,,,,,,,,,,,,,,,,,,,,,,,
frankfurter,meat,pork,citrus fruit,yogurt,whipped/sour cream,frozen vegetables,frozen potato products,soda,,,,,,,,,,,,,,,,,,,,
pork,tropical fruit,yogurt,white bread,fruit/vegetable juice,,,,,,,,,,,,,,,,,,,,,,,,
house keeping products,,,,,,,,,,,,,,,,,,,,,,,,,,,,
pip fruit,,,,,,,,,,,,,,,,,,,,,,,,,,,,
ham,pip fruit,yogurt,frozen meals,bottled water,soda,napkins,,,,,,,,,,,,,,,,,,,,,,
waffles,newspapers,,,,,,,,,,,,,,,,,,,,,,,,,,,
ice cream,white bread,red/blush wine,salty snack,chocolate,specialty chocolate,dental care,,,,,,,,,,,,,,,,,,,,,,
rolls/buns,,,,,,,,,,,,,,,,,,,,,,,,,,,,
white bread,brown bread,,,,,,,,,,,,,,,,,,,,,,,,,,,
tropical fruit,pip fruit,berries,ice cream,white bread,,,,,,,,,,,,,,,,,,,,,,,,
chocolate,,,,,,,,,,,,,,,,,,,,,,,,,,,,
whole milk,frozen vegetables,pastry,cleaner,,,,,,,,,,,,,,,,,,,,,,,,,
coffee,red/blush wine,,,,,,,,,,,,,,,,,,,,,,,,,,,
soda,,,,,,,,,,,,,,,,,,,,,,,,,,,,
pork,root vegetables,other vegetables,pastry,,,,,,,,,,,,,,,,,,,,,,,,,
frankfurter,sausage,onions,other vegetables,curd,dessert,condensed milk,soft cheese,rolls/buns,pastry,potato products,soda,rum,specialty chocolate,shopping bags,,,,,,,,,,,,,,
sausage,packaged fruit/vegetables,yogurt,rolls/buns,seasonal products,,,,,,,,,,,,,,,,,,,,,,,,
sausage,beef,tropical fruit,root vegetables,other vegetables,whole milk,brown bread,newspapers,,,,,,,,,,,,,,,,,,,,,
light bulbs,,,,,,,,,,,,,,,,,,,,,,,,,,,,
onions,whole milk,canned beer,hygiene articles,shopping bags,,,,,,,,,,,,,,,,,,,,,,,,
whole milk,,,,,,,,,,,,,,,,,,,,,,,,,,,,
soda,bottled beer,liquor,,,,,,,,,,,,,,,,,,,,,,,,,,
domestic eggs,pastry,hygiene articles,,,,,,,,,,,,,,,,,,,,,,,,,,
whole milk,cream cheese,roll products,napkins,dishes,cling film/bags,,,,,,,,,,,,,,,,,,,,,,,
pastry,,,,,,,,,,,,,,,,,,,,,,,,,,,,
misc. beverages,canned beer,,,,,,,,,,,,,,,,,,,,,,,,,,,
ham,tropical fruit,dog food,soda,canned beer,,,,,,,,,,,,,,,,,,,,,,,,
pastry,soda,,,,,,,,,,,,,,,,,,,,,,,,,,,
fruit/vegetable juice,,,,,,,,,,,,,,,,,,,,,,,,,,,,
chewing gum,,,,,,,,,,,,,,,,,,,,,,,,,,,,
sausage,root vegetables,packaged fruit/vegetables,yogurt,frozen potato products,brown bread,soda,candy,,,,,,,,,,,,,,,,,,,,,
other vegetables,condensed milk,coffee,detergent,,,,,,,,,,,,,,,,,,,,,,,,,
whole milk,pastry,,,,,,,,,,,,,,,,,,,,,,,,,,,
canned beer,,,,,,,,,,,,,,,,,,,,,,,,,,,,
tropical fruit,other vegetables,yogurt,chewing gum,,,,,,,,,,,,,,,,,,,,,,,,,
citrus fruit,other vegetables,packaged fruit/vegetables,yogurt,margarine,sugar,artif. sweetener,baking powder,candles,,,,,,,,,,,,,,,,,,,,
specialty chocolate,photo/film,,,,,,,,,,,,,,,,,,,,,,,,,,,
candy,,,,,,,,,,,,,,,,,,,,,,,,,,,,
margarine,pickled vegetables,coffee,bottled beer,chocolate marshmallow,,,,,,,,,,,,,,,,,,,,,,,,
other vegetables,frozen meals,domestic eggs,,,,,,,,,,,,,,,,,,,,,,,,,,
tropical fruit,other vegetables,newspapers,,,,,,,,,,,,,,,,,,,,,,,,,,
tropical fruit,other vegetables,yogurt,,,,,,,,,,,,,,,,,,,,,,,,,,
specialty chocolate,,,,,,,,,,,,,,,,,,,,,,,,,,,,
misc. beverages,waffles,candy,,,,,,,,,,,,,,,,,,,,,,,,,,
other vegetables,soft cheese,frozen meals,brown bread,canned fish,,,,,,,,,,,,,,,,,,,,,,,,
tropical fruit,root vegetables,other vegetables,curd,yogurt,whipped/sour cream,cream cheese,margarine,bottled water,newspapers,,,,,,,,,,,,,,,,,,,
canned beer,,,,,,,,,,,,,,,,,,,,,,,,,,,,
beef,,,,,,,,,,,,,,,,,,,,,,,,,,,,
finished products,beef,citrus fruit,yogurt,frozen potato products,pastry,soups,coffee,candy,,,,,,,,,,,,,,,,,,,,
other vegetables,yogurt,white bread,,,,,,,,,,,,,,,,,,,,,,,,,,
citrus fruit,other vegetables,UHT-milk,rolls/buns,flour,,,,,,,,,,,,,,,,,,,,,,,,
sausage,other vegetables,rolls/buns,fruit/vegetable juice,,,,,,,,,,,,,,,,,,,,,,,,,
sausage,yogurt,rolls/buns,,,,,,,,,,,,,,,,,,,,,,,,,,
pork,newspapers,,,,,,,,,,,,,,,,,,,,,,,,,,,
berries,pastry,sugar,soda,chocolate,make up remover,,,,,,,,,,,,,,,,,,,,,,,
sausage,beef,hamburger meat,other vegetables,whole milk,butter,domestic eggs,roll products,sauces,bottled beer,,,,,,,,,,,,,,,,,,,
other vegetables,curd,soups,pudding powder,canned fish,,,,,,,,,,,,,,,,,,,,,,,,
whole milk,butter,,,,,,,,,,,,,,,,,,,,,,,,,,,
misc. beverages,napkins,,,,,,,,,,,,,,,,,,,,,,,,,,,
pet care,bottled water,soda,liquor (appetizer),,,,,,,,,,,,,,,,,,,,,,,,,
chicken,other vegetables,,,,,,,,,,,,,,,,,,,,,,,,,,,
dessert,long life bakery product,,,,,,,,,,,,,,,,,,,,,,,,,,,
pet care,coffee,bottled beer,,,,,,,,,,,,,,,,,,,,,,,,,,
tropical fruit,pip fruit,whole milk,yogurt,frozen meals,rolls/buns,soda,candy,kitchen towels,,,,,,,,,,,,,,,,,,,,
soda,misc. beverages,,,,,,,,,,,,,,,,,,,,,,,,,,,
semi-finished bread,bottled beer,liquor,,,,,,,,,,,,,,,,,,,,,,,,,,
tropical fruit,other vegetables,curd,dessert,sliced cheese,white bread,soda,fruit/vegetable juice,,,,,,,,,,,,,,,,,,,,,
hamburger meat,citrus fruit,tropical fruit,whole milk,yogurt,brown bread,napkins,shopping bags,,,,,,,,,,,,,,,,,,,,,
tropical fruit,other vegetables,pastry,long life bakery product,waffles,chocolate,specialty bar,shopping bags,,,,,,,,,,,,,,,,,,,,,
tropical fruit,yogurt,rolls/buns,,,,,,,,,,,,,,,,,,,,,,,,,,
tropical fruit,other vegetables,pickled vegetables,,,,,,,,,,,,,,,,,,,,,,,,,,
whole milk,whipped/sour cream,pastry,salty snack,long life bakery product,chewing gum,,,,,,,,,,,,,,,,,,,,,,,
cream cheese,spread cheese,,,,,,,,,,,,,,,,,,,,,,,,,,,
rolls/buns,specialty bar,,,,,,,,,,,,,,,,,,,,,,,,,,,
UHT-milk,brown bread,coffee,shopping bags,,,,,,,,,,,,,,,,,,,,,,,,,
frankfurter,organic sausage,whole milk,chewing gum,,,,,,,,,,,,,,,,,,,,,,,,,
sausage,hamburger meat,packaged fruit/vegetables,whole milk,processed cheese,frozen vegetables,rolls/buns,white bread,tea,long life bakery product,cling film/bags,photo/film,,,,,,,,,,,,,,,,,
whole milk,butter milk,,,,,,,,,,,,,,,,,,,,,,,,,,,
other vegetables,,,,,,,,,,,,,,,,,,,,,,,,,,,,
whipped/sour cream,,,,,,,,,,,,,,,,,,,,,,,,,,,,
whole milk,bottled water,,,,,,,,,,,,,,,,,,,,,,,,,,,
grapes,root vegetables,whole milk,curd,whipped/sour cream,jam,,,,,,,,,,,,,,,,,,,,,,,
liver loaf,pork,citrus fruit,other vegetables,yogurt,misc. beverages,,,,,,,,,,,,,,,,,,,,,,,
sausage,whole milk,,,,,,,,,,,,,,,,,,,,,,,,,,,
pastry,jam,,,,,,,,,,,,,,,,,,,,,,,,,,,
beverages,brown bread,pastry,soda,newspapers,shopping bags,,,,,,,,,,,,,,,,,,,,,,,
pork,specialty vegetables,bottled water,soda,bottled beer,,,,,,,,,,,,,,,,,,,,,,,,
whole milk,jam,canned fish,waffles,,,,,,,,,,,,,,,,,,,,,,,,,
pork,other vegetables,curd,whipped/sour cream,brown bread,oil,sugar,ketchup,salty snack,,,,,,,,,,,,,,,,,,,,
frankfurter,meat,pip fruit,ice cream,brown bread,pickled vegetables,jam,canned fish,liquor,waffles,newspapers,,,,,,,,,,,,,,,,,,
hard cheese,rolls/buns,sugar,candy,,,,,,,,,,,,,,,,,,,,,,,,,
yogurt,margarine,fruit/vegetable juice,shopping bags,,,,,,,,,,,,,,,,,,,,,,,,,
citrus fruit,newspapers,,,,,,,,,,,,,,,,,,,,,,,,,,,
hamburger meat,citrus fruit,whole milk,butter,yogurt,cat food,hygiene articles,shopping bags,,,,,,,,,,,,,,,,,,,,,
frozen vegetables,,,,,,,,,,,,,,,,,,,,,,,,,,,,
tropical fruit,whole milk,soda,red/blush wine,,,,,,,,,,,,,,,,,,,,,,,,,
sausage,other vegetables,curd,yogurt,soft cheese,brown bread,fruit/vegetable juice,chewing gum,,,,,,,,,,,,,,,,,,,,,
whipped/sour cream,frozen vegetables,hygiene articles,,,,,,,,,,,,,,,,,,,,,,,,,,
yogurt,beverages,frozen meals,long life bakery product,,,,,,,,,,,,,,,,,,,,,,,,,
pastry,soda,,,,,,,,,,,,,,,,,,,,,,,,,,,
pork,white bread,make up remover,napkins,,,,,,,,,,,,,,,,,,,,,,,,,
curd,dog food,bottled beer,,,,,,,,,,,,,,,,,,,,,,,,,,
root vegetables,herbs,other vegetables,candy,seasonal products,shopping bags,,,,,,,,,,,,,,,,,,,,,,,
domestic eggs,soda,cake bar,,,,,,,,,,,,,,,,,,,,,,,,,,
curd,rolls/buns,long life bakery product,,,,,,,,,,,,,,,,,,,,,,,,,,
hygiene articles,,,,,,,,,,,,,,,,,,,,,,,,,,,,
other vegetables,whole milk,rolls/buns,,,,,,,,,,,,,,,,,,,,,,,,,,
frankfurter,other vegetables,whole milk,coffee,hygiene articles,,,,,,,,,,,,,,,,,,,,,,,,
ice cream,,,,,,,,,,,,,,,,,,,,,,,,,,,,
frankfurter,soft cheese,rolls/buns,canned beer,,,,,,,,,,,,,,,,,,,,,,,,,
ham,,,,,,,,,,,,,,,,,,,,,,,,,,,,
whole milk,whipped/sour cream,,,,,,,,,,,,,,,,,,,,,,,,,,,
root vegetables,yogurt,cat food,coffee,cling film/bags,,,,,,,,,,,,,,,,,,,,,,,,
beef,rolls/buns,canned beer,napkins,,,,,,,,,,,,,,,,,,,,,,,,,
citrus fruit,pip fruit,white bread,brown bread,pastry,waffles,,,,,,,,,,,,,,,,,,,,,,,
pork,other vegetables,whole milk,yogurt,frozen fish,rolls/buns,roll products,flour,specialty fat,sugar,bottled water,soda,,,,,,,,,,,,,,,,,
berries,root vegetables,whole milk,,,,,,,,,,,,,,,,,,,,,,,,,,
ham,yogurt,cling film/bags,,,,,,,,,,,,,,,,,,,,,,,,,,
coffee,,,,,,,,,,,,,,,,,,,,,,,,,,,,
chicken,beef,tropical fruit,berries,frozen vegetables,zwieback,dishes,,,,,,,,,,,,,,,,,,,,,,
canned beer,,,,,,,,,,,,,,,,,,,,,,,,,,,,
rolls/buns,,,,,,,,,,,,,,,,,,,,,,,,,,,,
whole milk,soda,,,,,,,,,,,,,,,,,,,,,,,,,,,
pip fruit,whole milk,,,,,,,,,,,,,,,,,,,,,,,,,,,
bottled beer,,,,,,,,,,,,,,,,,,,,,,,,,,,,
sausage,,,,,,,,,,,,,,,,,,,,,,,,,,,,
other vegetables,,,,,,,,,,,,,,,,,,,,,,,,,,,,
soda,seasonal products,,,,,,,,,,,,,,,,,,,,,,,,,,,
root vegetables,other vegetables,yogurt,processed cheese,pickled vegetables,newspapers,,,,,,,,,,,,,,,,,,,,,,,
chewing gum,specialty chocolate,,,,,,,,,,,,,,,,,,,,,,,,,,,
fruit/vegetable juice,,,,,,,,,,,,,,,,,,,,,,,,,,,,
flour,sugar,,,,,,,,,,,,,,,,,,,,,,,,,,,
tropical fruit,pip fruit,whole milk,flower soil/fertilizer,,,,,,,,,,,,,,,,,,,,,,,,,
yogurt,margarine,,,,,,,,,,,,,,,,,,,,,,,,,,,
pastry,,,,,,,,,,,,,,,,,,,,,,,,,,,,
whole milk,cereals,,,,,,,,,,,,,,,,,,,,,,,,,,,
tropical fruit,,,,,,,,,,,,,,,,,,,,,,,,,,,,
whole milk,margarine,,,,,,,,,,,,,,,,,,,,,,,,,,,
pastry,soda,,,,,,,,,,,,,,,,,,,,,,,,,,,
other vegetables,whole milk,hard cheese,long life bakery product,cooking chocolate,hygiene articles,,,,,,,,,,,,,,,,,,,,,,,
root vegetables,whole milk,curd,,,,,,,,,,,,,,,,,,,,,,,,,,
chicken,root vegetables,herbs,other vegetables,canned beer,liquor (appetizer),shopping bags,,,,,,,,,,,,,,,,,,,,,,
dessert,frozen meals,soda,seasonal products,,,,,,,,,,,,,,,,,,,,,,,,,
sausage,specialty bar,,,,,,,,,,,,,,,,,,,,,,,,,,,
soda,fruit/vegetable juice,,,,,,,,,,,,,,,,,,,,,,,,,,,
beef,cat food,newspapers,,,,,,,,,,,,,,,,,,,,,,,,,,
berries,packaged fruit/vegetables,yogurt,rolls/buns,misc. beverages,,,,,,,,,,,,,,,,,,,,,,,,
berries,whipped/sour cream,domestic eggs,,,,,,,,,,,,,,,,,,,,,,,,,,
whole milk,beverages,brown bread,pastry,specialty chocolate,,,,,,,,,,,,,,,,,,,,,,,,
pork,root vegetables,rice,sparkling wine,hygiene articles,newspapers,shopping bags,,,,,,,,,,,,,,,,,,,,,,
frankfurter,sausage,brown bread,canned fish,bottled water,canned beer,candles,,,,,,,,,,,,,,,,,,,,,,
tropical fruit,dessert,soft cheese,brown bread,shopping bags,,,,,,,,,,,,,,,,,,,,,,,,
sausage,whole milk,canned beer,,,,,,,,,,,,,,,,,,,,,,,,,,
pastry,,,,,,,,,,,,,,,,,,,,,,,,,,,,
hard cheese,pasta,canned vegetables,canned fish,soda,,,,,,,,,,,,,,,,,,,,,,,,
curd,flour,canned beer,,,,,,,,,,,,,,,,,,,,,,,,,,
bottled water,,,,,,,,,,,,,,,,,,,,,,,,,,,,
soda,nut snack,flower (seeds),,,,,,,,,,,,,,,,,,,,,,,,,,
fruit/vegetable juice,hygiene articles,napkins,,,,,,,,,,,,,,,,,,,,,,,,,,
yogurt,sliced cheese,frozen meals,,,,,,,,,,,,,,,,,,,,,,,,,,
sausage,citrus fruit,tropical fruit,pip fruit,grapes,bottled water,soda,bottled beer,cake bar,,,,,,,,,,,,,,,,,,,,
tropical fruit,mustard,sauces,,,,,,,,,,,,,,,,,,,,,,,,,,
butter,curd,,,,,,,,,,,,,,,,,,,,,,,,,,,
citrus fruit,tropical fruit,pip fruit,UHT-milk,frozen fish,soda,fruit/vegetable juice,hygiene articles,napkins,,,,,,,,,,,,,,,,,,,,
pork,,,,,,,,,,,,,,,,,,,,,,,,,,,,
frozen fish,,,,,,,,,,,,,,,,,,,,,,,,,,,,
other vegetables,UHT-milk,canned vegetables,bottled water,cake bar,shopping bags,,,,,,,,,,,,,,,,,,,,,,,
chicken,packaged fruit/vegetables,butter,condensed milk,rolls/buns,,,,,,,,,,,,,,,,,,,,,,,,
beverages,,,,,,,,,,,,,,,,,,,,,,,,,,,,
candy,photo/film,,,,,,,,,,,,,,,,,,,,,,,,,,,
whole milk,,,,,,,,,,,,,,,,,,,,,,,,,,,,
sausage,hamburger meat,tropical fruit,pip fruit,other vegetables,sliced cheese,hard cheese,frozen fish,rolls/buns,brown bread,pastry,sauces,organic products,canned fruit,popcorn,dental care,napkins,kitchen towels,,,,,,,,,,,
soda,canned beer,chocolate,,,,,,,,,,,,,,,,,,,,,,,,,,
rolls/buns,specialty chocolate,,,,,,,,,,,,,,,,,,,,,,,,,,,
citrus fruit,other vegetables,dessert,whipped/sour cream,soda,,,,,,,,,,,,,,,,,,,,,,,,
pet care,,,,,,,,,,,,,,,,,,,,,,,,,,,,
butter,cream cheese,frozen vegetables,soda,fruit/vegetable juice,napkins,shopping bags,,,,,,,,,,,,,,,,,,,,,,
citrus fruit,tropical fruit,onions,packaged fruit/vegetables,yogurt,napkins,,,,,,,,,,,,,,,,,,,,,,,
pork,,,,,,,,,,,,,,,,,,,,,,,,,,,,
tropical fruit,yogurt,soda,newspapers,shopping bags,,,,,,,,,,,,,,,,,,,,,,,,
sausage,misc. beverages,canned beer,waffles,shopping bags,,,,,,,,,,,,,,,,,,,,,,,,
dishes,,,,,,,,,,,,,,,,,,,,,,,,,,,,
other vegetables,rolls/buns,white wine,,,,,,,,,,,,,,,,,,,,,,,,,,
sausage,tropical fruit,root vegetables,other vegetables,curd,yogurt,sliced cheese,cream cheese,specialty cheese,frozen vegetables,domestic eggs,bottled water,,,,,,,,,,,,,,,,,
bottled beer,,,,,,,,,,,,,,,,,,,,,,,,,,,,
soda,misc. beverages,candy,,,,,,,,,,,,,,,,,,,,,,,,,,
specialty chocolate,,,,,,,,,,,,,,,,,,,,,,,,,,,,
soda,fruit/vegetable juice,,,,,,,,,,,,,,,,,,,,,,,,,,,
seasonal products,,,,,,,,,,,,,,,,,,,,,,,,,,,,
frankfurter,onions,pickled vegetables,,,,,,,,,,,,,,,,,,,,,,,,,,
packaged fruit/vegetables,,,,,,,,,,,,,,,,,,,,,,,,,,,,
root vegetables,yogurt,whipped/sour cream,beverages,hard cheese,cream cheese,organic products,soda,misc. beverages,fruit/vegetable juice,liquor (appetizer),specialty chocolate,shopping bags,,,,,,,,,,,,,,,,
pastry,,,,,,,,,,,,,,,,,,,,,,,,,,,,
whole milk,butter,brown bread,pastry,sweet spreads,soda,newspapers,,,,,,,,,,,,,,,,,,,,,,
citrus fruit,tropical fruit,prosecco,,,,,,,,,,,,,,,,,,,,,,,,,,
beef,whole milk,white bread,,,,,,,,,,,,,,,,,,,,,,,,,,
frankfurter,sausage,root vegetables,other vegetables,yogurt,UHT-milk,white bread,long life bakery product,chocolate,specialty bar,candy,,,,,,,,,,,,,,,,,,
pork,hamburger meat,citrus fruit,butter,yogurt,whipped/sour cream,hard cheese,frozen vegetables,white bread,Instant food products,fruit/vegetable juice,salty snack,candy,shopping bags,,,,,,,,,,,,,,,
sausage,tropical fruit,root vegetables,other vegetables,cream cheese,pickled vegetables,candles,,,,,,,,,,,,,,,,,,,,,,
whipped/sour cream,ice cream,rolls/buns,semi-finished bread,soda,,,,,,,,,,,,,,,,,,,,,,,,
tropical fruit,pip fruit,,,,,,,,,,,,,,,,,,,,,,,,,,,
pork,tropical fruit,pip fruit,processed cheese,spread cheese,curd cheese,bottled beer,,,,,,,,,,,,,,,,,,,,,,
other vegetables,,,,,,,,,,,,,,,,,,,,,,,,,,,,
ham,beef,tropical fruit,whole milk,curd,yogurt,rolls/buns,ready soups,cat food,,,,,,,,,,,,,,,,,,,,
root vegetables,herbs,,,,,,,,,,,,,,,,,,,,,,,,,,,
whole milk,yogurt,hard cheese,cream cheese,margarine,sugar,misc. beverages,detergent,dishes,,,,,,,,,,,,,,,,,,,,
bottled beer,,,,,,,,,,,,,,,,,,,,,,,,,,,,
brown bread,,,,,,,,,,,,,,,,,,,,,,,,,,,,
bottled beer,,,,,,,,,,,,,,,,,,,,,,,,,,,,
sausage,whole milk,cream cheese,brown bread,,,,,,,,,,,,,,,,,,,,,,,,,
meat,rolls/buns,,,,,,,,,,,,,,,,,,,,,,,,,,,
root vegetables,other vegetables,white bread,sparkling wine,,,,,,,,,,,,,,,,,,,,,,,,,
dessert,bottled beer,candy,,,,,,,,,,,,,,,,,,,,,,,,,,
dessert,pastry,canned beer,,,,,,,,,,,,,,,,,,,,,,,,,,
beverages,cat food,dish cleaner,napkins,shopping bags,,,,,,,,,,,,,,,,,,,,,,,,
frankfurter,citrus fruit,grapes,rolls/buns,pastry,fruit/vegetable juice,chocolate,candy,shopping bags,,,,,,,,,,,,,,,,,,,,
citrus fruit,grapes,whipped/sour cream,flour,margarine,sugar,soups,baking powder,long life bakery product,waffles,chocolate,specialty bar,dish cleaner,female sanitary products,cling film/bags,,,,,,,,,,,,,,
pastry,cake bar,,,,,,,,,,,,,,,,,,,,,,,,,,,
sausage,pork,citrus fruit,bottled water,soda,misc. beverages,canned beer,red/blush wine,,,,,,,,,,,,,,,,,,,,,
sausage,white bread,,,,,,,,,,,,,,,,,,,,,,,,,,,
bottled water,,,,,,,,,,,,,,,,,,,,,,,,,,,,
finished products,,,,,,,,,,,,,,,,,,,,,,,,,,,,
domestic eggs,,,,,,,,,,,,,,,,,,,,,,,,,,,,
sausage,coffee,canned beer,liquor,red/blush wine,sparkling wine,shopping bags,,,,,,,,,,,,,,,,,,,,,,
soda,specialty bar,,,,,,,,,,,,,,,,,,,,,,,,,,,
bottled beer,,,,,,,,,,,,,,,,,,,,,,,,,,,,
napkins,,,,,,,,,,,,,,,,,,,,,,,,,,,,
beef,tropical fruit,whole milk,beverages,frozen vegetables,,,,,,,,,,,,,,,,,,,,,,,,
canned beer,,,,,,,,,,,,,,,,,,,,,,,,,,,,
ham,root vegetables,whole milk,butter,whipped/sour cream,hard cheese,rolls/buns,,,,,,,,,,,,,,,,,,,,,,
yogurt,soft cheese,rolls/buns,specialty bar,,,,,,,,,,,,,,,,,,,,,,,,,
turkey,beef,root vegetables,whole milk,,,,,,,,,,,,,,,,,,,,,,,,,
yogurt,sugar,baking powder,fruit/vegetable juice,newspapers,,,,,,,,,,,,,,,,,,,,,,,,
chicken,other vegetables,whole milk,frozen vegetables,rolls/buns,pastry,,,,,,,,,,,,,,,,,,,,,,,
whole milk,domestic eggs,bottled water,soda,shopping bags,,,,,,,,,,,,,,,,,,,,,,,,
citrus fruit,berries,other vegetables,whole milk,dessert,whipped/sour cream,cream cheese,bottled water,,,,,,,,,,,,,,,,,,,,,
tropical fruit,other vegetables,yogurt,,,,,,,,,,,,,,,,,,,,,,,,,,
rolls/buns,,,,,,,,,,,,,,,,,,,,,,,,,,,,
candy,,,,,,,,,,,,,,,,,,,,,,,,,,,,
pip fruit,bottled water,white wine,newspapers,,,,,,,,,,,,,,,,,,,,,,,,,
rolls/buns,,,,,,,,,,,,,,,,,,,,,,,,,,,,
whole milk,yogurt,coffee,,,,,,,,,,,,,,,,,,,,,,,,,,
citrus fruit,tropical fruit,white bread,fruit/vegetable juice,napkins,shopping bags,,,,,,,,,,,,,,,,,,,,,,,
butter milk,salt,vinegar,cat food,,,,,,,,,,,,,,,,,,,,,,,,,
frankfurter,beef,other vegetables,whole milk,domestic eggs,rolls/buns,,,,,,,,,,,,,,,,,,,,,,,
frankfurter,butter milk,rolls/buns,coffee,,,,,,,,,,,,,,,,,,,,,,,,,
beef,tropical fruit,onions,whole milk,butter,yogurt,rolls/buns,brown bread,sauces,canned vegetables,bottled water,fruit/vegetable juice,canned beer,long life bakery product,specialty chocolate,,,,,,,,,,,,,,
canned beer,,,,,,,,,,,,,,,,,,,,,,,,,,,,
specialty bar,,,,,,,,,,,,,,,,,,,,,,,,,,,,
sausage,meat,tropical fruit,other vegetables,whole milk,yogurt,rolls/buns,bottled water,soda,bottled beer,newspapers,,,,,,,,,,,,,,,,,,
rolls/buns,,,,,,,,,,,,,,,,,,,,,,,,,,,,
bottled water,soda,misc. beverages,flower soil/fertilizer,,,,,,,,,,,,,,,,,,,,,,,,,
chicken,citrus fruit,root vegetables,butter,domestic eggs,brown bread,margarine,sweet spreads,dental care,shopping bags,,,,,,,,,,,,,,,,,,,
nuts/prunes,,,,,,,,,,,,,,,,,,,,,,,,,,,,
rolls/buns,,,,,,,,,,,,,,,,,,,,,,,,,,,,
other vegetables,curd,yogurt,shopping bags,,,,,,,,,,,,,,,,,,,,,,,,,
packaged fruit/vegetables,frozen fish,napkins,,,,,,,,,,,,,,,,,,,,,,,,,,
sausage,rolls/buns,newspapers,,,,,,,,,,,,,,,,,,,,,,,,,,
soda,napkins,,,,,,,,,,,,,,,,,,,,,,,,,,,
pork,berries,sugar,candy,dishes,,,,,,,,,,,,,,,,,,,,,,,,
flower soil/fertilizer,,,,,,,,,,,,,,,,,,,,,,,,,,,,
sausage,hamburger meat,tropical fruit,whole milk,sliced cheese,rolls/buns,oil,Instant food products,soda,,,,,,,,,,,,,,,,,,,,
citrus fruit,other vegetables,whole milk,domestic eggs,soda,,,,,,,,,,,,,,,,,,,,,,,,
beef,other vegetables,whole milk,yogurt,,,,,,,,,,,,,,,,,,,,,,,,,
whole milk,,,,,,,,,,,,,,,,,,,,,,,,,,,,
chicken,whole milk,,,,,,,,,,,,,,,,,,,,,,,,,,,
chicken,hamburger meat,onions,frozen meals,domestic eggs,vinegar,Instant food products,baking powder,pudding powder,bottled water,skin care,hygiene articles,house keeping products,,,,,,,,,,,,,,,,
pork,hygiene articles,,,,,,,,,,,,,,,,,,,,,,,,,,,
ham,other vegetables,frozen meals,pasta,pickled vegetables,soda,misc. beverages,candy,,,,,,,,,,,,,,,,,,,,,
frankfurter,,,,,,,,,,,,,,,,,,,,,,,,,,,,
pork,brown bread,bottled water,soda,,,,,,,,,,,,,,,,,,,,,,,,,
sausage,pork,tropical fruit,other vegetables,yogurt,frozen vegetables,rolls/buns,bottled water,,,,,,,,,,,,,,,,,,,,,
berries,other vegetables,curd,brown bread,canned fish,chocolate,detergent,,,,,,,,,,,,,,,,,,,,,,
sausage,citrus fruit,yogurt,detergent,soap,,,,,,,,,,,,,,,,,,,,,,,,
whole milk,,,,,,,,,,,,,,,,,,,,,,,,,,,,
other vegetables,rolls/buns,,,,,,,,,,,,,,,,,,,,,,,,,,,
rolls/buns,bottled water,canned beer,newspapers,,,,,,,,,,,,,,,,,,,,,,,,,
root vegetables,packaged fruit/vegetables,pastry,,,,,,,,,,,,,,,,,,,,,,,,,,
rolls/buns,soda,,,,,,,,,,,,,,,,,,,,,,,,,,,
herbs,packaged fruit/vegetables,,,,,,,,,,,,,,,,,,,,,,,,,,,
other vegetables,whole milk,pastry,waffles,specialty bar,shopping bags,,,,,,,,,,,,,,,,,,,,,,,
soda,,,,,,,,,,,,,,,,,,,,,,,,,,,,
other vegetables,,,,,,,,,,,,,,,,,,,,,,,,,,,,
hamburger meat,tropical fruit,pip fruit,grapes,berries,packaged fruit/vegetables,whipped/sour cream,coffee,cake bar,shopping bags,,,,,,,,,,,,,,,,,,,
rum,,,,,,,,,,,,,,,,,,,,,,,,,,,,
other vegetables,whole milk,,,,,,,,,,,,,,,,,,,,,,,,,,,
frankfurter,,,,,,,,,,,,,,,,,,,,,,,,,,,,
frankfurter,other vegetables,whole milk,curd,frozen fish,domestic eggs,margarine,tea,bottled beer,canned beer,,,,,,,,,,,,,,,,,,,
chicken,,,,,,,,,,,,,,,,,,,,,,,,,,,,
sausage,beef,pip fruit,whole milk,cream cheese,white bread,brown bread,seasonal products,hygiene articles,,,,,,,,,,,,,,,,,,,,
rolls/buns,soda,,,,,,,,,,,,,,,,,,,,,,,,,,,
tropical fruit,onions,,,,,,,,,,,,,,,,,,,,,,,,,,,
other vegetables,butter milk,cream cheese,rolls/buns,,,,,,,,,,,,,,,,,,,,,,,,,
sausage,rolls/buns,specialty chocolate,,,,,,,,,,,,,,,,,,,,,,,,,,
citrus fruit,tropical fruit,butter milk,yogurt,rolls/buns,,,,,,,,,,,,,,,,,,,,,,,,
sausage,sliced cheese,canned beer,,,,,,,,,,,,,,,,,,,,,,,,,,
meat,other vegetables,pickled vegetables,coffee,liquor,long life bakery product,newspapers,,,,,,,,,,,,,,,,,,,,,,
pip fruit,soft cheese,,,,,,,,,,,,,,,,,,,,,,,,,,,
tropical fruit,margarine,,,,,,,,,,,,,,,,,,,,,,,,,,,
other vegetables,butter milk,rolls/buns,meat spreads,,,,,,,,,,,,,,,,,,,,,,,,,
pastry,soda,,,,,,,,,,,,,,,,,,,,,,,,,,,
domestic eggs,soda,hygiene articles,,,,,,,,,,,,,,,,,,,,,,,,,,
citrus fruit,butter,,,,,,,,,,,,,,,,,,,,,,,,,,,
ice cream,brown bread,,,,,,,,,,,,,,,,,,,,,,,,,,,
citrus fruit,other vegetables,hard cheese,spices,coffee,canned beer,chocolate,candy,flower (seeds),shopping bags,,,,,,,,,,,,,,,,,,,
pip fruit,whole milk,newspapers,,,,,,,,,,,,,,,,,,,,,,,,,,
brown bread,bottled beer,,,,,,,,,,,,,,,,,,,,,,,,,,,
sausage,bottled water,,,,,,,,,,,,,,,,,,,,,,,,,,,
canned beer,,,,,,,,,,,,,,,,,,,,,,,,,,,,
citrus fruit,other vegetables,mayonnaise,frozen vegetables,brown bread,pickled vegetables,canned fish,chocolate marshmallow,,,,,,,,,,,,,,,,,,,,,
sausage,meat,whole milk,rolls/buns,cake bar,shopping bags,,,,,,,,,,,,,,,,,,,,,,,
meat,turkey,onions,other vegetables,sliced cheese,ice cream,sauces,waffles,dishes,,,,,,,,,,,,,,,,,,,,
canned beer,,,,,,,,,,,,,,,,,,,,,,,,,,,,
ice cream,,,,,,,,,,,,,,,,,,,,,,,,,,,,
soda,,,,,,,,,,,,,,,,,,,,,,,,,,,,
chocolate,,,,,,,,,,,,,,,,,,,,,,,,,,,,
frankfurter,whole milk,yogurt,tidbits,frozen vegetables,rolls/buns,detergent,,,,,,,,,,,,,,,,,,,,,,
salty snack,newspapers,photo/film,,,,,,,,,,,,,,,,,,,,,,,,,,
photo/film,,,,,,,,,,,,,,,,,,,,,,,,,,,,
photo/film,,,,,,,,,,,,,,,,,,,,,,,,,,,,
citrus fruit,dessert,seasonal products,,,,,,,,,,,,,,,,,,,,,,,,,,
seasonal products,,,,,,,,,,,,,,,,,,,,,,,,,,,,
semi-finished bread,,,,,,,,,,,,,,,,,,,,,,,,,,,,
seasonal products,,,,,,,,,,,,,,,,,,,,,,,,,,,,
rolls/buns,canned beer,shopping bags,,,,,,,,,,,,,,,,,,,,,,,,,,
sausage,rolls/buns,,,,,,,,,,,,,,,,,,,,,,,,,,,
yogurt,soda,,,,,,,,,,,,,,,,,,,,,,,,,,,
pastry,soda,specialty bar,,,,,,,,,,,,,,,,,,,,,,,,,,
whipped/sour cream,frozen vegetables,,,,,,,,,,,,,,,,,,,,,,,,,,,
liver loaf,whole milk,yogurt,frozen potato products,domestic eggs,rolls/buns,misc. beverages,,,,,,,,,,,,,,,,,,,,,,
bottled beer,newspapers,,,,,,,,,,,,,,,,,,,,,,,,,,,
frozen meals,,,,,,,,,,,,,,,,,,,,,,,,,,,,
potted plants,shopping bags,,,,,,,,,,,,,,,,,,,,,,,,,,,
pork,tropical fruit,waffles,newspapers,,,,,,,,,,,,,,,,,,,,,,,,,
shopping bags,,,,,,,,,,,,,,,,,,,,,,,,,,,,
cream cheese,rolls/buns,soda,chewing gum,,,,,,,,,,,,,,,,,,,,,,,,,
berries,soda,,,,,,,,,,,,,,,,,,,,,,,,,,,
tropical fruit,,,,,,,,,,,,,,,,,,,,,,,,,,,,
ice cream,kitchen towels,,,,,,,,,,,,,,,,,,,,,,,,,,,
rolls/buns,,,,,,,,,,,,,,,,,,,,,,,,,,,,
fruit/vegetable juice,chocolate,,,,,,,,,,,,,,,,,,,,,,,,,,,
fruit/vegetable juice,,,,,,,,,,,,,,,,,,,,,,,,,,,,
tropical fruit,soda,,,,,,,,,,,,,,,,,,,,,,,,,,,
soda,,,,,,,,,,,,,,,,,,,,,,,,,,,,
finished products,cream cheese,bottled water,specialty bar,shopping bags,,,,,,,,,,,,,,,,,,,,,,,,
berries,yogurt,beverages,UHT-milk,domestic eggs,rolls/buns,mustard,,,,,,,,,,,,,,,,,,,,,,
ham,rolls/buns,bottled beer,,,,,,,,,,,,,,,,,,,,,,,,,,
specialty chocolate,newspapers,,,,,,,,,,,,,,,,,,,,,,,,,,,
frankfurter,sausage,tropical fruit,pip fruit,grapes,root vegetables,other vegetables,whole milk,yogurt,sliced cheese,frozen meals,frozen fish,brown bread,rice,oil,red/blush wine,hygiene articles,,,,,,,,,,,,
potted plants,,,,,,,,,,,,,,,,,,,,,,,,,,,,
other vegetables,whole milk,curd,,,,,,,,,,,,,,,,,,,,,,,,,,
soda,,,,,,,,,,,,,,,,,,,,,,,,,,,,
bottled beer,,,,,,,,,,,,,,,,,,,,,,,,,,,,
tropical fruit,dessert,UHT-milk,cream cheese,frozen vegetables,brown bread,misc. beverages,,,,,,,,,,,,,,,,,,,,,,
canned beer,,,,,,,,,,,,,,,,,,,,,,,,,,,,
pip fruit,whole milk,frozen vegetables,napkins,candles,,,,,,,,,,,,,,,,,,,,,,,,
pork,curd cheese,rolls/buns,,,,,,,,,,,,,,,,,,,,,,,,,,
tropical fruit,,,,,,,,,,,,,,,,,,,,,,,,,,,,
other vegetables,dessert,canned beer,chewing gum,flower (seeds),,,,,,,,,,,,,,,,,,,,,,,,
dish cleaner,,,,,,,,,,,,,,,,,,,,,,,,,,,,
pork,butter,soda,hygiene articles,,,,,,,,,,,,,,,,,,,,,,,,,
frankfurter,beef,grapes,root vegetables,rolls/buns,soda,long life bakery product,,,,,,,,,,,,,,,,,,,,,,
rolls/buns,bottled water,bottled beer,,,,,,,,,,,,,,,,,,,,,,,,,,
yogurt,long life bakery product,,,,,,,,,,,,,,,,,,,,,,,,,,,
packaged fruit/vegetables,soda,napkins,,,,,,,,,,,,,,,,,,,,,,,,,,
tropical fruit,other vegetables,whole milk,dessert,white bread,bottled water,misc. beverages,cake bar,,,,,,,,,,,,,,,,,,,,,
curd,rolls/buns,,,,,,,,,,,,,,,,,,,,,,,,,,,
whole milk,beverages,,,,,,,,,,,,,,,,,,,,,,,,,,,
butter,white bread,,,,,,,,,,,,,,,,,,,,,,,,,,,
tropical fruit,other vegetables,frozen vegetables,white bread,pastry,sugar,soda,shopping bags,,,,,,,,,,,,,,,,,,,,,
hamburger meat,,,,,,,,,,,,,,,,,,,,,,,,,,,,
chicken,citrus fruit,tropical fruit,grapes,other vegetables,whole milk,yogurt,domestic eggs,flour,oil,coffee,fruit/vegetable juice,,,,,,,,,,,,,,,,,
zwieback,long life bakery product,,,,,,,,,,,,,,,,,,,,,,,,,,,
cream cheese,specialty chocolate,,,,,,,,,,,,,,,,,,,,,,,,,,,
zwieback,,,,,,,,,,,,,,,,,,,,,,,,,,,,
waffles,,,,,,,,,,,,,,,,,,,,,,,,,,,,
sausage,,,,,,,,,,,,,,,,,,,,,,,,,,,,
turkey,citrus fruit,tropical fruit,pip fruit,grapes,cream cheese,semi-finished bread,margarine,fruit/vegetable juice,specialty bar,shopping bags,,,,,,,,,,,,,,,,,,
whole milk,cake bar,,,,,,,,,,,,,,,,,,,,,,,,,,,
whole milk,,,,,,,,,,,,,,,,,,,,,,,,,,,,
liquor,chocolate marshmallow,,,,,,,,,,,,,,,,,,,,,,,,,,,
chocolate,,,,,,,,,,,,,,,,,,,,,,,,,,,,
domestic eggs,chocolate marshmallow,newspapers,,,,,,,,,,,,,,,,,,,,,,,,,,
chicken,frozen vegetables,frozen dessert,bottled water,soda,,,,,,,,,,,,,,,,,,,,,,,,
butter milk,coffee,,,,,,,,,,,,,,,,,,,,,,,,,,,
beef,citrus fruit,pip fruit,,,,,,,,,,,,,,,,,,,,,,,,,,
specialty bar,,,,,,,,,,,,,,,,,,,,,,,,,,,,
beverages,,,,,,,,,,,,,,,,,,,,,,,,,,,,
coffee,,,,,,,,,,,,,,,,,,,,,,,,,,,,
frozen fish,chocolate marshmallow,candy,male cosmetics,,,,,,,,,,,,,,,,,,,,,,,,,
whole milk,rolls/buns,pastry,,,,,,,,,,,,,,,,,,,,,,,,,,
beef,,,,,,,,,,,,,,,,,,,,,,,,,,,,
frankfurter,other vegetables,dessert,,,,,,,,,,,,,,,,,,,,,,,,,,
meat,chicken,pork,hamburger meat,citrus fruit,onions,other vegetables,yogurt,UHT-milk,spread cheese,domestic eggs,rolls/buns,margarine,bottled water,canned beer,female sanitary products,shopping bags,,,,,,,,,,,,
whole milk,newspapers,,,,,,,,,,,,,,,,,,,,,,,,,,,
canned beer,white wine,,,,,,,,,,,,,,,,,,,,,,,,,,,
whole milk,ice cream,soda,,,,,,,,,,,,,,,,,,,,,,,,,,
sausage,root vegetables,other vegetables,dessert,napkins,,,,,,,,,,,,,,,,,,,,,,,,
beef,berries,yogurt,semi-finished bread,pasta,bottled water,misc. beverages,hygiene articles,,,,,,,,,,,,,,,,,,,,,
pastry,bottled beer,liquor,red/blush wine,,,,,,,,,,,,,,,,,,,,,,,,,
yogurt,frozen meals,soda,,,,,,,,,,,,,,,,,,,,,,,,,,
pet care,soda,white wine,,,,,,,,,,,,,,,,,,,,,,,,,,
ham,tropical fruit,butter,yogurt,processed cheese,white bread,soda,fruit/vegetable juice,specialty bar,,,,,,,,,,,,,,,,,,,,
tropical fruit,pip fruit,whole milk,,,,,,,,,,,,,,,,,,,,,,,,,,
whole milk,pastry,newspapers,,,,,,,,,,,,,,,,,,,,,,,,,,
canned vegetables,bottled beer,,,,,,,,,,,,,,,,,,,,,,,,,,,
pork,beef,citrus fruit,root vegetables,herbs,other vegetables,roll products,bottled water,bottled beer,specialty chocolate,,,,,,,,,,,,,,,,,,,
citrus fruit,,,,,,,,,,,,,,,,,,,,,,,,,,,,
curd,whipped/sour cream,cream cheese,margarine,long life bakery product,,,,,,,,,,,,,,,,,,,,,,,,
pip fruit,whole milk,butter,dessert,domestic eggs,rice,sugar,salty snack,,,,,,,,,,,,,,,,,,,,,
sausage,curd,soda,,,,,,,,,,,,,,,,,,,,,,,,,,
oil,bottled beer,,,,,,,,,,,,,,,,,,,,,,,,,,,
soda,cake bar,candy,,,,,,,,,,,,,,,,,,,,,,,,,,
whole milk,soda,seasonal products,,,,,,,,,,,,,,,,,,,,,,,,,,
pork,beef,cream cheese,tidbits,soda,,,,,,,,,,,,,,,,,,,,,,,,
bottled water,,,,,,,,,,,,,,,,,,,,,,,,,,,,
rolls/buns,,,,,,,,,,,,,,,,,,,,,,,,,,,,
frankfurter,citrus fruit,onions,other vegetables,canned beer,chocolate,,,,,,,,,,,,,,,,,,,,,,,
specialty cheese,soda,,,,,,,,,,,,,,,,,,,,,,,,,,,
citrus fruit,mustard,soda,canned beer,salty snack,chocolate,candy,shopping bags,,,,,,,,,,,,,,,,,,,,,
canned vegetables,bottled water,,,,,,,,,,,,,,,,,,,,,,,,,,,
frankfurter,ham,dessert,yogurt,processed cheese,white bread,pastry,soda,,,,,,,,,,,,,,,,,,,,,
sausage,yogurt,white wine,,,,,,,,,,,,,,,,,,,,,,,,,,
spread cheese,misc. beverages,,,,,,,,,,,,,,,,,,,,,,,,,,,
other vegetables,domestic eggs,napkins,dishes,,,,,,,,,,,,,,,,,,,,,,,,,
misc. beverages,specialty chocolate,candy,,,,,,,,,,,,,,,,,,,,,,,,,,
other vegetables,frozen fish,pickled vegetables,dog food,salty snack,shopping bags,,,,,,,,,,,,,,,,,,,,,,,
tropical fruit,seasonal products,,,,,,,,,,,,,,,,,,,,,,,,,,,
canned beer,chocolate,potted plants,,,,,,,,,,,,,,,,,,,,,,,,,,
chicken,pork,beef,other vegetables,salt,bottled water,,,,,,,,,,,,,,,,,,,,,,,
sausage,pastry,,,,,,,,,,,,,,,,,,,,,,,,,,,
curd,salty snack,,,,,,,,,,,,,,,,,,,,,,,,,,,
citrus fruit,tropical fruit,whole milk,yogurt,soft cheese,cat food,bottled water,chocolate,specialty chocolate,,,,,,,,,,,,,,,,,,,,
sausage,soda,shopping bags,,,,,,,,,,,,,,,,,,,,,,,,,,
chicken,pork,beef,grapes,other vegetables,whole milk,butter,yogurt,margarine,waffles,,,,,,,,,,,,,,,,,,,
white wine,chocolate,shopping bags,,,,,,,,,,,,,,,,,,,,,,,,,,
sausage,other vegetables,brown bread,,,,,,,,,,,,,,,,,,,,,,,,,,
sausage,spices,newspapers,,,,,,,,,,,,,,,,,,,,,,,,,,
cat food,female sanitary products,,,,,,,,,,,,,,,,,,,,,,,,,,,
ham,yogurt,UHT-milk,sliced cheese,frozen vegetables,frozen dessert,semi-finished bread,sweet spreads,fruit/vegetable juice,newspapers,shopping bags,,,,,,,,,,,,,,,,,,
bottled water,male cosmetics,,,,,,,,,,,,,,,,,,,,,,,,,,,
citrus fruit,coffee,canned beer,chewing gum,shopping bags,,,,,,,,,,,,,,,,,,,,,,,,
citrus fruit,whole milk,pastry,soda,red/blush wine,,,,,,,,,,,,,,,,,,,,,,,,
curd,specialty cheese,flour,long life bakery product,,,,,,,,,,,,,,,,,,,,,,,,,
whole milk,cream cheese,specialty chocolate,candy,,,,,,,,,,,,,,,,,,,,,,,,,
sausage,butter,bottled beer,,,,,,,,,,,,,,,,,,,,,,,,,,
tropical fruit,condensed milk,dog food,bottled water,fruit/vegetable juice,specialty chocolate,,,,,,,,,,,,,,,,,,,,,,,
yogurt,bottled water,misc. beverages,fruit/vegetable juice,candy,light bulbs,newspapers,,,,,,,,,,,,,,,,,,,,,,
turkey,tropical fruit,pip fruit,onions,whipped/sour cream,pastry,semi-finished bread,potato products,coffee,salty snack,shopping bags,,,,,,,,,,,,,,,,,,
pastry,ketchup,chocolate,napkins,,,,,,,,,,,,,,,,,,,,,,,,,
whipped/sour cream,candy,,,,,,,,,,,,,,,,,,,,,,,,,,,
brown bread,,,,,,,,,,,,,,,,,,,,,,,,,,,,
tropical fruit,yogurt,beverages,rolls/buns,waffles,specialty chocolate,shopping bags,,,,,,,,,,,,,,,,,,,,,,
photo/film,,,,,,,,,,,,,,,,,,,,,,,,,,,,
pork,frozen potato products,rice,flower (seeds),,,,,,,,,,,,,,,,,,,,,,,,,
frankfurter,citrus fruit,tropical fruit,whole milk,white bread,chewing gum,,,,,,,,,,,,,,,,,,,,,,,
pork,root vegetables,onions,dessert,whipped/sour cream,UHT-milk,brown bread,newspapers,,,,,,,,,,,,,,,,,,,,,
frankfurter,yogurt,margarine,bottled water,,,,,,,,,,,,,,,,,,,,,,,,,
whole milk,beverages,bottled beer,,,,,,,,,,,,,,,,,,,,,,,,,,
chicken,pip fruit,root vegetables,herbs,whole milk,frozen vegetables,domestic eggs,,,,,,,,,,,,,,,,,,,,,,
hamburger meat,tropical fruit,root vegetables,other vegetables,yogurt,whipped/sour cream,cream cheese,rolls/buns,baking powder,,,,,,,,,,,,,,,,,,,,
root vegetables,whole milk,bottled water,abrasive cleaner,cling film/bags,,,,,,,,,,,,,,,,,,,,,,,,
bottled water,fruit/vegetable juice,white wine,,,,,,,,,,,,,,,,,,,,,,,,,,
turkey,whole milk,domestic eggs,rolls/buns,flour,mustard,cereals,long life bakery product,,,,,,,,,,,,,,,,,,,,,
detergent,softener,shopping bags,,,,,,,,,,,,,,,,,,,,,,,,,,
liquor,,,,,,,,,,,,,,,,,,,,,,,,,,,,
citrus fruit,whole milk,potted plants,,,,,,,,,,,,,,,,,,,,,,,,,,
frankfurter,pip fruit,other vegetables,soda,bottled beer,,,,,,,,,,,,,,,,,,,,,,,,
waffles,,,,,,,,,,,,,,,,,,,,,,,,,,,,
whole milk,yogurt,rolls/buns,soups,coffee,,,,,,,,,,,,,,,,,,,,,,,,
berries,whole milk,hard cheese,processed cheese,domestic eggs,rolls/buns,white bread,margarine,sugar,waffles,,,,,,,,,,,,,,,,,,,
frankfurter,sausage,hamburger meat,pip fruit,other vegetables,whole milk,dessert,frozen meals,domestic eggs,soda,,,,,,,,,,,,,,,,,,,
soda,,,,,,,,,,,,,,,,,,,,,,,,,,,,
frankfurter,pork,tropical fruit,pip fruit,other vegetables,whipped/sour cream,beverages,white bread,,,,,,,,,,,,,,,,,,,,,
ham,whole milk,sliced cheese,bottled water,napkins,,,,,,,,,,,,,,,,,,,,,,,,
tropical fruit,berries,other vegetables,whole milk,butter,yogurt,cream cheese,brown bread,,,,,,,,,,,,,,,,,,,,,
curd,whipped/sour cream,newspapers,,,,,,,,,,,,,,,,,,,,,,,,,,
sausage,rolls/buns,chewing gum,specialty bar,,,,,,,,,,,,,,,,,,,,,,,,,
red/blush wine,specialty bar,,,,,,,,,,,,,,,,,,,,,,,,,,,
other vegetables,whole milk,white bread,,,,,,,,,,,,,,,,,,,,,,,,,,
ham,other vegetables,processed cheese,rolls/buns,white bread,brown bread,margarine,,,,,,,,,,,,,,,,,,,,,,
beef,citrus fruit,root vegetables,whole milk,domestic eggs,rubbing alcohol,,,,,,,,,,,,,,,,,,,,,,,
pork,root vegetables,whole milk,whipped/sour cream,ice cream,brown bread,flour,pasta,margarine,sugar,pudding powder,bottled water,specialty chocolate,detergent,dish cleaner,hygiene articles,cling film/bags,house keeping products,candles,,,,,,,,,,
frankfurter,whole milk,bottled water,,,,,,,,,,,,,,,,,,,,,,,,,,
bottled water,soda,potted plants,,,,,,,,,,,,,,,,,,,,,,,,,,
ham,beef,butter,yogurt,specialty cheese,domestic eggs,bottled water,cake bar,potted plants,,,,,,,,,,,,,,,,,,,,
soda,,,,,,,,,,,,,,,,,,,,,,,,,,,,
soda,,,,,,,,,,,,,,,,,,,,,,,,,,,,
yogurt,,,,,,,,,,,,,,,,,,,,,,,,,,,,
cleaner,,,,,,,,,,,,,,,,,,,,,,,,,,,,
frankfurter,other vegetables,yogurt,UHT-milk,soft cheese,domestic eggs,rolls/buns,dish cleaner,,,,,,,,,,,,,,,,,,,,,
frankfurter,onions,whole milk,,,,,,,,,,,,,,,,,,,,,,,,,,
pip fruit,yogurt,soft cheese,brown bread,seasonal products,,,,,,,,,,,,,,,,,,,,,,,,
ham,whole milk,soft cheese,long life bakery product,,,,,,,,,,,,,,,,,,,,,,,,,
condensed milk,rolls/buns,sugar,cat food,,,,,,,,,,,,,,,,,,,,,,,,,
soda,long life bakery product,shopping bags,,,,,,,,,,,,,,,,,,,,,,,,,,
sausage,ham,root vegetables,other vegetables,soft cheese,sliced cheese,mustard,specialty vegetables,bottled beer,rum,long life bakery product,,,,,,,,,,,,,,,,,,
soda,bottled beer,,,,,,,,,,,,,,,,,,,,,,,,,,,
sausage,soda,white wine,chewing gum,shopping bags,,,,,,,,,,,,,,,,,,,,,,,,
rolls/buns,brown bread,canned beer,,,,,,,,,,,,,,,,,,,,,,,,,,
sausage,other vegetables,butter,curd,whipped/sour cream,hard cheese,flour,sauces,misc. beverages,fruit/vegetable juice,salty snack,,,,,,,,,,,,,,,,,,
pip fruit,root vegetables,herbs,whole milk,curd,yogurt,canned fish,potted plants,,,,,,,,,,,,,,,,,,,,,
whole milk,bottled water,potted plants,,,,,,,,,,,,,,,,,,,,,,,,,,
pork,beef,root vegetables,,,,,,,,,,,,,,,,,,,,,,,,,,
coffee,bottled water,cling film/bags,,,,,,,,,,,,,,,,,,,,,,,,,,
other vegetables,whole milk,curd,domestic eggs,hygiene articles,,,,,,,,,,,,,,,,,,,,,,,,
sausage,citrus fruit,onions,other vegetables,whole milk,sliced cheese,cream cheese,salt,newspapers,,,,,,,,,,,,,,,,,,,,
ham,tropical fruit,beverages,white bread,pastry,waffles,specialty chocolate,specialty bar,,,,,,,,,,,,,,,,,,,,,
bottled water,white wine,,,,,,,,,,,,,,,,,,,,,,,,,,,
ham,root vegetables,onions,whole milk,domestic eggs,rolls/buns,brown bread,pastry,newspapers,,,,,,,,,,,,,,,,,,,,
tropical fruit,root vegetables,whole milk,curd,domestic eggs,brown bread,fruit/vegetable juice,,,,,,,,,,,,,,,,,,,,,,
berries,,,,,,,,,,,,,,,,,,,,,,,,,,,,
canned vegetables,newspapers,,,,,,,,,,,,,,,,,,,,,,,,,,,
other vegetables,frozen potato products,oil,shopping bags,,,,,,,,,,,,,,,,,,,,,,,,,
pip fruit,UHT-milk,white bread,brown bread,margarine,softener,napkins,,,,,,,,,,,,,,,,,,,,,,
chicken,berries,root vegetables,herbs,other vegetables,whole milk,curd,ice cream,domestic eggs,margarine,soups,newspapers,,,,,,,,,,,,,,,,,
meat,whole milk,domestic eggs,bottled water,,,,,,,,,,,,,,,,,,,,,,,,,
frankfurter,sausage,hamburger meat,tropical fruit,other vegetables,pastry,soda,salty snack,nut snack,detergent,,,,,,,,,,,,,,,,,,,
whole milk,whipped/sour cream,,,,,,,,,,,,,,,,,,,,,,,,,,,
cat food,canned beer,newspapers,,,,,,,,,,,,,,,,,,,,,,,,,,
whole milk,potted plants,,,,,,,,,,,,,,,,,,,,,,,,,,,
dishes,,,,,,,,,,,,,,,,,,,,,,,,,,,,
whole milk,rolls/buns,potted plants,shopping bags,,,,,,,,,,,,,,,,,,,,,,,,,
whipped/sour cream,specialty fat,waffles,specialty chocolate,,,,,,,,,,,,,,,,,,,,,,,,,
long life bakery product,newspapers,,,,,,,,,,,,,,,,,,,,,,,,,,,
beef,tropical fruit,root vegetables,other vegetables,curd,rolls/buns,tea,bottled water,hygiene articles,flower (seeds),,,,,,,,,,,,,,,,,,,
frankfurter,pork,beef,tropical fruit,root vegetables,other vegetables,butter,rolls/buns,pastry,coffee,fruit/vegetable juice,chocolate,hygiene articles,newspapers,,,,,,,,,,,,,,,
root vegetables,margarine,bottled water,soda,,,,,,,,,,,,,,,,,,,,,,,,,
pork,citrus fruit,pip fruit,root vegetables,other vegetables,whole milk,butter,curd,yogurt,whipped/sour cream,cream cheese,frozen vegetables,frozen meals,Instant food products,soda,fruit/vegetable juice,salty snack,specialty bar,,,,,,,,,,,
other vegetables,whole milk,curd,whipped/sour cream,domestic eggs,rolls/buns,,,,,,,,,,,,,,,,,,,,,,,
whipped/sour cream,,,,,,,,,,,,,,,,,,,,,,,,,,,,
pork,bottled beer,salty snack,detergent,napkins,,,,,,,,,,,,,,,,,,,,,,,,
rolls/buns,roll products,cat food,shopping bags,,,,,,,,,,,,,,,,,,,,,,,,,
root vegetables,other vegetables,butter,,,,,,,,,,,,,,,,,,,,,,,,,,
citrus fruit,onions,yogurt,rolls/buns,,,,,,,,,,,,,,,,,,,,,,,,,
frankfurter,hamburger meat,pip fruit,other vegetables,butter milk,yogurt,sliced cheese,coffee,specialty bar,,,,,,,,,,,,,,,,,,,,
chicken,whole milk,salty snack,long life bakery product,,,,,,,,,,,,,,,,,,,,,,,,,
sausage,other vegetables,packaged fruit/vegetables,bottled beer,red/blush wine,,,,,,,,,,,,,,,,,,,,,,,,
other vegetables,butter milk,frozen fish,oil,,,,,,,,,,,,,,,,,,,,,,,,,
rolls/buns,margarine,tea,bottled beer,,,,,,,,,,,,,,,,,,,,,,,,,
butter milk,cream cheese,bottled water,,,,,,,,,,,,,,,,,,,,,,,,,,
whole milk,butter,rolls/buns,bottled beer,,,,,,,,,,,,,,,,,,,,,,,,,
onions,pastry,potted plants,,,,,,,,,,,,,,,,,,,,,,,,,,
herbs,whole milk,butter milk,yogurt,cream cheese,frozen vegetables,frozen fish,rolls/buns,salt,margarine,newspapers,,,,,,,,,,,,,,,,,,
whipped/sour cream,ice cream,potted plants,,,,,,,,,,,,,,,,,,,,,,,,,,
chicken,hamburger meat,herbs,other vegetables,whole milk,yogurt,domestic eggs,rolls/buns,light bulbs,,,,,,,,,,,,,,,,,,,,
napkins,,,,,,,,,,,,,,,,,,,,,,,,,,,,
sausage,citrus fruit,yogurt,pastry,instant coffee,soda,napkins,newspapers,,,,,,,,,,,,,,,,,,,,,
grapes,berries,butter,frozen vegetables,bottled water,soda,cling film/bags,,,,,,,,,,,,,,,,,,,,,,
beef,soda,detergent,flower (seeds),,,,,,,,,,,,,,,,,,,,,,,,,
oil,,,,,,,,,,,,,,,,,,,,,,,,,,,,
other vegetables,whipped/sour cream,rolls/buns,pastry,sweet spreads,chocolate,,,,,,,,,,,,,,,,,,,,,,,
ice cream,,,,,,,,,,,,,,,,,,,,,,,,,,,,
frankfurter,ham,beef,berries,other vegetables,whole milk,yogurt,domestic eggs,pastry,soda,bottled beer,red/blush wine,flower (seeds),,,,,,,,,,,,,,,,
hard cheese,,,,,,,,,,,,,,,,,,,,,,,,,,,,
canned beer,,,,,,,,,,,,,,,,,,,,,,,,,,,,
whole milk,dessert,,,,,,,,,,,,,,,,,,,,,,,,,,,
sausage,turkey,tropical fruit,grapes,other vegetables,whole milk,curd,yogurt,semi-finished bread,spices,baking powder,cat food,bottled water,long life bakery product,chocolate,,,,,,,,,,,,,,
finished products,dessert,pastry,shopping bags,,,,,,,,,,,,,,,,,,,,,,,,,
other vegetables,whole milk,butter,yogurt,beverages,sliced cheese,cereals,potted plants,,,,,,,,,,,,,,,,,,,,,
whipped/sour cream,newspapers,,,,,,,,,,,,,,,,,,,,,,,,,,,
soda,,,,,,,,,,,,,,,,,,,,,,,,,,,,
other vegetables,whole milk,frozen vegetables,frozen dessert,soups,soda,napkins,flower (seeds),,,,,,,,,,,,,,,,,,,,,
misc. beverages,chocolate,shopping bags,,,,,,,,,,,,,,,,,,,,,,,,,,
bottled water,,,,,,,,,,,,,,,,,,,,,,,,,,,,
root vegetables,other vegetables,whole milk,pet care,soda,,,,,,,,,,,,,,,,,,,,,,,,
yogurt,canned beer,,,,,,,,,,,,,,,,,,,,,,,,,,,
pip fruit,misc. beverages,,,,,,,,,,,,,,,,,,,,,,,,,,,
liver loaf,,,,,,,,,,,,,,,,,,,,,,,,,,,,
whole milk,processed cheese,pastry,soda,,,,,,,,,,,,,,,,,,,,,,,,,
beef,other vegetables,packaged fruit/vegetables,dog food,,,,,,,,,,,,,,,,,,,,,,,,,
beef,ice cream,,,,,,,,,,,,,,,,,,,,,,,,,,,
chicken,other vegetables,beverages,spices,hygiene articles,,,,,,,,,,,,,,,,,,,,,,,,
bottled beer,,,,,,,,,,,,,,,,,,,,,,,,,,,,
sausage,meat,berries,whole milk,whipped/sour cream,white bread,fruit/vegetable juice,long life bakery product,waffles,abrasive cleaner,,,,,,,,,,,,,,,,,,,
bottled water,soda,,,,,,,,,,,,,,,,,,,,,,,,,,,
newspapers,,,,,,,,,,,,,,,,,,,,,,,,,,,,
dessert,rolls/buns,waffles,,,,,,,,,,,,,,,,,,,,,,,,,,
white bread,soda,shopping bags,,,,,,,,,,,,,,,,,,,,,,,,,,
shopping bags,,,,,,,,,,,,,,,,,,,,,,,,,,,,
beef,root vegetables,herbs,frozen vegetables,fruit/vegetable juice,specialty chocolate,,,,,,,,,,,,,,,,,,,,,,,
citrus fruit,pip fruit,other vegetables,rolls/buns,,,,,,,,,,,,,,,,,,,,,,,,,
frozen potato products,seasonal products,,,,,,,,,,,,,,,,,,,,,,,,,,,
whipped/sour cream,UHT-milk,domestic eggs,,,,,,,,,,,,,,,,,,,,,,,,,,
whole milk,soda,specialty bar,newspapers,,,,,,,,,,,,,,,,,,,,,,,,,
pastry,canned beer,chocolate,newspapers,,,,,,,,,,,,,,,,,,,,,,,,,
whole milk,curd,soda,bottled beer,cling film/bags,,,,,,,,,,,,,,,,,,,,,,,,
whole milk,misc. beverages,salty snack,long life bakery product,shopping bags,,,,,,,,,,,,,,,,,,,,,,,,
whole milk,canned fish,bottled beer,abrasive cleaner,cleaner,,,,,,,,,,,,,,,,,,,,,,,,
oil,candy,,,,,,,,,,,,,,,,,,,,,,,,,,,
specialty chocolate,,,,,,,,,,,,,,,,,,,,,,,,,,,,
ice cream,,,,,,,,,,,,,,,,,,,,,,,,,,,,
beef,whipped/sour cream,roll products,,,,,,,,,,,,,,,,,,,,,,,,,,
beef,citrus fruit,root vegetables,other vegetables,whole milk,yogurt,domestic eggs,pastry,semi-finished bread,salt,sugar,sweet spreads,soda,fruit/vegetable juice,red/blush wine,,,,,,,,,,,,,,
sausage,citrus fruit,,,,,,,,,,,,,,,,,,,,,,,,,,,
bottled water,bottled beer,,,,,,,,,,,,,,,,,,,,,,,,,,,
tropical fruit,,,,,,,,,,,,,,,,,,,,,,,,,,,,
root vegetables,,,,,,,,,,,,,,,,,,,,,,,,,,,,
dessert,bottled water,fruit/vegetable juice,,,,,,,,,,,,,,,,,,,,,,,,,,
chewing gum,specialty bar,,,,,,,,,,,,,,,,,,,,,,,,,,,
soda,,,,,,,,,,,,,,,,,,,,,,,,,,,,
packaged fruit/vegetables,,,,,,,,,,,,,,,,,,,,,,,,,,,,
tropical fruit,other vegetables,packaged fruit/vegetables,butter,bottled water,,,,,,,,,,,,,,,,,,,,,,,,
sausage,pip fruit,root vegetables,whole milk,butter,domestic eggs,brown bread,cereals,baking powder,fruit/vegetable juice,long life bakery product,chocolate,,,,,,,,,,,,,,,,,
soda,misc. beverages,specialty bar,,,,,,,,,,,,,,,,,,,,,,,,,,
whole milk,semi-finished bread,sugar,coffee,seasonal products,hygiene articles,napkins,shopping bags,,,,,,,,,,,,,,,,,,,,,
citrus fruit,tropical fruit,pip fruit,shopping bags,,,,,,,,,,,,,,,,,,,,,,,,,
oil,canned beer,,,,,,,,,,,,,,,,,,,,,,,,,,,
other vegetables,packaged fruit/vegetables,dessert,frozen vegetables,domestic eggs,flour,salt,sugar,,,,,,,,,,,,,,,,,,,,,
dessert,flower soil/fertilizer,flower (seeds),,,,,,,,,,,,,,,,,,,,,,,,,,
pip fruit,,,,,,,,,,,,,,,,,,,,,,,,,,,,
shopping bags,,,,,,,,,,,,,,,,,,,,,,,,,,,,
sausage,sparkling wine,,,,,,,,,,,,,,,,,,,,,,,,,,,
pastry,chocolate,specialty bar,,,,,,,,,,,,,,,,,,,,,,,,,,
citrus fruit,tropical fruit,whole milk,curd,yogurt,domestic eggs,bottled water,soda,shopping bags,,,,,,,,,,,,,,,,,,,,
frankfurter,grapes,,,,,,,,,,,,,,,,,,,,,,,,,,,
citrus fruit,oil,misc. beverages,,,,,,,,,,,,,,,,,,,,,,,,,,
yogurt,bottled water,soda,newspapers,,,,,,,,,,,,,,,,,,,,,,,,,
soda,fruit/vegetable juice,bottled beer,,,,,,,,,,,,,,,,,,,,,,,,,,
onions,whole milk,processed cheese,pastry,oil,,,,,,,,,,,,,,,,,,,,,,,,
citrus fruit,tropical fruit,pip fruit,yogurt,ice cream,soda,,,,,,,,,,,,,,,,,,,,,,,
hard cheese,pastry,popcorn,potted plants,,,,,,,,,,,,,,,,,,,,,,,,,
whipped/sour cream,,,,,,,,,,,,,,,,,,,,,,,,,,,,
onions,white bread,hygiene articles,,,,,,,,,,,,,,,,,,,,,,,,,,
sausage,other vegetables,brown bread,misc. beverages,fruit/vegetable juice,chocolate,candy,,,,,,,,,,,,,,,,,,,,,,
yogurt,frozen meals,soda,,,,,,,,,,,,,,,,,,,,,,,,,,
bottled water,soda,chocolate,shopping bags,,,,,,,,,,,,,,,,,,,,,,,,,
detergent,,,,,,,,,,,,,,,,,,,,,,,,,,,,
other vegetables,,,,,,,,,,,,,,,,,,,,,,,,,,,,
whole milk,brown bread,newspapers,,,,,,,,,,,,,,,,,,,,,,,,,,
citrus fruit,pip fruit,grapes,other vegetables,brown bread,cat food,bottled water,napkins,,,,,,,,,,,,,,,,,,,,,
pork,,,,,,,,,,,,,,,,,,,,,,,,,,,,
yogurt,soda,fruit/vegetable juice,,,,,,,,,,,,,,,,,,,,,,,,,,
shopping bags,,,,,,,,,,,,,,,,,,,,,,,,,,,,
whipped/sour cream,napkins,,,,,,,,,,,,,,,,,,,,,,,,,,,
tropical fruit,butter,whipped/sour cream,rolls/buns,,,,,,,,,,,,,,,,,,,,,,,,,
whole milk,ice cream,,,,,,,,,,,,,,,,,,,,,,,,,,,
tropical fruit,whole milk,yogurt,pastry,soda,misc. beverages,,,,,,,,,,,,,,,,,,,,,,,
chewing gum,hygiene articles,,,,,,,,,,,,,,,,,,,,,,,,,,,
tropical fruit,whole milk,long life bakery product,chocolate,,,,,,,,,,,,,,,,,,,,,,,,,
white wine,,,,,,,,,,,,,,,,,,,,,,,,,,,,
canned beer,,,,,,,,,,,,,,,,,,,,,,,,,,,,
tropical fruit,pip fruit,other vegetables,curd,beverages,pastry,soda,waffles,,,,,,,,,,,,,,,,,,,,,
whipped/sour cream,,,,,,,,,,,,,,,,,,,,,,,,,,,,
frozen meals,frozen fish,frozen dessert,pastry,canned beer,long life bakery product,waffles,napkins,shopping bags,,,,,,,,,,,,,,,,,,,,
white bread,flour,fruit/vegetable juice,hygiene articles,,,,,,,,,,,,,,,,,,,,,,,,,
pastry,pickled vegetables,canned beer,,,,,,,,,,,,,,,,,,,,,,,,,,
sausage,tropical fruit,whole milk,soft cheese,brown bread,fruit/vegetable juice,,,,,,,,,,,,,,,,,,,,,,,
UHT-milk,bottled water,,,,,,,,,,,,,,,,,,,,,,,,,,,
beef,citrus fruit,root vegetables,pasta,canned beer,male cosmetics,hygiene articles,,,,,,,,,,,,,,,,,,,,,,
frankfurter,pastry,soda,,,,,,,,,,,,,,,,,,,,,,,,,,
whole milk,sliced cheese,rolls/buns,shopping bags,,,,,,,,,,,,,,,,,,,,,,,,,
beef,onions,other vegetables,rolls/buns,,,,,,,,,,,,,,,,,,,,,,,,,
domestic eggs,candy,,,,,,,,,,,,,,,,,,,,,,,,,,,
frankfurter,hygiene articles,,,,,,,,,,,,,,,,,,,,,,,,,,,
sausage,chicken,other vegetables,whole milk,whipped/sour cream,hard cheese,frozen meals,rolls/buns,cereals,coffee,nut snack,cake bar,cleaner,skin care,female sanitary products,house keeping products,,,,,,,,,,,,,
curd,yogurt,bathroom cleaner,,,,,,,,,,,,,,,,,,,,,,,,,,
pip fruit,curd,margarine,baking powder,,,,,,,,,,,,,,,,,,,,,,,,,
citrus fruit,whole milk,butter,yogurt,frozen vegetables,rolls/buns,baking powder,instant coffee,napkins,dishes,newspapers,,,,,,,,,,,,,,,,,,
rolls/buns,bottled water,,,,,,,,,,,,,,,,,,,,,,,,,,,
pastry,soda,,,,,,,,,,,,,,,,,,,,,,,,,,,
canned beer,,,,,,,,,,,,,,,,,,,,,,,,,,,,
whole milk,,,,,,,,,,,,,,,,,,,,,,,,,,,,
pip fruit,whole milk,butter,cream cheese,bottled water,newspapers,,,,,,,,,,,,,,,,,,,,,,,
citrus fruit,tropical fruit,whole milk,pastry,margarine,candles,,,,,,,,,,,,,,,,,,,,,,,
citrus fruit,root vegetables,whole milk,butter milk,yogurt,baking powder,bottled water,,,,,,,,,,,,,,,,,,,,,,
frankfurter,sausage,finished products,organic sausage,pastry,waffles,,,,,,,,,,,,,,,,,,,,,,,
tropical fruit,whole milk,curd,yogurt,brown bread,pastry,cereals,seasonal products,,,,,,,,,,,,,,,,,,,,,
hamburger meat,rolls/buns,candles,,,,,,,,,,,,,,,,,,,,,,,,,,
yogurt,cream cheese,spread cheese,rolls/buns,bottled water,soda,fruit/vegetable juice,bottled beer,chocolate,newspapers,,,,,,,,,,,,,,,,,,,
tropical fruit,yogurt,coffee,cling film/bags,newspapers,,,,,,,,,,,,,,,,,,,,,,,,
meat,root vegetables,hard cheese,brown bread,,,,,,,,,,,,,,,,,,,,,,,,,
frankfurter,,,,,,,,,,,,,,,,,,,,,,,,,,,,
rolls/buns,,,,,,,,,,,,,,,,,,,,,,,,,,,,
citrus fruit,onions,soups,,,,,,,,,,,,,,,,,,,,,,,,,,
chicken,herbs,curd,oil,soda,canned beer,napkins,,,,,,,,,,,,,,,,,,,,,,
bottled water,white wine,salty snack,,,,,,,,,,,,,,,,,,,,,,,,,,
sausage,other vegetables,whole milk,UHT-milk,frozen vegetables,frozen fish,cling film/bags,house keeping products,shopping bags,,,,,,,,,,,,,,,,,,,,
pip fruit,grapes,whole milk,rolls/buns,,,,,,,,,,,,,,,,,,,,,,,,,
ham,hamburger meat,whole milk,processed cheese,rolls/buns,pastry,Instant food products,fruit/vegetable juice,salty snack,chocolate marshmallow,,,,,,,,,,,,,,,,,,,
pork,citrus fruit,whole milk,curd,yogurt,bottled beer,dishes,,,,,,,,,,,,,,,,,,,,,,
pork,beverages,,,,,,,,,,,,,,,,,,,,,,,,,,,
citrus fruit,pip fruit,other vegetables,condensed milk,frozen vegetables,pastry,waffles,,,,,,,,,,,,,,,,,,,,,,
condensed milk,bottled water,fruit/vegetable juice,bottled beer,canned beer,,,,,,,,,,,,,,,,,,,,,,,,
pork,citrus fruit,tropical fruit,pip fruit,,,,,,,,,,,,,,,,,,,,,,,,,
root vegetables,frozen vegetables,,,,,,,,,,,,,,,,,,,,,,,,,,,
root vegetables,whole milk,beverages,salt,,,,,,,,,,,,,,,,,,,,,,,,,
chicken,grapes,whole milk,rolls/buns,white wine,dishes,,,,,,,,,,,,,,,,,,,,,,,
whole milk,,,,,,,,,,,,,,,,,,,,,,,,,,,,
citrus fruit,tropical fruit,root vegetables,frozen meals,frozen fish,bottled water,,,,,,,,,,,,,,,,,,,,,,,
whole milk,,,,,,,,,,,,,,,,,,,,,,,,,,,,
onions,other vegetables,yogurt,whipped/sour cream,UHT-milk,sugar,,,,,,,,,,,,,,,,,,,,,,,
whole milk,,,,,,,,,,,,,,,,,,,,,,,,,,,,
specialty chocolate,,,,,,,,,,,,,,,,,,,,,,,,,,,,
zwieback,dishes,,,,,,,,,,,,,,,,,,,,,,,,,,,
frozen vegetables,,,,,,,,,,,,,,,,,,,,,,,,,,,,
pip fruit,root vegetables,other vegetables,beverages,cookware,,,,,,,,,,,,,,,,,,,,,,,,
sausage,sliced cheese,rolls/buns,sugar,candy,,,,,,,,,,,,,,,,,,,,,,,,
whole milk,oil,candles,,,,,,,,,,,,,,,,,,,,,,,,,,
chicken,,,,,,,,,,,,,,,,,,,,,,,,,,,,
sausage,root vegetables,frozen vegetables,frozen meals,rolls/buns,bottled water,,,,,,,,,,,,,,,,,,,,,,,
sausage,rolls/buns,male cosmetics,,,,,,,,,,,,,,,,,,,,,,,,,,
bottled beer,,,,,,,,,,,,,,,,,,,,,,,,,,,,
curd cheese,,,,,,,,,,,,,,,,,,,,,,,,,,,,
frankfurter,rolls/buns,,,,,,,,,,,,,,,,,,,,,,,,,,,
sausage,tropical fruit,rolls/buns,pastry,,,,,,,,,,,,,,,,,,,,,,,,,
rolls/buns,canned fish,canned beer,waffles,newspapers,,,,,,,,,,,,,,,,,,,,,,,,
tropical fruit,,,,,,,,,,,,,,,,,,,,,,,,,,,,
butter,beverages,sliced cheese,pastry,shopping bags,,,,,,,,,,,,,,,,,,,,,,,,
finished products,,,,,,,,,,,,,,,,,,,,,,,,,,,,
liver loaf,pip fruit,grapes,other vegetables,,,,,,,,,,,,,,,,,,,,,,,,,
frankfurter,beef,berries,processed cheese,frozen meals,frozen potato products,rolls/buns,ready soups,bottled water,soda,fruit/vegetable juice,red/blush wine,long life bakery product,specialty bar,,,,,,,,,,,,,,,
butter milk,instant coffee,,,,,,,,,,,,,,,,,,,,,,,,,,,
whole milk,curd,red/blush wine,newspapers,,,,,,,,,,,,,,,,,,,,,,,,,
whole milk,butter,rolls/buns,pasta,candy,,,,,,,,,,,,,,,,,,,,,,,,
root vegetables,other vegetables,butter,domestic eggs,bottled water,soda,misc. beverages,,,,,,,,,,,,,,,,,,,,,,
waffles,,,,,,,,,,,,,,,,,,,,,,,,,,,,
citrus fruit,,,,,,,,,,,,,,,,,,,,,,,,,,,,
berries,other vegetables,yogurt,spread cheese,rolls/buns,,,,,,,,,,,,,,,,,,,,,,,,
fruit/vegetable juice,,,,,,,,,,,,,,,,,,,,,,,,,,,,
whole milk,artif. sweetener,,,,,,,,,,,,,,,,,,,,,,,,,,,
chocolate marshmallow,,,,,,,,,,,,,,,,,,,,,,,,,,,,
hygiene articles,,,,,,,,,,,,,,,,,,,,,,,,,,,,
root vegetables,onions,yogurt,whipped/sour cream,UHT-milk,salt,coffee,bottled water,bottled beer,,,,,,,,,,,,,,,,,,,,
pip fruit,whole milk,domestic eggs,sweet spreads,soda,,,,,,,,,,,,,,,,,,,,,,,,
pip fruit,whole milk,rolls/buns,ketchup,spices,chocolate,,,,,,,,,,,,,,,,,,,,,,,
bottled beer,,,,,,,,,,,,,,,,,,,,,,,,,,,,
rolls/buns,newspapers,,,,,,,,,,,,,,,,,,,,,,,,,,,
candy,,,,,,,,,,,,,,,,,,,,,,,,,,,,
curd,Instant food products,specialty bar,,,,,,,,,,,,,,,,,,,,,,,,,,
sausage,turkey,pip fruit,curd,yogurt,frozen vegetables,white bread,canned vegetables,sweet spreads,soda,fruit/vegetable juice,hygiene articles,,,,,,,,,,,,,,,,,
frankfurter,sausage,tropical fruit,other vegetables,whipped/sour cream,hard cheese,rolls/buns,semi-finished bread,chocolate,dish cleaner,shopping bags,,,,,,,,,,,,,,,,,,
herbs,other vegetables,hygiene articles,napkins,,,,,,,,,,,,,,,,,,,,,,,,,
sausage,root vegetables,other vegetables,whole milk,soda,candy,,,,,,,,,,,,,,,,,,,,,,,
bottled beer,red/blush wine,,,,,,,,,,,,,,,,,,,,,,,,,,,
yogurt,spread cheese,pastry,shopping bags,,,,,,,,,,,,,,,,,,,,,,,,,
canned beer,red/blush wine,,,,,,,,,,,,,,,,,,,,,,,,,,,
grapes,berries,soda,,,,,,,,,,,,,,,,,,,,,,,,,,
citrus fruit,semi-finished bread,,,,,,,,,,,,,,,,,,,,,,,,,,,
whole milk,canned beer,,,,,,,,,,,,,,,,,,,,,,,,,,,
rolls/buns,brown bread,,,,,,,,,,,,,,,,,,,,,,,,,,,
rolls/buns,snack products,,,,,,,,,,,,,,,,,,,,,,,,,,,
soda,,,,,,,,,,,,,,,,,,,,,,,,,,,,
bottled water,soda,bottled beer,,,,,,,,,,,,,,,,,,,,,,,,,,
sausage,domestic eggs,rolls/buns,canned fish,coffee,canned beer,white wine,male cosmetics,napkins,shopping bags,,,,,,,,,,,,,,,,,,,
pork,root vegetables,other vegetables,beverages,rolls/buns,pastry,sauces,bottled water,soda,red/blush wine,sparkling wine,chocolate,specialty chocolate,candy,napkins,newspapers,,,,,,,,,,,,,
berries,yogurt,cat food,chocolate,,,,,,,,,,,,,,,,,,,,,,,,,
citrus fruit,pickled vegetables,meat spreads,specialty chocolate,,,,,,,,,,,,,,,,,,,,,,,,,
beef,whole milk,,,,,,,,,,,,,,,,,,,,,,,,,,,
yogurt,bottled beer,white wine,salty snack,napkins,,,,,,,,,,,,,,,,,,,,,,,,
citrus fruit,butter,sliced cheese,domestic eggs,,,,,,,,,,,,,,,,,,,,,,,,,
soda,chocolate,,,,,,,,,,,,,,,,,,,,,,,,,,,
citrus fruit,tropical fruit,pip fruit,other vegetables,zwieback,shopping bags,,,,,,,,,,,,,,,,,,,,,,,
root vegetables,whole milk,,,,,,,,,,,,,,,,,,,,,,,,,,,
frankfurter,other vegetables,butter,yogurt,soft cheese,rolls/buns,newspapers,,,,,,,,,,,,,,,,,,,,,,
curd,,,,,,,,,,,,,,,,,,,,,,,,,,,,
whole milk,mustard,,,,,,,,,,,,,,,,,,,,,,,,,,,
whole milk,rolls/buns,,,,,,,,,,,,,,,,,,,,,,,,,,,
onions,other vegetables,whole milk,yogurt,frozen vegetables,bottled water,fruit/vegetable juice,bottled beer,salty snack,popcorn,,,,,,,,,,,,,,,,,,,
whole milk,rolls/buns,vinegar,baking powder,instant coffee,bottled water,napkins,dishes,flower soil/fertilizer,,,,,,,,,,,,,,,,,,,,
citrus fruit,butter milk,sliced cheese,bottled water,cleaner,,,,,,,,,,,,,,,,,,,,,,,,
ice cream,chocolate,,,,,,,,,,,,,,,,,,,,,,,,,,,
tropical fruit,whole milk,bottled water,soda,,,,,,,,,,,,,,,,,,,,,,,,,
sausage,other vegetables,whole milk,whipped/sour cream,domestic eggs,pastry,meat spreads,instant coffee,bottled water,soda,,,,,,,,,,,,,,,,,,,
tropical fruit,soda,rum,,,,,,,,,,,,,,,,,,,,,,,,,,
long life bakery product,newspapers,,,,,,,,,,,,,,,,,,,,,,,,,,,
whole milk,rolls/buns,nut snack,,,,,,,,,,,,,,,,,,,,,,,,,,
ham,pork,hard cheese,domestic eggs,rolls/buns,pastry,sugar,salty snack,,,,,,,,,,,,,,,,,,,,,
frankfurter,meat,citrus fruit,pip fruit,brown bread,pickled vegetables,coffee,specialty chocolate,newspapers,,,,,,,,,,,,,,,,,,,,
hamburger meat,frozen vegetables,,,,,,,,,,,,,,,,,,,,,,,,,,,
condensed milk,coffee,,,,,,,,,,,,,,,,,,,,,,,,,,,
sausage,ham,pip fruit,processed cheese,,,,,,,,,,,,,,,,,,,,,,,,,
white bread,coffee,seasonal products,,,,,,,,,,,,,,,,,,,,,,,,,,
sausage,pip fruit,berries,whole milk,butter,whipped/sour cream,,,,,,,,,,,,,,,,,,,,,,,
beef,tropical fruit,root vegetables,other vegetables,whole milk,curd,domestic eggs,cooking chocolate,,,,,,,,,,,,,,,,,,,,,
berries,UHT-milk,semi-finished bread,cat food,cake bar,shopping bags,,,,,,,,,,,,,,,,,,,,,,,
whole milk,butter,butter milk,beverages,domestic eggs,rolls/buns,salt,coffee,chocolate,shopping bags,,,,,,,,,,,,,,,,,,,
frankfurter,curd,yogurt,hard cheese,brown bread,canned beer,,,,,,,,,,,,,,,,,,,,,,,
whole milk,house keeping products,,,,,,,,,,,,,,,,,,,,,,,,,,,
citrus fruit,brown bread,pastry,white wine,chocolate,shopping bags,,,,,,,,,,,,,,,,,,,,,,,
whole milk,soda,soap,,,,,,,,,,,,,,,,,,,,,,,,,,
pastry,specialty chocolate,female sanitary products,,,,,,,,,,,,,,,,,,,,,,,,,,
other vegetables,whole milk,processed cheese,soda,,,,,,,,,,,,,,,,,,,,,,,,,
finished products,rolls/buns,,,,,,,,,,,,,,,,,,,,,,,,,,,
fruit/vegetable juice,,,,,,,,,,,,,,,,,,,,,,,,,,,,
roll products,,,,,,,,,,,,,,,,,,,,,,,,,,,,
tropical fruit,whipped/sour cream,UHT-milk,salt,pasta,oil,salty snack,candy,,,,,,,,,,,,,,,,,,,,,
sausage,butter,butter milk,ice cream,coffee,salty snack,,,,,,,,,,,,,,,,,,,,,,,
sausage,yogurt,margarine,salty snack,,,,,,,,,,,,,,,,,,,,,,,,,
pastry,waffles,shopping bags,,,,,,,,,,,,,,,,,,,,,,,,,,
grapes,root vegetables,onions,whipped/sour cream,rolls/buns,mustard,coffee,bottled water,soda,fruit/vegetable juice,chocolate,shopping bags,,,,,,,,,,,,,,,,,
citrus fruit,tropical fruit,other vegetables,rolls/buns,shopping bags,,,,,,,,,,,,,,,,,,,,,,,,
meat,other vegetables,yogurt,ice cream,fruit/vegetable juice,salty snack,newspapers,,,,,,,,,,,,,,,,,,,,,,
salty snack,specialty chocolate,,,,,,,,,,,,,,,,,,,,,,,,,,,
ice cream,soda,misc. beverages,liquor (appetizer),,,,,,,,,,,,,,,,,,,,,,,,,
tropical fruit,root vegetables,yogurt,cream cheese,processed cheese,brown bread,ketchup,salty snack,waffles,candy,,,,,,,,,,,,,,,,,,,
margarine,,,,,,,,,,,,,,,,,,,,,,,,,,,,
soda,,,,,,,,,,,,,,,,,,,,,,,,,,,,
tropical fruit,,,,,,,,,,,,,,,,,,,,,,,,,,,,
yogurt,bottled beer,white wine,,,,,,,,,,,,,,,,,,,,,,,,,,
hamburger meat,root vegetables,herbs,other vegetables,bottled water,bottled beer,newspapers,,,,,,,,,,,,,,,,,,,,,,
frozen potato products,,,,,,,,,,,,,,,,,,,,,,,,,,,,
female sanitary products,,,,,,,,,,,,,,,,,,,,,,,,,,,,
beef,whole milk,yogurt,soft cheese,,,,,,,,,,,,,,,,,,,,,,,,,
tropical fruit,frozen dessert,,,,,,,,,,,,,,,,,,,,,,,,,,,
frankfurter,coffee,,,,,,,,,,,,,,,,,,,,,,,,,,,
beef,root vegetables,domestic eggs,vinegar,soda,,,,,,,,,,,,,,,,,,,,,,,,
curd,ice cream,pasta,cat food,,,,,,,,,,,,,,,,,,,,,,,,,
bottled water,canned beer,candy,,,,,,,,,,,,,,,,,,,,,,,,,,
rolls/buns,margarine,canned fish,,,,,,,,,,,,,,,,,,,,,,,,,,
coffee,fruit/vegetable juice,,,,,,,,,,,,,,,,,,,,,,,,,,,
sausage,beverages,brown bread,pastry,,,,,,,,,,,,,,,,,,,,,,,,,
pip fruit,other vegetables,whole milk,butter milk,dish cleaner,,,,,,,,,,,,,,,,,,,,,,,,
whole milk,margarine,baking powder,bottled water,bottled beer,waffles,napkins,,,,,,,,,,,,,,,,,,,,,,
salty snack,specialty chocolate,,,,,,,,,,,,,,,,,,,,,,,,,,,
sausage,rolls/buns,bottled beer,,,,,,,,,,,,,,,,,,,,,,,,,,
bottled beer,,,,,,,,,,,,,,,,,,,,,,,,,,,,
beverages,pastry,bottled water,fruit/vegetable juice,bottled beer,,,,,,,,,,,,,,,,,,,,,,,,
tropical fruit,pip fruit,root vegetables,butter,curd,chewing gum,chocolate,,,,,,,,,,,,,,,,,,,,,,
soda,syrup,,,,,,,,,,,,,,,,,,,,,,,,,,,
root vegetables,yogurt,beverages,,,,,,,,,,,,,,,,,,,,,,,,,,
whole milk,,,,,,,,,,,,,,,,,,,,,,,,,,,,
whole milk,curd,cream cheese,shopping bags,,,,,,,,,,,,,,,,,,,,,,,,,
soda,specialty bar,,,,,,,,,,,,,,,,,,,,,,,,,,,
bottled beer,,,,,,,,,,,,,,,,,,,,,,,,,,,,
pip fruit,root vegetables,curd,hard cheese,specialty cheese,,,,,,,,,,,,,,,,,,,,,,,,
whipped/sour cream,,,,,,,,,,,,,,,,,,,,,,,,,,,,
whipped/sour cream,newspapers,,,,,,,,,,,,,,,,,,,,,,,,,,,
tropical fruit,rolls/buns,white bread,salty snack,candy,,,,,,,,,,,,,,,,,,,,,,,,
specialty bar,,,,,,,,,,,,,,,,,,,,,,,,,,,,
meat,brown bread,seasonal products,shopping bags,,,,,,,,,,,,,,,,,,,,,,,,,
soda,canned beer,liquor (appetizer),salty snack,shopping bags,,,,,,,,,,,,,,,,,,,,,,,,
frankfurter,onions,packaged fruit/vegetables,cream cheese,brown bread,canned fish,shopping bags,,,,,,,,,,,,,,,,,,,,,,
organic products,softener,hygiene articles,,,,,,,,,,,,,,,,,,,,,,,,,,
frozen meals,,,,,,,,,,,,,,,,,,,,,,,,,,,,
UHT-milk,,,,,,,,,,,,,,,,,,,,,,,,,,,,
misc. beverages,,,,,,,,,,,,,,,,,,,,,,,,,,,,
fruit/vegetable juice,,,,,,,,,,,,,,,,,,,,,,,,,,,,
frankfurter,whole milk,frozen vegetables,,,,,,,,,,,,,,,,,,,,,,,,,,
grapes,brown bread,,,,,,,,,,,,,,,,,,,,,,,,,,,
grapes,sugar,cling film/bags,,,,,,,,,,,,,,,,,,,,,,,,,,
bottled beer,,,,,,,,,,,,,,,,,,,,,,,,,,,,
rolls/buns,napkins,shopping bags,,,,,,,,,,,,,,,,,,,,,,,,,,
rolls/buns,bottled water,,,,,,,,,,,,,,,,,,,,,,,,,,,
curd,yogurt,newspapers,,,,,,,,,,,,,,,,,,,,,,,,,,
canned beer,,,,,,,,,,,,,,,,,,,,,,,,,,,,
citrus fruit,tropical fruit,rolls/buns,soda,specialty bar,,,,,,,,,,,,,,,,,,,,,,,,
hamburger meat,whole milk,sliced cheese,pasta,shopping bags,,,,,,,,,,,,,,,,,,,,,,,,
root vegetables,margarine,candles,,,,,,,,,,,,,,,,,,,,,,,,,,
beef,root vegetables,whole milk,condensed milk,,,,,,,,,,,,,,,,,,,,,,,,,
tropical fruit,yogurt,rolls/buns,skin care,shopping bags,,,,,,,,,,,,,,,,,,,,,,,,
pastry,,,,,,,,,,,,,,,,,,,,,,,,,,,,
tropical fruit,butter milk,brown bread,flour,,,,,,,,,,,,,,,,,,,,,,,,,
finished products,whole milk,softener,,,,,,,,,,,,,,,,,,,,,,,,,,
meat,pip fruit,whole milk,soda,newspapers,,,,,,,,,,,,,,,,,,,,,,,,
whole milk,white bread,mustard,bottled water,soda,newspapers,,,,,,,,,,,,,,,,,,,,,,,
pork,herbs,other vegetables,whole milk,curd cheese,fruit/vegetable juice,,,,,,,,,,,,,,,,,,,,,,,
other vegetables,whole milk,domestic eggs,dishes,,,,,,,,,,,,,,,,,,,,,,,,,
whole milk,butter,fruit/vegetable juice,candy,,,,,,,,,,,,,,,,,,,,,,,,,
chicken,whole milk,rolls/buns,,,,,,,,,,,,,,,,,,,,,,,,,,
whole milk,rolls/buns,brown bread,oil,sauces,,,,,,,,,,,,,,,,,,,,,,,,
rolls/buns,newspapers,,,,,,,,,,,,,,,,,,,,,,,,,,,
root vegetables,frozen vegetables,rolls/buns,fruit/vegetable juice,canned beer,,,,,,,,,,,,,,,,,,,,,,,,
frankfurter,tropical fruit,pip fruit,other vegetables,frozen vegetables,frozen fish,zwieback,margarine,,,,,,,,,,,,,,,,,,,,,
frankfurter,tropical fruit,pip fruit,whole milk,curd,pastry,flour,margarine,sugar,organic products,,,,,,,,,,,,,,,,,,,
root vegetables,whole milk,whipped/sour cream,soda,,,,,,,,,,,,,,,,,,,,,,,,,
sausage,rolls/buns,bottled beer,,,,,,,,,,,,,,,,,,,,,,,,,,
whole milk,hard cheese,brown bread,coffee,soda,,,,,,,,,,,,,,,,,,,,,,,,
rolls/buns,,,,,,,,,,,,,,,,,,,,,,,,,,,,
citrus fruit,butter,yogurt,cream cheese,rolls/buns,bottled water,soda,newspapers,,,,,,,,,,,,,,,,,,,,,
tropical fruit,onions,whole milk,cream cheese,specialty cheese,bottled water,soda,,,,,,,,,,,,,,,,,,,,,,
whipped/sour cream,,,,,,,,,,,,,,,,,,,,,,,,,,,,
ham,beef,citrus fruit,newspapers,,,,,,,,,,,,,,,,,,,,,,,,,
tropical fruit,frozen dessert,rolls/buns,bottled water,flower (seeds),,,,,,,,,,,,,,,,,,,,,,,,
sausage,cream cheese,domestic eggs,rolls/buns,cereals,canned vegetables,cat food,soda,misc. beverages,,,,,,,,,,,,,,,,,,,,
frankfurter,domestic eggs,mustard,seasonal products,,,,,,,,,,,,,,,,,,,,,,,,,
sausage,pip fruit,root vegetables,other vegetables,whole milk,yogurt,pastry,soda,napkins,shopping bags,,,,,,,,,,,,,,,,,,,
frankfurter,sausage,pork,beef,hamburger meat,tropical fruit,root vegetables,whole milk,yogurt,spread cheese,rolls/buns,pastry,bottled beer,canned beer,newspapers,,,,,,,,,,,,,,
beverages,,,,,,,,,,,,,,,,,,,,,,,,,,,,
frankfurter,tropical fruit,other vegetables,spices,flower (seeds),,,,,,,,,,,,,,,,,,,,,,,,
other vegetables,soda,shopping bags,,,,,,,,,,,,,,,,,,,,,,,,,,
frankfurter,rolls/buns,pastry,,,,,,,,,,,,,,,,,,,,,,,,,,
pork,whipped/sour cream,rolls/buns,oil,soda,long life bakery product,chocolate,candy,,,,,,,,,,,,,,,,,,,,,
canned beer,,,,,,,,,,,,,,,,,,,,,,,,,,,,
bottled water,misc. beverages,fruit/vegetable juice,bottled beer,,,,,,,,,,,,,,,,,,,,,,,,,
frankfurter,meat,whole milk,butter,yogurt,cream cheese,rolls/buns,pastry,,,,,,,,,,,,,,,,,,,,,
sausage,rolls/buns,,,,,,,,,,,,,,,,,,,,,,,,,,,
newspapers,,,,,,,,,,,,,,,,,,,,,,,,,,,,
ham,hard cheese,pastry,fruit/vegetable juice,,,,,,,,,,,,,,,,,,,,,,,,,
finished products,other vegetables,long life bakery product,,,,,,,,,,,,,,,,,,,,,,,,,,
citrus fruit,berries,pastry,male cosmetics,hygiene articles,,,,,,,,,,,,,,,,,,,,,,,,
berries,other vegetables,yogurt,frozen fish,oil,margarine,salty snack,,,,,,,,,,,,,,,,,,,,,,
soda,,,,,,,,,,,,,,,,,,,,,,,,,,,,
liver loaf,beef,whole milk,yogurt,soft cheese,frozen vegetables,white bread,roll products,vinegar,baking powder,fruit/vegetable juice,,,,,,,,,,,,,,,,,,
beverages,,,,,,,,,,,,,,,,,,,,,,,,,,,,
hamburger meat,cream cheese,sweet spreads,coffee,canned beer,cling film/bags,shopping bags,,,,,,,,,,,,,,,,,,,,,,
grapes,hard cheese,margarine,specialty fat,newspapers,,,,,,,,,,,,,,,,,,,,,,,,
sausage,finished products,semi-finished bread,soda,,,,,,,,,,,,,,,,,,,,,,,,,
beef,soda,newspapers,,,,,,,,,,,,,,,,,,,,,,,,,,
pip fruit,butter,yogurt,,,,,,,,,,,,,,,,,,,,,,,,,,
whole milk,,,,,,,,,,,,,,,,,,,,,,,,,,,,
rolls/buns,shopping bags,,,,,,,,,,,,,,,,,,,,,,,,,,,
chicken,spread cheese,frozen meals,domestic eggs,,,,,,,,,,,,,,,,,,,,,,,,,
hamburger meat,berries,other vegetables,whole milk,beverages,soft cheese,hard cheese,pastry,sauces,waffles,,,,,,,,,,,,,,,,,,,
canned beer,,,,,,,,,,,,,,,,,,,,,,,,,,,,
berries,whole milk,yogurt,sugar,cling film/bags,house keeping products,,,,,,,,,,,,,,,,,,,,,,,
whole milk,butter,curd,whipped/sour cream,newspapers,,,,,,,,,,,,,,,,,,,,,,,,
other vegetables,whole milk,pastry,margarine,bottled water,,,,,,,,,,,,,,,,,,,,,,,,
citrus fruit,yogurt,rolls/buns,pastry,,,,,,,,,,,,,,,,,,,,,,,,,
brown bread,sugar,canned fish,coffee,soda,,,,,,,,,,,,,,,,,,,,,,,,
processed cheese,rolls/buns,specialty chocolate,,,,,,,,,,,,,,,,,,,,,,,,,,
sausage,rolls/buns,canned beer,,,,,,,,,,,,,,,,,,,,,,,,,,
cream cheese,processed cheese,specialty bar,,,,,,,,,,,,,,,,,,,,,,,,,,
pastry,canned beer,,,,,,,,,,,,,,,,,,,,,,,,,,,
soda,,,,,,,,,,,,,,,,,,,,,,,,,,,,
citrus fruit,other vegetables,whole milk,soda,,,,,,,,,,,,,,,,,,,,,,,,,
whole milk,cream cheese,chewing gum,,,,,,,,,,,,,,,,,,,,,,,,,,
curd,fruit/vegetable juice,specialty chocolate,,,,,,,,,,,,,,,,,,,,,,,,,,
other vegetables,,,,,,,,,,,,,,,,,,,,,,,,,,,,
sausage,chicken,berries,root vegetables,other vegetables,butter milk,rolls/buns,salt,mustard,canned fish,coffee,bottled water,fruit/vegetable juice,cling film/bags,newspapers,,,,,,,,,,,,,,
yogurt,rolls/buns,,,,,,,,,,,,,,,,,,,,,,,,,,,
finished products,butter,curd,soda,,,,,,,,,,,,,,,,,,,,,,,,,
UHT-milk,,,,,,,,,,,,,,,,,,,,,,,,,,,,
mayonnaise,,,,,,,,,,,,,,,,,,,,,,,,,,,,
turkey,seasonal products,,,,,,,,,,,,,,,,,,,,,,,,,,,
rolls/buns,brown bread,specialty bar,,,,,,,,,,,,,,,,,,,,,,,,,,
roll products,,,,,,,,,,,,,,,,,,,,,,,,,,,,
other vegetables,whole milk,curd,whipped/sour cream,domestic eggs,brown bread,flour,coffee,,,,,,,,,,,,,,,,,,,,,
yogurt,domestic eggs,rolls/buns,,,,,,,,,,,,,,,,,,,,,,,,,,
meat,root vegetables,whole milk,curd,pastry,brandy,,,,,,,,,,,,,,,,,,,,,,,
frankfurter,pork,other vegetables,brown bread,pickled vegetables,coffee,newspapers,,,,,,,,,,,,,,,,,,,,,,
other vegetables,whole milk,frozen meals,pastry,fruit/vegetable juice,long life bakery product,shopping bags,,,,,,,,,,,,,,,,,,,,,,
berries,yogurt,shopping bags,,,,,,,,,,,,,,,,,,,,,,,,,,
rolls/buns,,,,,,,,,,,,,,,,,,,,,,,,,,,,
beverages,,,,,,,,,,,,,,,,,,,,,,,,,,,,
flour,,,,,,,,,,,,,,,,,,,,,,,,,,,,
citrus fruit,tropical fruit,onions,other vegetables,pastry,bottled water,bathroom cleaner,newspapers,,,,,,,,,,,,,,,,,,,,,
bottled beer,,,,,,,,,,,,,,,,,,,,,,,,,,,,
cookware,,,,,,,,,,,,,,,,,,,,,,,,,,,,
beef,citrus fruit,other vegetables,,,,,,,,,,,,,,,,,,,,,,,,,,
chicken,grapes,,,,,,,,,,,,,,,,,,,,,,,,,,,
sausage,berries,whipped/sour cream,shopping bags,,,,,,,,,,,,,,,,,,,,,,,,,
baking powder,coffee,canned beer,,,,,,,,,,,,,,,,,,,,,,,,,,
cookware,,,,,,,,,,,,,,,,,,,,,,,,,,,,
pip fruit,grapes,yogurt,hard cheese,napkins,,,,,,,,,,,,,,,,,,,,,,,,
citrus fruit,frozen meals,canned beer,red/blush wine,,,,,,,,,,,,,,,,,,,,,,,,,
chicken,root vegetables,,,,,,,,,,,,,,,,,,,,,,,,,,,
ham,berries,onions,whole milk,butter milk,yogurt,whipped/sour cream,cream cheese,mayonnaise,pastry,semi-finished bread,chocolate,specialty chocolate,hygiene articles,cling film/bags,,,,,,,,,,,,,,
citrus fruit,root vegetables,rolls/buns,,,,,,,,,,,,,,,,,,,,,,,,,,
photo/film,,,,,,,,,,,,,,,,,,,,,,,,,,,,
sausage,rolls/buns,soda,chocolate,,,,,,,,,,,,,,,,,,,,,,,,,
frankfurter,pork,tropical fruit,pip fruit,other vegetables,whole milk,dessert,whipped/sour cream,cream cheese,frozen meals,cat food,salty snack,cake bar,chewing gum,specialty bar,seasonal products,,,,,,,,,,,,,
sausage,ham,citrus fruit,root vegetables,other vegetables,whole milk,soft cheese,processed cheese,frozen vegetables,salt,oil,margarine,soda,fruit/vegetable juice,bottled beer,chocolate,,,,,,,,,,,,,
frozen meals,specialty bar,,,,,,,,,,,,,,,,,,,,,,,,,,,
whole milk,,,,,,,,,,,,,,,,,,,,,,,,,,,,
root vegetables,other vegetables,canned fish,shopping bags,,,,,,,,,,,,,,,,,,,,,,,,,
waffles,,,,,,,,,,,,,,,,,,,,,,,,,,,,
hamburger meat,frozen meals,red/blush wine,,,,,,,,,,,,,,,,,,,,,,,,,,
waffles,,,,,,,,,,,,,,,,,,,,,,,,,,,,
chicken,tropical fruit,root vegetables,whole milk,white bread,specialty bar,shopping bags,,,,,,,,,,,,,,,,,,,,,,
frankfurter,whole milk,dessert,white bread,shopping bags,,,,,,,,,,,,,,,,,,,,,,,,
root vegetables,whole milk,rolls/buns,zwieback,newspapers,,,,,,,,,,,,,,,,,,,,,,,,
chocolate,,,,,,,,,,,,,,,,,,,,,,,,,,,,
chicken,other vegetables,whole milk,curd,long life bakery product,,,,,,,,,,,,,,,,,,,,,,,,
other vegetables,whole milk,cake bar,detergent,,,,,,,,,,,,,,,,,,,,,,,,,
frozen potato products,ketchup,chocolate,hygiene articles,shopping bags,,,,,,,,,,,,,,,,,,,,,,,,
dog food,pet care,shopping bags,,,,,,,,,,,,,,,,,,,,,,,,,,
tropical fruit,bottled beer,,,,,,,,,,,,,,,,,,,,,,,,,,,
citrus fruit,,,,,,,,,,,,,,,,,,,,,,,,,,,,
pip fruit,yogurt,brown bread,,,,,,,,,,,,,,,,,,,,,,,,,,
sausage,,,,,,,,,,,,,,,,,,,,,,,,,,,,
bottled water,,,,,,,,,,,,,,,,,,,,,,,,,,,,
root vegetables,,,,,,,,,,,,,,,,,,,,,,,,,,,,
condensed milk,coffee,shopping bags,,,,,,,,,,,,,,,,,,,,,,,,,,
citrus fruit,other vegetables,beverages,snack products,,,,,,,,,,,,,,,,,,,,,,,,,
pet care,,,,,,,,,,,,,,,,,,,,,,,,,,,,
yogurt,canned beer,,,,,,,,,,,,,,,,,,,,,,,,,,,
whole milk,brown bread,soda,bottled beer,salty snack,long life bakery product,chocolate,shopping bags,,,,,,,,,,,,,,,,,,,,,
meat,ice cream,rolls/buns,soda,long life bakery product,napkins,,,,,,,,,,,,,,,,,,,,,,,
whole milk,,,,,,,,,,,,,,,,,,,,,,,,,,,,
chicken,citrus fruit,cat food,white wine,shopping bags,,,,,,,,,,,,,,,,,,,,,,,,
white wine,,,,,,,,,,,,,,,,,,,,,,,,,,,,
other vegetables,curd,whipped/sour cream,pastry,baking powder,canned fruit,,,,,,,,,,,,,,,,,,,,,,,
sausage,,,,,,,,,,,,,,,,,,,,,,,,,,,,
other vegetables,whole milk,soda,,,,,,,,,,,,,,,,,,,,,,,,,,
soda,bottled beer,,,,,,,,,,,,,,,,,,,,,,,,,,,
specialty bar,,,,,,,,,,,,,,,,,,,,,,,,,,,,
pork,berries,whole milk,butter,yogurt,whipped/sour cream,hard cheese,,,,,,,,,,,,,,,,,,,,,,
butter,sliced cheese,frozen dessert,rolls/buns,pastry,soda,bottled beer,,,,,,,,,,,,,,,,,,,,,,
bottled beer,,,,,,,,,,,,,,,,,,,,,,,,,,,,
grapes,hard cheese,,,,,,,,,,,,,,,,,,,,,,,,,,,
pork,beef,whole milk,frozen vegetables,sugar,canned beer,detergent,skin care,napkins,flower (seeds),,,,,,,,,,,,,,,,,,,
citrus fruit,,,,,,,,,,,,,,,,,,,,,,,,,,,,
yogurt,liquor (appetizer),nut snack,long life bakery product,hygiene articles,shopping bags,,,,,,,,,,,,,,,,,,,,,,,
turkey,frozen potato products,soda,,,,,,,,,,,,,,,,,,,,,,,,,,
onions,other vegetables,soft cheese,hard cheese,salad dressing,specialty chocolate,,,,,,,,,,,,,,,,,,,,,,,
yogurt,specialty chocolate,,,,,,,,,,,,,,,,,,,,,,,,,,,
curd,seasonal products,female sanitary products,,,,,,,,,,,,,,,,,,,,,,,,,,
sausage,whole milk,curd,bottled beer,,,,,,,,,,,,,,,,,,,,,,,,,
citrus fruit,whipped/sour cream,brown bread,bottled water,hygiene articles,,,,,,,,,,,,,,,,,,,,,,,,
chicken,pork,herbs,other vegetables,canned fish,misc. beverages,napkins,newspapers,,,,,,,,,,,,,,,,,,,,,
other vegetables,butter milk,bottled water,bottled beer,,,,,,,,,,,,,,,,,,,,,,,,,
ice cream,,,,,,,,,,,,,,,,,,,,,,,,,,,,
pip fruit,butter,soft cheese,white bread,misc. beverages,,,,,,,,,,,,,,,,,,,,,,,,
pork,tropical fruit,processed cheese,specialty vegetables,bottled water,soda,bottled beer,,,,,,,,,,,,,,,,,,,,,,
beef,citrus fruit,grapes,berries,butter milk,yogurt,sliced cheese,rolls/buns,,,,,,,,,,,,,,,,,,,,,
beef,soft cheese,chewing gum,,,,,,,,,,,,,,,,,,,,,,,,,,
ham,tropical fruit,root vegetables,other vegetables,whole milk,butter,yogurt,frozen vegetables,frozen dessert,frozen potato products,white bread,pasta,honey,chewing gum,detergent,hygiene articles,,,,,,,,,,,,,
other vegetables,butter,,,,,,,,,,,,,,,,,,,,,,,,,,,
hamburger meat,hard cheese,sauces,coffee,toilet cleaner,shopping bags,,,,,,,,,,,,,,,,,,,,,,,
berries,whole milk,whipped/sour cream,pastry,soda,chewing gum,chocolate,candy,,,,,,,,,,,,,,,,,,,,,
citrus fruit,other vegetables,UHT-milk,domestic eggs,white bread,pickled vegetables,,,,,,,,,,,,,,,,,,,,,,,
whole milk,curd,yogurt,whipped/sour cream,margarine,,,,,,,,,,,,,,,,,,,,,,,,
citrus fruit,,,,,,,,,,,,,,,,,,,,,,,,,,,,
bottled water,long life bakery product,,,,,,,,,,,,,,,,,,,,,,,,,,,
meat,other vegetables,whole milk,pastry,soda,newspapers,,,,,,,,,,,,,,,,,,,,,,,
tropical fruit,coffee,candy,soap,shopping bags,,,,,,,,,,,,,,,,,,,,,,,,
other vegetables,canned beer,shopping bags,,,,,,,,,,,,,,,,,,,,,,,,,,
berries,frozen vegetables,frozen meals,,,,,,,,,,,,,,,,,,,,,,,,,,
other vegetables,butter,beverages,soda,photo/film,shopping bags,,,,,,,,,,,,,,,,,,,,,,,
sausage,whole milk,domestic eggs,sugar,coffee,napkins,newspapers,shopping bags,,,,,,,,,,,,,,,,,,,,,
whole milk,yogurt,cream cheese,frozen meals,shopping bags,,,,,,,,,,,,,,,,,,,,,,,,
frankfurter,other vegetables,,,,,,,,,,,,,,,,,,,,,,,,,,,
sausage,citrus fruit,tropical fruit,root vegetables,butter milk,brown bread,mustard,popcorn,shopping bags,,,,,,,,,,,,,,,,,,,,
citrus fruit,root vegetables,other vegetables,dessert,pastry,chocolate,dishes,candles,,,,,,,,,,,,,,,,,,,,,
frozen meals,soda,napkins,,,,,,,,,,,,,,,,,,,,,,,,,,
whole milk,brown bread,flower (seeds),,,,,,,,,,,,,,,,,,,,,,,,,,
cling film/bags,,,,,,,,,,,,,,,,,,,,,,,,,,,,
chicken,,,,,,,,,,,,,,,,,,,,,,,,,,,,
bottled water,soda,,,,,,,,,,,,,,,,,,,,,,,,,,,
curd,whipped/sour cream,,,,,,,,,,,,,,,,,,,,,,,,,,,
frankfurter,rolls/buns,ketchup,soda,,,,,,,,,,,,,,,,,,,,,,,,,
turkey,whole milk,liquor (appetizer),shopping bags,,,,,,,,,,,,,,,,,,,,,,,,,
other vegetables,yogurt,whipped/sour cream,brown bread,margarine,shopping bags,,,,,,,,,,,,,,,,,,,,,,,
sausage,beef,root vegetables,other vegetables,white bread,pastry,soda,shopping bags,,,,,,,,,,,,,,,,,,,,,
soda,specialty chocolate,male cosmetics,shopping bags,,,,,,,,,,,,,,,,,,,,,,,,,
soda,,,,,,,,,,,,,,,,,,,,,,,,,,,,
berries,,,,,,,,,,,,,,,,,,,,,,,,,,,,
ham,,,,,,,,,,,,,,,,,,,,,,,,,,,,
rolls/buns,liquor,,,,,,,,,,,,,,,,,,,,,,,,,,,
rolls/buns,canned beer,,,,,,,,,,,,,,,,,,,,,,,,,,,
onions,whole milk,yogurt,rolls/buns,brown bread,fruit/vegetable juice,,,,,,,,,,,,,,,,,,,,,,,
rolls/buns,,,,,,,,,,,,,,,,,,,,,,,,,,,,
whole milk,,,,,,,,,,,,,,,,,,,,,,,,,,,,
rolls/buns,,,,,,,,,,,,,,,,,,,,,,,,,,,,
rolls/buns,bottled beer,,,,,,,,,,,,,,,,,,,,,,,,,,,
pip fruit,berries,other vegetables,butter,yogurt,soda,chocolate,house keeping products,,,,,,,,,,,,,,,,,,,,,
turkey,grapes,other vegetables,hard cheese,frozen vegetables,rolls/buns,misc. beverages,newspapers,,,,,,,,,,,,,,,,,,,,,
sausage,citrus fruit,berries,whipped/sour cream,rolls/buns,canned beer,specialty bar,napkins,,,,,,,,,,,,,,,,,,,,,
chicken,tropical fruit,berries,whole milk,whipped/sour cream,beverages,sugar,dishes,,,,,,,,,,,,,,,,,,,,,
sausage,pork,beef,pip fruit,grapes,other vegetables,whole milk,butter,curd,yogurt,pastry,bottled water,hygiene articles,napkins,,,,,,,,,,,,,,,
tropical fruit,pip fruit,whole milk,rolls/buns,coffee,hygiene articles,,,,,,,,,,,,,,,,,,,,,,,
pip fruit,UHT-milk,curd cheese,coffee,,,,,,,,,,,,,,,,,,,,,,,,,
soda,canned beer,,,,,,,,,,,,,,,,,,,,,,,,,,,
rolls/buns,soda,,,,,,,,,,,,,,,,,,,,,,,,,,,
condensed milk,,,,,,,,,,,,,,,,,,,,,,,,,,,,
butter milk,brown bread,pastry,,,,,,,,,,,,,,,,,,,,,,,,,,
whole milk,curd,semi-finished bread,,,,,,,,,,,,,,,,,,,,,,,,,,
beef,herbs,whole milk,pickled vegetables,cat food,,,,,,,,,,,,,,,,,,,,,,,,
meat,beef,berries,other vegetables,curd,yogurt,whipped/sour cream,UHT-milk,brown bread,,,,,,,,,,,,,,,,,,,,
UHT-milk,sugar,soda,,,,,,,,,,,,,,,,,,,,,,,,,,
rolls/buns,,,,,,,,,,,,,,,,,,,,,,,,,,,,
other vegetables,whole milk,frozen vegetables,,,,,,,,,,,,,,,,,,,,,,,,,,
pastry,,,,,,,,,,,,,,,,,,,,,,,,,,,,
curd,rolls/buns,pastry,,,,,,,,,,,,,,,,,,,,,,,,,,
sausage,root vegetables,other vegetables,frozen vegetables,rolls/buns,white bread,baking powder,bottled beer,detergent,,,,,,,,,,,,,,,,,,,,
soda,fruit/vegetable juice,long life bakery product,,,,,,,,,,,,,,,,,,,,,,,,,,
ice cream,brown bread,pastry,napkins,,,,,,,,,,,,,,,,,,,,,,,,,
meat,tropical fruit,rolls/buns,instant coffee,soda,chocolate,newspapers,,,,,,,,,,,,,,,,,,,,,,
berries,yogurt,domestic eggs,rolls/buns,,,,,,,,,,,,,,,,,,,,,,,,,
beef,white bread,,,,,,,,,,,,,,,,,,,,,,,,,,,
bottled beer,,,,,,,,,,,,,,,,,,,,,,,,,,,,
butter,pastry,cat food,canned beer,hygiene articles,shopping bags,,,,,,,,,,,,,,,,,,,,,,,
whole milk,rolls/buns,white bread,soap,,,,,,,,,,,,,,,,,,,,,,,,,
citrus fruit,whole milk,snack products,,,,,,,,,,,,,,,,,,,,,,,,,,
frankfurter,tropical fruit,whole milk,,,,,,,,,,,,,,,,,,,,,,,,,,
shopping bags,,,,,,,,,,,,,,,,,,,,,,,,,,,,
beef,margarine,,,,,,,,,,,,,,,,,,,,,,,,,,,
frankfurter,pork,dessert,UHT-milk,margarine,specialty fat,napkins,,,,,,,,,,,,,,,,,,,,,,
whole milk,specialty bar,,,,,,,,,,,,,,,,,,,,,,,,,,,
beef,other vegetables,rolls/buns,pastry,soap,,,,,,,,,,,,,,,,,,,,,,,,
canned beer,,,,,,,,,,,,,,,,,,,,,,,,,,,,
canned beer,,,,,,,,,,,,,,,,,,,,,,,,,,,,
whole milk,pastry,cocoa drinks,newspapers,,,,,,,,,,,,,,,,,,,,,,,,,
whole milk,instant coffee,bottled beer,,,,,,,,,,,,,,,,,,,,,,,,,,
ham,whipped/sour cream,frozen vegetables,rolls/buns,seasonal products,,,,,,,,,,,,,,,,,,,,,,,,
frankfurter,grapes,yogurt,coffee,bottled water,,,,,,,,,,,,,,,,,,,,,,,,
root vegetables,other vegetables,whole milk,butter milk,frozen meals,,,,,,,,,,,,,,,,,,,,,,,,
sausage,red/blush wine,newspapers,,,,,,,,,,,,,,,,,,,,,,,,,,
meat,whole milk,curd,sliced cheese,flour,sugar,pudding powder,bottled water,soda,canned beer,,,,,,,,,,,,,,,,,,,
tropical fruit,whole milk,beverages,processed cheese,pastry,waffles,specialty bar,,,,,,,,,,,,,,,,,,,,,,
root vegetables,onions,other vegetables,whole milk,frozen dessert,coffee,bottled beer,,,,,,,,,,,,,,,,,,,,,,
pip fruit,coffee,,,,,,,,,,,,,,,,,,,,,,,,,,,
yogurt,,,,,,,,,,,,,,,,,,,,,,,,,,,,
root vegetables,whole milk,curd,yogurt,,,,,,,,,,,,,,,,,,,,,,,,,
pork,other vegetables,whole milk,cereals,,,,,,,,,,,,,,,,,,,,,,,,,
root vegetables,yogurt,brown bread,shopping bags,,,,,,,,,,,,,,,,,,,,,,,,,
sausage,packaged fruit/vegetables,UHT-milk,pastry,soups,bottled water,,,,,,,,,,,,,,,,,,,,,,,
chocolate,,,,,,,,,,,,,,,,,,,,,,,,,,,,
chicken,pastry,,,,,,,,,,,,,,,,,,,,,,,,,,,
whole milk,bottled water,bottled beer,,,,,,,,,,,,,,,,,,,,,,,,,,
ham,tropical fruit,,,,,,,,,,,,,,,,,,,,,,,,,,,
dishes,,,,,,,,,,,,,,,,,,,,,,,,,,,,
canned beer,,,,,,,,,,,,,,,,,,,,,,,,,,,,
pet care,soda,chocolate,candy,,,,,,,,,,,,,,,,,,,,,,,,,
yogurt,frozen vegetables,shopping bags,,,,,,,,,,,,,,,,,,,,,,,,,,
sugar,,,,,,,,,,,,,,,,,,,,,,,,,,,,
hard cheese,frozen meals,,,,,,,,,,,,,,,,,,,,,,,,,,,
beef,root vegetables,bottled water,,,,,,,,,,,,,,,,,,,,,,,,,,
beef,whole milk,rolls/buns,pastry,cat food,waffles,chocolate,hygiene articles,newspapers,shopping bags,,,,,,,,,,,,,,,,,,,
rolls/buns,,,,,,,,,,,,,,,,,,,,,,,,,,,,
chicken,,,,,,,,,,,,,,,,,,,,,,,,,,,,
whole milk,,,,,,,,,,,,,,,,,,,,,,,,,,,,
pip fruit,other vegetables,canned beer,,,,,,,,,,,,,,,,,,,,,,,,,,
pastry,soda,chocolate,,,,,,,,,,,,,,,,,,,,,,,,,,
bottled beer,brandy,whisky,chocolate,specialty chocolate,shopping bags,,,,,,,,,,,,,,,,,,,,,,,
liquor,salty snack,chocolate,specialty chocolate,specialty bar,seasonal products,shopping bags,,,,,,,,,,,,,,,,,,,,,,
nuts/prunes,soda,chocolate,,,,,,,,,,,,,,,,,,,,,,,,,,
other vegetables,ice cream,oil,liqueur,specialty chocolate,shopping bags,,,,,,,,,,,,,,,,,,,,,,,
pork,frozen fish,domestic eggs,sugar,misc. beverages,dental care,hygiene articles,shopping bags,,,,,,,,,,,,,,,,,,,,,
sausage,soft cheese,rolls/buns,canned beer,,,,,,,,,,,,,,,,,,,,,,,,,
root vegetables,whole milk,yogurt,domestic eggs,rolls/buns,long life bakery product,napkins,,,,,,,,,,,,,,,,,,,,,,
bathroom cleaner,,,,,,,,,,,,,,,,,,,,,,,,,,,,
yogurt,UHT-milk,cream cheese,rolls/buns,brown bread,pastry,pickled vegetables,canned fish,cling film/bags,,,,,,,,,,,,,,,,,,,,
curd cheese,frozen meals,,,,,,,,,,,,,,,,,,,,,,,,,,,
whole milk,cream cheese,domestic eggs,margarine,canned beer,long life bakery product,shopping bags,,,,,,,,,,,,,,,,,,,,,,
grapes,dessert,yogurt,beverages,frozen vegetables,canned beer,,,,,,,,,,,,,,,,,,,,,,,
butter milk,sliced cheese,,,,,,,,,,,,,,,,,,,,,,,,,,,
fruit/vegetable juice,chocolate,,,,,,,,,,,,,,,,,,,,,,,,,,,
pip fruit,butter milk,cream cheese,rolls/buns,,,,,,,,,,,,,,,,,,,,,,,,,
rolls/buns,brown bread,,,,,,,,,,,,,,,,,,,,,,,,,,,
beef,,,,,,,,,,,,,,,,,,,,,,,,,,,,
soda,specialty chocolate,,,,,,,,,,,,,,,,,,,,,,,,,,,
canned beer,,,,,,,,,,,,,,,,,,,,,,,,,,,,
rolls/buns,,,,,,,,,,,,,,,,,,,,,,,,,,,,
canned beer,,,,,,,,,,,,,,,,,,,,,,,,,,,,
butter,domestic eggs,flour,soups,baking powder,,,,,,,,,,,,,,,,,,,,,,,,
berries,soda,waffles,,,,,,,,,,,,,,,,,,,,,,,,,,
whole milk,popcorn,specialty chocolate,specialty bar,candy,,,,,,,,,,,,,,,,,,,,,,,,
root vegetables,other vegetables,whole milk,butter,frozen vegetables,sugar,bottled water,fruit/vegetable juice,,,,,,,,,,,,,,,,,,,,,
grapes,salty snack,,,,,,,,,,,,,,,,,,,,,,,,,,,
butter,pastry,long life bakery product,shopping bags,,,,,,,,,,,,,,,,,,,,,,,,,
rolls/buns,bottled water,specialty chocolate,,,,,,,,,,,,,,,,,,,,,,,,,,
ham,other vegetables,hard cheese,pastry,chewing gum,,,,,,,,,,,,,,,,,,,,,,,,
brown bread,salty snack,,,,,,,,,,,,,,,,,,,,,,,,,,,
frankfurter,tropical fruit,berries,butter milk,yogurt,whipped/sour cream,specialty cheese,rolls/buns,,,,,,,,,,,,,,,,,,,,,
root vegetables,UHT-milk,ice cream,frozen potato products,bottled water,soda,bottled beer,specialty bar,napkins,shopping bags,,,,,,,,,,,,,,,,,,,
sausage,pork,tropical fruit,root vegetables,other vegetables,whole milk,curd,rolls/buns,soda,,,,,,,,,,,,,,,,,,,,
tropical fruit,pastry,soda,chocolate,,,,,,,,,,,,,,,,,,,,,,,,,
tropical fruit,ketchup,shopping bags,,,,,,,,,,,,,,,,,,,,,,,,,,
meat,nuts/prunes,canned beer,,,,,,,,,,,,,,,,,,,,,,,,,,
beef,root vegetables,waffles,newspapers,,,,,,,,,,,,,,,,,,,,,,,,,
ice cream,,,,,,,,,,,,,,,,,,,,,,,,,,,,
frozen dessert,,,,,,,,,,,,,,,,,,,,,,,,,,,,
rolls/buns,bottled beer,,,,,,,,,,,,,,,,,,,,,,,,,,,
tropical fruit,rolls/buns,,,,,,,,,,,,,,,,,,,,,,,,,,,
sausage,rolls/buns,soda,,,,,,,,,,,,,,,,,,,,,,,,,,
fruit/vegetable juice,,,,,,,,,,,,,,,,,,,,,,,,,,,,
whole milk,cocoa drinks,shopping bags,,,,,,,,,,,,,,,,,,,,,,,,,,
yogurt,dish cleaner,candles,,,,,,,,,,,,,,,,,,,,,,,,,,
cookware,,,,,,,,,,,,,,,,,,,,,,,,,,,,
whole milk,,,,,,,,,,,,,,,,,,,,,,,,,,,,
canned beer,,,,,,,,,,,,,,,,,,,,,,,,,,,,
pork,frozen potato products,rolls/buns,pastry,soda,white wine,,,,,,,,,,,,,,,,,,,,,,,
ice cream,specialty bar,,,,,,,,,,,,,,,,,,,,,,,,,,,
ice cream,,,,,,,,,,,,,,,,,,,,,,,,,,,,
yogurt,rolls/buns,specialty bar,,,,,,,,,,,,,,,,,,,,,,,,,,
pork,pip fruit,other vegetables,yogurt,domestic eggs,,,,,,,,,,,,,,,,,,,,,,,,
tropical fruit,pastry,fruit/vegetable juice,,,,,,,,,,,,,,,,,,,,,,,,,,
pastry,,,,,,,,,,,,,,,,,,,,,,,,,,,,
chicken,tropical fruit,onions,other vegetables,butter milk,yogurt,beverages,sliced cheese,hard cheese,rolls/buns,pastry,cereals,chocolate,napkins,house keeping products,,,,,,,,,,,,,,
frankfurter,root vegetables,frozen vegetables,white bread,bathroom cleaner,,,,,,,,,,,,,,,,,,,,,,,,
frankfurter,sausage,chicken,citrus fruit,root vegetables,herbs,packaged fruit/vegetables,whole milk,salt,sugar,bottled beer,napkins,,,,,,,,,,,,,,,,,
soda,bottled beer,shopping bags,,,,,,,,,,,,,,,,,,,,,,,,,,
hamburger meat,other vegetables,napkins,,,,,,,,,,,,,,,,,,,,,,,,,,
whole milk,coffee,chocolate,shopping bags,,,,,,,,,,,,,,,,,,,,,,,,,
bottled beer,,,,,,,,,,,,,,,,,,,,,,,,,,,,
frozen meals,,,,,,,,,,,,,,,,,,,,,,,,,,,,
other vegetables,,,,,,,,,,,,,,,,,,,,,,,,,,,,
other vegetables,whole milk,whipped/sour cream,coffee,flower (seeds),,,,,,,,,,,,,,,,,,,,,,,,
soda,,,,,,,,,,,,,,,,,,,,,,,,,,,,
bottled water,canned beer,white wine,specialty bar,shopping bags,,,,,,,,,,,,,,,,,,,,,,,,
citrus fruit,prosecco,specialty bar,shopping bags,,,,,,,,,,,,,,,,,,,,,,,,,
domestic eggs,,,,,,,,,,,,,,,,,,,,,,,,,,,,
cookware,,,,,,,,,,,,,,,,,,,,,,,,,,,,
pork,root vegetables,herbs,whole milk,frozen vegetables,rolls/buns,sweet spreads,detergent,flower (seeds),,,,,,,,,,,,,,,,,,,,
ice cream,,,,,,,,,,,,,,,,,,,,,,,,,,,,
sausage,meat,,,,,,,,,,,,,,,,,,,,,,,,,,,
whole milk,yogurt,roll products,,,,,,,,,,,,,,,,,,,,,,,,,,
whole milk,,,,,,,,,,,,,,,,,,,,,,,,,,,,
meat,frozen vegetables,soda,,,,,,,,,,,,,,,,,,,,,,,,,,
yogurt,salt,coffee,specialty bar,softener,hygiene articles,,,,,,,,,,,,,,,,,,,,,,,
canned beer,shopping bags,,,,,,,,,,,,,,,,,,,,,,,,,,,
tropical fruit,pip fruit,,,,,,,,,,,,,,,,,,,,,,,,,,,
whole milk,butter milk,cream cheese,fruit/vegetable juice,,,,,,,,,,,,,,,,,,,,,,,,,
other vegetables,roll products,,,,,,,,,,,,,,,,,,,,,,,,,,,
citrus fruit,hard cheese,,,,,,,,,,,,,,,,,,,,,,,,,,,
white wine,,,,,,,,,,,,,,,,,,,,,,,,,,,,
candy,hygiene articles,,,,,,,,,,,,,,,,,,,,,,,,,,,
grapes,rolls/buns,long life bakery product,candy,,,,,,,,,,,,,,,,,,,,,,,,,
rolls/buns,,,,,,,,,,,,,,,,,,,,,,,,,,,,
sausage,other vegetables,beverages,rolls/buns,red/blush wine,specialty chocolate,shopping bags,,,,,,,,,,,,,,,,,,,,,,
yogurt,bottled water,white wine,,,,,,,,,,,,,,,,,,,,,,,,,,
sparkling wine,,,,,,,,,,,,,,,,,,,,,,,,,,,,
soda,,,,,,,,,,,,,,,,,,,,,,,,,,,,
frankfurter,citrus fruit,other vegetables,UHT-milk,syrup,seasonal products,newspapers,,,,,,,,,,,,,,,,,,,,,,
white bread,specialty bar,,,,,,,,,,,,,,,,,,,,,,,,,,,
fish,citrus fruit,tropical fruit,other vegetables,oil,margarine,white wine,,,,,,,,,,,,,,,,,,,,,,
soda,specialty chocolate,shopping bags,,,,,,,,,,,,,,,,,,,,,,,,,,
sliced cheese,canned beer,,,,,,,,,,,,,,,,,,,,,,,,,,,
hamburger meat,soft cheese,hard cheese,baking powder,meat spreads,dish cleaner,,,,,,,,,,,,,,,,,,,,,,,
whole milk,napkins,,,,,,,,,,,,,,,,,,,,,,,,,,,
sausage,chicken,other vegetables,soft cheese,frozen vegetables,spices,soda,shopping bags,,,,,,,,,,,,,,,,,,,,,
whole milk,,,,,,,,,,,,,,,,,,,,,,,,,,,,
artif. sweetener,coffee,,,,,,,,,,,,,,,,,,,,,,,,,,,
finished products,other vegetables,pet care,misc. beverages,chocolate,newspapers,,,,,,,,,,,,,,,,,,,,,,,
dog food,,,,,,,,,,,,,,,,,,,,,,,,,,,,
bottled beer,liquor,red/blush wine,waffles,candy,napkins,shopping bags,,,,,,,,,,,,,,,,,,,,,,
beef,spread cheese,rolls/buns,white wine,shopping bags,,,,,,,,,,,,,,,,,,,,,,,,
onions,fruit/vegetable juice,,,,,,,,,,,,,,,,,,,,,,,,,,,
meat,other vegetables,dessert,yogurt,domestic eggs,rolls/buns,oil,pet care,coffee,bottled water,fruit/vegetable juice,bottled beer,,,,,,,,,,,,,,,,,
chewing gum,napkins,,,,,,,,,,,,,,,,,,,,,,,,,,,
canned beer,red/blush wine,,,,,,,,,,,,,,,,,,,,,,,,,,,
specialty chocolate,,,,,,,,,,,,,,,,,,,,,,,,,,,,
UHT-milk,specialty bar,,,,,,,,,,,,,,,,,,,,,,,,,,,
beverages,cream cheese,,,,,,,,,,,,,,,,,,,,,,,,,,,
soda,,,,,,,,,,,,,,,,,,,,,,,,,,,,
root vegetables,whole milk,long life bakery product,cling film/bags,,,,,,,,,,,,,,,,,,,,,,,,,
sausage,rolls/buns,coffee,,,,,,,,,,,,,,,,,,,,,,,,,,
tropical fruit,yogurt,bottled water,specialty chocolate,,,,,,,,,,,,,,,,,,,,,,,,,
chocolate,,,,,,,,,,,,,,,,,,,,,,,,,,,,
whole milk,soda,fruit/vegetable juice,shopping bags,,,,,,,,,,,,,,,,,,,,,,,,,
pork,other vegetables,whipped/sour cream,frozen vegetables,cereals,cat food,fruit/vegetable juice,cake bar,specialty chocolate,specialty bar,napkins,newspapers,shopping bags,,,,,,,,,,,,,,,,
other vegetables,condensed milk,soda,misc. beverages,,,,,,,,,,,,,,,,,,,,,,,,,
beef,root vegetables,other vegetables,bottled water,soda,,,,,,,,,,,,,,,,,,,,,,,,
sausage,ham,curd,soda,cake bar,shopping bags,,,,,,,,,,,,,,,,,,,,,,,
bottled beer,,,,,,,,,,,,,,,,,,,,,,,,,,,,
citrus fruit,tropical fruit,brown bread,sauces,soda,napkins,shopping bags,,,,,,,,,,,,,,,,,,,,,,
whole milk,butter,,,,,,,,,,,,,,,,,,,,,,,,,,,
tropical fruit,grapes,frozen meals,brown bread,bottled water,soda,shopping bags,,,,,,,,,,,,,,,,,,,,,,
coffee,,,,,,,,,,,,,,,,,,,,,,,,,,,,
sausage,root vegetables,specialty bar,seasonal products,,,,,,,,,,,,,,,,,,,,,,,,,
root vegetables,herbs,whole milk,curd,frozen vegetables,frozen dessert,sweet spreads,fruit/vegetable juice,,,,,,,,,,,,,,,,,,,,,
dessert,misc. beverages,fruit/vegetable juice,popcorn,shopping bags,,,,,,,,,,,,,,,,,,,,,,,,
hamburger meat,other vegetables,curd,rolls/buns,bottled beer,specialty bar,,,,,,,,,,,,,,,,,,,,,,,
pastry,,,,,,,,,,,,,,,,,,,,,,,,,,,,
pip fruit,,,,,,,,,,,,,,,,,,,,,,,,,,,,
whole milk,butter,yogurt,rolls/buns,coffee,fruit/vegetable juice,detergent,,,,,,,,,,,,,,,,,,,,,,
root vegetables,,,,,,,,,,,,,,,,,,,,,,,,,,,,
yogurt,flour,sugar,baking powder,,,,,,,,,,,,,,,,,,,,,,,,,
sausage,rolls/buns,margarine,,,,,,,,,,,,,,,,,,,,,,,,,,
coffee,,,,,,,,,,,,,,,,,,,,,,,,,,,,
tropical fruit,pip fruit,frozen meals,softener,,,,,,,,,,,,,,,,,,,,,,,,,
pork,bottled water,,,,,,,,,,,,,,,,,,,,,,,,,,,
pork,whole milk,yogurt,cream cheese,rolls/buns,pudding powder,,,,,,,,,,,,,,,,,,,,,,,
chicken,root vegetables,whole milk,,,,,,,,,,,,,,,,,,,,,,,,,,
frankfurter,beef,other vegetables,pasta,margarine,canned fish,dishes,cling film/bags,,,,,,,,,,,,,,,,,,,,,
other vegetables,whole milk,dessert,cream cheese,sugar,dishes,,,,,,,,,,,,,,,,,,,,,,,
pip fruit,herbs,other vegetables,whipped/sour cream,oil,bottled water,,,,,,,,,,,,,,,,,,,,,,,
whole milk,yogurt,bottled water,,,,,,,,,,,,,,,,,,,,,,,,,,
pork,shopping bags,,,,,,,,,,,,,,,,,,,,,,,,,,,
pip fruit,newspapers,,,,,,,,,,,,,,,,,,,,,,,,,,,
sausage,citrus fruit,tropical fruit,pip fruit,other vegetables,whole milk,butter,processed cheese,spread cheese,pastry,canned fish,bottled water,red/blush wine,salty snack,long life bakery product,chocolate,female sanitary products,rubbing alcohol,hygiene articles,napkins,house keeping products,,,,,,,,
dog food,detergent,hygiene articles,napkins,newspapers,potted plants,,,,,,,,,,,,,,,,,,,,,,,
sausage,soda,,,,,,,,,,,,,,,,,,,,,,,,,,,
pip fruit,whole milk,cream cheese,rolls/buns,chocolate,cooking chocolate,,,,,,,,,,,,,,,,,,,,,,,
citrus fruit,rolls/buns,,,,,,,,,,,,,,,,,,,,,,,,,,,
pastry,soda,,,,,,,,,,,,,,,,,,,,,,,,,,,
frozen meals,,,,,,,,,,,,,,,,,,,,,,,,,,,,
whole milk,rolls/buns,pastry,,,,,,,,,,,,,,,,,,,,,,,,,,
beverages,cream cheese,,,,,,,,,,,,,,,,,,,,,,,,,,,
berries,yogurt,whipped/sour cream,sugar,,,,,,,,,,,,,,,,,,,,,,,,,
meat,butter,yogurt,rolls/buns,bottled water,soda,fruit/vegetable juice,,,,,,,,,,,,,,,,,,,,,,
bottled beer,,,,,,,,,,,,,,,,,,,,,,,,,,,,
whole milk,rolls/buns,flour,vinegar,shopping bags,,,,,,,,,,,,,,,,,,,,,,,,
citrus fruit,tropical fruit,whole milk,rolls/buns,brown bread,bottled water,,,,,,,,,,,,,,,,,,,,,,,
beverages,processed cheese,coffee,,,,,,,,,,,,,,,,,,,,,,,,,,
other vegetables,sliced cheese,rolls/buns,bottled water,newspapers,,,,,,,,,,,,,,,,,,,,,,,,
rolls/buns,,,,,,,,,,,,,,,,,,,,,,,,,,,,
grapes,UHT-milk,,,,,,,,,,,,,,,,,,,,,,,,,,,
canned beer,shopping bags,,,,,,,,,,,,,,,,,,,,,,,,,,,
soda,,,,,,,,,,,,,,,,,,,,,,,,,,,,
berries,dessert,rolls/buns,soda,white wine,,,,,,,,,,,,,,,,,,,,,,,,
pip fruit,,,,,,,,,,,,,,,,,,,,,,,,,,,,
pork,root vegetables,other vegetables,whole milk,butter milk,yogurt,whipped/sour cream,rolls/buns,flour,cat food,instant coffee,waffles,cling film/bags,newspapers,,,,,,,,,,,,,,,
rolls/buns,bottled water,,,,,,,,,,,,,,,,,,,,,,,,,,,
sausage,bottled water,white wine,,,,,,,,,,,,,,,,,,,,,,,,,,
frankfurter,onions,liquor (appetizer),napkins,,,,,,,,,,,,,,,,,,,,,,,,,
butter,,,,,,,,,,,,,,,,,,,,,,,,,,,,
sausage,hamburger meat,whole milk,butter,curd,processed cheese,pastry,Instant food products,shopping bags,,,,,,,,,,,,,,,,,,,,
beef,,,,,,,,,,,,,,,,,,,,,,,,,,,,
rolls/buns,bottled beer,,,,,,,,,,,,,,,,,,,,,,,,,,,
tropical fruit,root vegetables,curd,yogurt,tea,newspapers,,,,,,,,,,,,,,,,,,,,,,,
beverages,frozen fish,salt,sugar,snack products,,,,,,,,,,,,,,,,,,,,,,,,
citrus fruit,tropical fruit,whole milk,yogurt,,,,,,,,,,,,,,,,,,,,,,,,,
pork,beef,grapes,berries,root vegetables,other vegetables,packaged fruit/vegetables,yogurt,newspapers,,,,,,,,,,,,,,,,,,,,
liver loaf,curd,rolls/buns,newspapers,,,,,,,,,,,,,,,,,,,,,,,,,
whole milk,napkins,,,,,,,,,,,,,,,,,,,,,,,,,,,
whole milk,shopping bags,,,,,,,,,,,,,,,,,,,,,,,,,,,
pork,margarine,candy,,,,,,,,,,,,,,,,,,,,,,,,,,
chicken,root vegetables,other vegetables,rolls/buns,canned beer,red/blush wine,,,,,,,,,,,,,,,,,,,,,,,
bottled water,canned beer,,,,,,,,,,,,,,,,,,,,,,,,,,,
whole milk,yogurt,frozen fish,domestic eggs,white bread,margarine,fruit/vegetable juice,waffles,skin care,hygiene articles,,,,,,,,,,,,,,,,,,,
sausage,tropical fruit,pip fruit,specialty cheese,ice cream,rolls/buns,soda,specialty chocolate,candy,shopping bags,,,,,,,,,,,,,,,,,,,
frozen vegetables,,,,,,,,,,,,,,,,,,,,,,,,,,,,
tropical fruit,whole milk,yogurt,,,,,,,,,,,,,,,,,,,,,,,,,,
whipped/sour cream,frozen vegetables,flour,flower (seeds),,,,,,,,,,,,,,,,,,,,,,,,,
tropical fruit,pasta,candy,,,,,,,,,,,,,,,,,,,,,,,,,,
berries,whipped/sour cream,,,,,,,,,,,,,,,,,,,,,,,,,,,
chicken,whole milk,rolls/buns,pasta,,,,,,,,,,,,,,,,,,,,,,,,,
other vegetables,chocolate,,,,,,,,,,,,,,,,,,,,,,,,,,,
frankfurter,sausage,,,,,,,,,,,,,,,,,,,,,,,,,,,
sausage,rolls/buns,,,,,,,,,,,,,,,,,,,,,,,,,,,
sausage,hard cheese,shopping bags,,,,,,,,,,,,,,,,,,,,,,,,,,
soda,chocolate,candy,,,,,,,,,,,,,,,,,,,,,,,,,,
curd,cream cheese,rolls/buns,flour,margarine,cat food,coffee,whisky,,,,,,,,,,,,,,,,,,,,,
curd,zwieback,,,,,,,,,,,,,,,,,,,,,,,,,,,
beef,whole milk,yogurt,brown bread,dish cleaner,dishes,,,,,,,,,,,,,,,,,,,,,,,
pork,beef,root vegetables,other vegetables,UHT-milk,spread cheese,mayonnaise,domestic eggs,zwieback,toilet cleaner,newspapers,shopping bags,,,,,,,,,,,,,,,,,
shopping bags,,,,,,,,,,,,,,,,,,,,,,,,,,,,
sausage,other vegetables,rolls/buns,,,,,,,,,,,,,,,,,,,,,,,,,,
frozen vegetables,specialty chocolate,,,,,,,,,,,,,,,,,,,,,,,,,,,
chicken,berries,root vegetables,whole milk,butter,whipped/sour cream,cereals,napkins,photo/film,flower (seeds),,,,,,,,,,,,,,,,,,,
yogurt,frozen vegetables,cat food,,,,,,,,,,,,,,,,,,,,,,,,,,
rolls/buns,,,,,,,,,,,,,,,,,,,,,,,,,,,,
sausage,rolls/buns,mustard,,,,,,,,,,,,,,,,,,,,,,,,,,
yogurt,dog food,newspapers,,,,,,,,,,,,,,,,,,,,,,,,,,
pork,fish,citrus fruit,whole milk,long life bakery product,,,,,,,,,,,,,,,,,,,,,,,,
tropical fruit,berries,whipped/sour cream,,,,,,,,,,,,,,,,,,,,,,,,,,
sausage,tropical fruit,pip fruit,root vegetables,whole milk,yogurt,rolls/buns,pastry,oil,coffee,specialty bar,dish cleaner,cling film/bags,shopping bags,,,,,,,,,,,,,,,
canned beer,,,,,,,,,,,,,,,,,,,,,,,,,,,,
grapes,cream cheese,,,,,,,,,,,,,,,,,,,,,,,,,,,
tropical fruit,whole milk,yogurt,whipped/sour cream,frozen meals,rolls/buns,waffles,newspapers,photo/film,,,,,,,,,,,,,,,,,,,,
yogurt,,,,,,,,,,,,,,,,,,,,,,,,,,,,
sausage,bottled beer,liquor,,,,,,,,,,,,,,,,,,,,,,,,,,
pork,tropical fruit,pip fruit,bottled water,bottled beer,,,,,,,,,,,,,,,,,,,,,,,,
soda,,,,,,,,,,,,,,,,,,,,,,,,,,,,
processed cheese,soda,,,,,,,,,,,,,,,,,,,,,,,,,,,
rolls/buns,,,,,,,,,,,,,,,,,,,,,,,,,,,,
beverages,rolls/buns,chewing gum,,,,,,,,,,,,,,,,,,,,,,,,,,
Instant food products,,,,,,,,,,,,,,,,,,,,,,,,,,,,
sausage,rolls/buns,cookware,,,,,,,,,,,,,,,,,,,,,,,,,,
pasta,sauces,cake bar,chocolate marshmallow,napkins,,,,,,,,,,,,,,,,,,,,,,,,
whole milk,yogurt,frozen meals,pasta,sauces,canned fish,cat food,pet care,soda,,,,,,,,,,,,,,,,,,,,
processed cheese,bottled water,soda,,,,,,,,,,,,,,,,,,,,,,,,,,
brown bread,,,,,,,,,,,,,,,,,,,,,,,,,,,,
frozen meals,canned beer,red/blush wine,salty snack,,,,,,,,,,,,,,,,,,,,,,,,,
tropical fruit,frozen meals,rolls/buns,candy,newspapers,,,,,,,,,,,,,,,,,,,,,,,,
bottled beer,liquor,,,,,,,,,,,,,,,,,,,,,,,,,,,
chocolate,,,,,,,,,,,,,,,,,,,,,,,,,,,,
whole milk,,,,,,,,,,,,,,,,,,,,,,,,,,,,
berries,other vegetables,yogurt,UHT-milk,rolls/buns,bottled water,soda,,,,,,,,,,,,,,,,,,,,,,
soda,specialty chocolate,,,,,,,,,,,,,,,,,,,,,,,,,,,
hamburger meat,grapes,whole milk,pastry,pasta,soda,,,,,,,,,,,,,,,,,,,,,,,
grapes,liquor (appetizer),waffles,,,,,,,,,,,,,,,,,,,,,,,,,,
hamburger meat,root vegetables,yogurt,whipped/sour cream,sliced cheese,pasta,soda,nut snack,waffles,,,,,,,,,,,,,,,,,,,,
sausage,other vegetables,yogurt,cat food,chewing gum,female sanitary products,cling film/bags,,,,,,,,,,,,,,,,,,,,,,
sausage,ham,bottled water,,,,,,,,,,,,,,,,,,,,,,,,,,
berries,,,,,,,,,,,,,,,,,,,,,,,,,,,,
canned beer,,,,,,,,,,,,,,,,,,,,,,,,,,,,
rolls/buns,soda,,,,,,,,,,,,,,,,,,,,,,,,,,,
rolls/buns,soda,detergent,,,,,,,,,,,,,,,,,,,,,,,,,,
chicken,other vegetables,rolls/buns,shopping bags,,,,,,,,,,,,,,,,,,,,,,,,,
rolls/buns,,,,,,,,,,,,,,,,,,,,,,,,,,,,
citrus fruit,whole milk,yogurt,whipped/sour cream,cat food,specialty chocolate,female sanitary products,,,,,,,,,,,,,,,,,,,,,,
soda,,,,,,,,,,,,,,,,,,,,,,,,,,,,
beef,root vegetables,curd,dessert,waffles,dish cleaner,,,,,,,,,,,,,,,,,,,,,,,
waffles,,,,,,,,,,,,,,,,,,,,,,,,,,,,
whole milk,salty snack,,,,,,,,,,,,,,,,,,,,,,,,,,,
finished products,,,,,,,,,,,,,,,,,,,,,,,,,,,,
ham,berries,root vegetables,whole milk,whipped/sour cream,brown bread,pastry,bottled beer,napkins,,,,,,,,,,,,,,,,,,,,
processed cheese,brown bread,,,,,,,,,,,,,,,,,,,,,,,,,,,
chicken,other vegetables,,,,,,,,,,,,,,,,,,,,,,,,,,,
rolls/buns,soda,cleaner,,,,,,,,,,,,,,,,,,,,,,,,,,
soda,rum,,,,,,,,,,,,,,,,,,,,,,,,,,,
fruit/vegetable juice,potted plants,shopping bags,,,,,,,,,,,,,,,,,,,,,,,,,,
frozen vegetables,frozen fish,,,,,,,,,,,,,,,,,,,,,,,,,,,
hamburger meat,soda,rum,potted plants,,,,,,,,,,,,,,,,,,,,,,,,,
frankfurter,meat,other vegetables,mustard,bottled beer,detergent,,,,,,,,,,,,,,,,,,,,,,,
other vegetables,yogurt,whipped/sour cream,waffles,,,,,,,,,,,,,,,,,,,,,,,,,
rolls/buns,soda,,,,,,,,,,,,,,,,,,,,,,,,,,,
whole milk,hard cheese,bottled beer,,,,,,,,,,,,,,,,,,,,,,,,,,
soda,,,,,,,,,,,,,,,,,,,,,,,,,,,,
tropical fruit,pip fruit,,,,,,,,,,,,,,,,,,,,,,,,,,,
bottled beer,,,,,,,,,,,,,,,,,,,,,,,,,,,,
frankfurter,sausage,pastry,,,,,,,,,,,,,,,,,,,,,,,,,,
yogurt,frozen fish,rolls/buns,,,,,,,,,,,,,,,,,,,,,,,,,,
ice cream,white bread,candles,,,,,,,,,,,,,,,,,,,,,,,,,,
tropical fruit,dishes,,,,,,,,,,,,,,,,,,,,,,,,,,,
pasta,soda,long life bakery product,,,,,,,,,,,,,,,,,,,,,,,,,,
root vegetables,whole milk,whipped/sour cream,domestic eggs,soda,fruit/vegetable juice,,,,,,,,,,,,,,,,,,,,,,,
soda,canned beer,newspapers,,,,,,,,,,,,,,,,,,,,,,,,,,
soda,misc. beverages,waffles,shopping bags,,,,,,,,,,,,,,,,,,,,,,,,,
grapes,berries,butter milk,yogurt,potted plants,,,,,,,,,,,,,,,,,,,,,,,,
specialty chocolate,,,,,,,,,,,,,,,,,,,,,,,,,,,,
frankfurter,chicken,citrus fruit,root vegetables,packaged fruit/vegetables,domestic eggs,brown bread,artif. sweetener,bottled water,waffles,napkins,,,,,,,,,,,,,,,,,,
yogurt,white wine,,,,,,,,,,,,,,,,,,,,,,,,,,,
whole milk,,,,,,,,,,,,,,,,,,,,,,,,,,,,
long life bakery product,detergent,,,,,,,,,,,,,,,,,,,,,,,,,,,
sausage,rolls/buns,soda,,,,,,,,,,,,,,,,,,,,,,,,,,
frankfurter,whole milk,processed cheese,ice cream,canned fish,hygiene articles,cling film/bags,,,,,,,,,,,,,,,,,,,,,,
pastry,margarine,candy,,,,,,,,,,,,,,,,,,,,,,,,,,
chewing gum,,,,,,,,,,,,,,,,,,,,,,,,,,,,
chicken,pork,fruit/vegetable juice,canned beer,waffles,,,,,,,,,,,,,,,,,,,,,,,,
coffee,shopping bags,,,,,,,,,,,,,,,,,,,,,,,,,,,
popcorn,,,,,,,,,,,,,,,,,,,,,,,,,,,,
whole milk,condensed milk,,,,,,,,,,,,,,,,,,,,,,,,,,,
frankfurter,beef,hamburger meat,grapes,whole milk,whipped/sour cream,mayonnaise,frozen vegetables,coffee,soda,misc. beverages,long life bakery product,hygiene articles,,,,,,,,,,,,,,,,
other vegetables,sliced cheese,hard cheese,rolls/buns,pastry,,,,,,,,,,,,,,,,,,,,,,,,
sausage,pip fruit,other vegetables,whole milk,hard cheese,rolls/buns,canned vegetables,candy,napkins,,,,,,,,,,,,,,,,,,,,
whole milk,frozen meals,ice cream,,,,,,,,,,,,,,,,,,,,,,,,,,
other vegetables,frozen vegetables,ice cream,,,,,,,,,,,,,,,,,,,,,,,,,,
meat,chicken,beef,whole milk,whipped/sour cream,fruit/vegetable juice,,,,,,,,,,,,,,,,,,,,,,,
cat food,soda,specialty chocolate,,,,,,,,,,,,,,,,,,,,,,,,,,
dessert,canned beer,,,,,,,,,,,,,,,,,,,,,,,,,,,
chicken,,,,,,,,,,,,,,,,,,,,,,,,,,,,
coffee,soda,chocolate marshmallow,,,,,,,,,,,,,,,,,,,,,,,,,,
frozen meals,ice cream,brown bread,,,,,,,,,,,,,,,,,,,,,,,,,,
white bread,white wine,,,,,,,,,,,,,,,,,,,,,,,,,,,
pip fruit,UHT-milk,semi-finished bread,margarine,bottled water,cake bar,shopping bags,,,,,,,,,,,,,,,,,,,,,,
tropical fruit,bottled water,,,,,,,,,,,,,,,,,,,,,,,,,,,
packaged fruit/vegetables,,,,,,,,,,,,,,,,,,,,,,,,,,,,
whole milk,,,,,,,,,,,,,,,,,,,,,,,,,,,,
pork,root vegetables,soda,salty snack,,,,,,,,,,,,,,,,,,,,,,,,,
other vegetables,UHT-milk,sugar,soda,,,,,,,,,,,,,,,,,,,,,,,,,
meat,yogurt,napkins,,,,,,,,,,,,,,,,,,,,,,,,,,
canned beer,red/blush wine,,,,,,,,,,,,,,,,,,,,,,,,,,,
tropical fruit,yogurt,beverages,hard cheese,frozen meals,rolls/buns,tea,bottled water,light bulbs,shopping bags,,,,,,,,,,,,,,,,,,,
sweet spreads,,,,,,,,,,,,,,,,,,,,,,,,,,,,
brandy,,,,,,,,,,,,,,,,,,,,,,,,,,,,
tropical fruit,brandy,,,,,,,,,,,,,,,,,,,,,,,,,,,
sausage,pork,tropical fruit,other vegetables,butter milk,UHT-milk,soda,,,,,,,,,,,,,,,,,,,,,,
coffee,bottled water,canned beer,napkins,,,,,,,,,,,,,,,,,,,,,,,,,
pork,,,,,,,,,,,,,,,,,,,,,,,,,,,,
canned beer,,,,,,,,,,,,,,,,,,,,,,,,,,,,
pastry,soda,waffles,,,,,,,,,,,,,,,,,,,,,,,,,,
misc. beverages,,,,,,,,,,,,,,,,,,,,,,,,,,,,
misc. beverages,,,,,,,,,,,,,,,,,,,,,,,,,,,,
frozen dessert,bottled water,soda,bottled beer,,,,,,,,,,,,,,,,,,,,,,,,,
citrus fruit,whole milk,yogurt,rolls/buns,bottled water,,,,,,,,,,,,,,,,,,,,,,,,
rolls/buns,,,,,,,,,,,,,,,,,,,,,,,,,,,,
canned vegetables,,,,,,,,,,,,,,,,,,,,,,,,,,,,
whole milk,baking powder,bottled water,newspapers,,,,,,,,,,,,,,,,,,,,,,,,,
chicken,grapes,whole milk,yogurt,rolls/buns,bottled water,fruit/vegetable juice,bottled beer,chocolate,napkins,,,,,,,,,,,,,,,,,,,
pip fruit,whole milk,rolls/buns,sugar,baking powder,,,,,,,,,,,,,,,,,,,,,,,,
canned beer,,,,,,,,,,,,,,,,,,,,,,,,,,,,
citrus fruit,tropical fruit,pip fruit,onions,other vegetables,whole milk,yogurt,frozen fish,long life bakery product,newspapers,potted plants,,,,,,,,,,,,,,,,,,
meat,root vegetables,onions,herbs,other vegetables,whole milk,flour,soda,seasonal products,,,,,,,,,,,,,,,,,,,,
root vegetables,other vegetables,whole milk,flour,,,,,,,,,,,,,,,,,,,,,,,,,
beef,root vegetables,other vegetables,whipped/sour cream,rolls/buns,bottled beer,,,,,,,,,,,,,,,,,,,,,,,
processed cheese,,,,,,,,,,,,,,,,,,,,,,,,,,,,
domestic eggs,white wine,,,,,,,,,,,,,,,,,,,,,,,,,,,
sausage,chicken,beef,citrus fruit,tropical fruit,root vegetables,onions,herbs,other vegetables,whole milk,butter,curd,yogurt,frozen meals,domestic eggs,,,,,,,,,,,,,,
canned beer,,,,,,,,,,,,,,,,,,,,,,,,,,,,
tropical fruit,dessert,yogurt,UHT-milk,domestic eggs,rolls/buns,brown bread,canned vegetables,meat spreads,cake bar,chocolate,specialty chocolate,,,,,,,,,,,,,,,,,
curd,yogurt,,,,,,,,,,,,,,,,,,,,,,,,,,,
pip fruit,,,,,,,,,,,,,,,,,,,,,,,,,,,,
soda,fruit/vegetable juice,long life bakery product,,,,,,,,,,,,,,,,,,,,,,,,,,
frankfurter,meat,pork,grapes,root vegetables,whipped/sour cream,domestic eggs,,,,,,,,,,,,,,,,,,,,,,
tropical fruit,whole milk,white bread,long life bakery product,napkins,,,,,,,,,,,,,,,,,,,,,,,,
chicken,tropical fruit,other vegetables,shopping bags,,,,,,,,,,,,,,,,,,,,,,,,,
chicken,pork,tropical fruit,curd cheese,cat food,,,,,,,,,,,,,,,,,,,,,,,,
rolls/buns,canned fish,soda,newspapers,,,,,,,,,,,,,,,,,,,,,,,,,
sausage,beef,citrus fruit,yogurt,brown bread,margarine,soda,long life bakery product,hygiene articles,napkins,potted plants,,,,,,,,,,,,,,,,,,
condensed milk,coffee,,,,,,,,,,,,,,,,,,,,,,,,,,,
frankfurter,sausage,meat,turkey,other vegetables,whipped/sour cream,brown bread,margarine,bottled beer,,,,,,,,,,,,,,,,,,,,
turkey,citrus fruit,pip fruit,herbs,butter,frozen vegetables,brown bread,semi-finished bread,,,,,,,,,,,,,,,,,,,,,
beef,citrus fruit,whole milk,yogurt,rolls/buns,bottled water,,,,,,,,,,,,,,,,,,,,,,,
whole milk,pastry,,,,,,,,,,,,,,,,,,,,,,,,,,,
berries,other vegetables,whole milk,yogurt,whipped/sour cream,frozen vegetables,margarine,newspapers,flower (seeds),,,,,,,,,,,,,,,,,,,,
citrus fruit,newspapers,,,,,,,,,,,,,,,,,,,,,,,,,,,
pip fruit,sliced cheese,rolls/buns,canned beer,shopping bags,,,,,,,,,,,,,,,,,,,,,,,,
canned beer,,,,,,,,,,,,,,,,,,,,,,,,,,,,
chicken,citrus fruit,root vegetables,,,,,,,,,,,,,,,,,,,,,,,,,,
sausage,citrus fruit,grapes,curd,rolls/buns,brown bread,bottled beer,,,,,,,,,,,,,,,,,,,,,,
liver loaf,tropical fruit,yogurt,ice cream,rolls/buns,,,,,,,,,,,,,,,,,,,,,,,,
sliced cheese,,,,,,,,,,,,,,,,,,,,,,,,,,,,
pork,other vegetables,sliced cheese,white bread,,,,,,,,,,,,,,,,,,,,,,,,,
tropical fruit,butter milk,,,,,,,,,,,,,,,,,,,,,,,,,,,
spread cheese,rolls/buns,,,,,,,,,,,,,,,,,,,,,,,,,,,
hamburger meat,white bread,pasta,specialty vegetables,bottled water,soda,snack products,waffles,cake bar,candy,,,,,,,,,,,,,,,,,,,
frankfurter,grapes,yogurt,cream cheese,frozen potato products,rolls/buns,meat spreads,bottled water,soda,chewing gum,,,,,,,,,,,,,,,,,,,
pip fruit,semi-finished bread,soups,,,,,,,,,,,,,,,,,,,,,,,,,,
whole milk,rolls/buns,canned beer,,,,,,,,,,,,,,,,,,,,,,,,,,
beef,citrus fruit,root vegetables,other vegetables,dessert,whipped/sour cream,oil,fruit/vegetable juice,napkins,cling film/bags,newspapers,shopping bags,,,,,,,,,,,,,,,,,
sausage,frozen vegetables,seasonal products,,,,,,,,,,,,,,,,,,,,,,,,,,
pork,berries,whole milk,frozen meals,white bread,brown bread,margarine,long life bakery product,napkins,,,,,,,,,,,,,,,,,,,,
sausage,root vegetables,other vegetables,sliced cheese,hard cheese,semi-finished bread,oil,baking powder,canned vegetables,pet care,chocolate,napkins,newspapers,,,,,,,,,,,,,,,,
napkins,,,,,,,,,,,,,,,,,,,,,,,,,,,,
hamburger meat,,,,,,,,,,,,,,,,,,,,,,,,,,,,
liver loaf,pork,other vegetables,whole milk,rolls/buns,coffee,soda,napkins,dishes,,,,,,,,,,,,,,,,,,,,
other vegetables,butter,margarine,specialty fat,,,,,,,,,,,,,,,,,,,,,,,,,
pork,citrus fruit,pip fruit,root vegetables,whole milk,frozen dessert,rolls/buns,oil,coffee,bottled beer,,,,,,,,,,,,,,,,,,,
berries,yogurt,cream cheese,rolls/buns,soda,brandy,,,,,,,,,,,,,,,,,,,,,,,
chicken,root vegetables,other vegetables,coffee,chewing gum,hygiene articles,napkins,cling film/bags,kitchen towels,light bulbs,,,,,,,,,,,,,,,,,,,
whole milk,UHT-milk,chocolate,newspapers,shopping bags,,,,,,,,,,,,,,,,,,,,,,,,
butter,UHT-milk,domestic eggs,waffles,,,,,,,,,,,,,,,,,,,,,,,,,
beef,root vegetables,other vegetables,whole milk,,,,,,,,,,,,,,,,,,,,,,,,,
processed cheese,bottled beer,liquor,red/blush wine,,,,,,,,,,,,,,,,,,,,,,,,,
sausage,rolls/buns,pastry,cat food,,,,,,,,,,,,,,,,,,,,,,,,,
rolls/buns,,,,,,,,,,,,,,,,,,,,,,,,,,,,
beef,root vegetables,rolls/buns,brown bread,pastry,oil,napkins,newspapers,,,,,,,,,,,,,,,,,,,,,
hamburger meat,dessert,pickled vegetables,coffee,shopping bags,,,,,,,,,,,,,,,,,,,,,,,,
frankfurter,sausage,pork,citrus fruit,other vegetables,whole milk,rolls/buns,oil,bottled water,specialty chocolate,flower (seeds),,,,,,,,,,,,,,,,,,
berries,whole milk,flour,sugar,soda,,,,,,,,,,,,,,,,,,,,,,,,
kitchen utensil,,,,,,,,,,,,,,,,,,,,,,,,,,,,
whole milk,bottled water,,,,,,,,,,,,,,,,,,,,,,,,,,,
whole milk,butter,yogurt,brown bread,bottled water,soda,fruit/vegetable juice,long life bakery product,newspapers,,,,,,,,,,,,,,,,,,,,
frankfurter,whole milk,margarine,bottled water,soda,detergent,,,,,,,,,,,,,,,,,,,,,,,
pip fruit,herbs,other vegetables,whole milk,curd,whipped/sour cream,rum,napkins,house keeping products,shopping bags,,,,,,,,,,,,,,,,,,,
hygiene articles,,,,,,,,,,,,,,,,,,,,,,,,,,,,
frankfurter,root vegetables,whole milk,butter,curd,domestic eggs,brown bread,flour,pickled vegetables,house keeping products,,,,,,,,,,,,,,,,,,,
chicken,citrus fruit,other vegetables,,,,,,,,,,,,,,,,,,,,,,,,,,
bottled water,,,,,,,,,,,,,,,,,,,,,,,,,,,,
hamburger meat,herbs,other vegetables,butter,whipped/sour cream,soda,dish cleaner,cleaner,,,,,,,,,,,,,,,,,,,,,
curd,yogurt,,,,,,,,,,,,,,,,,,,,,,,,,,,
butter,bottled beer,,,,,,,,,,,,,,,,,,,,,,,,,,,
UHT-milk,candy,napkins,,,,,,,,,,,,,,,,,,,,,,,,,,
rolls/buns,,,,,,,,,,,,,,,,,,,,,,,,,,,,
sausage,rolls/buns,chocolate,candy,shopping bags,,,,,,,,,,,,,,,,,,,,,,,,
ham,tropical fruit,ice cream,semi-finished bread,chocolate marshmallow,,,,,,,,,,,,,,,,,,,,,,,,
grapes,root vegetables,other vegetables,domestic eggs,,,,,,,,,,,,,,,,,,,,,,,,,
whole milk,,,,,,,,,,,,,,,,,,,,,,,,,,,,
chicken,tropical fruit,other vegetables,whole milk,soft cheese,frozen vegetables,chocolate,,,,,,,,,,,,,,,,,,,,,,
frankfurter,sausage,processed cheese,rolls/buns,pickled vegetables,bottled water,liquor,shopping bags,,,,,,,,,,,,,,,,,,,,,
citrus fruit,tropical fruit,other vegetables,whole milk,butter,curd,yogurt,sliced cheese,spread cheese,rolls/buns,semi-finished bread,,,,,,,,,,,,,,,,,,
turkey,yogurt,rolls/buns,pastry,margarine,bottled water,soda,fruit/vegetable juice,canned beer,,,,,,,,,,,,,,,,,,,,
sausage,pip fruit,other vegetables,yogurt,hard cheese,domestic eggs,rolls/buns,bottled water,newspapers,,,,,,,,,,,,,,,,,,,,
beverages,pastry,soda,misc. beverages,chocolate marshmallow,,,,,,,,,,,,,,,,,,,,,,,,
mayonnaise,tidbits,rolls/buns,bottled water,soda,cake bar,,,,,,,,,,,,,,,,,,,,,,,
rolls/buns,,,,,,,,,,,,,,,,,,,,,,,,,,,,
whole milk,,,,,,,,,,,,,,,,,,,,,,,,,,,,
soda,chocolate,specialty bar,napkins,,,,,,,,,,,,,,,,,,,,,,,,,
organic sausage,mustard,ready soups,soda,,,,,,,,,,,,,,,,,,,,,,,,,
frankfurter,chicken,citrus fruit,root vegetables,,,,,,,,,,,,,,,,,,,,,,,,,
yogurt,,,,,,,,,,,,,,,,,,,,,,,,,,,,
salty snack,,,,,,,,,,,,,,,,,,,,,,,,,,,,
meat,beef,other vegetables,butter,frozen fish,bottled water,napkins,,,,,,,,,,,,,,,,,,,,,,
whole milk,curd,yogurt,soft cheese,detergent,newspapers,,,,,,,,,,,,,,,,,,,,,,,
rolls/buns,,,,,,,,,,,,,,,,,,,,,,,,,,,,
other vegetables,whole milk,rice,fruit/vegetable juice,,,,,,,,,,,,,,,,,,,,,,,,,
frankfurter,citrus fruit,pip fruit,dessert,butter milk,frozen vegetables,frozen meals,domestic eggs,white bread,brown bread,pastry,soda,salty snack,long life bakery product,napkins,shopping bags,,,,,,,,,,,,,
citrus fruit,rolls/buns,flour,margarine,sugar,mustard,cat food,soda,bottled beer,nut snack,newspapers,shopping bags,,,,,,,,,,,,,,,,,
tropical fruit,shopping bags,,,,,,,,,,,,,,,,,,,,,,,,,,,
salty snack,,,,,,,,,,,,,,,,,,,,,,,,,,,,
pastry,coffee,waffles,,,,,,,,,,,,,,,,,,,,,,,,,,
salty snack,,,,,,,,,,,,,,,,,,,,,,,,,,,,
canned beer,shopping bags,,,,,,,,,,,,,,,,,,,,,,,,,,,
chicken,beef,flour,salty snack,,,,,,,,,,,,,,,,,,,,,,,,,
bottled beer,shopping bags,,,,,,,,,,,,,,,,,,,,,,,,,,,
chocolate,,,,,,,,,,,,,,,,,,,,,,,,,,,,
processed cheese,soda,shopping bags,,,,,,,,,,,,,,,,,,,,,,,,,,
pip fruit,whole milk,dessert,margarine,chocolate marshmallow,,,,,,,,,,,,,,,,,,,,,,,,
meat,pork,other vegetables,whole milk,sliced cheese,pastry,sugar,Instant food products,kitchen towels,,,,,,,,,,,,,,,,,,,,
bottled beer,,,,,,,,,,,,,,,,,,,,,,,,,,,,
frankfurter,curd,frozen vegetables,domestic eggs,soups,soda,soap,hygiene articles,,,,,,,,,,,,,,,,,,,,,
frankfurter,processed cheese,,,,,,,,,,,,,,,,,,,,,,,,,,,
other vegetables,cream cheese,frozen fruits,frozen fish,domestic eggs,rolls/buns,margarine,cereals,pickled vegetables,canned fish,dog food,salty snack,specialty chocolate,dental care,kitchen towels,shopping bags,,,,,,,,,,,,,
pork,whole milk,soda,canned beer,salty snack,chewing gum,candy,,,,,,,,,,,,,,,,,,,,,,
root vegetables,other vegetables,,,,,,,,,,,,,,,,,,,,,,,,,,,
other vegetables,whole milk,napkins,,,,,,,,,,,,,,,,,,,,,,,,,,
beef,whipped/sour cream,,,,,,,,,,,,,,,,,,,,,,,,,,,
sausage,beef,berries,root vegetables,other vegetables,whole milk,butter,sliced cheese,rolls/buns,white bread,brown bread,pastry,jam,soda,fruit/vegetable juice,syrup,chocolate,dish cleaner,dental care,napkins,newspapers,,,,,,,,
sausage,tropical fruit,berries,other vegetables,dessert,frozen fish,frozen potato products,red/blush wine,seasonal products,,,,,,,,,,,,,,,,,,,,
other vegetables,cream cheese,,,,,,,,,,,,,,,,,,,,,,,,,,,
frankfurter,ham,chicken,pork,root vegetables,other vegetables,dessert,cream cheese,rolls/buns,cat food,bottled water,shopping bags,,,,,,,,,,,,,,,,,
grapes,butter,rum,,,,,,,,,,,,,,,,,,,,,,,,,,
citrus fruit,domestic eggs,bottled water,soda,,,,,,,,,,,,,,,,,,,,,,,,,
whole milk,newspapers,,,,,,,,,,,,,,,,,,,,,,,,,,,
tropical fruit,berries,root vegetables,other vegetables,butter,yogurt,UHT-milk,domestic eggs,margarine,bottled water,soda,salty snack,newspapers,,,,,,,,,,,,,,,,
tropical fruit,,,,,,,,,,,,,,,,,,,,,,,,,,,,
soda,salty snack,specialty chocolate,,,,,,,,,,,,,,,,,,,,,,,,,,
sausage,chicken,pip fruit,grapes,berries,root vegetables,onions,other vegetables,whole milk,butter,whipped/sour cream,ice cream,rolls/buns,margarine,mustard,ready soups,bottled water,canned beer,skin care,hygiene articles,,,,,,,,,
yogurt,white wine,,,,,,,,,,,,,,,,,,,,,,,,,,,
whole milk,rolls/buns,,,,,,,,,,,,,,,,,,,,,,,,,,,
frankfurter,sausage,chicken,other vegetables,whole milk,curd,semi-finished bread,candy,detergent,,,,,,,,,,,,,,,,,,,,
hamburger meat,frozen vegetables,frozen meals,domestic eggs,,,,,,,,,,,,,,,,,,,,,,,,,
frankfurter,sausage,pork,curd,soda,long life bakery product,napkins,,,,,,,,,,,,,,,,,,,,,,
frankfurter,meat,pork,root vegetables,onions,whole milk,beverages,mayonnaise,soda,chocolate,,,,,,,,,,,,,,,,,,,
sausage,hamburger meat,other vegetables,yogurt,sliced cheese,brown bread,sugar,fruit/vegetable juice,canned beer,cleaner,bathroom cleaner,napkins,newspapers,,,,,,,,,,,,,,,,
pork,tropical fruit,pip fruit,root vegetables,frozen dessert,rolls/buns,margarine,seasonal products,napkins,dishes,,,,,,,,,,,,,,,,,,,
yogurt,bottled water,white wine,,,,,,,,,,,,,,,,,,,,,,,,,,
other vegetables,butter,rolls/buns,flower (seeds),,,,,,,,,,,,,,,,,,,,,,,,,
beef,herbs,other vegetables,whole milk,rice,,,,,,,,,,,,,,,,,,,,,,,,
pork,other vegetables,,,,,,,,,,,,,,,,,,,,,,,,,,,
yogurt,pickled vegetables,soda,fruit/vegetable juice,bottled beer,salty snack,,,,,,,,,,,,,,,,,,,,,,,
salty snack,candy,,,,,,,,,,,,,,,,,,,,,,,,,,,
pip fruit,chocolate marshmallow,,,,,,,,,,,,,,,,,,,,,,,,,,,
curd,yogurt,pastry,bottled water,fruit/vegetable juice,dishes,potted plants,,,,,,,,,,,,,,,,,,,,,,
frankfurter,ham,hamburger meat,other vegetables,margarine,specialty chocolate,,,,,,,,,,,,,,,,,,,,,,,
photo/film,,,,,,,,,,,,,,,,,,,,,,,,,,,,
pip fruit,specialty bar,,,,,,,,,,,,,,,,,,,,,,,,,,,
ham,beef,other vegetables,whole milk,domestic eggs,oil,sugar,jam,bottled water,potted plants,,,,,,,,,,,,,,,,,,,
pip fruit,,,,,,,,,,,,,,,,,,,,,,,,,,,,
soda,,,,,,,,,,,,,,,,,,,,,,,,,,,,
sugar,,,,,,,,,,,,,,,,,,,,,,,,,,,,
hamburger meat,other vegetables,canned vegetables,,,,,,,,,,,,,,,,,,,,,,,,,,
whole milk,,,,,,,,,,,,,,,,,,,,,,,,,,,,
frankfurter,tropical fruit,grapes,other vegetables,rolls/buns,white bread,soda,syrup,canned beer,long life bakery product,candy,rubbing alcohol,cling film/bags,,,,,,,,,,,,,,,,
red/blush wine,,,,,,,,,,,,,,,,,,,,,,,,,,,,
salty snack,,,,,,,,,,,,,,,,,,,,,,,,,,,,
pork,tropical fruit,pip fruit,nuts/prunes,other vegetables,frozen meals,margarine,newspapers,,,,,,,,,,,,,,,,,,,,,
misc. beverages,fruit/vegetable juice,canned beer,chewing gum,chocolate,shopping bags,,,,,,,,,,,,,,,,,,,,,,,
other vegetables,fruit/vegetable juice,chewing gum,,,,,,,,,,,,,,,,,,,,,,,,,,
spread cheese,,,,,,,,,,,,,,,,,,,,,,,,,,,,
whole milk,whipped/sour cream,pastry,margarine,shopping bags,,,,,,,,,,,,,,,,,,,,,,,,
pip fruit,other vegetables,whole milk,dessert,butter milk,yogurt,cream cheese,tidbits,frozen potato products,rolls/buns,white bread,mustard,fruit/vegetable juice,salty snack,long life bakery product,chocolate,specialty bar,napkins,,,,,,,,,,,
frankfurter,whole milk,frozen vegetables,fruit/vegetable juice,,,,,,,,,,,,,,,,,,,,,,,,,
sliced cheese,frozen fish,margarine,bottled water,canned beer,,,,,,,,,,,,,,,,,,,,,,,,
sausage,root vegetables,soda,bottled beer,salty snack,popcorn,,,,,,,,,,,,,,,,,,,,,,,
other vegetables,soft cheese,margarine,bottled water,bottled beer,,,,,,,,,,,,,,,,,,,,,,,,
chicken,frozen vegetables,bottled beer,,,,,,,,,,,,,,,,,,,,,,,,,,
cat food,,,,,,,,,,,,,,,,,,,,,,,,,,,,
other vegetables,whole milk,butter milk,yogurt,whipped/sour cream,domestic eggs,pastry,popcorn,,,,,,,,,,,,,,,,,,,,,
sausage,other vegetables,whole milk,fruit/vegetable juice,,,,,,,,,,,,,,,,,,,,,,,,,
cream cheese,chocolate marshmallow,,,,,,,,,,,,,,,,,,,,,,,,,,,
other vegetables,,,,,,,,,,,,,,,,,,,,,,,,,,,,
sausage,whole milk,white bread,,,,,,,,,,,,,,,,,,,,,,,,,,
ham,yogurt,pastry,coffee,waffles,chocolate,female sanitary products,,,,,,,,,,,,,,,,,,,,,,
soda,,,,,,,,,,,,,,,,,,,,,,,,,,,,
citrus fruit,whole milk,bottled water,soda,fruit/vegetable juice,bottled beer,,,,,,,,,,,,,,,,,,,,,,,
whole milk,,,,,,,,,,,,,,,,,,,,,,,,,,,,
sausage,tropical fruit,pip fruit,berries,other vegetables,whole milk,butter,curd,whipped/sour cream,cat food,salty snack,popcorn,potted plants,shopping bags,,,,,,,,,,,,,,,
shopping bags,,,,,,,,,,,,,,,,,,,,,,,,,,,,
frozen fish,liquor (appetizer),,,,,,,,,,,,,,,,,,,,,,,,,,,
yogurt,UHT-milk,domestic eggs,rolls/buns,long life bakery product,,,,,,,,,,,,,,,,,,,,,,,,
sausage,other vegetables,whole milk,butter,fruit/vegetable juice,,,,,,,,,,,,,,,,,,,,,,,,
ham,whole milk,white bread,,,,,,,,,,,,,,,,,,,,,,,,,,
whole milk,brown bread,margarine,,,,,,,,,,,,,,,,,,,,,,,,,,
sausage,pork,citrus fruit,tropical fruit,pip fruit,root vegetables,whole milk,butter,curd,yogurt,cream,sliced cheese,hard cheese,frozen vegetables,frozen fish,frozen potato products,brown bread,margarine,baking powder,cat food,pet care,soda,fruit/vegetable juice,nut snack,chocolate,female sanitary products,hygiene articles,napkins,house keeping products
tropical fruit,whole milk,,,,,,,,,,,,,,,,,,,,,,,,,,,
domestic eggs,pastry,bottled beer,canned beer,long life bakery product,chocolate,candles,newspapers,,,,,,,,,,,,,,,,,,,,,
rolls/buns,,,,,,,,,,,,,,,,,,,,,,,,,,,,
other vegetables,frozen fish,brown bread,red/blush wine,,,,,,,,,,,,,,,,,,,,,,,,,
frankfurter,pip fruit,soft cheese,semi-finished bread,chewing gum,specialty chocolate,,,,,,,,,,,,,,,,,,,,,,,
citrus fruit,root vegetables,other vegetables,UHT-milk,domestic eggs,canned fruit,soda,waffles,candy,newspapers,,,,,,,,,,,,,,,,,,,
hamburger meat,tropical fruit,other vegetables,shopping bags,,,,,,,,,,,,,,,,,,,,,,,,,
rolls/buns,sugar,,,,,,,,,,,,,,,,,,,,,,,,,,,
butter,curd,yogurt,whipped/sour cream,margarine,salty snack,hygiene articles,,,,,,,,,,,,,,,,,,,,,,
semi-finished bread,,,,,,,,,,,,,,,,,,,,,,,,,,,,
pastry,,,,,,,,,,,,,,,,,,,,,,,,,,,,
whole milk,domestic eggs,,,,,,,,,,,,,,,,,,,,,,,,,,,
meat,citrus fruit,whole milk,,,,,,,,,,,,,,,,,,,,,,,,,,
canned beer,,,,,,,,,,,,,,,,,,,,,,,,,,,,
tropical fruit,whole milk,butter,butter milk,brown bread,pastry,,,,,,,,,,,,,,,,,,,,,,,
chicken,whole milk,butter,curd,domestic eggs,newspapers,,,,,,,,,,,,,,,,,,,,,,,
ham,pork,berries,root vegetables,oil,soda,bottled beer,salty snack,popcorn,newspapers,,,,,,,,,,,,,,,,,,,
pork,tropical fruit,grapes,onions,other vegetables,whole milk,yogurt,frozen vegetables,pet care,bottled water,seasonal products,,,,,,,,,,,,,,,,,,
beef,other vegetables,whole milk,brown bread,waffles,,,,,,,,,,,,,,,,,,,,,,,,
pork,pip fruit,grapes,other vegetables,whole milk,pastry,flour,oil,sugar,dog food,chocolate,,,,,,,,,,,,,,,,,,
dessert,,,,,,,,,,,,,,,,,,,,,,,,,,,,
pork,yogurt,UHT-milk,salty snack,,,,,,,,,,,,,,,,,,,,,,,,,
chicken,hamburger meat,citrus fruit,tropical fruit,pip fruit,other vegetables,yogurt,rolls/buns,mustard,canned vegetables,cake bar,napkins,newspapers,,,,,,,,,,,,,,,,
chicken,pork,beef,hamburger meat,citrus fruit,other vegetables,packaged fruit/vegetables,whole milk,pastry,napkins,,,,,,,,,,,,,,,,,,,
tropical fruit,root vegetables,other vegetables,whole milk,processed cheese,,,,,,,,,,,,,,,,,,,,,,,,
rolls/buns,,,,,,,,,,,,,,,,,,,,,,,,,,,,
other vegetables,whole milk,yogurt,whipped/sour cream,baking powder,misc. beverages,sparkling wine,dish cleaner,,,,,,,,,,,,,,,,,,,,,
citrus fruit,beverages,domestic eggs,rolls/buns,bottled water,chewing gum,chocolate marshmallow,,,,,,,,,,,,,,,,,,,,,,
meat,pork,tropical fruit,berries,baking powder,canned fish,seasonal products,,,,,,,,,,,,,,,,,,,,,,
frankfurter,beef,other vegetables,whole milk,butter milk,yogurt,hard cheese,coffee,photo/film,,,,,,,,,,,,,,,,,,,,
pork,other vegetables,whole milk,rolls/buns,,,,,,,,,,,,,,,,,,,,,,,,,
beef,whole milk,rolls/buns,white bread,margarine,newspapers,,,,,,,,,,,,,,,,,,,,,,,
whole milk,whipped/sour cream,rolls/buns,pickled vegetables,bottled water,long life bakery product,,,,,,,,,,,,,,,,,,,,,,,
citrus fruit,whole milk,whipped/sour cream,rolls/buns,margarine,cling film/bags,,,,,,,,,,,,,,,,,,,,,,,
other vegetables,whole milk,condensed milk,white bread,sugar,coffee,soda,fruit/vegetable juice,bottled beer,shopping bags,,,,,,,,,,,,,,,,,,,
frankfurter,hamburger meat,other vegetables,pastry,dish cleaner,cling film/bags,kitchen towels,,,,,,,,,,,,,,,,,,,,,,
other vegetables,,,,,,,,,,,,,,,,,,,,,,,,,,,,
yogurt,abrasive cleaner,,,,,,,,,,,,,,,,,,,,,,,,,,,
hamburger meat,whole milk,butter milk,yogurt,margarine,baking powder,,,,,,,,,,,,,,,,,,,,,,,
pork,root vegetables,brown bread,bottled water,soda,,,,,,,,,,,,,,,,,,,,,,,,
tropical fruit,other vegetables,whole milk,butter,yogurt,,,,,,,,,,,,,,,,,,,,,,,,
rolls/buns,pickled vegetables,chewing gum,specialty chocolate,,,,,,,,,,,,,,,,,,,,,,,,,
tropical fruit,,,,,,,,,,,,,,,,,,,,,,,,,,,,
sausage,chicken,pork,citrus fruit,berries,root vegetables,packaged fruit/vegetables,curd,yogurt,whipped/sour cream,frozen vegetables,,,,,,,,,,,,,,,,,,
other vegetables,yogurt,rolls/buns,salt,sparkling wine,napkins,,,,,,,,,,,,,,,,,,,,,,,
sausage,,,,,,,,,,,,,,,,,,,,,,,,,,,,
other vegetables,whole milk,canned beer,,,,,,,,,,,,,,,,,,,,,,,,,,
ham,meat,root vegetables,other vegetables,whole milk,curd,yogurt,frozen vegetables,frozen meals,frozen fish,rolls/buns,jam,misc. beverages,candy,seasonal products,detergent,,,,,,,,,,,,,
ham,root vegetables,herbs,whole milk,curd,yogurt,hard cheese,rolls/buns,detergent,,,,,,,,,,,,,,,,,,,,
rolls/buns,bottled beer,brandy,,,,,,,,,,,,,,,,,,,,,,,,,,
sausage,pip fruit,UHT-milk,soups,sauces,cat food,newspapers,,,,,,,,,,,,,,,,,,,,,,
root vegetables,herbs,other vegetables,dessert,ice cream,cake bar,newspapers,shopping bags,,,,,,,,,,,,,,,,,,,,,
berries,other vegetables,semi-finished bread,,,,,,,,,,,,,,,,,,,,,,,,,,
pork,soda,canned beer,male cosmetics,,,,,,,,,,,,,,,,,,,,,,,,,
pastry,fruit/vegetable juice,,,,,,,,,,,,,,,,,,,,,,,,,,,
meat,pork,fish,tropical fruit,grapes,berries,other vegetables,whole milk,frozen vegetables,semi-finished bread,chocolate,detergent,kitchen utensil,candles,,,,,,,,,,,,,,,
meat,root vegetables,other vegetables,dessert,yogurt,whipped/sour cream,rolls/buns,potato products,soda,misc. beverages,napkins,photo/film,,,,,,,,,,,,,,,,,
sauces,red/blush wine,waffles,newspapers,,,,,,,,,,,,,,,,,,,,,,,,,
pip fruit,coffee,,,,,,,,,,,,,,,,,,,,,,,,,,,
root vegetables,white bread,chewing gum,,,,,,,,,,,,,,,,,,,,,,,,,,
ham,citrus fruit,tropical fruit,pip fruit,root vegetables,other vegetables,whole milk,brown bread,,,,,,,,,,,,,,,,,,,,,
yogurt,long life bakery product,photo/film,potted plants,,,,,,,,,,,,,,,,,,,,,,,,,
citrus fruit,pip fruit,onions,other vegetables,whole milk,butter milk,whipped/sour cream,cream cheese,domestic eggs,brown bread,shopping bags,,,,,,,,,,,,,,,,,,
berries,herbs,potted plants,,,,,,,,,,,,,,,,,,,,,,,,,,
frankfurter,sausage,chicken,pork,tropical fruit,pip fruit,root vegetables,whole milk,dessert,cream cheese,frozen vegetables,rolls/buns,white bread,cake bar,napkins,shopping bags,,,,,,,,,,,,,
citrus fruit,cream cheese,,,,,,,,,,,,,,,,,,,,,,,,,,,
frankfurter,rolls/buns,,,,,,,,,,,,,,,,,,,,,,,,,,,
beef,root vegetables,whole milk,pastry,soda,waffles,candy,,,,,,,,,,,,,,,,,,,,,,
chicken,pork,beef,berries,other vegetables,whole milk,rolls/buns,,,,,,,,,,,,,,,,,,,,,,
citrus fruit,tropical fruit,pip fruit,whole milk,yogurt,rolls/buns,pastry,white wine,red/blush wine,hygiene articles,,,,,,,,,,,,,,,,,,,
chicken,tropical fruit,other vegetables,whole milk,dessert,frozen fish,mustard,pickled vegetables,,,,,,,,,,,,,,,,,,,,,
cleaner,female sanitary products,,,,,,,,,,,,,,,,,,,,,,,,,,,
herbs,other vegetables,whipped/sour cream,UHT-milk,domestic eggs,sweet spreads,specialty chocolate,decalcifier,napkins,,,,,,,,,,,,,,,,,,,,
liquor,house keeping products,shopping bags,,,,,,,,,,,,,,,,,,,,,,,,,,
pork,rolls/buns,pastry,napkins,newspapers,,,,,,,,,,,,,,,,,,,,,,,,
frankfurter,meat,tropical fruit,whole milk,ice cream,salty snack,detergent,,,,,,,,,,,,,,,,,,,,,,
bottled water,napkins,,,,,,,,,,,,,,,,,,,,,,,,,,,
canned beer,,,,,,,,,,,,,,,,,,,,,,,,,,,,
sausage,hamburger meat,grapes,whipped/sour cream,frozen potato products,domestic eggs,oil,seasonal products,napkins,newspapers,,,,,,,,,,,,,,,,,,,
hamburger meat,onions,whole milk,frozen vegetables,bottled water,rum,,,,,,,,,,,,,,,,,,,,,,,
other vegetables,whole milk,soda,shopping bags,,,,,,,,,,,,,,,,,,,,,,,,,
pastry,,,,,,,,,,,,,,,,,,,,,,,,,,,,
chicken,,,,,,,,,,,,,,,,,,,,,,,,,,,,
herbs,frozen vegetables,dog food,bottled water,bottled beer,specialty chocolate,,,,,,,,,,,,,,,,,,,,,,,
beef,citrus fruit,cream cheese,vinegar,margarine,,,,,,,,,,,,,,,,,,,,,,,,
butter,bottled water,detergent,soap,,,,,,,,,,,,,,,,,,,,,,,,,
root vegetables,onions,rolls/buns,white bread,sugar,,,,,,,,,,,,,,,,,,,,,,,,
beef,citrus fruit,root vegetables,other vegetables,rolls/buns,sugar,fruit/vegetable juice,,,,,,,,,,,,,,,,,,,,,,
root vegetables,whole milk,long life bakery product,,,,,,,,,,,,,,,,,,,,,,,,,,
sausage,ham,frozen dessert,salty snack,,,,,,,,,,,,,,,,,,,,,,,,,
frankfurter,other vegetables,yogurt,rolls/buns,pastry,margarine,sugar,waffles,chocolate,chocolate marshmallow,,,,,,,,,,,,,,,,,,,
sausage,other vegetables,whipped/sour cream,processed cheese,brown bread,,,,,,,,,,,,,,,,,,,,,,,,
sausage,root vegetables,onions,other vegetables,whole milk,butter milk,sliced cheese,curd cheese,frozen vegetables,rolls/buns,,,,,,,,,,,,,,,,,,,
whole milk,butter,yogurt,whipped/sour cream,domestic eggs,coffee,,,,,,,,,,,,,,,,,,,,,,,
tropical fruit,pip fruit,root vegetables,other vegetables,whole milk,dessert,yogurt,UHT-milk,baking powder,canned vegetables,waffles,,,,,,,,,,,,,,,,,,
other vegetables,bottled beer,canned beer,,,,,,,,,,,,,,,,,,,,,,,,,,
rolls/buns,,,,,,,,,,,,,,,,,,,,,,,,,,,,
other vegetables,curd,whipped/sour cream,UHT-milk,sugar,bottled beer,napkins,,,,,,,,,,,,,,,,,,,,,,
other vegetables,whole milk,dessert,sliced cheese,hard cheese,cream cheese,pastry,margarine,sugar,ready soups,bottled water,soda,salty snack,newspapers,shopping bags,,,,,,,,,,,,,,
tropical fruit,pip fruit,yogurt,canned vegetables,misc. beverages,,,,,,,,,,,,,,,,,,,,,,,,
pastry,oil,margarine,,,,,,,,,,,,,,,,,,,,,,,,,,
ice cream,sugar,coffee,bottled water,soda,fruit/vegetable juice,shopping bags,,,,,,,,,,,,,,,,,,,,,,
whole milk,dessert,yogurt,margarine,newspapers,,,,,,,,,,,,,,,,,,,,,,,,
soda,specialty chocolate,,,,,,,,,,,,,,,,,,,,,,,,,,,
other vegetables,whole milk,yogurt,sliced cheese,cereals,bottled water,,,,,,,,,,,,,,,,,,,,,,,
sugar,bottled water,soda,fruit/vegetable juice,salty snack,popcorn,,,,,,,,,,,,,,,,,,,,,,,
chicken,coffee,,,,,,,,,,,,,,,,,,,,,,,,,,,
meat,chicken,root vegetables,other vegetables,whole milk,yogurt,sliced cheese,cream cheese,roll products,oil,margarine,artif. sweetener,detergent,shopping bags,,,,,,,,,,,,,,,
root vegetables,other vegetables,whole milk,butter,whipped/sour cream,soft cheese,rolls/buns,white bread,margarine,cocoa drinks,flower (seeds),,,,,,,,,,,,,,,,,,
ham,other vegetables,curd,whipped/sour cream,soft cheese,rolls/buns,long life bakery product,,,,,,,,,,,,,,,,,,,,,,
sausage,other vegetables,rolls/buns,oil,bottled beer,red/blush wine,,,,,,,,,,,,,,,,,,,,,,,
seasonal products,shopping bags,,,,,,,,,,,,,,,,,,,,,,,,,,,
newspapers,,,,,,,,,,,,,,,,,,,,,,,,,,,,
whole milk,soda,,,,,,,,,,,,,,,,,,,,,,,,,,,
bottled water,bottled beer,,,,,,,,,,,,,,,,,,,,,,,,,,,
chicken,newspapers,,,,,,,,,,,,,,,,,,,,,,,,,,,
ham,pork,citrus fruit,tropical fruit,root vegetables,other vegetables,yogurt,frozen fish,fruit/vegetable juice,long life bakery product,female sanitary products,,,,,,,,,,,,,,,,,,
tropical fruit,butter milk,UHT-milk,condensed milk,brown bread,sugar,coffee,bottled water,soda,fruit/vegetable juice,syrup,bottled beer,house keeping products,shopping bags,,,,,,,,,,,,,,,
rolls/buns,,,,,,,,,,,,,,,,,,,,,,,,,,,,
other vegetables,,,,,,,,,,,,,,,,,,,,,,,,,,,,
sausage,ham,pork,beef,hamburger meat,tropical fruit,pip fruit,berries,other vegetables,curd,dessert,yogurt,sliced cheese,spread cheese,semi-finished bread,canned vegetables,bottled water,misc. beverages,syrup,waffles,chocolate,seasonal products,,,,,,,
frankfurter,rolls/buns,canned beer,,,,,,,,,,,,,,,,,,,,,,,,,,
yogurt,whipped/sour cream,,,,,,,,,,,,,,,,,,,,,,,,,,,
bottled water,soda,bottled beer,waffles,chocolate,dishes,,,,,,,,,,,,,,,,,,,,,,,
bottled water,,,,,,,,,,,,,,,,,,,,,,,,,,,,
berries,,,,,,,,,,,,,,,,,,,,,,,,,,,,
chicken,root vegetables,other vegetables,whole milk,butter,yogurt,specialty cheese,domestic eggs,pastry,rice,canned fish,misc. beverages,detergent,house keeping products,,,,,,,,,,,,,,,
sausage,chicken,other vegetables,whole milk,yogurt,rolls/buns,soda,hygiene articles,napkins,shopping bags,,,,,,,,,,,,,,,,,,,
UHT-milk,pastry,margarine,,,,,,,,,,,,,,,,,,,,,,,,,,
turkey,tropical fruit,grapes,other vegetables,whole milk,curd,yogurt,processed cheese,dog food,potted plants,,,,,,,,,,,,,,,,,,,
white wine,red/blush wine,napkins,,,,,,,,,,,,,,,,,,,,,,,,,,
other vegetables,yogurt,,,,,,,,,,,,,,,,,,,,,,,,,,,
sausage,organic products,specialty chocolate,,,,,,,,,,,,,,,,,,,,,,,,,,
liver loaf,rolls/buns,,,,,,,,,,,,,,,,,,,,,,,,,,,
butter milk,hard cheese,instant coffee,,,,,,,,,,,,,,,,,,,,,,,,,,
pip fruit,,,,,,,,,,,,,,,,,,,,,,,,,,,,
frankfurter,whole milk,pastry,potato products,,,,,,,,,,,,,,,,,,,,,,,,,
frankfurter,root vegetables,other vegetables,hard cheese,,,,,,,,,,,,,,,,,,,,,,,,,
whole milk,zwieback,soda,,,,,,,,,,,,,,,,,,,,,,,,,,
other vegetables,whole milk,,,,,,,,,,,,,,,,,,,,,,,,,,,
rolls/buns,,,,,,,,,,,,,,,,,,,,,,,,,,,,
root vegetables,,,,,,,,,,,,,,,,,,,,,,,,,,,,
sausage,rolls/buns,,,,,,,,,,,,,,,,,,,,,,,,,,,
domestic eggs,rolls/buns,margarine,,,,,,,,,,,,,,,,,,,,,,,,,,
tropical fruit,other vegetables,soda,,,,,,,,,,,,,,,,,,,,,,,,,,
root vegetables,butter milk,cream cheese,spread cheese,,,,,,,,,,,,,,,,,,,,,,,,,
chicken,tropical fruit,pip fruit,other vegetables,packaged fruit/vegetables,domestic eggs,rolls/buns,flour,pasta,dog food,bottled water,newspapers,,,,,,,,,,,,,,,,,
waffles,,,,,,,,,,,,,,,,,,,,,,,,,,,,
house keeping products,,,,,,,,,,,,,,,,,,,,,,,,,,,,
hamburger meat,root vegetables,whole milk,pastry,sweet spreads,,,,,,,,,,,,,,,,,,,,,,,,
sausage,,,,,,,,,,,,,,,,,,,,,,,,,,,,
citrus fruit,pip fruit,ice cream,bottled water,,,,,,,,,,,,,,,,,,,,,,,,,
sausage,brown bread,salty snack,chocolate,,,,,,,,,,,,,,,,,,,,,,,,,
other vegetables,rolls/buns,sauces,soda,white wine,newspapers,,,,,,,,,,,,,,,,,,,,,,,
ham,butter,condensed milk,,,,,,,,,,,,,,,,,,,,,,,,,,
tropical fruit,rolls/buns,bottled water,,,,,,,,,,,,,,,,,,,,,,,,,,
whole milk,yogurt,chocolate,,,,,,,,,,,,,,,,,,,,,,,,,,
hamburger meat,pastry,,,,,,,,,,,,,,,,,,,,,,,,,,,
beverages,,,,,,,,,,,,,,,,,,,,,,,,,,,,
frozen meals,,,,,,,,,,,,,,,,,,,,,,,,,,,,
beef,other vegetables,pastry,,,,,,,,,,,,,,,,,,,,,,,,,,
sausage,fruit/vegetable juice,,,,,,,,,,,,,,,,,,,,,,,,,,,
sausage,chicken,citrus fruit,pip fruit,yogurt,condensed milk,frozen vegetables,domestic eggs,rolls/buns,pastry,long life bakery product,waffles,newspapers,,,,,,,,,,,,,,,,
tropical fruit,yogurt,rolls/buns,candy,shopping bags,,,,,,,,,,,,,,,,,,,,,,,,
waffles,,,,,,,,,,,,,,,,,,,,,,,,,,,,
whole milk,,,,,,,,,,,,,,,,,,,,,,,,,,,,
other vegetables,whipped/sour cream,rolls/buns,,,,,,,,,,,,,,,,,,,,,,,,,,
pork,beef,tropical fruit,other vegetables,yogurt,frozen vegetables,,,,,,,,,,,,,,,,,,,,,,,
bottled water,,,,,,,,,,,,,,,,,,,,,,,,,,,,
yogurt,UHT-milk,brandy,,,,,,,,,,,,,,,,,,,,,,,,,,
UHT-milk,soda,,,,,,,,,,,,,,,,,,,,,,,,,,,
bottled water,soda,misc. beverages,bottled beer,,,,,,,,,,,,,,,,,,,,,,,,,
whole milk,domestic eggs,specialty chocolate,,,,,,,,,,,,,,,,,,,,,,,,,,
citrus fruit,bottled beer,white wine,,,,,,,,,,,,,,,,,,,,,,,,,,
pork,whole milk,cake bar,,,,,,,,,,,,,,,,,,,,,,,,,,
sausage,other vegetables,whole milk,hard cheese,frozen meals,ice cream,brown bread,pastry,salty snack,shopping bags,,,,,,,,,,,,,,,,,,,
berries,other vegetables,yogurt,whipped/sour cream,,,,,,,,,,,,,,,,,,,,,,,,,
beverages,,,,,,,,,,,,,,,,,,,,,,,,,,,,
napkins,dishes,,,,,,,,,,,,,,,,,,,,,,,,,,,
other vegetables,whole milk,yogurt,rolls/buns,pastry,margarine,artif. sweetener,baking powder,soda,candles,newspapers,,,,,,,,,,,,,,,,,,
canned beer,,,,,,,,,,,,,,,,,,,,,,,,,,,,
bottled beer,brandy,specialty chocolate,skin care,,,,,,,,,,,,,,,,,,,,,,,,,
root vegetables,other vegetables,butter,hard cheese,margarine,mustard,pickled vegetables,,,,,,,,,,,,,,,,,,,,,,
soda,,,,,,,,,,,,,,,,,,,,,,,,,,,,
soap,dishes,,,,,,,,,,,,,,,,,,,,,,,,,,,
yogurt,soda,,,,,,,,,,,,,,,,,,,,,,,,,,,
newspapers,,,,,,,,,,,,,,,,,,,,,,,,,,,,
whole milk,pastry,soda,specialty bar,,,,,,,,,,,,,,,,,,,,,,,,,
frankfurter,beef,citrus fruit,tropical fruit,onions,other vegetables,whole milk,yogurt,whipped/sour cream,fruit/vegetable juice,,,,,,,,,,,,,,,,,,,
canned beer,,,,,,,,,,,,,,,,,,,,,,,,,,,,
sausage,dessert,domestic eggs,rolls/buns,soda,bottled beer,red/blush wine,salty snack,napkins,,,,,,,,,,,,,,,,,,,,
butter,bottled water,liquor,specialty bar,dishes,shopping bags,,,,,,,,,,,,,,,,,,,,,,,
ham,whole milk,curd,napkins,,,,,,,,,,,,,,,,,,,,,,,,,
hygiene articles,,,,,,,,,,,,,,,,,,,,,,,,,,,,
meat,other vegetables,,,,,,,,,,,,,,,,,,,,,,,,,,,
pet care,,,,,,,,,,,,,,,,,,,,,,,,,,,,
liver loaf,whole milk,curd,frozen meals,,,,,,,,,,,,,,,,,,,,,,,,,
sausage,frozen fish,semi-finished bread,salty snack,popcorn,napkins,,,,,,,,,,,,,,,,,,,,,,,
frankfurter,sausage,whole milk,rolls/buns,oil,cocoa drinks,kitchen towels,,,,,,,,,,,,,,,,,,,,,,
whole milk,butter,domestic eggs,bottled water,salty snack,,,,,,,,,,,,,,,,,,,,,,,,
napkins,,,,,,,,,,,,,,,,,,,,,,,,,,,,
root vegetables,herbs,dessert,yogurt,margarine,soda,,,,,,,,,,,,,,,,,,,,,,,
bottled water,,,,,,,,,,,,,,,,,,,,,,,,,,,,
napkins,,,,,,,,,,,,,,,,,,,,,,,,,,,,
tropical fruit,root vegetables,rolls/buns,,,,,,,,,,,,,,,,,,,,,,,,,,
cream cheese,,,,,,,,,,,,,,,,,,,,,,,,,,,,
pip fruit,,,,,,,,,,,,,,,,,,,,,,,,,,,,
pip fruit,whole milk,condensed milk,canned fish,misc. beverages,fruit/vegetable juice,candy,,,,,,,,,,,,,,,,,,,,,,
hamburger meat,brown bread,semi-finished bread,,,,,,,,,,,,,,,,,,,,,,,,,,
sausage,other vegetables,cream cheese,soda,canned beer,white wine,specialty chocolate,,,,,,,,,,,,,,,,,,,,,,
sausage,ham,tropical fruit,pip fruit,other vegetables,whole milk,curd,dessert,condensed milk,white bread,fruit/vegetable juice,,,,,,,,,,,,,,,,,,
coffee,,,,,,,,,,,,,,,,,,,,,,,,,,,,
onions,whole milk,coffee,,,,,,,,,,,,,,,,,,,,,,,,,,
soda,,,,,,,,,,,,,,,,,,,,,,,,,,,,
root vegetables,,,,,,,,,,,,,,,,,,,,,,,,,,,,
semi-finished bread,,,,,,,,,,,,,,,,,,,,,,,,,,,,
other vegetables,whole milk,soda,specialty bar,,,,,,,,,,,,,,,,,,,,,,,,,
cream cheese,white bread,Instant food products,fruit/vegetable juice,,,,,,,,,,,,,,,,,,,,,,,,,
frankfurter,whipped/sour cream,condensed milk,frozen vegetables,salty snack,candy,,,,,,,,,,,,,,,,,,,,,,,
curd,yogurt,,,,,,,,,,,,,,,,,,,,,,,,,,,
other vegetables,butter milk,yogurt,fruit/vegetable juice,,,,,,,,,,,,,,,,,,,,,,,,,
frozen meals,,,,,,,,,,,,,,,,,,,,,,,,,,,,
other vegetables,soda,specialty bar,,,,,,,,,,,,,,,,,,,,,,,,,,
pip fruit,root vegetables,other vegetables,whole milk,yogurt,rolls/buns,,,,,,,,,,,,,,,,,,,,,,,
tropical fruit,whole milk,butter,cream cheese,domestic eggs,fruit/vegetable juice,chocolate marshmallow,,,,,,,,,,,,,,,,,,,,,,
canned beer,,,,,,,,,,,,,,,,,,,,,,,,,,,,
sausage,white wine,long life bakery product,,,,,,,,,,,,,,,,,,,,,,,,,,
citrus fruit,tropical fruit,pip fruit,berries,other vegetables,whipped/sour cream,soft cheese,brown bread,zwieback,soups,specialty vegetables,coffee,newspapers,shopping bags,,,,,,,,,,,,,,,
pip fruit,whole milk,yogurt,whipped/sour cream,cream cheese,margarine,,,,,,,,,,,,,,,,,,,,,,,
curd,soda,,,,,,,,,,,,,,,,,,,,,,,,,,,
rolls/buns,bottled water,liquor,,,,,,,,,,,,,,,,,,,,,,,,,,
whole milk,brown bread,,,,,,,,,,,,,,,,,,,,,,,,,,,
white bread,pastry,roll products,soda,fruit/vegetable juice,long life bakery product,waffles,shopping bags,,,,,,,,,,,,,,,,,,,,,
nuts/prunes,whole milk,hard cheese,processed cheese,newspapers,,,,,,,,,,,,,,,,,,,,,,,,
hygiene articles,shopping bags,,,,,,,,,,,,,,,,,,,,,,,,,,,
berries,root vegetables,hard cheese,spread cheese,bottled water,soda,bottled beer,napkins,,,,,,,,,,,,,,,,,,,,,
citrus fruit,grapes,whole milk,pastry,canned fruit,canned fish,chocolate,specialty bar,hygiene articles,napkins,shopping bags,,,,,,,,,,,,,,,,,,
citrus fruit,other vegetables,cream cheese,salty snack,waffles,chocolate,specialty bar,napkins,,,,,,,,,,,,,,,,,,,,,
bottled beer,,,,,,,,,,,,,,,,,,,,,,,,,,,,
frankfurter,mayonnaise,semi-finished bread,canned beer,sparkling wine,chewing gum,shopping bags,,,,,,,,,,,,,,,,,,,,,,
other vegetables,whole milk,brown bread,napkins,,,,,,,,,,,,,,,,,,,,,,,,,
frankfurter,sausage,pip fruit,hard cheese,bottled water,seasonal products,,,,,,,,,,,,,,,,,,,,,,,
salty snack,,,,,,,,,,,,,,,,,,,,,,,,,,,,
whole milk,pastry,oil,popcorn,snack products,detergent,shopping bags,,,,,,,,,,,,,,,,,,,,,,
dessert,yogurt,soft cheese,soda,,,,,,,,,,,,,,,,,,,,,,,,,
pip fruit,beverages,bottled water,soda,fruit/vegetable juice,cling film/bags,shopping bags,,,,,,,,,,,,,,,,,,,,,,
yogurt,artif. sweetener,fruit/vegetable juice,shopping bags,,,,,,,,,,,,,,,,,,,,,,,,,
butter,soda,fruit/vegetable juice,bottled beer,,,,,,,,,,,,,,,,,,,,,,,,,
tropical fruit,curd,bottled water,napkins,,,,,,,,,,,,,,,,,,,,,,,,,
root vegetables,onions,other vegetables,whole milk,frozen vegetables,frozen meals,jam,instant coffee,bottled water,misc. beverages,skin care,hygiene articles,napkins,,,,,,,,,,,,,,,,
meat,whole milk,rolls/buns,,,,,,,,,,,,,,,,,,,,,,,,,,
salty snack,,,,,,,,,,,,,,,,,,,,,,,,,,,,
beef,,,,,,,,,,,,,,,,,,,,,,,,,,,,
root vegetables,whole milk,white bread,soda,waffles,specialty bar,hygiene articles,,,,,,,,,,,,,,,,,,,,,,
coffee,bottled water,chocolate marshmallow,,,,,,,,,,,,,,,,,,,,,,,,,,
pastry,semi-finished bread,sugar,,,,,,,,,,,,,,,,,,,,,,,,,,
sausage,whole milk,,,,,,,,,,,,,,,,,,,,,,,,,,,
brown bread,,,,,,,,,,,,,,,,,,,,,,,,,,,,
fruit/vegetable juice,bottled beer,,,,,,,,,,,,,,,,,,,,,,,,,,,
flower (seeds),,,,,,,,,,,,,,,,,,,,,,,,,,,,
chocolate,,,,,,,,,,,,,,,,,,,,,,,,,,,,
frozen fruits,,,,,,,,,,,,,,,,,,,,,,,,,,,,
whole milk,rolls/buns,,,,,,,,,,,,,,,,,,,,,,,,,,,
sausage,chicken,onions,other vegetables,packaged fruit/vegetables,butter,yogurt,beverages,hard cheese,frozen vegetables,domestic eggs,white bread,bottled water,soda,fruit/vegetable juice,bottled beer,canned beer,sparkling wine,waffles,chocolate,candy,cleaner,dental care,,,,,,
whole milk,tidbits,rolls/buns,bottled beer,napkins,,,,,,,,,,,,,,,,,,,,,,,,
citrus fruit,other vegetables,brown bread,,,,,,,,,,,,,,,,,,,,,,,,,,
sausage,hamburger meat,canned beer,dishes,,,,,,,,,,,,,,,,,,,,,,,,,
salty snack,,,,,,,,,,,,,,,,,,,,,,,,,,,,
tropical fruit,berries,yogurt,brown bread,hygiene articles,,,,,,,,,,,,,,,,,,,,,,,,
tropical fruit,pip fruit,other vegetables,misc. beverages,,,,,,,,,,,,,,,,,,,,,,,,,
frankfurter,pork,pip fruit,other vegetables,hard cheese,frozen meals,frozen dessert,pastry,semi-finished bread,sugar,soda,salty snack,specialty chocolate,specialty bar,candy,seasonal products,,,,,,,,,,,,,
sausage,tropical fruit,yogurt,canned beer,long life bakery product,,,,,,,,,,,,,,,,,,,,,,,,
meat,,,,,,,,,,,,,,,,,,,,,,,,,,,,
ham,rolls/buns,,,,,,,,,,,,,,,,,,,,,,,,,,,
meat,,,,,,,,,,,,,,,,,,,,,,,,,,,,
bottled water,soda,napkins,,,,,,,,,,,,,,,,,,,,,,,,,,
citrus fruit,pip fruit,berries,house keeping products,,,,,,,,,,,,,,,,,,,,,,,,,
oil,ketchup,coffee,,,,,,,,,,,,,,,,,,,,,,,,,,
bottled water,,,,,,,,,,,,,,,,,,,,,,,,,,,,
root vegetables,other vegetables,butter,chocolate,,,,,,,,,,,,,,,,,,,,,,,,,
whole milk,whipped/sour cream,sweet spreads,waffles,chewing gum,,,,,,,,,,,,,,,,,,,,,,,,
frozen vegetables,,,,,,,,,,,,,,,,,,,,,,,,,,,,
tropical fruit,yogurt,rolls/buns,pastry,coffee,bottled water,newspapers,,,,,,,,,,,,,,,,,,,,,,
root vegetables,whole milk,frozen meals,domestic eggs,white bread,white wine,,,,,,,,,,,,,,,,,,,,,,,
pork,,,,,,,,,,,,,,,,,,,,,,,,,,,,
cream cheese,rolls/buns,fruit/vegetable juice,,,,,,,,,,,,,,,,,,,,,,,,,,
zwieback,,,,,,,,,,,,,,,,,,,,,,,,,,,,
chicken,,,,,,,,,,,,,,,,,,,,,,,,,,,,
pork,curd,dessert,whipped/sour cream,flour,bottled water,,,,,,,,,,,,,,,,,,,,,,,
sausage,tropical fruit,yogurt,frozen meals,ice cream,brown bread,,,,,,,,,,,,,,,,,,,,,,,
chicken,frozen meals,margarine,soda,,,,,,,,,,,,,,,,,,,,,,,,,
tropical fruit,frozen vegetables,,,,,,,,,,,,,,,,,,,,,,,,,,,
canned beer,,,,,,,,,,,,,,,,,,,,,,,,,,,,
chicken,root vegetables,whole milk,rice,oil,,,,,,,,,,,,,,,,,,,,,,,,
citrus fruit,whole milk,yogurt,spread cheese,brown bread,bottled beer,white wine,long life bakery product,flower (seeds),,,,,,,,,,,,,,,,,,,,
waffles,candy,,,,,,,,,,,,,,,,,,,,,,,,,,,
chicken,cream cheese,rice,,,,,,,,,,,,,,,,,,,,,,,,,,
whole milk,bottled water,bottled beer,,,,,,,,,,,,,,,,,,,,,,,,,,
other vegetables,,,,,,,,,,,,,,,,,,,,,,,,,,,,
frankfurter,beef,tropical fruit,grapes,onions,other vegetables,whole milk,whipped/sour cream,cream cheese,semi-finished bread,vinegar,,,,,,,,,,,,,,,,,,
rolls/buns,,,,,,,,,,,,,,,,,,,,,,,,,,,,
whole milk,yogurt,,,,,,,,,,,,,,,,,,,,,,,,,,,
pip fruit,,,,,,,,,,,,,,,,,,,,,,,,,,,,
soda,chewing gum,specialty bar,,,,,,,,,,,,,,,,,,,,,,,,,,
cat food,bottled water,hygiene articles,,,,,,,,,,,,,,,,,,,,,,,,,,
beef,hamburger meat,citrus fruit,tropical fruit,root vegetables,onions,other vegetables,whole milk,curd,whipped/sour cream,flour,pudding powder,,,,,,,,,,,,,,,,,
tropical fruit,onions,white wine,,,,,,,,,,,,,,,,,,,,,,,,,,
frankfurter,herbs,,,,,,,,,,,,,,,,,,,,,,,,,,,
pastry,,,,,,,,,,,,,,,,,,,,,,,,,,,,
whole milk,,,,,,,,,,,,,,,,,,,,,,,,,,,,
pork,pip fruit,other vegetables,butter milk,white bread,pastry,soda,fruit/vegetable juice,,,,,,,,,,,,,,,,,,,,,
oil,soda,newspapers,,,,,,,,,,,,,,,,,,,,,,,,,,
finished products,onions,salty snack,,,,,,,,,,,,,,,,,,,,,,,,,,
frankfurter,pork,citrus fruit,whole milk,whipped/sour cream,rolls/buns,oil,sugar,soups,bottled water,bottled beer,,,,,,,,,,,,,,,,,,
chicken,citrus fruit,onions,other vegetables,yogurt,pet care,potted plants,,,,,,,,,,,,,,,,,,,,,,
frozen meals,canned beer,candy,,,,,,,,,,,,,,,,,,,,,,,,,,
beverages,,,,,,,,,,,,,,,,,,,,,,,,,,,,
whole milk,specialty cheese,frozen vegetables,,,,,,,,,,,,,,,,,,,,,,,,,,
beef,other vegetables,whole milk,yogurt,brown bread,liquor,newspapers,,,,,,,,,,,,,,,,,,,,,,
jam,hygiene articles,,,,,,,,,,,,,,,,,,,,,,,,,,,
chewing gum,chocolate,,,,,,,,,,,,,,,,,,,,,,,,,,,
other vegetables,whole milk,curd,,,,,,,,,,,,,,,,,,,,,,,,,,
pastry,soda,,,,,,,,,,,,,,,,,,,,,,,,,,,
specialty bar,hygiene articles,,,,,,,,,,,,,,,,,,,,,,,,,,,
pet care,bottled beer,,,,,,,,,,,,,,,,,,,,,,,,,,,
whole milk,instant coffee,misc. beverages,fruit/vegetable juice,chewing gum,shopping bags,,,,,,,,,,,,,,,,,,,,,,,
tropical fruit,whole milk,curd,dessert,pasta,cat food,fruit/vegetable juice,waffles,,,,,,,,,,,,,,,,,,,,,
sausage,,,,,,,,,,,,,,,,,,,,,,,,,,,,
sausage,chicken,pip fruit,spread cheese,rolls/buns,sugar,,,,,,,,,,,,,,,,,,,,,,,
UHT-milk,coffee,,,,,,,,,,,,,,,,,,,,,,,,,,,
white wine,shopping bags,,,,,,,,,,,,,,,,,,,,,,,,,,,
curd,,,,,,,,,,,,,,,,,,,,,,,,,,,,
bottled beer,liquor,rum,,,,,,,,,,,,,,,,,,,,,,,,,,
ham,other vegetables,,,,,,,,,,,,,,,,,,,,,,,,,,,
citrus fruit,other vegetables,whole milk,yogurt,UHT-milk,white bread,salt,Instant food products,bottled water,nut snack,newspapers,,,,,,,,,,,,,,,,,,
whole milk,pastry,,,,,,,,,,,,,,,,,,,,,,,,,,,
beef,tropical fruit,other vegetables,whole milk,cream cheese,rolls/buns,mustard,bottled water,red/blush wine,dishes,,,,,,,,,,,,,,,,,,,
frankfurter,tropical fruit,whole milk,brown bread,mustard,baking powder,meat spreads,fruit/vegetable juice,shopping bags,,,,,,,,,,,,,,,,,,,,
rolls/buns,bottled beer,,,,,,,,,,,,,,,,,,,,,,,,,,,
frankfurter,sausage,meat,hamburger meat,other vegetables,whole milk,butter,rolls/buns,coffee,bottled water,,,,,,,,,,,,,,,,,,,
hamburger meat,root vegetables,other vegetables,rolls/buns,roll products,pet care,newspapers,,,,,,,,,,,,,,,,,,,,,,
other vegetables,,,,,,,,,,,,,,,,,,,,,,,,,,,,
butter milk,photo/film,,,,,,,,,,,,,,,,,,,,,,,,,,,
beef,whole milk,yogurt,pastry,,,,,,,,,,,,,,,,,,,,,,,,,
curd,brown bread,canned fruit,shopping bags,,,,,,,,,,,,,,,,,,,,,,,,,
bottled beer,,,,,,,,,,,,,,,,,,,,,,,,,,,,
pastry,,,,,,,,,,,,,,,,,,,,,,,,,,,,
other vegetables,whole milk,curd,waffles,specialty bar,detergent,napkins,,,,,,,,,,,,,,,,,,,,,,
ham,tropical fruit,whole milk,dessert,butter milk,brown bread,pastry,oil,cake bar,chocolate,,,,,,,,,,,,,,,,,,,
tropical fruit,dessert,tidbits,pastry,waffles,cleaner,,,,,,,,,,,,,,,,,,,,,,,
other vegetables,,,,,,,,,,,,,,,,,,,,,,,,,,,,
sausage,root vegetables,dessert,pastry,flour,sugar,soda,cake bar,,,,,,,,,,,,,,,,,,,,,
pork,processed cheese,bottled beer,,,,,,,,,,,,,,,,,,,,,,,,,,
pip fruit,other vegetables,coffee,,,,,,,,,,,,,,,,,,,,,,,,,,
rolls/buns,,,,,,,,,,,,,,,,,,,,,,,,,,,,
yogurt,domestic eggs,pastry,,,,,,,,,,,,,,,,,,,,,,,,,,
cream,cake bar,,,,,,,,,,,,,,,,,,,,,,,,,,,
yogurt,rolls/buns,chewing gum,,,,,,,,,,,,,,,,,,,,,,,,,,
instant coffee,,,,,,,,,,,,,,,,,,,,,,,,,,,,
whole milk,ice cream,shopping bags,,,,,,,,,,,,,,,,,,,,,,,,,,
onions,packaged fruit/vegetables,whole milk,sliced cheese,domestic eggs,brown bread,ketchup,meat spreads,newspapers,flower (seeds),,,,,,,,,,,,,,,,,,,
whole milk,,,,,,,,,,,,,,,,,,,,,,,,,,,,
other vegetables,rolls/buns,,,,,,,,,,,,,,,,,,,,,,,,,,,
salty snack,,,,,,,,,,,,,,,,,,,,,,,,,,,,
whole milk,margarine,,,,,,,,,,,,,,,,,,,,,,,,,,,
pork,yogurt,coffee,,,,,,,,,,,,,,,,,,,,,,,,,,
bottled water,bottled beer,,,,,,,,,,,,,,,,,,,,,,,,,,,
whole milk,,,,,,,,,,,,,,,,,,,,,,,,,,,,
bottled beer,seasonal products,,,,,,,,,,,,,,,,,,,,,,,,,,,
chocolate marshmallow,candy,,,,,,,,,,,,,,,,,,,,,,,,,,,
yogurt,,,,,,,,,,,,,,,,,,,,,,,,,,,,
UHT-milk,coffee,canned beer,specialty chocolate,candy,,,,,,,,,,,,,,,,,,,,,,,,
root vegetables,herbs,other vegetables,napkins,flower (seeds),,,,,,,,,,,,,,,,,,,,,,,,
tropical fruit,whole milk,butter,bottled water,hygiene articles,napkins,,,,,,,,,,,,,,,,,,,,,,,
tropical fruit,long life bakery product,chocolate,,,,,,,,,,,,,,,,,,,,,,,,,,
ham,chicken,other vegetables,whole milk,frozen vegetables,specialty chocolate,,,,,,,,,,,,,,,,,,,,,,,
root vegetables,rolls/buns,white bread,pastry,oil,Instant food products,napkins,,,,,,,,,,,,,,,,,,,,,,
pork,hamburger meat,tropical fruit,whole milk,margarine,canned vegetables,shopping bags,,,,,,,,,,,,,,,,,,,,,,
citrus fruit,pip fruit,root vegetables,whole milk,butter,whipped/sour cream,salt,tea,bottled water,chocolate,,,,,,,,,,,,,,,,,,,
bottled beer,liquor (appetizer),dental care,newspapers,,,,,,,,,,,,,,,,,,,,,,,,,
frankfurter,rolls/buns,fruit/vegetable juice,,,,,,,,,,,,,,,,,,,,,,,,,,
pip fruit,whole milk,yogurt,soft cheese,sliced cheese,cream cheese,margarine,bottled water,fruit/vegetable juice,rum,cling film/bags,,,,,,,,,,,,,,,,,,
root vegetables,other vegetables,pastry,pickled vegetables,,,,,,,,,,,,,,,,,,,,,,,,,
frankfurter,citrus fruit,other vegetables,whole milk,condensed milk,rolls/buns,white bread,coffee,fruit/vegetable juice,bottled beer,brandy,,,,,,,,,,,,,,,,,,
meat,specialty chocolate,,,,,,,,,,,,,,,,,,,,,,,,,,,
rolls/buns,pastry,soda,,,,,,,,,,,,,,,,,,,,,,,,,,
soda,waffles,,,,,,,,,,,,,,,,,,,,,,,,,,,
root vegetables,herbs,yogurt,whipped/sour cream,UHT-milk,frozen vegetables,long life bakery product,,,,,,,,,,,,,,,,,,,,,,
hamburger meat,onions,whole milk,rolls/buns,pasta,,,,,,,,,,,,,,,,,,,,,,,,
tropical fruit,whole milk,whipped/sour cream,sliced cheese,domestic eggs,rolls/buns,margarine,bottled water,fruit/vegetable juice,,,,,,,,,,,,,,,,,,,,
bottled beer,,,,,,,,,,,,,,,,,,,,,,,,,,,,
sausage,domestic eggs,rolls/buns,brown bread,,,,,,,,,,,,,,,,,,,,,,,,,
whole milk,beverages,pastry,newspapers,,,,,,,,,,,,,,,,,,,,,,,,,
whole milk,,,,,,,,,,,,,,,,,,,,,,,,,,,,
beef,whole milk,rolls/buns,canned vegetables,fruit/vegetable juice,waffles,chocolate,newspapers,,,,,,,,,,,,,,,,,,,,,
pork,,,,,,,,,,,,,,,,,,,,,,,,,,,,
frozen vegetables,frozen meals,shopping bags,,,,,,,,,,,,,,,,,,,,,,,,,,
yogurt,pastry,,,,,,,,,,,,,,,,,,,,,,,,,,,
UHT-milk,cream cheese,soda,waffles,,,,,,,,,,,,,,,,,,,,,,,,,
white bread,,,,,,,,,,,,,,,,,,,,,,,,,,,,
oil,detergent,,,,,,,,,,,,,,,,,,,,,,,,,,,
pork,beef,whole milk,yogurt,sliced cheese,oil,,,,,,,,,,,,,,,,,,,,,,,
tropical fruit,whole milk,yogurt,rolls/buns,pastry,waffles,,,,,,,,,,,,,,,,,,,,,,,
sausage,whole milk,whipped/sour cream,sliced cheese,coffee,,,,,,,,,,,,,,,,,,,,,,,,
curd,frozen meals,pastry,long life bakery product,waffles,napkins,,,,,,,,,,,,,,,,,,,,,,,
whole milk,bottled beer,,,,,,,,,,,,,,,,,,,,,,,,,,,
UHT-milk,cream cheese,coffee,bottled water,,,,,,,,,,,,,,,,,,,,,,,,,
frankfurter,beef,herbs,whole milk,rolls/buns,,,,,,,,,,,,,,,,,,,,,,,,
soda,canned beer,,,,,,,,,,,,,,,,,,,,,,,,,,,
chicken,berries,root vegetables,other vegetables,whole milk,butter,curd,condensed milk,rolls/buns,white bread,brown bread,oil,baking powder,salty snack,long life bakery product,,,,,,,,,,,,,,
frankfurter,sausage,butter milk,rolls/buns,margarine,,,,,,,,,,,,,,,,,,,,,,,,
pip fruit,whole milk,pastry,hygiene articles,napkins,,,,,,,,,,,,,,,,,,,,,,,,
chicken,pork,coffee,canned beer,,,,,,,,,,,,,,,,,,,,,,,,,
pork,other vegetables,chewing gum,napkins,dishes,,,,,,,,,,,,,,,,,,,,,,,,
ham,other vegetables,whole milk,whipped/sour cream,brown bread,oil,sugar,hygiene articles,,,,,,,,,,,,,,,,,,,,,
berries,curd,yogurt,whipped/sour cream,rolls/buns,soda,female sanitary products,,,,,,,,,,,,,,,,,,,,,,
tropical fruit,whole milk,curd,yogurt,sliced cheese,mayonnaise,frozen meals,pastry,soda,,,,,,,,,,,,,,,,,,,,
pastry,newspapers,,,,,,,,,,,,,,,,,,,,,,,,,,,
whole milk,curd,bottled water,,,,,,,,,,,,,,,,,,,,,,,,,,
sliced cheese,frozen meals,margarine,red/blush wine,,,,,,,,,,,,,,,,,,,,,,,,,
beef,root vegetables,other vegetables,frozen vegetables,frozen dessert,domestic eggs,,,,,,,,,,,,,,,,,,,,,,,
meat,hamburger meat,Instant food products,soda,,,,,,,,,,,,,,,,,,,,,,,,,
citrus fruit,berries,other vegetables,whole milk,frozen meals,newspapers,,,,,,,,,,,,,,,,,,,,,,,
sausage,other vegetables,whole milk,dessert,butter milk,yogurt,whipped/sour cream,brown bread,bottled water,soda,long life bakery product,cake bar,,,,,,,,,,,,,,,,,
whole milk,curd,yogurt,whipped/sour cream,rolls/buns,coffee,bottled water,waffles,newspapers,,,,,,,,,,,,,,,,,,,,
beef,citrus fruit,cream cheese,frozen fish,flour,margarine,sugar,baking powder,salty snack,chewing gum,,,,,,,,,,,,,,,,,,,
pip fruit,grapes,berries,other vegetables,whole milk,UHT-milk,rolls/buns,zwieback,bottled water,soda,red/blush wine,specialty bar,,,,,,,,,,,,,,,,,
pork,frozen vegetables,pastry,,,,,,,,,,,,,,,,,,,,,,,,,,
citrus fruit,herbs,other vegetables,dessert,sugar,shopping bags,,,,,,,,,,,,,,,,,,,,,,,
frankfurter,tropical fruit,other vegetables,whole milk,frozen meals,rolls/buns,detergent,napkins,newspapers,,,,,,,,,,,,,,,,,,,,
tropical fruit,other vegetables,domestic eggs,zwieback,ketchup,soda,dishes,,,,,,,,,,,,,,,,,,,,,,
sausage,chicken,beef,hamburger meat,citrus fruit,grapes,root vegetables,whole milk,butter,whipped/sour cream,flour,coffee,red/blush wine,salty snack,chocolate,hygiene articles,napkins,,,,,,,,,,,,
chicken,citrus fruit,other vegetables,butter,yogurt,frozen dessert,domestic eggs,rolls/buns,rum,cling film/bags,,,,,,,,,,,,,,,,,,,
semi-finished bread,bottled water,soda,bottled beer,,,,,,,,,,,,,,,,,,,,,,,,,
chicken,tropical fruit,other vegetables,vinegar,shopping bags,,,,,,,,,,,,,,,,,,,,,,,,
