pctFgnImmig-3,pctFgnImmig-5,pctFgnImmig-8,pctFgnImmig-10,pctImmig-3,pctImmig-5,pctImmig-8,pctImmig-10,pctSpeakOnlyEng,pctNotSpeakEng,pctLargHousFam,pctLargHous,persPerOccupHous,persPerOwnOccup,persPerRenterOccup,pctPersOwnOccup,pctPopDenseHous,pctSmallHousUnits,medNumBedrm,houseVacant,pctHousOccup,pctHousOwnerOccup,pctVacantBoarded,pctVacant6up,medYrHousBuilt,pctHousWOphone,pctHousWOplumb,ownHousLowQ,ownHousMed,ownHousUperQ,ownHousQrange,rentLowQ,rentMed,rentUpperQ,rentQrange,medGrossRent,medRentpctHousInc,medOwnCostpct,medOwnCostPctWO,persEmergShelt,persHomeless,pctForeignBorn,pctBornStateResid,pctSameHouse-5,pctSameCounty-5,pctSameState-5,landArea,popDensity,pctUsePubTrans,pctOfficDrugUnit,class
8.69,13,20.99,30.93,0.93,1.39,2.24,3.3,85.68,1.37,4.81,4.17,2.99,3,2.84,91.46,0.39,11.06,3,64,98.37,91.01,3.12,37.5,1959,0,0.28,215900,262600,326900,111000,685,1001,1001,316,1001,23.8,21.1,14,11,0,10.66,53.72,65.29,78.09,89.14,6.5,1845.9,9.63,0,1
5.21,8.65,13.33,22.5,0.43,0.72,1.11,1.87,87.79,1.81,4.25,3.34,2.7,2.83,1.96,89.03,1.01,23.6,3,240,97.15,84.88,0,18.33,1958,0.31,0.14,136300,164200,199900,63600,467,560,672,205,627,27.6,20.7,12.5,0,0,8.3,77.17,71.27,90.22,96.12,10.6,2186.7,3.84,0,1
16.42,23.98,32.08,35.63,0.82,1.2,1.61,1.78,93.11,1.14,2.97,2.05,2.42,2.69,2.06,64.18,2.03,47.46,3,544,95.68,57.79,0.92,7.54,1976,1.55,0.12,74700,90400,112000,37300,370,428,520,150,484,24.1,21.7,11.6,16,0,5,44.77,36.6,61.26,82.85,10.6,2780.9,4.37,0,1
13.86,13.86,15.34,15.34,0.28,0.28,0.31,0.31,94.98,0.56,3.93,2.56,2.37,2.51,2.2,58.18,1.21,45.66,3,669,91.19,54.89,2.54,57.85,1939,7,0.87,36400,49600,66500,30100,195,250,309,114,333,28.7,20.6,14.5,0,0,2.04,88.71,56.7,90.17,96.24,5.2,3217.7,3.31,0,1
46.94,56.12,67.86,69.9,0.82,0.98,1.18,1.22,94.64,0.39,5.23,3.11,2.35,2.55,2.12,58.13,2.94,55.64,2,333,92.45,53.57,3.9,42.64,1958,7.45,0.82,30600,43200,59500,28900,202,283,362,160,332,32.2,23.2,12.9,2,0,1.74,73.75,42.22,60.34,89.02,11.5,974.2,0.38,0,1
21.33,30.56,38.02,45.48,0.32,0.45,0.57,0.68,96.87,0.6,3.08,1.92,2.28,2.37,2.16,57.81,2.11,53.19,2,5119,91.81,55.5,2.09,26.22,1966,6.13,0.31,37700,53900,73100,35400,215,280,349,134,340,26.4,17.3,11.7,327,4,1.49,64.35,42.29,70.61,85.66,70.4,1995.7,0.97,0,1
11.38,16.27,23.93,27.76,1.05,1.49,2.2,2.55,89.98,0.6,5.08,3.46,2.55,2.89,2.09,64.62,1.47,47.35,3,566,95.11,56.96,1.41,34.45,1956,0.69,0.28,155100,179000,215500,60400,463,669,824,361,736,24.4,20.8,12.5,0,0,9.19,77.3,63.45,82.23,93.53,10.9,2643.5,9.62,0,1
13.15,22.82,28.24,33.08,0.11,0.2,0.25,0.29,97.43,0.28,3.85,2.55,2.36,2.42,2.27,65.29,1.9,56.3,2,2051,92.22,63.82,6.39,56.36,1954,8.42,0.49,26300,37000,52400,26100,186,253,325,139,338,26.3,15.1,12.2,21,0,0.87,73.7,54.85,85.55,91.51,39.2,1515.3,0.7,0,1
23.68,33.58,46.68,53.93,0.47,0.67,0.93,1.07,95.21,0.43,2.59,1.54,2.32,2.77,1.91,57.42,1.67,59.32,2,1562,95.07,48.1,0.45,25.61,1971,2.66,0.19,54500,70300,93700,39200,241,321,387,146,355,25.2,20.7,12.8,125,15,1.99,58.82,40.72,67.97,81.39,30.9,2399.3,1.41,0,1
15.54,23.08,35.32,49.82,0.72,1.07,1.63,2.31,85.72,2.51,6.7,4.1,2.45,2.47,2.44,46.82,6.14,59.96,2,5606,87.57,46.51,5.64,37.57,1960,11.74,0.33,28600,43100,67400,38800,192,281,369,177,353,29.6,19.4,13,43,4,4.63,75.59,42.33,74.05,92.12,78.5,1319.3,0.76,6.57,2
17.91,35.39,56.08,65.46,0.53,1.05,1.66,1.94,94.85,0.81,3.66,2.51,2.42,2.5,2.31,59.76,3.41,52.11,2,1807,87.33,57.83,2.77,42.34,1965,7.89,0.3,32200,49800,73600,41400,234,305,376,142,380,23.8,17.1,12.9,1,0,2.97,65.73,44.95,74.82,88.66,38.7,816.1,0,0,2
21.87,32.75,47.67,62.3,5.78,8.65,12.59,16.46,60.3,10.8,12.43,8.45,2.84,2.9,2.79,48.07,18.18,72.06,2,714,92.42,47.14,3.78,18.35,1963,6.25,0.64,92800,117900,142700,49900,406,503,596,190,564,33,24.3,11.8,20,49,26.41,47.45,38.61,69.21,89.27,2.7,9387.3,11.22,0,2
33.23,49.52,53.51,59.74,0.51,0.76,0.82,0.92,96.72,0.59,2.99,1.87,2.29,2.4,2.17,53.11,2.49,53.27,2,1528,91.27,50.59,1.51,28.93,1966,10.67,0.23,40600,58200,84900,44300,193,267,329,136,332,27.9,20,12.3,28,2,1.54,70.53,41.51,72.68,88.87,30,1354.2,0.28,0,2
26.04,32.43,34.15,39.31,0.19,0.23,0.24,0.28,96.83,0.54,7.86,5.5,2.64,2.64,2.65,61.62,5.43,46.91,3,2318,90,61.74,4.06,39.65,1964,11.65,0.73,28100,41200,59900,31800,152,219,287,135,333,29.1,17.5,15.7,28,0,0.71,80.16,56.01,85.46,92.02,43.9,1301.5,0.93,10.81,2
13.45,17.65,26.05,26.05,0.12,0.16,0.24,0.24,91.11,0.42,3.61,2.46,2.43,2.62,1.88,80.28,0.94,38.26,3,180,96.65,74.48,0,40.56,1956,1.5,0.65,39700,53200,68900,29200,171,232,303,132,293,24.9,15.8,11.5,0,0,0.91,83.77,61.36,80.63,93.19,8.9,1481.2,0.08,0,1
10.1,10.96,23.77,35.22,0.26,0.29,0.62,0.92,95.05,0.69,3.71,2.75,2.62,2.79,2.08,80.79,1.43,42.87,3,624,94.85,75.86,2.08,25.96,1969,0.35,0.35,73100,87800,106700,33600,376,473,569,193,512,26.9,21.2,12,0,0,2.62,77.05,55.61,81.72,92.71,17.9,1724.8,3.35,0,1
9.38,11.7,17.12,27.01,0.49,0.61,0.89,1.41,90.41,0.92,4.08,3.15,2.73,2.86,2.29,79.94,1.23,32.43,3,629,96.21,76.15,0.16,29.89,1960,0.89,0.13,128000,143400,164700,36700,394,563,676,282,668,24.8,22.6,13.1,8,1,5.22,47.43,60.3,83.68,88.85,34.6,1314.3,1.28,0,1
30.33,41.41,50.77,60.4,13.71,18.71,22.94,27.29,46.84,15.46,6.98,4.6,2.59,2.63,2.56,39.38,18.31,75.17,2,3510,95.13,38.71,2.25,17.69,1962,1.53,0.46,249800,343600,469800,220000,511,626,763,252,688,30.5,25.3,11.6,82,17,45.19,29.68,37.69,73.29,76.85,31.7,5677.3,4.15,5.88,1
11.79,16.19,26.85,28.84,0.56,0.77,1.27,1.37,94.75,0.53,2.47,1.9,2.6,2.69,2.14,85.62,0.43,18.79,3,164,97.14,82.53,0.61,30.49,1963,0.18,0.21,89100,117500,148000,58900,303,394,502,199,465,24.6,18.7,11.4,10,0,4.73,58.81,59.75,85.21,89.74,5.8,2552.7,1.96,0,1
19.03,30.13,44.66,56.86,1.45,2.3,3.41,4.35,87.44,2.2,4.07,2.8,2.58,2.89,2.25,58,4.95,47.54,3,12116,89.26,51.84,1.81,27.45,1978,5.5,0.14,64100,82800,110200,46100,312,382,469,157,444,23.7,22,11.8,47,1,7.64,51.54,36.76,67.01,84.09,96.4,2716.3,0.14,7.87,2
13.98,22.48,28.95,36.92,0.37,0.59,0.76,0.96,94.19,0.56,3.3,2.51,2.72,2.95,2.08,79.9,1.21,40.32,3,1255,93.6,73.63,0.08,14.5,1979,0.29,0.14,97700,127400,167500,69800,506,578,663,157,611,22.9,21.7,11.5,0,0,2.61,63.24,43.01,76.47,85.75,34.1,1491.7,2.64,0,1
15.87,25.51,36.37,45.77,4.51,7.26,10.34,13.02,59.04,9.84,9.16,5.71,2.54,2.8,2.43,31.59,12.3,73.76,2,172768,94.23,28.64,4.83,40.33,1946,7.33,1.25,149700,189600,244600,94900,320,448,615,295,496,25.7,21.8,14.1,23383,10447,28.45,53.09,63.06,82.76,89.78,320.1,22878.2,54.33,6.91,2
12.27,18.31,29.88,43.12,2.25,3.36,5.48,7.91,71.79,4.31,7.26,6.07,3.05,2.8,3.18,31.74,11.94,55.65,2,353,95.73,34.5,0.57,3.12,1976,1.62,0.24,150800,172500,196500,45700,512,607,689,177,666,31.6,23.3,12.3,0,0,18.34,24.24,26.33,46.38,54.52,9.1,2917.9,1.93,0,2
23.14,23.14,34.57,37.77,0.71,0.71,1.07,1.17,93.31,1.23,1.9,1.18,2.32,2.61,2.02,58.03,1.26,56.02,2,545,90.47,51.73,1.28,34.31,1957,3.83,0.79,88900,117200,148400,59500,357,451,553,196,499,26.1,23.7,13.7,2,0,3.09,54.87,42.07,69.61,75.44,41.8,291.4,0.75,0,1
10.38,12.4,19.68,23.72,0.48,0.57,0.91,1.1,93.6,0.75,3.74,2.82,2.58,2.61,2.45,78.92,2.26,29.4,3,437,93.31,77.85,1.14,29.52,1972,2.03,0.08,61700,73900,92300,30600,371,457,508,137,543,24.5,20.9,11.3,0,0,4.63,28.32,45.19,75.45,81.03,10.1,1581.4,0.58,0,1
18.93,23.73,27.68,29.94,0.27,0.34,0.4,0.43,95.9,0.75,3.36,2.47,2.51,2.58,2.38,65.6,2.8,41.45,3,586,94.31,63.8,0.34,26.45,1976,8.04,0.4,44800,60300,75500,30700,252,302,373,121,389,24.8,19.6,11.7,0,0,1.43,40.4,39.82,70.19,77.43,23,1073.9,0,0,1
0.85,5.26,15.08,30.16,0.04,0.27,0.77,1.53,89.62,1.21,2.69,1.82,2.35,2.36,2.33,75.61,1.36,30.49,3,319,94.85,75.35,1.25,32.6,1953,0.87,0.24,83600,108900,146700,63100,445,529,632,187,675,20.2,18.5,12.1,0,0,5.08,60.71,57.14,86.99,94.36,3.7,3697.1,1.11,0,1
20.75,31.36,43.8,50.16,2.01,3.04,4.25,4.87,85.2,3.17,5.26,3.68,2.63,2.64,2.63,40.87,8.76,63.54,2,1560,95.47,40.71,1.47,11.03,1970,2.97,0.24,128100,158000,209600,81500,434,507,587,153,548,30.8,23.6,10.8,13,76,9.71,45.45,35.36,77.14,83.16,14.9,5943,2.17,0,2
27.63,30.07,38.71,40,1.71,1.86,2.39,2.47,83.37,2.94,5.93,4.1,2.55,2.71,2.29,66.4,4.87,47.7,3,321,93.07,62.56,2.18,38.94,1963,6.75,0.32,40000,53900,74800,34800,195,268,343,148,306,26.2,16.1,11.5,0,0,6.19,48.88,44.43,76.23,87.33,9.4,1189.1,0.09,0,2
0,5.88,26.2,28.34,0,0.04,0.17,0.19,98.41,0.18,7.83,5.91,2.83,2.88,2.77,58.69,6.3,43.55,3,626,94.04,57.74,8.31,28.75,1967,12.35,1.08,38900,50900,69100,30200,155,248,318,163,343,29,20.5,14.1,13,0,0.66,53.03,52.14,82.37,88.6,14.9,1900.7,0.1,0,2
0,0,0,28,0,0,0,0.06,65.56,2.4,9,6.59,2.74,2.68,2.86,63.1,7.17,40.73,3,410,90.68,64.53,7.32,47.8,1963,14.35,0.64,24500,39100,56400,31900,114,165,226,112,261,28.6,23,15.3,0,0,0.22,93.09,62.57,89.93,98.48,4.8,2323.5,0.78,0,2
14.07,21.62,29.66,39.74,3.43,5.27,7.23,9.68,8.15,21.64,21.34,18.23,3.78,3.95,3.54,61.58,26.43,53.73,2,1969,94.21,58.96,6.4,42.25,1972,12.42,2.11,33700,52500,75000,41300,161,245,339,178,315,27.6,22.6,12.8,4,0,24.37,67.12,60.11,86.08,91.7,34.1,3608.7,3.55,4.26,2
10.56,18.96,21.6,25.28,0.64,1.14,1.3,1.53,78.98,2.49,4.07,2.62,2.33,2.45,2.21,53.56,1.79,36.94,3,713,92.49,50.94,2.1,59.05,1939,6.72,0.66,53400,71000,91900,38500,172,240,303,131,337,24.7,18.6,14.5,2,0,6.03,81.86,61.42,85.56,93.76,6.2,3353.7,2.6,0,1
2.61,4.9,14.05,18.95,0.07,0.13,0.36,0.49,95.94,0.24,3.62,2.78,2.77,2.9,2.27,83.55,1.2,38.37,3,134,96.69,79.89,0,42.54,1968,1.17,0.71,94100,119800,159000,64900,351,452,552,201,526,28,23.5,12.6,0,0,2.58,71.76,51.97,79.39,91.47,52.5,225.9,0.88,0,1
0,0,0,3.06,0,0,0,0.05,93.22,0.61,5.33,3.73,2.65,2.81,2.31,71.4,2.83,46.05,3,929,88.47,67.27,7.53,52.42,1972,3.51,0.81,55600,71800,89600,34000,210,282,359,149,348,19,17.5,11.3,5,0,1.72,48.45,54.59,83.65,89.98,19.1,998.4,5.76,0,2
14.24,20.59,30.64,37.7,1.16,1.68,2.5,3.08,86.3,3.08,5.56,4.07,2.67,2.62,2.73,55.37,7.42,49.8,3,185,95.98,56.37,1.08,21.08,1972,3.3,0.11,83000,108900,145000,62000,315,395,497,182,472,28.7,21.4,12.4,11,0,8.16,62.95,39.82,76.72,94.06,4.2,2853.3,0,0,1
11.6,26.52,26.52,37.02,0.13,0.31,0.31,0.43,96.9,0.68,6.31,4.4,2.54,2.46,2.63,50.62,5.05,46.78,3,429,93.34,52.29,4.9,45.45,1960,12.61,1.45,33800,50800,74400,40600,116,180,249,133,316,29.5,18.5,13.9,0,0,1.15,81.21,57.15,86.06,91.66,7.3,2134,0.11,0,2
6.76,16.87,18.66,33.19,0.48,1.21,1.34,2.38,84.6,2.25,10.56,8.94,3.27,3.29,3.19,82.83,6.06,22.51,3,193,96.66,82.4,3.63,26.42,1970,2.5,0.24,153000,203400,259300,106300,458,617,843,385,714,28.2,25.1,11.9,0,0,7.18,58.08,45.88,59.47,94.53,14.2,1641.4,0.27,0,2
19.6,32.8,44.4,44.4,0.11,0.18,0.25,0.25,97.37,0.21,11.3,8.31,2.91,2.89,2.93,57.98,9.73,45.71,3,1170,92.91,58.32,12.14,37.26,1965,11.02,0.83,29100,42500,60000,30900,132,207,295,163,332,32.3,21.1,15,6,0,0.55,84.59,59.55,88.62,93.77,27,1672.6,0.24,0,1
6.37,10.63,17.42,25.43,0.8,1.33,2.19,3.19,84,1.64,2.14,1.48,2.36,2.48,2.06,75.92,1.98,44.78,3,294,97.41,72.37,0.68,21.09,1957,0.56,0,328100,407500,500001,171901,611,744,972,361,810,26.6,27.7,11.9,0,0,12.55,55.31,58.4,82.21,92.84,5.8,4486.8,3.98,0,1
7.9,13.43,19.77,29.72,0.42,0.72,1.06,1.6,73.84,3.89,5.71,4,2.59,2.69,2.45,61.39,6.6,52.54,2,3958,88.57,59.21,1.64,34.69,1967,7.89,0.47,33000,48300,70200,37200,237,302,387,150,365,25.4,20.2,13,240,1,5.38,69.08,45.39,73.13,87.74,49.6,1702.6,0.68,11.61,1
4.77,4.77,4.77,8.79,0.07,0.07,0.07,0.13,95.79,0.45,3.99,2.74,2.47,2.56,2.32,66.48,1.45,44.54,3,649,94.47,64.26,3.39,42.84,1949,5.1,0.48,33800,44000,56500,22700,180,255,313,133,340,26.6,17,13.1,0,0,1.44,79.34,59.58,91.71,96.11,7.9,3513.5,1.91,0,2
11.7,14.75,21.88,32.78,0.27,0.34,0.5,0.76,91.4,1.35,9.52,6.52,2.76,2.91,2.61,52.36,6.93,55.71,2,1816,93.17,49.73,12.83,37.78,1954,8.97,0.46,27800,36300,45700,17900,257,362,448,191,436,30.5,17.2,14,132,3,2.31,66.2,51.8,86.51,92.67,20.7,3434.7,0.9,10.69,1
10.62,16.63,32.33,38.8,0.09,0.14,0.27,0.32,97.01,0.31,6.44,4.99,2.78,2.8,2.73,68.27,3.41,34.4,3,1495,92.53,67.75,9.83,47.22,1967,10.47,4.04,48700,70700,99400,50700,157,250,355,198,376,28.7,22.4,14.3,0,10,0.83,74.77,59.38,80.79,93.24,414.5,125.8,1.63,0,2
4.23,4.23,38.03,45.07,0.04,0.04,0.33,0.4,96.59,0.51,4.18,2.76,2.35,2.44,2.2,63.12,2.44,47.1,3,471,93.56,60.67,5.52,47.35,1959,6.58,0.52,37000,52700,84400,47400,183,255,317,134,320,23.7,18.9,13.2,17,3,0.88,74.95,61.23,81.36,92.68,11.4,1423.7,0,0,2
5.52,11.78,14.11,16.69,0.26,0.56,0.66,0.79,92.48,0.85,4.06,3.08,2.65,2.69,2.46,83.83,1.31,44.45,3,3878,86.55,82.54,0.72,60.24,1972,0.67,0.16,105300,133100,166800,61500,509,604,725,216,721,32.6,25.7,17.4,17,0,4.71,71.99,61.13,77.21,94.05,27.2,2441,1.75,0,1
17.67,20.76,26.83,31.89,1.97,2.32,3,3.56,88.52,2.03,2.54,1.37,2.08,2.23,1.84,64.34,2.34,59.3,2,1759,86.31,59.78,0.57,15.52,1960,0.39,0.44,343900,471300,500001,156101,652,859,1001,349,879,27.9,25.4,11.8,6,50,11.17,41.06,44.53,76.43,88.97,9,2575.6,1.97,0,2
0,3.26,6.83,20.96,0,0.16,0.34,1.05,15.13,14.64,18.52,15.67,3.56,3.53,3.63,68.41,20.25,50.24,2,554,86.6,68.98,25.81,75.63,1960,17.21,3.15,19200,30700,43700,24500,105,179,243,138,265,28.7,21.4,14,0,0,4.97,92.04,69.4,95.85,99.9,9.6,1345.2,1.23,0,1
7.98,16.5,19.82,26.68,0.28,0.58,0.69,0.93,94.47,0.95,4.93,3.49,2.63,2.85,2.18,73.05,2.55,48.64,3,888,96.46,67.43,0.79,19.26,1962,1.71,0.09,47200,57700,70400,23200,350,397,454,104,429,23,17.8,12.7,0,0,3.49,81.96,53.39,85.47,94.03,25.2,2539,0.59,0,1
25.32,25.32,32.91,32.91,0.26,0.26,0.34,0.34,96.83,0.61,4.2,3.17,2.76,2.98,2.17,78.24,1.63,37.23,3,144,97.4,72.34,0.69,20.83,1968,1.44,0.22,69500,83700,97400,27900,344,408,454,110,442,27.2,20.9,11.3,0,0,1.02,76.9,51.79,80.72,91.57,9.4,1641.9,1.69,0,1
0,0,0,0,0,0,0,0,98.98,0.28,2.28,1.67,2.44,2.49,2.34,68.9,1.88,43.88,3,472,94.03,67.53,4.66,35.38,1972,10.95,0.51,30500,41800,60000,29500,153,216,274,121,280,26,17.5,12.3,7,0,0.26,73.8,52.41,83.68,89.62,30.1,616.9,0.23,0,1
13.57,22.29,31.93,41.76,4.73,7.76,11.12,14.54,64.34,4.86,4.05,2.25,2.19,2.71,1.78,54.32,3.27,61.04,2,1159,92.63,43.85,1.38,31.23,1949,0.4,0.2,500001,500001,500001,0,660,902,1001,341,925,29.5,24,12.9,0,5,34.82,26.78,52.74,82.67,85.41,5.9,5437.2,4.31,4.76,2
7.16,12.29,17.41,20.7,0.74,1.26,1.79,2.13,88.61,0.8,3.36,2.43,2.5,2.71,1.8,83.68,0.56,22.15,3,135,97.45,77.25,0,42.96,1948,0.21,0,75900,90400,111900,36000,411,482,586,175,559,27.5,18.9,13.5,0,0,10.29,62.7,53.8,78.85,86.92,1.9,7812.2,5.81,0,1
0,13.67,16.02,31.64,0,0.1,0.12,0.24,97.7,0.24,4.6,3.24,2.56,2.63,2.45,63.17,1.68,40.38,3,1064,92.53,61.48,3.38,57.42,1945,12.2,0.81,24100,34500,48100,24000,185,232,284,99,337,25.6,16.3,12.9,4,0,0.75,81.01,53.95,85.45,93.41,8.3,4102.3,1.01,0,1
19.16,27.39,32.16,37.1,0.53,0.76,0.89,1.03,93.15,0.8,5.59,3.65,2.5,2.64,2.28,64.11,1.95,47.33,3,11242,92.09,60.65,13.37,48.67,1951,5.49,0.34,33800,48900,68500,34700,210,286,365,155,378,27.2,17,13.9,260,12,2.78,76.14,56.77,88,93.19,83.5,3988.5,3,4.39,2
16.38,24.3,33.12,42.58,1.08,1.61,2.19,2.81,86.31,2.63,8.48,5.42,2.56,2.75,2.25,66.55,4.69,42.28,3,71824,89.36,61.95,21.96,59.26,1939,4.25,0.88,27900,49400,77100,49200,252,358,483,231,452,29.8,19.3,14.8,3416,1069,6.61,73.58,64.33,88.86,92.65,140,11326,29.31,4.19,2
16.03,21.86,26.53,31.9,2.09,2.85,3.46,4.16,84.82,1.63,4.02,2.87,2.6,2.79,2.19,73.79,0.84,33.82,3,1042,96.58,68.91,0.29,38.58,1939,0.37,0.27,224100,293400,393800,169700,578,809,1001,423,884,25.2,20.9,13.1,196,0,13.03,55.34,60.43,75.1,85.9,18.7,4413,12.27,0,1
6.73,7.12,9.74,13.69,0.41,0.43,0.59,0.83,91.96,0.7,2.01,1.41,2.32,2.37,2.13,78.76,1.07,43.28,3,1487,89.52,76.93,0.81,27.37,1975,1.73,0.08,71000,91500,128900,57900,335,449,576,241,544,28.3,21.8,12.7,0,0,6.05,22.65,46.85,70.75,77.44,26.1,1137.7,0.77,0,1
30.69,43.05,47.02,50.54,0.51,0.72,0.79,0.85,96.8,0.35,3.95,2.64,2.39,2.52,2.21,61.35,1.83,47.28,3,2090,92.33,58.2,4.31,40.48,1960,7.07,0.29,38200,56900,80300,42100,179,272,353,174,346,24.7,16.9,12.6,47,0,1.68,70.07,52.6,73.84,86.06,51.2,1290.5,3.33,5.8,2
39.85,53.98,53.98,58.35,0.71,0.96,0.96,1.04,96.28,0.35,3.92,3.04,2.78,2.95,2.41,72.5,2.99,33.11,3,427,94.61,68.26,0.94,26.7,1976,2.6,0.37,60700,73400,92800,32100,292,350,413,121,438,25.6,18.1,12.3,0,0,1.78,70.21,46.9,75.27,88.08,24.7,885.5,0.24,0,1
16.48,19.78,23.08,23.08,0.11,0.14,0.16,0.16,97.25,0.44,5.24,3.37,2.36,2.37,2.36,52.36,3.97,57.54,2,994,91.36,52.26,2.41,49.4,1961,11.53,0.25,34000,53100,74600,40600,148,229,321,173,327,24.6,20.6,13.5,12,6,0.7,76.1,50.04,83.54,91.1,12.8,2042.4,0.88,0,2
10.48,21.81,32.28,44.56,0.49,1.02,1.5,2.08,89.97,1.19,4.66,3.62,2.81,2.99,2.5,67.55,4.75,36.41,3,3395,91.35,63.45,5.24,40.27,1977,3.79,0.16,52900,68700,87200,34300,334,397,483,149,469,24.3,21.3,12.7,0,4,4.66,67.97,43.88,83.76,92.25,44.4,2286.9,1.22,5.62,1
4.68,11.4,16.21,21.73,0.16,0.39,0.55,0.73,93.73,0.67,4.83,3.55,2.65,2.7,2.53,70.95,1.63,44.74,3,323,96.58,69.66,0.31,16.1,1955,1.03,0.15,45900,58800,72300,26400,261,397,496,235,479,22.7,18.7,11.4,0,0,3.38,70.72,57.89,85.21,94.8,5.1,4826.9,11.71,0,1
0,0,2.47,13.58,0,0,0.02,0.09,96.81,0.47,3.44,2.14,2.34,2.6,1.97,65.29,1.06,51.2,2,236,95.58,58.78,2.54,39.41,1952,2.55,0.56,34000,43600,55900,21900,191,266,334,143,329,27.1,18.6,13.6,0,0,0.64,78.91,54.71,84.7,92.48,10.2,1249.9,0.19,0,1
15.08,21.14,27.3,30.07,0.52,0.73,0.94,1.03,95.48,0.49,3.26,2.72,2.84,2.93,2.29,88.77,0.45,16.76,3,455,96.25,86.08,0.22,51.43,1968,0.35,0.07,79100,97100,125000,45900,388,467,584,196,577,22.9,19.1,11.6,0,0,3.43,56.09,57.26,68.76,84,26.7,1260.7,0.34,0,1
7.41,21.38,26.77,30.3,0.2,0.57,0.71,0.8,95.33,0.52,2.93,1.94,2.42,2.67,2.07,64.12,1.25,48.35,3,450,94.91,58.09,0.44,25.78,1954,4.6,0.33,90900,113000,142400,51500,346,481,595,249,542,29.7,23.7,15.5,1,0,2.65,48.31,47.1,71.82,79.59,38.6,580.3,0.03,0,1
3.85,3.85,11.54,11.54,0.04,0.04,0.11,0.11,97.24,0.48,3.26,2.66,2.69,2.72,2.51,83.85,1.2,32.59,3,132,97.29,82.69,2.27,40.91,1957,2.3,1.35,46700,66300,90100,43400,158,248,322,164,341,24.3,16.9,12.1,4,0,0.97,79.97,63.34,91.08,95.84,36.1,369.6,0.2,0,1
0,15.57,20.9,20.9,0,0.36,0.48,0.48,93.29,0.35,3.26,1.89,2.15,2.42,1.81,62.28,0.65,56.32,2,358,93.22,55.3,5.87,53.35,1940,1.91,1.15,30900,40900,56600,25700,256,316,386,130,402,24.4,20.1,13.8,0,0,2.29,89.14,64.43,92.84,95.93,1.2,8564.4,16.83,0,1
36.01,44.26,55.62,61.91,0.71,0.88,1.1,1.23,96.24,0.48,3.15,1.86,2.2,2.4,2.01,54.26,2.29,59.26,2,6480,91.52,49.86,7.04,33.72,1960,6.38,0.28,35900,49800,69600,33700,187,261,343,156,332,26.5,20.4,13.6,354,130,1.98,69.57,47.86,77.77,87.92,80,2063.3,1.93,10.26,2
20.93,34.88,34.88,61.63,0.33,0.55,0.55,0.98,96.9,0.81,1.49,0.95,2.24,2.5,2.05,47.84,1.7,65.02,2,314,93.81,42.9,1.27,21.66,1977,6.37,0.65,56900,80700,107200,50300,243,302,360,117,373,22.5,20.8,13.1,0,0,1.59,60.31,34.76,64.31,79.22,7.5,1451,0,0,1
12.43,17.65,25.72,39.62,0.5,0.71,1.04,1.6,94.3,0.71,2.84,1.97,2.47,2.71,1.92,77.03,1.41,42.58,3,1327,96.29,70.35,0.15,22.61,1967,0.63,0.18,82600,97500,127600,45000,465,545,647,182,574,25.8,20,11.3,0,0,4.04,66.76,54.64,82.23,90.48,36.8,2345.2,3.14,0,1
9.91,14.28,21.46,33.58,1.08,1.56,2.34,3.67,85.29,1.53,3.96,3.21,2.77,2.91,2.13,85.73,0.92,25.64,3,198,97.46,81.45,2.53,46.46,1957,0.41,0.28,168700,206900,284900,116200,618,702,813,195,782,23.5,21.1,15,0,0,10.92,58.63,70.79,81.71,90.89,9.4,2250.1,7.6,0,1
4.85,7.51,14.46,18.44,0.53,0.82,1.58,2.02,82.18,2.51,3.04,2.25,2.56,2.65,2.13,84.14,0.88,42.36,3,386,96.67,81,0.26,36.79,1964,0.25,0.19,139000,165800,195100,56100,515,649,732,217,716,24.7,21.5,12.8,0,0,10.94,66.78,64.52,90.85,93.45,13.7,2139.7,1.46,0,1
12.5,23.96,23.96,23.96,0.09,0.18,0.18,0.18,97.94,0.44,3.78,2.43,2.37,2.45,2.22,67.87,1.82,55.86,2,618,89.41,65.74,0.65,53.4,1954,10.58,0.58,19700,33200,52700,33000,134,188,242,108,277,25.3,18.1,13.4,0,0,0.75,75.46,50.83,77.48,88.98,10.5,1227.9,0.55,0,2
10.21,13.27,18.06,26.99,0.3,0.39,0.53,0.79,94.69,0.55,20.44,18.4,3.85,3.94,3.21,89.44,3.24,13.73,4,687,96.58,87.34,1.31,32.31,1978,0.86,0.26,70400,87500,111200,40800,293,397,538,245,500,22.8,21.9,11.4,0,0,2.92,66.41,51.8,80.89,85.88,20.7,3625.3,2.34,0,1
17.08,22.59,32.71,41.23,1.1,1.46,2.11,2.66,90.94,1.15,4.34,3.37,2.74,2.93,2.19,79.69,1.32,33.72,3,860,95.38,74.54,0.23,18.6,1971,0.43,0.09,115600,148700,203500,87900,483,590,701,218,646,26.8,22.3,12.1,0,0,6.45,58.52,46.01,71.51,83.26,11.5,4486.1,9.74,0,1
8.84,8.84,10.13,11.85,0.18,0.18,0.21,0.24,96.45,0.23,4.46,3.6,2.87,2.91,2.53,90.45,2.06,32.43,3,491,94.06,89.13,0.61,47.66,1970,1.57,0.1,71800,97000,132100,60300,364,457,533,169,543,23.8,17.9,12.9,0,0,2.05,84.3,57.66,87.87,96.67,34.8,648.8,0.18,0,1
14.66,17.28,22.51,32.98,0.19,0.22,0.29,0.42,96.64,0.29,3.68,2.46,2.39,2.37,2.43,65.84,2.43,51.03,2,1038,85.28,66.47,6.94,67.73,1957,13.73,0.09,23400,38000,56100,32700,158,224,282,124,303,26.9,20.9,12.6,17,0,1.27,71.55,50.54,81.53,93.34,14.2,1057.3,0,0,2
18.97,28.48,35.61,44.27,2.03,3.05,3.81,4.74,72.89,4.14,6.32,3.82,2.42,2.59,2.24,55.14,7.3,62.99,2,20653,88.74,51.44,2.07,22.06,1971,6.88,0.38,52200,66800,85600,33400,260,327,406,146,377,29.6,21.7,12.5,437,102,10.71,34.8,41.54,73.61,79.3,161.9,2503.8,4.29,4.03,2
6.08,13.09,25.46,28.87,0.25,0.54,1.06,1.2,90.82,1,4.35,3.14,2.69,2.8,2.45,71.76,2.19,47.98,3,932,89.49,68.94,0.86,38.3,1982,1.68,0.42,86200,111300,142800,56600,548,619,675,127,727,24.3,23.1,12.8,0,0,4.16,62.31,40.26,66.89,88.65,93.6,249.1,1.66,0,1
2.68,9.06,20.81,23.49,0.07,0.23,0.52,0.58,75.44,1.76,6.79,4.78,2.58,2.57,2.62,65.95,6.25,54.98,2,721,86.35,66.37,4.85,55.2,1956,13.7,0.64,15700,27200,44000,28300,125,198,259,134,282,27.9,18.6,13.6,0,0,2.49,84.15,53.48,79.79,96.69,9,1329.7,0.58,0,2
8.98,14.14,24.64,30.47,0.36,0.57,1,1.23,93.41,0.8,2.87,1.8,2.39,2.44,2.35,42.77,1.7,57.38,2,1040,90.85,41.88,2.5,44.33,1950,2.85,0.36,110300,137600,168500,58200,390,497,623,233,553,26.4,23.7,13.8,65,0,4.04,32.62,39.91,59.25,64.89,16.2,1602.6,0.99,0,1
3.72,8.33,15.6,23.58,0.2,0.45,0.84,1.27,91.99,1.02,7.07,5.1,2.73,2.85,2.5,69.74,1.21,37.96,3,1468,72.07,66.9,13.56,56.4,1945,1.11,1.2,125900,152800,192200,66300,509,658,842,333,797,29.4,24,12.9,56,0,5.39,78.48,59.52,74.64,92.12,3.1,3397.6,8.66,0,2
6.27,10.27,19.39,23.38,0.19,0.32,0.6,0.72,93.6,0.48,1.83,1.12,2.23,2.46,1.73,74.91,0.64,49.13,3,323,95.86,67.78,0.31,30.03,1958,0.62,0.14,55000,69000,87800,32800,359,465,547,188,520,21.6,19.7,13.6,0,0,3.07,84.64,61.22,88.89,94.24,4.1,4180.8,11.76,0,1
23.72,31.93,38.07,49.79,1.95,2.62,3.12,4.09,88.94,0.93,3.71,2.15,2.33,2.95,1.93,50.21,2.54,66.88,2,774,90.07,39.76,0.13,26.49,1975,2.34,0,94300,118800,147400,53100,471,531,595,124,585,24.5,21.8,14,0,0,8.21,60.66,29.96,60.74,81.92,29.1,606.6,2.48,0,1
5.95,11.31,25.85,37.74,0.2,0.38,0.88,1.28,92.84,0.56,4.24,3.42,2.85,2.96,2.62,70.39,3.35,27.98,3,849,93.64,67.72,0.59,24.62,1975,1.87,0.18,65300,86200,117500,52200,349,456,553,204,529,26.2,19.9,11.3,0,0,3.39,63.45,52.65,83.13,91.59,11.7,3057.5,0.89,0,1
17.35,21.43,21.43,21.43,0.15,0.19,0.19,0.19,97.76,0.13,3.16,2.18,2.35,2.38,2.29,68.71,1.63,51.98,2,431,91.41,67.81,1.86,50.58,1958,7.3,0.28,25900,38300,55900,30000,118,193,252,134,285,25.8,14.5,12,0,0,0.87,81.96,56.53,82.64,93.14,10.3,1098.7,0.63,0,1
11.04,14.81,24.18,28.65,1.38,1.85,3.02,3.58,85.44,1.23,3.2,2.45,2.68,2.87,2.06,81.13,0.64,25.71,3,84,98.06,75.52,1.19,38.1,1957,0.52,0.58,205800,246400,295300,89500,607,702,959,352,757,24.9,21.2,12.7,0,0,12.51,52.16,65.66,79.06,90.11,3.8,3001.1,7.98,0,1
16.17,24.91,29.46,31.8,0.89,1.38,1.63,1.76,91.53,1.06,3.41,2.43,2.4,2.47,2.23,72.88,1.46,37.53,3,6769,71.04,70.86,0.96,45.5,1973,1.71,0.3,128400,160000,221000,92600,419,575,689,270,673,31.8,26.1,14.2,273,6,5.53,67.37,52.01,78.56,89.51,62.2,658.2,1.18,0,2
16.94,22.23,30.1,34.93,2.72,3.57,4.83,5.61,80.05,3.21,5.08,3.55,2.59,2.84,2.05,74.78,2,45.19,3,536,92.58,68.15,2.99,42.16,1939,1.09,0.14,181000,206200,241300,60300,489,618,732,243,681,24.9,21.6,15.6,5,0,16.06,60.14,68.6,79.74,88.58,2.9,6118.4,18.82,0,1
22.36,29.91,38.56,50.21,1.72,2.3,2.96,3.86,90.01,2.17,5,2.88,2.27,2.47,2.05,57.6,3.49,56.17,2,11100,94.4,52.98,5.5,30.54,1947,4.47,0.64,44500,59200,83300,38800,269,340,418,149,397,25.8,20.2,14.3,1553,149,7.68,47.82,46,76.24,85.35,129.1,3386.2,11.41,4.81,2
12.54,28.79,41.94,58.85,0.96,2.19,3.19,4.48,89.45,2.59,6.1,4.66,2.88,2.95,2.74,67.75,3.13,32.6,3,751,92.66,66.11,1.46,21.3,1981,4.11,0.51,116600,150700,185400,68800,522,603,693,171,695,25.5,25.3,13.7,7,0,7.62,37.57,29.6,47.71,74.55,10.4,2695.4,1,0,1
22.23,32.19,43.13,51.23,4.93,7.14,9.56,11.36,72.79,5.83,4.13,2.82,2.51,2.7,2.27,60.49,6.41,52.31,2,2312,95.79,56.29,1.56,16.65,1961,1.2,0.27,272900,340000,420200,147300,610,740,935,325,795,26.9,23.1,11.2,0,18,22.17,41.72,49.81,82.48,85.95,21.3,6260.9,1.53,4.12,2
0,0,0,4.79,0,0,0,0.06,96.76,0.84,31.58,29.55,4.32,4.38,3.72,92.3,4.84,12.48,4,56,98.06,91.06,7.14,60.71,1979,0.6,0.42,78000,93900,118500,40500,257,367,544,287,512,21.7,23.3,12.8,0,0,1.19,75.24,51.42,88.33,92.45,20.9,585.8,1.27,0,1
18.78,29.78,41.39,51.48,4.47,7.09,9.85,12.25,69.2,7.86,7.25,4.67,2.52,2.54,2.51,51.04,10.47,61.71,2,1354,94.96,50.78,0.59,15.81,1961,1.85,0.58,274700,349500,442200,167500,558,670,883,325,728,28.6,28.2,12,91,125,23.8,50.11,46.52,77.2,88.9,19.7,3349.1,3.85,0,2
15.52,25.43,30.17,37.79,0.82,1.34,1.59,1.99,89.75,0.76,2.85,1.89,2.32,2.57,1.95,65.72,1.16,40.69,3,199,96.4,59.31,0.5,25.63,1961,0.41,0.09,70700,92700,140300,69600,403,458,535,132,534,25.1,20.2,11.7,0,0,5.28,74.75,49.01,82.92,89.32,6.3,2104.5,1.68,0,1
0.95,6.63,11.17,16.86,0.04,0.3,0.51,0.76,93.59,0.26,3.95,3.33,3.01,3.11,2.15,92.43,0.93,20,3,100,97.48,89.42,2,31,1980,0.93,0.28,109900,133300,160300,50400,399,472,581,182,527,20.5,23.9,13.5,0,0,4.51,70.13,43.22,55.18,90.13,5.4,2148.7,3.2,0,1
2.5,5.72,10.2,17.35,0.14,0.31,0.56,0.95,94.06,0.44,2.39,1.91,2.46,2.37,2.89,79.15,1.88,52.66,2,467,89.87,82.22,0.21,25.05,1984,3.16,0.2,56300,68700,87100,30800,394,449,508,114,557,25.8,22.2,11.5,0,0,5.5,22.88,32.16,52.33,71.28,13,785.2,0,0,1
33.63,42.9,48.38,54.23,0.76,0.97,1.09,1.22,94.35,0.3,3.6,2.32,2.43,2.84,2.04,56.93,1.98,57.07,2,1058,94.6,48.71,0.85,20.51,1968,2.77,0.45,50800,64700,81800,31000,234,320,391,157,367,26.1,20.5,12.1,70,0,2.25,62.7,41.07,66.59,80.46,15,3304.7,0.95,0,1
23.59,31.16,38.39,46.52,1.92,2.54,3.13,3.79,79.35,3.93,7.07,4.13,2.41,2.65,2.3,34.96,4.9,67.53,2,5071,90.62,31.78,10.18,32.97,1943,7.53,0.49,110400,145000,189200,78800,332,487,594,262,568,30,23.5,14.9,1344,16,8.15,53.51,45.53,77.29,81.55,19.5,6679.9,9.54,3.08,2
8.48,31.7,41.96,53.57,0.17,0.63,0.84,1.07,87.22,1.1,6,4.34,2.66,2.66,2.66,56.69,6.76,58.36,2,474,89.89,56.62,10.97,63.08,1959,7.66,1,37400,49000,64400,27000,180,259,314,134,316,27.3,22.5,12.9,0,0,2,88.58,54.89,93.77,97.9,3.3,3399.4,1.19,0,2
5.49,7.12,11.55,15.11,0.24,0.31,0.5,0.66,91.77,0.83,5.94,4.7,2.83,2.9,2.45,85.93,2.75,25.72,3,257,97.01,83.78,2.33,30.35,1961,1.16,0.28,54700,65100,74900,20200,384,451,514,130,526,24.1,21,12.7,0,0,4.34,75.17,58.15,95.52,96.42,4.7,5104.5,12.33,0,1
4.28,4.91,6.81,13.47,0.27,0.31,0.43,0.85,89.28,1.26,3.78,3.03,2.72,2.82,1.95,92.01,0.57,23.09,3,167,97.74,88.83,0,29.94,1966,0.1,0,81200,102400,138000,56800,403,461,519,116,558,23.4,16.9,12.1,0,0,6.33,54.37,65.83,85.55,86.78,7.8,2553.6,4.44,0,1
18.03,18.03,18.03,67.21,0.1,0.1,0.1,0.39,97.15,0.23,6.23,4.18,2.49,2.42,2.61,59.97,4.76,49.74,3,295,93.05,61.75,3.73,64.07,1961,16.32,0.76,32400,47200,69700,37300,118,197,258,140,278,25.9,19.5,14.8,0,0,0.58,82.22,54.36,83.36,92.66,6.5,1633.9,0,0,2
3.89,5.66,9.3,12,0.13,0.19,0.31,0.41,93.22,0.57,3.62,2.57,2.56,2.83,1.98,75.22,1.31,39.01,3,366,97.39,67.94,5.46,48.63,1953,1.77,0.28,53400,68100,86700,33300,257,331,399,142,388,24.6,19.1,14,0,0,3.38,84.72,66.61,84.54,96.95,10.5,3344,0.62,0,1
17.3,28.84,40.93,47.86,1.8,3,4.26,4.98,82.36,3.07,6.32,4.45,2.65,2.79,2.45,62.36,5.37,44.97,3,1204,94.81,59.24,1.16,19.35,1971,2.5,0.09,107200,144300,193400,86200,434,527,640,206,588,26.9,23.5,11.5,92,26,10.41,47.86,40.05,70.44,83.84,25.2,2398.1,0.37,0,2
18.89,27.07,35.14,40.67,1.99,2.84,3.69,4.27,56.85,8.21,13.74,10.8,3.23,3.29,3.14,62.03,17.88,49.96,3,662,88.13,60.91,4.53,18.88,1976,14.52,0.43,41900,62900,111600,69700,185,308,379,194,393,28.9,22.1,15.6,0,34,10.51,47.15,42.75,79.38,81.53,22.9,705.2,0.71,0,2
14.21,29.6,33.38,53.98,0.75,1.56,1.76,2.85,88.69,1.99,4.74,3.36,2.69,2.77,2.51,73.88,3.52,44.23,3,383,93.37,71.96,0.52,32.9,1978,2.58,0,68000,82100,94000,26000,349,449,558,209,523,28.4,23.7,14.8,9,0,5.27,42.77,41.11,73.53,82.2,7.1,2035.3,2.24,0,1
16.7,22.33,28.98,41.97,0.47,0.63,0.82,1.19,95.35,0.57,3.38,2.19,2.39,2.55,2.17,60.88,1.46,46.98,3,870,96.01,56.98,0.57,35.63,1952,2.57,0.37,41600,53800,70600,29000,243,315,380,137,379,25.7,20.4,13,13,0,2.84,82.55,47.64,76.13,93.97,18.6,2959.7,1.89,0,1
21.94,35.73,45.08,52.04,1.54,2.51,3.17,3.66,89.93,1.58,3.52,1.79,2.09,2.36,1.92,44.26,4.31,71.75,2,333,94.42,39.32,0.3,21.62,1970,2.68,0,73100,93900,121900,48800,374,433,512,138,488,22.9,19.2,11.4,2,1,7.02,51.78,39.89,75.63,83.39,8.5,1404.9,8.04,0,2
7.94,14.83,25.99,32.57,0.66,1.23,2.16,2.7,86.56,1.48,5.32,4.13,2.86,2.96,2.69,67.22,2.59,26.14,3,190,97.28,65.13,0,11.05,1972,0.6,0.09,207500,240900,304200,96700,702,811,931,229,884,26.5,26.6,12.3,0,0,8.3,55.25,37.34,59.44,85.53,8.9,2618.2,2.12,0,1
14.78,24.07,33.87,39.98,1.84,3,4.22,4.98,83.1,3.36,5.72,4.16,2.68,2.91,2.28,68.99,5.15,45.05,3,424,96.65,63.51,3.3,16.51,1974,1.28,0.21,205000,264000,332600,127600,602,701,870,268,749,26.8,23.6,10.8,5,0,12.45,49.29,48.98,75.79,90.35,10.3,3178,0.75,0,1
13.79,13.79,18.1,22.84,0.21,0.21,0.27,0.35,97.96,0.15,3.02,2.07,2.43,2.59,2.16,67.4,1.82,45.66,3,536,92.13,63.34,2.61,28.54,1966,2.98,0.12,50800,67700,90200,39400,245,328,388,143,422,21.4,16.6,12,0,0,1.51,21.98,51.15,74.62,78.91,17,904.5,0.16,0,1
24.42,32.56,43.94,52.06,1.1,1.47,1.98,2.34,92.68,0.85,3.55,1.92,2.26,2.48,2.08,49.61,4.27,58.18,2,4779,91.35,45.17,2.24,16.91,1974,3.43,0.27,52100,72400,99000,46900,265,353,449,184,444,31.2,19.4,12.8,148,30,4.5,48.67,34.91,58.18,81.03,65.6,1903.4,2.82,6.6,2
29.55,48.52,54.25,59.19,5.07,8.32,9.3,10.15,80.21,2.43,3.75,2.17,2.16,2.38,2,47.48,2.85,48.12,3,249,92.91,43.19,4.82,34.54,1939,0.46,0,206700,286400,439200,232500,469,673,894,425,740,23.6,21.4,14.9,0,0,17.15,21.23,30.25,41.08,49.8,1.9,6306.9,5.17,0,1
31.61,35.43,48.43,57.17,1.04,1.17,1.59,1.88,94.38,0.85,3.8,3.93,2.46,2.51,2.42,45.57,2.54,54.17,2,216,95.24,44.64,0.46,39.81,1966,1.36,0.15,40900,53400,69400,28500,227,297,381,154,366,32,16.3,12.8,6,0,3.29,62.41,31.89,47.27,77.2,11.7,1161.2,0.22,0,1
15.61,27.32,33.66,33.66,0.32,0.55,0.68,0.68,96.1,0.25,3.99,2.73,2.5,2.71,2.16,66.93,1.54,45.7,3,193,95.35,61.64,1.04,23.32,1950,13.48,0.17,30400,40200,57000,26600,212,275,331,119,322,26.5,16.8,13.5,0,0,2.02,64.57,54.96,84.78,90.51,5.3,1925.9,0.09,0,1
24.45,38.49,48.58,53,1.19,1.88,2.37,2.58,91.65,1.21,2.05,1.41,2.45,2.67,2.15,62.19,1.01,46.15,3,622,89.43,57,0.48,16.88,1985,0.19,0.25,87600,119800,169200,81600,493,548,612,119,630,22.8,24.1,12.6,0,0,4.88,35.31,30.38,47.97,66.1,19.7,659.9,1.14,0,1
0.99,3.6,7.95,8.82,0.04,0.16,0.36,0.4,92.14,0.85,3.94,3.08,2.81,2.89,2.3,88.34,1.18,36.84,3,785,88.97,85.78,2.55,75.92,1961,1.17,1.01,130100,161200,194400,64300,512,639,819,307,788,28,24.9,16.1,0,0,4.52,69.96,63.58,80.14,93.73,42.2,422.4,2.22,0,1
60.86,69.19,72.22,78.91,2.1,2.38,2.49,2.72,91.29,1.24,4.06,3.04,2.38,2.47,2.29,53.51,1.96,50.04,2,382,95.57,51.58,0.79,23.3,1956,2.55,0.07,41100,51400,65800,24700,251,319,395,144,379,27.5,19.9,14.5,21,0,3.44,79.03,40.95,60.02,89.94,13.9,1660.1,0.56,0,1
13.24,20.95,28.72,36.78,1.41,2.23,3.05,3.91,77.93,5.43,6.49,4.78,2.75,2.81,2.66,58.53,9.71,48,3,620,95.82,57.19,1.94,23.87,1972,4.04,0.36,101200,131300,164100,62900,350,431,514,164,484,26.1,21.8,11.4,57,5,10.63,60.72,43.89,76.24,90.8,9.5,4187.9,0.6,0,1
15.39,26.12,35.02,42.77,2.3,3.91,5.24,6.41,79.26,3.33,3.43,2.48,2.55,2.77,2.16,69.98,2.88,55.58,2,631,94.82,64.55,1.11,29.32,1975,0.62,0.12,142900,179800,235100,92200,558,662,807,249,735,24.9,23.1,15.4,8,0,14.98,54.61,48.19,73.61,84.95,12.5,2508.1,8.09,0,1
15.42,20,22.48,26.93,0.17,0.22,0.24,0.29,97.1,0.28,4.94,3.37,2.47,2.53,2.41,56.97,2.14,51.98,2,2315,92.17,55.8,8.42,46.39,1946,8.94,0.58,31300,42000,58600,27300,180,247,316,136,351,27.6,17.1,13.1,2,8,1.09,78.59,50.9,84.72,91.94,20.2,3485.1,1.06,5.94,2
8.89,14.65,25.11,52.2,0.35,0.58,0.99,2.06,94.5,0.73,2.81,1.77,2.29,2.53,1.79,74.06,1.64,50.99,2,543,96.63,66.92,0.18,18.05,1956,0.85,0,74600,84800,94700,20100,394,438,521,127,457,27,20.3,11.4,0,0,3.94,69.35,58.81,84.59,91.27,7.1,5009.5,6.04,0,1
21.55,29.69,39.18,63.61,0.91,1.26,1.66,2.69,90.42,1.78,6.05,4.25,2.54,2.49,2.62,59.83,5.99,49.7,3,1054,89.05,61.03,2.94,60.63,1963,12.35,0.49,26300,43000,67100,40800,165,260,335,170,337,26,19.9,14.5,5,0,4.24,80.94,51.89,82.07,94.35,21.6,1062.7,0.19,0,2
0,23.31,23.31,23.31,0,0.26,0.26,0.26,96.59,0.55,3.79,2.7,2.5,2.62,2.26,69.07,1.68,41.14,3,244,95.06,65.83,0.82,41.8,1950,11,0.38,29400,39000,54100,24700,202,247,293,91,305,24.4,15.2,12.3,14,0,1.1,77.22,56.5,87.49,95.03,5.5,2204.9,0.35,0,1
29.44,39.72,44.76,50.81,0.66,0.89,1,1.14,96.01,0.19,3.4,2.38,2.39,2.6,2.1,62.62,1.15,44.9,3,416,95.39,57.48,2.4,27.16,1959,4.35,0.38,51700,70300,95900,44200,221,293,361,140,363,23.6,18.8,12.1,0,0,2.24,69.56,45.18,76.13,86.81,12.2,1813.5,0.91,0,1
20.75,32.13,43.01,56.44,7.96,12.32,16.49,21.64,50.09,17.45,14.44,9.19,2.8,2.87,2.76,40.31,22.26,72.02,2,82558,93.65,39.42,2.93,21.03,1959,4.11,0.98,164100,244500,388400,224300,413,544,709,296,600,30.4,25.3,11.9,4597,3109,38.35,35.47,46.34,81.86,85,486.2,7168.1,10.92,4.89,2
17.72,27.86,37.52,46.97,7.39,11.62,15.65,19.59,43.94,16.23,6.27,4.51,2.71,2.88,2.62,35.47,9,65.21,2,262,94.88,33.37,4.96,41.22,1947,5.41,3.57,108200,150700,181600,73400,400,512,615,215,598,24.2,24.3,20,0,0,41.71,48.43,55.94,75.53,84.35,1.3,10587.5,17.27,0,1
3.37,5.18,5.18,16.27,0.18,0.28,0.28,0.88,88.36,1.46,5.03,4.09,2.9,2.99,2.29,90.35,1.28,29.79,3,219,96,87.8,8.68,55.71,1956,0.44,0.15,107700,134500,166000,58300,278,415,531,253,484,25.1,20,13.2,0,0,5.39,71.74,74.48,92.63,93.87,23.9,644.9,0.39,0,1
8.61,12.14,23.18,26.93,0.14,0.2,0.39,0.45,96.73,0.52,3.17,2.05,2.36,2.55,2.07,66.06,1.1,48.92,3,683,94.15,61.19,9.08,38.36,1939,3.59,0.47,26700,37300,51700,25000,168,238,302,134,295,27.5,18.4,13.4,13,0,1.67,59.59,58.23,85.26,89.4,38.3,709,1.77,0,1
25.81,30.87,35.74,37.73,0.62,0.75,0.86,0.91,94.74,0.85,4.91,3.5,2.62,2.76,2.4,63.65,2.1,42.99,3,410,95.36,60.39,3.41,35.61,1947,4.08,0.1,49200,65100,84400,35200,259,347,427,168,412,28.8,15.6,14.3,14,0,2.42,70.33,58.47,87.55,92.57,9.3,2458.4,0.5,0,1
6.85,18.75,18.75,22.92,0.12,0.34,0.34,0.41,96.79,0.17,5.27,4.25,2.87,2.93,2.66,79.02,1.87,22.75,3,198,97.03,77.36,1.52,27.27,1966,2.34,0.33,54000,65800,84000,30000,292,347,423,131,434,23.2,18.8,11.8,0,0,1.78,77.32,59.5,89.06,95.94,46.7,401.2,1,0,1
23.83,35.56,44.09,55.69,4.26,6.35,7.88,9.95,73.99,5.54,10.2,8.13,3.1,2.78,3.3,34.08,14.61,54.14,2,597,94.69,37.99,2.18,12.56,1963,2.85,0.64,116800,150100,186200,69400,458,565,681,223,630,29.7,24.7,12.3,21,2,17.87,30.34,29.96,49.89,57.18,9.1,4254.3,3.56,0,2
17.98,24.06,36.48,46.44,0.48,0.64,0.97,1.23,93.62,1.01,2.89,2.17,2.64,2.86,2.27,67.83,2.61,37.38,3,938,92.12,62.64,1.49,28.04,1983,3.3,0.49,87500,111000,139300,51800,315,400,531,216,484,22.6,22.6,11.4,0,0,2.65,45.99,28.21,48.93,74.43,32.4,901.6,0.28,0,1
40.92,55.89,62.88,71.48,2.46,3.37,3.79,4.31,91.64,1.57,3.23,1.83,2.27,2.54,2.06,48.96,2.44,55.05,2,1710,93.79,43.76,2.92,26.67,1969,3.85,0.16,54200,73400,101600,47400,234,306,378,144,382,29,17.9,11.9,57,3,6.02,59.86,27.44,52.34,80.9,45.9,1504.7,1.29,0,1
4.01,4.01,4.01,4.01,0.1,0.1,0.1,0.1,95.46,0.26,4.85,3.39,2.48,2.51,2.45,59.04,3.6,51.35,2,222,95.13,58.47,1.35,37.39,1964,6.39,0,34400,42900,55700,21300,211,277,341,130,344,26.1,22.6,14.4,0,2,2.53,50.97,45.97,77.1,85.23,5,2193.5,0.25,0,2
15.81,20.57,24.57,25.71,0.46,0.6,0.72,0.75,89.72,1.28,5.59,3.39,2.39,2.65,2.23,43.52,3.91,56.64,2,347,94.63,39.36,5.76,33.43,1939,2.68,0.39,88300,116300,152400,64100,389,479,582,193,544,24.7,21.3,12.5,6,0,2.91,68.74,37.64,62.05,84.04,1.9,9469.3,2.39,0,1
13.26,24.31,39.64,45.37,1.39,2.55,4.16,4.76,84.49,2.19,3.57,2.28,2.39,2.67,2.16,50.37,2.74,66.14,2,651,89.32,45.11,0.77,26.27,1966,0.51,0.26,136900,166700,210100,73200,476,558,631,155,613,25.1,24.1,14.7,51,1,10.49,46.01,42.34,68.54,74.09,6.1,2251.7,2.34,0,1
12.13,14.34,15.81,15.81,0.1,0.12,0.13,0.13,97.75,0.44,3.04,2,2.3,2.39,2.16,65.27,0.95,48.37,3,1878,88.51,62.93,3.41,54.58,1951,9.3,0.32,30900,42600,60000,29100,179,247,299,120,330,27.1,16.3,13.3,4,1,0.8,80.69,56.47,86.73,91.55,11.6,2926.2,0.9,0,1
14.09,20.14,25.44,29,0.56,0.8,1,1.15,94.7,0.85,4.16,2.52,2.29,2.46,2.06,61.6,2.52,53.68,2,4728,94.08,57.23,5.54,35.03,1952,4.96,0.8,38700,51100,70600,31900,208,278,347,139,344,28.2,19.3,12.6,259,56,3.95,52.41,46.37,79.52,86.38,57.9,3058.9,4.41,6.67,2
44.08,44.08,44.08,49.76,0.75,0.75,0.75,0.84,89.5,1.31,3.73,2.26,2.35,2.52,2.16,58.29,2.85,52.63,2,321,93.47,54.44,0.93,19.31,1959,5.61,0.69,65800,81600,101100,35300,284,374,472,188,435,29,22,12.3,64,1,1.7,44.04,38.66,59.12,81.96,4.9,2561.8,1.38,0,1
7.03,14.2,26.31,28.85,0.28,0.57,1.06,1.17,93.2,0.56,4.43,2.7,2.34,2.47,2.17,60.23,2.73,52.64,2,618,91.84,57.03,5.02,43.53,1942,7.9,0.44,31200,42200,59900,28700,177,249,301,124,314,27.4,17.3,12.4,21,0,4.04,64.1,50.82,83.1,90.53,11,1510.9,3.12,0,1
20.93,24.94,27.52,33.59,0.39,0.46,0.51,0.62,95.28,0.48,6.29,4.8,2.78,2.68,2.87,45.68,4.65,41.84,3,913,93.31,47.39,2.74,54.55,1964,9.27,1.11,39700,59000,87400,47700,157,249,369,212,354,25.8,20.6,13.8,31,3,1.85,53.82,42.04,62.99,68.69,23.6,1780,0.62,0,2
0,3.58,3.58,5.37,0,0.07,0.07,0.11,91.66,0.74,4.58,3.69,2.92,3.11,2.33,81.07,1.71,39.14,3,438,92.38,76.23,1.6,53.65,1964,0.66,0.78,104600,129500,158700,54100,254,382,510,256,469,27,25,14,0,0,2.06,74.26,58,88.47,90.01,57.6,281.9,0.43,0,1
31.78,41.96,51.47,56.84,3.46,4.57,5.61,6.2,86.5,1.41,3.19,2.59,2.32,2.59,2.13,48.08,3.19,57.98,2,2353,94.65,43.2,1.1,27.33,1963,1.05,0.15,86200,116400,161700,75500,426,529,657,231,568,30,20.4,12.9,195,4,10.9,51.16,32.91,55.4,75.63,26.8,4085,5.7,5.88,1
3.61,9.22,17.21,23.67,0.13,0.33,0.61,0.84,93.72,0.57,3.69,2.69,2.73,3.01,2.26,69.22,1.72,55.85,2,1102,90.72,62.79,4.17,28.68,1978,2.19,0.8,116100,138000,163200,47100,475,567,666,191,638,24.2,26.7,14.9,0,0,3.55,23.21,43.71,62.61,67.81,37.1,798.4,0.54,0,1
11.61,17.67,30.79,37.58,1.59,2.42,4.22,5.14,81.87,2.64,4.68,2.64,2.19,2.1,2.29,53.61,8.7,81.08,2,1905,75.26,55.75,4.41,42.52,1971,8.39,0.53,60600,84500,117300,56700,306,396,498,192,484,28.3,26.2,13,15,1,13.69,29.41,49.25,80.62,85.68,5.3,2442.6,2.28,0,2
13.29,13.29,13.29,13.29,0.17,0.17,0.17,0.17,96.3,0.17,3.68,2.48,2.42,2.55,2.17,68.08,0.86,41.96,3,291,94.51,64.47,3.09,49.14,1946,6.51,0.47,31000,42200,57000,26000,182,236,291,109,330,24.5,18.7,12.3,0,0,1.29,79.24,55.22,87.22,93.75,4.8,2570,0.1,0,1
4.22,6.22,6.22,14.44,0.13,0.19,0.19,0.43,94.66,0.61,3.19,2.49,2.71,2.93,2.16,77.23,0.72,27.52,3,170,97.04,71.46,0,58.24,1966,0,0,78200,93800,121000,42800,363,466,551,188,515,27.1,17.4,11.7,0,0,2.97,78.64,65.23,91.6,96.05,5.8,2608.5,3.03,0,1
14.61,24.34,33.53,47.62,8.05,13.41,18.47,26.24,17.73,30.91,8.4,6.05,2.8,2.84,2.79,22.08,16.96,78.25,2,1980,91.24,21.76,2.37,36.21,1940,11.73,1.74,108200,150400,189700,81500,339,451,579,240,505,27.5,28.5,13,189,25,55.09,25.9,54.33,79.63,81.87,1.3,44229.9,27.8,4.97,2
18.83,27.59,35.3,42.83,4.24,6.21,7.95,9.64,74.62,3.38,3.69,2.48,2.5,2.75,2.14,66,3.02,48.93,3,537,95.43,60.12,0.19,10.24,1975,0,0.34,329500,411700,494300,164800,784,947,1001,217,969,24.4,27.1,11.7,0,0,22.51,41.41,42.19,67.9,81.19,3.9,7232,3.93,0,1
2.76,5.21,7.52,13.17,0.04,0.08,0.12,0.21,95.01,0.64,6.9,4.58,2.56,2.59,2.52,58.81,4.38,49.86,3,4830,91.78,58.09,20.85,45.28,1953,10.3,0.5,25600,33900,43900,18300,236,300,351,115,375,35.1,16.7,14.2,83,11,1.62,68.81,55.55,91.37,94.85,35.1,4015.8,2.43,14.47,1
24.7,37.73,50.91,63.13,4.14,6.32,8.53,10.58,72.41,7.03,10.59,6.86,2.7,2.71,2.69,32.54,10.53,65.85,2,845,93.77,32.33,7.46,31.01,1949,8.98,1.69,95600,126700,157000,61400,407,569,723,316,640,29.9,28,18.9,105,17,16.76,50.29,38.48,60.05,83.44,5.4,7709.4,12.35,4.84,2
0,3.33,7.5,27.08,0,0.03,0.06,0.21,86.08,1.04,8.02,6,2.82,2.87,2.73,65.71,7.19,43.93,3,818,92.87,64.51,6.72,60.51,1962,8.66,0.64,37000,53700,74300,37300,148,218,293,145,319,28.6,20.9,13,58,0,0.79,87.5,58.39,92.72,96.99,14,2172,0.18,0,2
20.69,37.48,49.77,61.86,6.21,11.25,14.94,18.57,59.43,14.8,22.89,15.6,3.31,3.57,3.12,45.01,27.9,69.46,2,398,94.59,41.71,10.3,37.44,1958,4.77,0.49,129200,159700,190200,61000,431,532,643,212,586,30.4,24.3,12.9,57,64,30.01,41.26,49.67,74.38,87.8,2.6,8883,8.38,0,2
23,27.52,34.7,41.48,0.68,0.82,1.03,1.23,96.58,0.44,3.35,3.01,3.09,3.12,2.74,93.74,0.21,5.93,4,238,95.68,92.93,0.42,26.05,1979,0,0,140900,179400,242500,101600,507,717,1001,494,807,28.2,21.1,11.8,0,0,2.97,41.87,47.37,55.72,73.85,30.1,544.6,0.45,0,1
8.11,15.43,29.38,49.46,0.47,0.9,1.72,2.89,86.97,2.02,4.27,3.4,2.84,2.96,2.52,74.17,4.31,28,3,795,93.01,70.96,2.14,37.36,1981,3.13,0.58,56500,69100,92000,35500,357,457,569,212,555,22.1,20.6,12,0,2,5.85,53.83,40.8,61.39,85.79,53.3,566.3,1.2,0,1
10.08,10.08,15.31,62.43,0.24,0.24,0.37,1.5,79.12,1.77,8.76,6.48,2.82,2.81,2.83,60.93,8.11,51.71,2,1283,89.67,61.12,5.14,53.16,1962,10.32,1.01,31400,46700,67500,36100,123,193,264,141,291,27.2,19.4,13.3,2,0,2.4,89.21,60.27,90.66,96.49,10.5,3024.3,0.29,0,1
2.23,7.24,7.24,7.24,0.05,0.17,0.17,0.17,95.22,0.39,5.2,4.29,2.89,2.97,2.23,91.48,0.97,25.05,3,111,97.89,88.99,1.8,33.33,1961,0.78,0,101300,127600,154600,53300,394,450,507,113,536,24,20.4,12.3,0,0,2.38,85.82,69.64,92.93,96.32,5.9,2534.6,1.82,0,1
3.4,3.4,5.96,5.96,0.06,0.06,0.11,0.11,95.87,0.42,7.7,5.46,2.74,2.83,2.5,75.89,2.11,38.69,3,333,93.25,73.55,30.03,72.37,1939,5.46,0.73,45100,63100,84700,39600,308,383,441,133,455,30.3,20.4,15.2,26,0,1.86,74.91,67.4,91.99,96.41,2.3,5549.8,3.17,0,1
14.18,16.99,19.93,23.11,0.38,0.46,0.53,0.62,94.15,0.32,3.06,2.39,2.62,2.71,2.08,88.74,0.49,26.49,3,221,98.13,85.79,1.81,34.84,1958,0.4,0.22,58400,71200,90000,31600,305,375,426,121,460,21.8,19.9,13.6,0,0,2.68,90.15,73.57,94.82,96.58,11.5,2653.4,6.1,0,1
6.54,6.54,6.54,6.54,0.04,0.04,0.04,0.04,97.73,0.38,4.39,3.48,2.81,2.85,2.66,79.68,2.34,37.47,3,322,95.39,78.54,0.31,29.19,1968,2.57,0.34,54800,65700,76500,21700,305,369,428,123,465,25.2,17.4,11.9,0,0,0.57,79.93,58.72,75.47,94.05,11.7,1615.9,0.79,0,1
0,33.33,33.33,33.33,0,0.07,0.07,0.07,98.57,0.08,4.87,4.19,2.99,2.98,3,88.92,2.73,30.41,3,130,97.03,88.97,2.31,43.08,1973,3.41,0.57,49900,62000,76600,26700,238,293,377,139,408,24.1,19.4,11.6,0,0,0.21,74.45,59.15,79.11,94.06,35.7,355.3,0.78,0,1
7.16,12.21,22.89,27,0.15,0.25,0.47,0.55,91.8,0.94,10.09,6.89,2.74,2.84,2.63,55.04,5.91,39.95,3,1975,88.04,53.11,35.34,59.85,1944,8.36,0.72,28200,38400,52000,23800,167,291,392,225,392,29.3,20.4,17,113,1,2.04,75.9,60.94,89.22,92.81,5,8345.8,12.81,0,2
0,0,25.81,25.81,0,0,0.08,0.08,98.33,0.33,3.15,2.18,2.39,2.49,2.26,59.31,2.28,52.26,2,304,93.4,56.96,1.64,45.07,1962,9.99,0.46,35000,48800,70400,35400,137,216,278,141,301,24.6,18.8,13.3,0,0,0.29,70.01,56.88,83.12,91.67,9.1,1158.3,0,0,2
8.89,15.67,22.85,35.71,0.71,1.25,1.82,2.84,82.17,3.17,5.15,3.13,2.35,2.46,2.22,57.93,6.03,59.72,2,14881,88.52,55.46,5.31,31.03,1963,10.12,0.71,43000,59000,86800,43800,236,334,416,180,408,27.2,21.9,13,423,140,7.96,44.91,47.85,77.94,84.29,112.6,2487.1,3.3,4.98,2
15.56,27.63,41.44,58.2,1.94,3.45,5.18,7.27,77.83,6.13,9.13,5.42,2.46,2.7,2.28,48.31,9.76,65.16,2,63540,86.35,44.1,12.32,33.53,1968,8.02,0.57,50600,78800,137200,86600,307,375,469,162,426,24.2,21.1,13,1200,293,12.5,59.5,44.14,79.44,88.73,354.7,2838.4,6.68,3.42,2
57.56,76.16,80.81,84.3,0.65,0.86,0.92,0.96,96.35,0.53,2.15,1.56,2.38,2.48,2.22,62.29,1.49,44.83,3,332,94.04,59.66,2.11,23.8,1972,7.9,0.34,41300,54900,71700,30400,163,219,285,122,314,28.5,20.3,13.7,0,0,1.13,55.94,37.99,64.47,75.57,14.1,1076,0.49,0,1
15.53,22.6,27.66,36.3,1.11,1.61,1.97,2.59,93.27,1.45,3.3,1.91,2.27,2.46,2.07,55.2,2.78,58.52,2,925,95.82,50.94,2.38,26.05,1962,2.66,0.33,66600,89100,129000,62400,287,371,458,171,426,29.1,19.4,11.9,131,13,7.11,52.17,36.71,65.63,86.27,22.8,2287.7,3.14,0,1
12.71,18.62,25.2,28.38,0.51,0.75,1.01,1.14,93.57,0.94,3.48,2.43,2.33,2.2,2.55,58.92,4.62,66.15,2,4629,65.59,62.43,0.35,21.86,1979,15.04,0.31,75500,97400,139700,64200,351,423,522,171,529,29.1,23.9,13.4,8,0,4.01,9.69,32.66,50.56,54.64,44.6,491.9,1.02,0,2
12.51,19.23,29,39.09,2.94,4.52,6.82,9.19,69.72,5.4,5.11,3.09,2.34,2.37,2.3,56.33,8.5,69.76,2,777,95.41,55.53,3.99,20.72,1958,0.59,0.44,262800,328900,386100,123300,566,730,932,366,788,28.5,24,11.4,84,0,23.51,39.89,53.61,87.45,90.5,5.3,7336,4.33,0,2
13.71,35.36,40.78,45.01,0.62,1.6,1.84,2.03,92.51,1.64,5.38,4.01,2.71,2.77,2.62,60.04,4.16,45.39,3,131,97.2,58.7,1.53,21.37,1972,4.78,0.47,48500,59200,72100,23600,265,348,400,135,411,24.3,20.8,12.5,18,0,4.52,48.16,38.74,65.68,84.94,4.3,3015.2,0.68,0,1
17.85,28.82,40.04,46.82,0.77,1.24,1.72,2.01,79.15,5.07,6.74,4.2,2.44,2.55,2.3,58.42,4.07,44.82,3,2873,91.62,55.92,9.05,42.15,1939,6.52,0.75,27500,37700,52900,25400,217,292,374,157,352,26.7,17.4,13.5,172,0,4.29,76.71,55.06,86.36,90.72,10.1,7732.5,7.29,6.33,2
27.48,45.96,58.7,65.37,0.88,1.48,1.89,2.1,94.19,0.78,5.44,3.26,2.41,2.6,2.21,53.9,3.42,50.28,2,736,90.4,49.81,4.21,41.98,1968,8.41,0.48,40700,59100,84600,43900,185,261,326,141,329,32.5,19,12.2,0,0,3.22,69.38,40.08,60.91,86.15,17.9,1118.3,0.28,0,2
14.69,25.29,35.8,49.9,2.29,3.94,5.57,7.77,77.6,5,8.56,5.77,2.63,2.68,2.58,55.41,9.88,60.13,2,1783,94.84,54.47,9.87,26.02,1957,3.37,0.66,101200,144300,194000,92800,371,506,645,274,566,29.6,24.3,12.1,186,130,15.57,50.88,51.11,74.41,91.6,30.8,2838.8,13.14,16.2,2
6.93,10.69,18.41,25.23,0.5,0.78,1.34,1.83,82.55,2.85,5.35,3.97,2.69,2.88,2.25,74.19,2.08,42.75,3,794,94.86,69.2,2.02,31.49,1959,1.9,0.1,126000,151300,178800,52800,328,517,615,287,567,26,23.5,14.3,0,0,7.25,79.82,65.72,90.23,94.71,23.2,1722.8,1.8,0,1
12.18,12.18,17.91,23.5,0.17,0.17,0.24,0.32,96.94,0.38,3.64,2.76,2.61,2.75,2.12,82.95,1.36,31.13,3,620,96.87,78.99,0.16,20.65,1961,0.28,0.27,59900,67200,74500,14600,358,411,494,136,492,24.3,15.6,11.4,0,0,1.36,75.1,67.8,87.48,93.14,10.6,4843.5,1.02,0,1
0,0,0,7,0,0,0,0.06,96.38,0.36,3.47,2.62,2.77,3.15,2.11,72.53,2.14,41.43,3,144,96.85,63.93,1.39,24.31,1973,1.94,0.15,51500,64000,76100,24600,229,298,347,118,338,23.4,21.3,12.7,0,0,0.81,65.68,51.87,80.82,89.87,7.3,1674.9,0.05,0,1
16.07,25.27,31.14,37.38,5.55,8.72,10.75,12.9,19.63,18.63,14.54,11.49,3.17,3.2,3.12,63.79,11.92,44.25,3,316,92.7,63.15,4.11,43.99,1952,13.44,1.03,31300,45700,63100,31800,115,207,288,173,273,29.6,22.9,13.6,0,0,34.29,46.66,55.97,78.65,84.96,4.9,2616.7,0.17,0,1
48.37,57.52,57.52,73.86,0.31,0.37,0.37,0.48,97.1,0.51,8.5,5.88,2.64,2.63,2.65,53.23,5.78,44.17,3,825,91.37,53.35,2.91,49.21,1963,11.5,1.92,31400,45500,66000,34600,99,161,236,137,264,29.1,17.8,13.7,28,0,0.64,86.06,58.4,87.29,94.14,14.4,1647.8,0.29,0,2
14.21,14.21,14.21,14.21,0.23,0.23,0.23,0.23,95.53,0.9,4.25,3.51,2.8,2.82,2.58,90.67,1.42,22.63,3,113,97.32,89.9,6.19,58.41,1957,1.12,0.33,52800,68000,85800,33000,242,325,388,146,441,23.4,16.6,12.9,0,0,1.59,78.51,63.38,88.95,95.13,20.8,552.6,0.27,0,1
12.52,17.8,24.55,35.08,2.74,3.9,5.38,7.69,25.82,18.2,16.61,14.03,3.42,3.37,3.54,70.55,21.68,59.38,2,2343,78.02,71.55,2.6,24.29,1977,11.46,2.39,26200,40100,59800,33600,99,182,271,172,247,27.4,21.6,12.7,0,0,21.92,58.8,61.69,86.23,91.26,14.4,1990.9,0.42,0,1
9.11,32.8,38.04,43.96,0.27,0.97,1.13,1.31,94.25,0.48,5.57,4.04,2.63,2.62,2.65,81.88,2.73,46.93,3,1624,76.7,82.01,3.2,58.99,1968,3.06,0.69,70100,93800,133300,63200,370,470,560,190,546,25.3,24,13.5,27,0,2.97,55.54,56.46,83.91,90.08,73.8,200,1.23,0,1
9.1,10.08,18.14,24.32,0.43,0.48,0.86,1.16,93.1,0.44,3.31,2.37,2.53,2.62,2.12,84.8,0.64,46.67,3,769,93.9,81.9,0.91,21.07,1983,0.3,0.19,115600,149000,190400,74800,584,654,722,138,758,24.4,22.5,13.5,0,0,4.75,39.49,45.29,68.41,82.68,22.6,1339.6,3.5,0,1
20.02,34.29,43.48,53.33,0.94,1.62,2.05,2.51,85.45,3.06,5,3.36,2.5,2.69,2.29,57.84,3.76,47.95,3,1344,94.4,53.86,1.79,29.91,1970,5.96,0.24,56200,70400,91500,35300,237,314,396,159,354,27.4,21.8,12.4,107,0,4.71,50.46,38.95,69.03,84.29,29.4,2057.1,0.67,0,1
21.97,35.55,46.07,58.33,4.74,7.67,9.94,12.58,73.97,8.08,8.6,5.1,2.51,2.6,2.45,41.65,9.87,62.61,2,2144,94.59,40.17,0.7,6.86,1968,1.62,0.5,211300,257000,313900,102600,651,759,921,270,810,28.6,24.3,11.3,225,26,21.57,42.58,38.03,73.97,83.94,16.1,5980.4,3.03,6.38,1
8.58,16.88,30.03,34.53,1.04,2.06,3.66,4.21,82.39,1.42,5.56,3.99,2.74,2.82,2.68,44.41,5.81,52.98,2,166,96.12,43.23,3.01,12.65,1967,0.8,0.37,237300,296400,371700,134400,670,780,920,250,829,26.4,20.3,11.4,23,0,12.18,44.84,44.21,61.48,83,4.2,2798.7,0.15,0,1
10.17,17.64,22.09,28.43,1.21,2.1,2.64,3.39,84.89,1.27,6.46,4.77,2.73,3,1.9,82.54,1.26,29.12,3,310,94.35,75.01,0.32,24.52,1939,0.87,0.56,179400,234700,331800,152400,551,656,868,317,716,28.5,24.1,14.1,0,0,11.93,49.81,58.51,72.2,84.98,3,5529.7,14.68,0,2
16.36,24.77,32.09,46.73,0.85,1.29,1.67,2.43,91.86,2.75,4.93,3.37,2.47,2.51,2.43,50.99,6.61,59.28,2,250,95.06,50.21,0.4,33.6,1967,4.53,0.4,49900,59700,74600,24700,224,291,356,132,356,28.4,21.9,13,31,6,5.19,62.02,43.85,71.77,90.59,7.5,1641.4,0,0,2
26.51,26.51,26.51,26.51,0.21,0.21,0.21,0.21,97.92,0.4,2.37,1.71,2.47,2.65,2.11,71.61,1.01,42.88,3,143,96.68,66.78,0,27.97,1966,3.7,0.63,54600,69100,90100,35500,266,362,432,166,453,22.6,17.3,11.6,0,0,0.8,70.71,48.8,70.65,89.48,3.9,2705.7,0.11,0,1
28.36,33.82,42.73,55.27,0.82,0.98,1.24,1.6,95.38,1.04,4.3,2.47,2.24,2.41,2.13,40.13,2.71,62.83,2,613,92.4,37.3,3.43,22.02,1964,8.78,0.42,78000,104900,157500,79500,363,461,523,160,530,27.2,20.6,12.4,13,60,2.89,58.25,40.95,53.34,82.58,10.9,1746.9,2.15,0,1
22.76,29.89,33.79,42.53,0.78,1.02,1.16,1.45,95.08,0.52,3.93,3.57,3.11,3.12,2.85,94.82,0.95,7.31,4,215,95.01,94.36,0.47,44.65,1982,0.2,0,129900,187900,283500,153600,370,496,733,363,647,23.6,22.7,12.2,0,0,3.42,44.35,41.63,64.23,73.5,13.6,937,0.27,0,1
19.11,29.16,41.56,51.55,3.58,5.46,7.77,9.64,71.46,6.29,10.13,7.74,3.02,3.11,2.88,63.21,11.08,43.52,3,1066,93.62,61.4,6.85,13.7,1975,3.61,0.57,106700,138900,165800,59100,409,566,675,266,622,27.1,25.9,12.9,130,33,18.71,53.33,44.42,75.07,88.89,11.3,4222.7,4.53,0,2
12.71,18.42,30.12,38.21,1.59,2.31,3.78,4.79,85.41,1.73,4.61,3.75,2.88,2.93,2.69,81.35,2.89,30.22,3,1219,95.38,80,0.08,24.77,1978,0.22,0.28,211200,254500,323000,111800,719,916,1001,282,969,30.1,27.2,11.8,0,0,12.54,41.58,41.92,72.76,83.65,18.1,4027.7,0.62,0,1
19.87,31.62,45.72,61.08,4.82,7.67,11.09,14.81,67.24,9.81,11.98,7.18,2.61,2.55,2.65,40.03,16.49,74.38,2,11413,93.3,40.96,3.39,16.67,1955,4.28,0.73,168700,222900,292600,123900,435,551,694,259,605,30,25.1,11.4,394,66,24.25,40.92,40.38,77.16,84.29,51.8,8287.7,6.3,4.2,2
8.73,11.05,18.95,24.19,0.21,0.27,0.46,0.58,95.27,0.51,3.17,2.09,2.36,2.58,1.94,70.69,1.35,50.05,2,1459,95.95,64.45,2.33,36.19,1939,2.79,0.29,34200,46300,65100,30900,203,287,390,187,312,29.4,15.5,12.4,303,2,2.41,75.95,54.5,81.66,92.46,70,1220.6,5.85,5.6,1
13.17,30.54,35.33,40.72,0.15,0.35,0.4,0.46,96.47,0.89,4.41,2.89,2.35,2.33,2.36,52.44,2.52,52.66,2,393,93.93,52.75,4.07,37.4,1960,9.54,0.49,37500,52600,77000,39500,159,229,299,140,343,27.9,22.1,13.4,17,0,1.14,79.34,53.44,87.8,93.28,9.1,1612.7,0,0,2
17.82,29.3,40.61,52.31,3.33,5.47,7.58,9.77,69.13,8.33,10.4,8.44,3.16,3.21,3.08,64.92,11.78,43.8,3,2618,90.13,63.94,0.23,18.37,1982,2.36,0.3,147300,186300,235600,88300,501,592,697,196,659,27.7,28.6,11.9,56,9,18.68,51.77,32.85,50.62,87.02,29.5,2579.1,0.73,0,1
7.33,11.87,17.3,24.21,0.36,0.59,0.86,1.2,92.4,0.71,3.17,2.16,2.48,2.79,2.04,66.18,0.9,48.7,3,856,94.53,58.91,1.52,31.19,1948,1.13,0.22,152500,177200,221800,69300,376,583,717,341,640,27.6,22,13.1,43,0,4.96,75.97,57.57,85.18,90.62,16,2388,5.14,0,1
14.22,25.17,34.8,42.91,1.62,2.86,3.96,4.88,86.64,1.82,4.02,3.18,2.94,3.16,2.58,67.04,3.69,42.47,3,2771,90.7,62.4,0.47,23.78,1982,1.05,0.22,127700,160200,207500,79800,497,576,678,181,661,27.9,26.1,13.8,0,1,11.37,18.21,33.35,61.84,68.53,24.3,3265,0.78,6.54,1
2.04,2.04,2.04,4.08,0.06,0.06,0.06,0.12,93.66,0.55,4.21,3.48,2.9,2.98,2.33,89.99,0.87,28.24,3,129,97.2,87.57,1.55,48.06,1964,0.31,0.48,155600,183900,222300,66700,464,647,830,366,765,28.6,22.3,13.8,0,0,3.02,78.46,71.27,91.17,94.18,25.8,503.3,0.24,0,1
1.67,7.24,13.09,16.99,0.02,0.11,0.2,0.25,96.32,0.32,4.38,3.42,2.74,2.75,2.66,84.75,2.51,41.45,3,438,95.25,84.31,6.16,53.42,1962,4.14,0.09,35400,48300,63300,27900,255,299,347,92,395,35.1,15.7,14.2,0,0,1.49,81.92,64.11,93.41,97.68,30.5,791.2,0.51,0,1
12.97,19.37,29.8,38.61,3.12,4.67,7.18,9.3,69.5,4.76,6.14,4.07,2.58,2.66,2.45,64.39,8.8,55.87,2,538,96.46,62.5,1.86,19.14,1960,0.85,0.4,249300,294600,357100,107800,595,709,877,282,763,27.6,25.8,11.5,5,0,24.09,53.33,53.45,76.69,91,6.7,5846.5,6.3,0,1
25.28,31.53,36.67,37.64,0.46,0.57,0.66,0.68,96.02,0.5,6.44,4.44,2.65,2.72,2.59,51.28,5.61,44.1,3,1465,90.61,50.1,2.32,43.96,1968,10.61,0.79,37600,59600,85700,48100,161,264,338,177,359,26.5,19.9,13.2,1,0,1.81,67.26,42.6,71.56,84.71,27.4,1451.1,0.04,0,2
15.05,24.43,35.18,52.26,0.63,1.03,1.48,2.2,92.49,1.45,4.94,3.24,2.44,2.54,2.28,62.09,4.13,52.24,2,33705,84.13,59.51,11.03,50.46,1967,7.67,0.7,35800,54900,79200,43400,218,282,363,145,364,25.1,20.6,12.5,1016,234,4.21,62.21,46.68,78.69,89.51,630,705.8,0.89,3.48,2
24.01,26.57,46.34,57.89,1.72,1.9,3.32,4.14,61.15,5.62,8.13,6.13,2.83,2.88,2.75,64.09,10.44,48.67,3,536,87.59,63.07,10.63,54.66,1966,12.53,1,32900,45500,66200,33300,184,255,331,147,333,29.7,17.6,11.6,0,0,7.16,77.13,57.62,82.01,94.19,6.6,1642.4,0.24,0,2
4,4,8.77,15.08,0.13,0.13,0.29,0.5,33.19,9.11,10.15,8.04,3.06,3.1,2.97,68.54,11.21,51.6,2,827,88.51,67.59,13.78,68.2,1964,12.13,1.17,23200,35900,54800,31600,136,216,287,151,306,24.8,21.8,14.6,0,0,3.28,89.79,62.75,88.59,98.1,12.1,1631.1,0.24,0,2
14.1,14.1,21.47,23.72,0.42,0.42,0.65,0.71,91.54,0.66,3.78,2.36,2.32,2.43,2.15,63.92,2.5,51.36,2,474,90.11,61.01,4.01,58.44,1955,7.92,0.48,28700,40200,56800,28100,155,216,297,142,273,23.5,20.4,13.4,0,0,3.01,58.42,52.32,78.65,90.47,5.6,1853,0.4,0,1
20.02,28.67,42.02,48.27,1.79,2.56,3.75,4.31,87.14,1.29,3.17,2.02,2.28,2.29,2.26,50.42,2.39,54.77,2,1818,80.12,50.16,0.17,28.88,1966,0.42,0.07,337500,452500,500001,162501,581,746,1001,420,805,27.9,27.6,11.4,0,0,8.92,20.38,26.25,43.63,53.27,8,3324.1,6.26,0,1
11.79,22.91,34.99,41.87,0.55,1.06,1.63,1.95,91.95,0.74,4.66,2.81,2.34,2.27,2.38,38.01,5.07,63.17,2,975,93.79,39.07,4.1,36.72,1951,6.52,0.45,50900,64200,82700,31800,246,329,393,147,390,24.7,19.5,12.5,30,4,4.63,33,33.7,55.97,64.09,20.6,1851.6,7.79,0,2
21.04,29.09,32.12,39.22,0.45,0.62,0.68,0.83,94.11,0.58,4.6,3.14,2.51,2.66,2.31,60.63,2.86,48.66,3,1378,93.88,57.27,1.09,19.3,1967,4.9,0.24,43200,56800,73700,30500,233,335,426,193,396,26.6,21.8,12.9,148,4,2.12,55.05,42.47,67.48,77.85,36.6,1489.4,0.46,0,1
15.08,18.96,32.35,42.98,4.16,5.24,8.93,11.87,63.94,6.41,6.93,5.92,3.2,3.3,2.91,76.5,8.29,26.48,3,120,97.57,74.18,0,15.83,1971,0.85,0.12,255600,306500,360500,104900,672,729,881,209,810,27.5,23,11.2,0,1,27.62,44.28,58.81,71.95,89.85,1.9,8169.9,0.67,0,1
11.59,15.25,21.25,27.92,1.31,1.72,2.4,3.15,82.66,1.99,3.76,2.97,2.75,2.82,2.31,87.71,1.08,29.18,3,415,96.98,85.4,0.48,23.86,1963,0.54,0,172300,235600,340300,168000,501,694,909,408,777,24.2,20.3,12,0,0,11.28,64.88,59.26,88.84,91.02,12.4,2996.2,9.71,0,1
16.62,27.48,36.48,43.66,3.87,6.4,8.49,10.16,47.05,16.08,15.54,12.75,3.31,3.19,3.5,57.06,21.94,52.95,2,103,97.31,59.28,2.91,35.92,1967,6.86,1.07,53400,67500,86500,33100,216,296,369,153,376,30,23.2,11.9,0,0,23.28,54.7,47.28,78.97,90.63,2.8,4583.8,0,0,1
17.67,23.62,29.64,39.33,1.32,1.76,2.21,2.94,86.85,1.44,2.48,1.8,2.52,2.61,2.37,64.96,2.23,45.14,3,444,93.52,62.75,0,18.47,1977,1.14,0.15,70900,100100,148400,77500,396,443,517,121,523,26.5,21.7,12.9,0,0,7.47,33.17,39.88,69.58,78.9,5.1,3209.2,0.84,0,1
6.97,10.83,12.29,14.68,0.19,0.29,0.33,0.39,96.14,0.36,3.1,1.98,2.34,2.47,2.18,57.18,2.96,52.32,2,478,94.69,54.12,1.46,17.99,1969,5.47,0.5,53100,68800,92000,38900,286,369,440,154,442,26.7,20.8,15.5,100,6,2.66,41.64,34.94,66.11,81.15,13.9,1470.9,0.4,0,1
10.88,13.34,22.72,29.23,0.8,0.98,1.66,2.14,89.65,1,2.65,1.92,2.54,2.65,2.04,86.58,0.3,36.44,3,313,95.3,83.23,0.64,28.75,1977,0.93,0.23,218600,287500,388300,169700,376,943,1001,625,999,25.1,25.2,12.7,0,0,7.32,50.87,47.92,56.66,83.18,24.9,691.9,5.87,0,1
21.11,27.22,29.07,39.1,0.4,0.51,0.55,0.74,94.92,0.28,8.44,5.8,2.62,2.85,2.23,69.39,3.05,46.2,3,1585,91.55,63.96,3.47,43.03,1961,4.35,0.39,38700,51300,69000,30300,174,234,297,123,289,24.5,18.3,11.5,19,0,1.88,60.3,47,75.38,85.9,28.6,1610.3,3.05,0,1
1.61,8.85,15.28,16.89,0.05,0.28,0.48,0.53,94.94,0.19,4.53,2.86,2.27,2.15,2.49,62.24,6.51,78.1,2,2136,70.8,65.59,1.31,57.4,1971,10.41,0.49,51000,68200,94600,43600,251,323,394,143,437,34,25.1,14.6,6,25,3.16,58.06,40.94,66.21,93.29,10.7,1101.9,0.57,0,2
9.34,15.48,28.13,35.58,0.19,0.32,0.58,0.74,95.62,0.41,5.07,3.36,2.45,2.51,2.37,58.12,4.05,50.37,2,2439,86.63,56.7,3.24,35.88,1965,8.48,0.29,37300,52100,75200,37900,204,274,344,140,343,25.9,21.5,12.4,68,1,2.07,60.43,50.64,78.82,83.74,23.4,1740.1,0.2,0,1
5.24,16.59,19.21,20.52,0.07,0.22,0.25,0.27,92.49,1.03,5.84,3.97,2.59,2.66,2.47,62.5,2.27,43.15,3,351,94.99,60.68,1.99,35.33,1941,7.68,0.37,38500,48400,61500,23000,198,266,328,130,357,24,15,12.3,8,0,1.3,80.84,58.92,87.07,93.57,6.4,2753.9,0.53,0,1
25.83,29.29,38.27,42.38,1.15,1.3,1.7,1.88,94.49,0.4,3.03,2.18,2.49,2.71,1.99,75.19,1.05,36.29,3,629,95.9,69,1.11,24.17,1964,2.05,0.08,51700,74200,111600,59900,284,370,451,167,422,25.2,16.8,11.2,17,0,4.44,66.69,49.31,72.29,85.62,28.2,1341.7,0.29,0,1
25.58,25.58,34.88,34.88,0.12,0.12,0.16,0.16,96.86,0.34,8.25,5.6,2.54,2.5,2.6,59.89,4.89,40.02,3,1114,86.71,60.85,4.58,55.83,1957,12.72,1.16,28200,42400,64800,36600,103,168,250,147,256,27.4,20.2,13.8,5,0,0.46,83.02,52.95,88.1,94,15.9,1180.5,0,0,1
13.57,24.01,34.23,44.79,2.96,5.23,7.46,9.76,80.18,4.15,8.48,5.7,2.64,2.98,2.43,41.6,8.62,66.37,2,1057,95.97,36.76,5.39,41.25,1939,5,0.54,168200,227200,291000,122800,354,480,626,272,532,24.5,23.6,16.6,112,0,21.8,57.98,65.5,86.36,93.34,4.5,14786.2,25.7,0,2
5.44,9.37,9.37,9.37,0.06,0.1,0.1,0.1,96.69,0.34,2.46,1.76,2.39,2.51,2,79.07,0.8,34.08,3,519,96.07,75.03,0.39,24.08,1962,0.69,0.15,51700,63900,78500,26800,289,352,422,133,427,23.1,17.3,11.4,0,0,1.08,69.21,60.29,88.44,92.55,10.3,2981.4,0.96,0,1
12.24,20.41,31.97,36.73,0.11,0.18,0.28,0.33,97.09,0.34,8.31,5.66,2.65,2.67,2.63,54.32,5.7,44.54,3,756,87.59,53.87,5.95,64.68,1967,12.03,0.53,33400,49800,70200,36800,118,207,275,157,305,35.1,22.1,15.8,0,0,0.89,82.59,48.81,75.89,93.04,10.5,1585.4,0,0,2
0,14.29,23.81,45.24,0,0.11,0.19,0.36,97.5,0.25,2.96,2.15,2.56,2.7,2.39,57.73,2.3,52.22,2,129,96.87,54.68,0,30.23,1965,6.96,0.17,57200,69800,93100,35900,272,333,387,115,410,23.5,20.1,11.1,0,0,0.8,75.12,42.98,79.58,91.81,9.6,1087.9,0.14,0,1
34.43,54.19,69.76,78.74,0.47,0.73,0.94,1.06,96.89,0.46,4.31,2.91,2.43,2.37,2.51,57.99,3.71,50.08,2,1385,87.62,59.31,11.19,50.4,1965,11.67,0.73,22900,37100,58200,35300,175,261,325,150,340,29.8,17.1,14.1,7,0,1.35,78.5,55.03,82.71,93.72,28.2,876.6,0,0,2
7.46,16.22,19.38,22.54,0.8,1.74,2.08,2.42,83.48,2.28,3.51,2.47,2.5,2.71,2.11,71.08,1.33,46.79,3,224,96.82,65.67,1.34,42.41,1947,0.42,0.3,165200,191000,236700,71500,546,667,778,232,737,26.6,25.2,15.7,0,0,10.75,71.59,67.82,82.28,93.45,3.5,4854.5,3.69,0,1
5.59,10.6,14.94,29.76,0.16,0.3,0.43,0.85,94,0.64,3.71,3.03,2.81,2.99,2.4,73.81,2.82,28.21,3,896,92.31,69.36,0.22,32.48,1981,2.61,0.27,79800,95700,123900,44100,360,428,534,174,497,23.5,23.2,12.9,0,0,2.86,67.07,42.2,78.78,90.04,22.4,1365.5,0.78,0,1
8.33,10.12,11.31,14.29,0.09,0.11,0.12,0.16,96.18,0.27,3.88,2.89,2.72,2.99,2.37,61.95,1.57,40.4,3,113,98.02,56.32,1.77,14.16,1970,1.28,0.09,63300,74400,91100,27800,363,433,491,128,465,23.6,19.4,12.7,0,0,1.1,76.77,47.61,78.12,89.62,7.3,2105.1,0.24,0,1
20.3,33.72,35.91,56.21,0.38,0.62,0.66,1.04,96.97,0.27,2.95,2.37,2.77,2.91,2.4,76.51,1.04,27.86,3,1031,91.73,72.81,0.87,32.78,1975,2.7,0,68400,86300,118900,50500,341,399,486,145,496,25.3,21.2,11.9,0,0,1.85,54.52,44.72,65.08,81.73,22.9,1407.8,1.08,0,1
14.23,25.09,32.66,44.29,1.78,3.14,4.08,5.54,83.66,2.88,5,3.27,2.25,2.18,2.47,74.16,4.84,72.66,2,5252,79.44,76.45,1.43,24.47,1976,2.71,0.33,62900,79400,103700,40800,427,537,625,198,632,28.1,23.4,11.9,16,12,12.49,22.11,48.19,72.79,79.61,15.7,2945.3,1.04,0,2
18.02,23.45,28.89,30.81,1.08,1.41,1.74,1.85,92.59,0.34,3.73,2.99,2.79,2.86,2.39,87.81,0.6,35.41,3,351,94.03,85.76,0.57,60.97,1982,0.33,0.39,152800,211600,278600,125800,529,742,904,375,857,24.4,28.1,15.8,19,0,6.01,54.63,42.4,56.97,82.95,39.2,398.2,1.55,0,1
2.77,2.77,2.77,7.38,0.06,0.06,0.06,0.16,96.13,0.27,4.05,2.44,2.32,2.5,2.03,66.44,0.99,45.03,3,353,94.6,61.69,3.12,38.53,1949,0.97,0.57,49900,64700,86800,36900,287,389,465,178,439,27.1,20.9,13.8,71,0,2.15,78.94,49.44,74.22,92.38,8.2,1838.9,0.83,0,1
1.34,11.37,25.75,42.14,0.04,0.32,0.73,1.2,94.1,0.98,3.39,2.62,2.64,2.74,2.42,70.97,3.03,36.17,3,467,89.29,68.35,1.28,47.75,1980,4.55,0.16,79600,118600,155200,75600,334,441,594,260,543,24.5,23.6,12.5,0,0,2.85,56.52,39.47,54.76,85.58,15.2,690.4,0.56,0,1
12.23,20.21,36.17,42.55,0.06,0.09,0.17,0.19,97.61,0.13,6.2,4.14,2.46,2.49,2.42,58.4,4.22,45.87,3,1570,91.15,57.69,4.71,50.83,1961,10.34,0.98,31600,45900,67200,35600,124,213,295,171,284,26.5,18.3,12.9,29,24,0.46,79.02,56.39,85.84,91.15,36.9,1111.6,0.52,0,1
2.82,3.71,10.68,18.25,0.14,0.18,0.51,0.88,92.14,0.68,2.2,1.31,2.09,2.07,2.12,64.29,2.12,82.39,2,1347,82.78,64.78,0.74,35.63,1974,5.76,0.2,40300,50400,66100,25800,271,314,350,79,372,29.5,23.6,11.2,3,9,4.8,17.37,44.9,69.85,79.05,4.4,3224.1,0,0,1
18.02,27.63,48.05,56.76,0.39,0.6,1.05,1.24,94.25,0.61,1.81,1.21,2.28,2.49,1.84,74.86,0.56,39.94,3,257,95.8,68.72,0.78,14.01,1963,0.53,0.13,68800,85400,108200,39400,326,434,529,203,524,23.7,17.4,10.8,0,0,2.18,78.89,57.11,71.76,92.38,10.7,1431.1,1.1,0,1
4.63,11.7,21.37,25.84,0.31,0.78,1.42,1.72,88.56,1.27,10.09,8.84,3.29,3.24,3.94,92.36,2.68,7.02,3,192,98.29,93.63,7.81,38.02,1964,1.82,0.2,82700,95800,116700,34000,595,699,813,218,910,28.8,22.1,13.5,0,0,6.67,34.71,62.87,78.11,87.74,8,4547.1,4.94,0,1
11.77,17.43,24.5,29.32,1.69,2.5,3.51,4.2,81.65,2.61,5.87,3.93,2.51,2.9,2.05,62.65,2.92,54.47,2,159,96.9,54.22,1.89,52.2,1939,0.81,0.18,150100,172800,197100,47000,508,641,749,241,694,27.1,24.3,13.6,0,0,14.32,56.21,65.9,85.88,91.03,1.8,6943.6,12.87,0,1
27.08,27.08,27.08,27.08,0.6,0.6,0.6,0.6,95.74,0.28,3.24,2.41,2.58,2.65,2.27,84.08,1.83,42.82,3,191,95.55,81.9,2.09,29.84,1959,3.58,0.61,31700,50000,72100,40400,256,314,395,139,408,26.4,15.2,14,0,0,2.23,76.66,61,86.76,92.7,33.4,322.2,0,0,1
3.75,5.41,15.89,18.1,0.17,0.25,0.73,0.83,94.79,0.27,4.69,3.69,2.84,2.96,2.19,87.64,0.27,26.64,3,246,96.56,84.02,1.63,39.43,1953,0.12,0.17,186400,241300,326300,139900,428,662,874,446,783,26.1,21.2,14.7,27,0,4.57,72.6,68.35,82.53,94.14,23.3,851.4,9.33,0,1
11.05,11.05,28.18,34.81,0.09,0.09,0.22,0.27,97.87,0.44,5.22,3.56,2.45,2.43,2.5,63.43,4.23,49.87,3,1111,89.18,64.14,3.6,55.27,1957,14.49,0.43,28600,42300,63700,35100,135,197,275,140,310,28.1,18.1,14,0,0,0.78,74.38,60.45,85.9,92.2,16.2,1429.8,0.2,0,1
6.9,9.02,15.38,17.24,0.16,0.21,0.36,0.4,91.07,1.08,2.63,1.87,2.53,2.68,2.3,64.08,1.01,50.26,2,268,95.95,60.42,2.61,32.09,1951,1.94,0.2,85700,105800,126900,41200,332,448,539,207,504,26.8,21,13,0,0,2.34,79.79,53.51,85.45,92.13,17.5,922.6,2.09,0,1
28.46,39.83,52.64,61.54,3.44,4.82,6.37,7.45,74.85,5.54,12.2,8.21,2.83,2.81,2.84,35.2,9.49,57.77,2,987,90.13,35.44,14.89,49.95,1939,18.93,0.85,81200,103100,125900,44700,347,452,541,194,533,33.2,25.8,17.1,160,9,12.1,65.2,49.06,83.03,90.6,4,6681,3.99,0,2
0,0,5.75,13.74,0,0,0.1,0.24,95.23,0.37,2.46,1.85,2.53,2.67,1.97,84.34,0.56,32.85,3,231,96.72,79.88,4.76,56.71,1958,1.22,0.17,46400,63000,81500,35100,225,308,379,154,377,23.9,15.6,11.6,0,0,1.78,89,70.14,91.39,95.95,22.4,788.6,0.26,0,1
9.49,18.53,24.83,31.53,1.51,2.96,3.96,5.04,74.38,4.38,4.9,3.39,2.53,2.68,2.31,64.64,3.18,48.67,3,548,96.33,61.22,1.09,40.15,1953,2.09,0.1,126500,151800,175800,49300,411,528,637,226,594,25.1,23.5,15.4,0,0,15.97,62.65,68.53,88.45,94.29,11.2,3278.7,5.81,9.68,1
27.87,38.52,45.29,52.41,1.32,1.82,2.14,2.48,92.82,0.84,5.65,3.42,2.41,2.58,2.25,50.72,3.25,55.9,2,2079,93.4,47.36,5.77,34.15,1953,6.94,0.25,32400,48600,72800,40400,273,357,447,174,403,30.1,17.8,14.4,192,0,4.72,68.59,37.68,67.15,89.14,25.5,3153.6,2.49,8.33,1
12.22,27.33,39.55,49.68,0.45,1,1.45,1.83,94.47,0.77,4.91,3.58,2.64,2.54,2.79,57.26,4.57,52.95,2,688,90.16,59.49,0.73,30.96,1961,6.9,0.69,45500,54000,64000,18500,333,376,432,99,477,28.6,19.5,13,0,0,3.68,65.13,52.89,72.48,88.06,8.9,1900.8,2.33,0,2
31.86,38.92,49.18,58.27,4.96,6.05,7.65,9.06,79.61,4.69,5.01,3.92,2.79,2.74,2.99,79.65,3.15,14.78,3,164,97,81.02,1.83,28.66,1962,0.32,0,180700,208600,255100,74400,660,759,1001,341,930,27.1,22.2,11.9,0,0,15.55,23.6,55.7,70.32,77.68,4.5,3285.8,8.94,0,1
16.99,24.52,34.16,36.52,1.57,2.27,3.16,3.37,88.45,1.29,3.59,2.87,2.78,2.93,2.16,85.49,0.64,20.17,3,299,97.18,81.28,0.67,42.14,1946,0.2,0.12,201800,257300,349300,147500,525,753,940,415,814,24.3,22.2,13.8,0,0,9.24,51.49,66.74,81.13,87.95,7,4138.5,11.58,0,1
8.73,16.22,24.86,27.42,0.84,1.56,2.39,2.64,84.27,0.74,5.9,4.56,2.81,2.92,2.55,73.65,4.54,33.7,3,202,95.02,70.94,0.5,16.83,1974,1.69,0.2,111600,137000,168100,56500,483,609,719,236,639,24.7,22.3,10.1,0,0,9.63,54.09,44.77,71.27,90.37,3.6,3047.3,0.66,0,1
11.12,19.19,29.86,40.07,3,5.18,8.06,10.82,58.38,7.02,18.36,15.11,3.51,3.49,3.61,78.39,20.72,43.71,3,633,97.41,78.99,3.32,21.33,1965,2,0.41,155100,188100,226400,71300,483,648,826,343,721,28,23.1,11.2,0,0,27,43.94,59.7,90.57,92.73,19.5,4303,2.42,0,2
0.37,0.37,1.19,2.76,0.03,0.03,0.09,0.22,87.18,1.6,2.1,1.5,2.09,2.08,2.22,92.72,0.52,74.79,2,2259,88.63,93.14,0.53,60.16,1979,0.81,0.42,84900,103100,123500,38600,356,568,676,320,708,35.1,25.2,15.5,0,0,7.87,59.34,57.2,69.44,91.44,44.4,839.6,1.92,0,1
4.11,4.85,9.45,15.69,0.16,0.19,0.37,0.61,90.4,1.24,4.86,3.05,2.41,2.64,2.15,57.06,1.38,44.72,3,746,94.12,51.95,2.55,43.57,1939,6.69,0.38,40200,53600,69700,29500,230,312,381,151,386,28.7,21.1,16,0,2,3.89,84.58,57.31,85.94,95.42,8.7,3596.7,2.97,0,1
19.53,25.44,46.75,52.07,0.28,0.36,0.67,0.75,96.62,0.2,3.06,2.45,2.77,2.86,2.55,73.27,1.36,24.41,3,354,92.23,70.97,0,22.03,1972,1.19,0,61200,72800,101700,40500,366,444,525,159,530,22.4,21.1,11,0,0,1.43,71.07,45.01,79.58,90.39,8.9,1320.6,0.51,0,1
17.63,24.35,33.59,44.99,1.92,2.66,3.66,4.91,84.18,2.08,3.49,2.51,2.62,2.69,2.43,75.71,4.32,51.08,2,1982,90.03,73.83,2.88,27.45,1979,2.97,0.4,75900,106600,150900,75000,392,498,601,209,581,26.3,24.8,11.3,0,0,10.91,30.22,36.21,71.45,83.54,33.5,1411.1,0.49,0,1
13.49,27.71,31.08,31.08,0.3,0.62,0.69,0.69,94.63,0.48,3.01,1.86,2.33,2.6,2,61.26,1.07,49.2,3,386,95.22,54.91,0.52,30.57,1942,4.32,0.36,87900,110300,136700,48800,279,386,470,191,455,27.8,22.6,13.3,21,1,2.22,71.11,52.7,83.39,90.6,22.5,829.1,0.74,0,2
1.46,1.46,2.78,2.78,0.05,0.05,0.09,0.09,90.62,0.92,2.3,1.67,2.4,2.52,2.1,75.98,0.81,38.82,3,504,94.77,72.53,2.38,54.17,1955,3.22,0.05,35500,48400,66100,30600,176,239,285,109,335,21.4,14.2,11.8,0,1,3.41,51.09,70.13,88.18,93.45,18.6,1190,0.91,0,1
0,0,16.84,16.84,0,0,0.11,0.11,97.78,0.21,2.89,2.04,2.36,2.39,2.31,63.85,2.09,48.85,3,409,93.55,63.11,1.96,33.99,1961,10.39,0.76,33200,47600,71600,38400,164,232,297,133,317,25.4,19.6,13,15,0,0.67,82.37,60.29,87.63,94.4,14.1,1008.8,0.21,0,2
0,18.42,18.42,18.42,0,0.07,0.07,0.07,98.33,0.07,5.63,4.79,3.02,3.13,2.66,78.54,2.08,40.8,3,223,93.95,75.69,0.45,16.14,1973,2.66,0.35,52700,64400,74300,21600,301,357,409,108,441,24,18.8,12.4,0,0,0.36,71.66,55.11,83.07,91.34,17,614.6,2.61,0,1
16.55,23.3,33.44,45.88,2.7,3.81,5.46,7.5,75.81,5.16,5.13,3.3,2.44,2.42,2.47,45.04,8.72,67.22,2,384,95.35,45.55,1.82,19.79,1962,1.52,0.23,231600,292400,378700,147100,506,645,779,273,702,27.4,27,11.7,0,67,16.34,48.86,45.07,87.46,92.23,2,9868.6,2,0,2
8.64,12.52,15.86,19.12,0.45,0.65,0.83,1,92.42,0.64,4.03,2.89,2.62,2.75,2.21,79.93,1,37.39,3,1298,93.56,76.17,2.39,44.07,1955,0.66,0.23,150200,172400,210100,59900,507,656,818,311,748,26.1,23.3,14.2,50,0,5.21,66.29,66.71,83.52,92.45,23.4,2135.7,2.79,5.66,1
5.58,7.29,9.92,17.83,0.08,0.1,0.14,0.26,96.39,0.63,3.5,2.3,2.37,2.47,2.21,65.28,1.87,51.24,2,1676,91.76,62.74,5.19,43.44,1954,7.65,0.29,31200,42400,58900,27700,209,276,340,131,357,26.1,15.3,12.7,69,0,1.43,74.52,53.78,86.28,93.2,14.9,3013.5,0.12,8,1
39.86,39.86,39.86,44.93,0.39,0.39,0.39,0.44,97.49,0.13,4.15,2.73,2.34,2.32,2.35,55.81,4,57.64,2,689,89.53,56.07,1.74,47.46,1959,7.5,0.67,29500,45700,67100,37600,177,240,308,131,335,27.7,17.3,13.7,0,0,0.98,76.45,52.37,86.39,93.11,7.4,1896.7,0,0,2
4.96,12.4,12.4,12.4,0.04,0.1,0.1,0.1,96.02,0.34,3.32,2.21,2.42,2.68,1.84,76.32,0.99,47.82,3,203,96.71,68.88,1.97,26.11,1958,3.58,0.39,49200,64600,83600,34400,198,284,376,178,337,26,17.2,12.4,0,0,0.8,74.23,52.8,77.44,89.46,36.1,419.1,1.02,0,1
17.1,24.77,32.23,39.95,2.12,3.08,4,4.96,84.14,2.7,3.22,1.77,2.25,2.39,2.13,49.23,4.11,60.63,2,1503,94.67,46.37,0.93,14.24,1966,0.56,0.46,289100,348300,411600,122500,679,828,987,308,863,25.4,27.4,11.8,0,29,12.42,43.47,39.07,77.69,84.01,6.5,9250.8,1.41,0,2
21.86,24.12,32.58,38.35,0.71,0.79,1.06,1.25,94.86,0.65,4.2,2.73,2.28,2.14,2.48,54.11,4.16,62.53,2,978,86.65,57.67,6.65,29.04,1971,10.13,0.31,42100,54900,76400,34300,193,275,344,151,358,25.6,18.7,11.5,44,0,3.25,41.55,48.94,74.5,85.28,9.3,1604.5,0.67,0,2
5.73,10.35,13.4,25.32,0.3,0.55,0.71,1.34,81.13,1.43,4.32,3.21,2.63,2.8,2.34,67.51,1.95,47.68,3,671,91.94,63.49,1.34,44.56,1960,4.12,0.31,80300,94400,118000,37700,313,406,475,162,454,28.5,24.4,13.8,9,0,5.31,62.9,52.98,82.03,85.78,49.5,413.2,0.74,0,1
0,29.03,43.01,43.01,0,0.18,0.27,0.27,97.82,0.35,3.07,2.04,2.32,2.42,2.17,62.25,1.13,45.27,3,546,91.58,59.6,1.1,50.92,1941,7.58,0.42,33200,46400,67400,34200,171,230,286,115,300,25.1,16.5,12.5,8,0,0.62,68.16,52.36,78.11,86.77,8,1885,0.95,0,1
17.01,26.22,31.86,36.33,1.06,1.63,1.98,2.26,93.22,0.38,2.33,1.6,2.43,2.69,1.89,74.65,0.7,36.77,3,623,95.25,67.36,1.12,12.84,1974,0.88,0.12,101900,142600,205100,103200,454,573,696,242,641,23.8,21.2,12.8,0,1,6.24,35.25,39.43,57.04,76.34,9.9,3094.7,3.1,0,1
22.81,34.48,46.12,58.09,2.72,4.11,5.5,6.93,84.06,3.25,4.87,2.78,2.26,2.43,2.14,45.77,6.67,64.77,2,4098,93.32,42.61,0.71,14.42,1973,6.61,0.65,86400,109600,146300,59900,337,419,517,180,492,26.9,23.3,12.2,577,32,11.93,23.58,31.66,65.4,69.62,59.6,2247,5.12,5.02,2
6.97,6.97,9.93,11.76,0.3,0.3,0.43,0.51,88.8,1.31,3.22,2.43,2.61,2.83,2,79.75,1.07,41.03,3,389,96.25,73.52,4.11,47.04,1965,0.55,0.16,106600,133000,164200,57600,222,398,529,307,488,26.7,23.9,14.6,0,0,4.33,84.13,68.99,93.54,95.61,24.5,1082.6,1.69,0,1
14.02,21.56,33.29,47.05,2.14,3.3,5.09,7.2,79.41,3.51,7.39,5.49,2.91,3.21,2.22,76.79,3.35,47.74,3,597,94.15,69.51,0.34,9.72,1975,1.22,0.24,87600,105500,122700,35100,502,563,642,140,623,24.3,23.4,12.4,0,0,15.3,65.01,47.93,70.54,87.87,5.3,5254.1,3.81,0,1
13.87,19.27,26.02,32.52,0.67,0.94,1.27,1.58,91.16,1.52,4.62,3.1,2.47,2.65,2.2,64.07,2.56,50.02,2,3307,94.31,59.63,10.07,39.58,1955,5.67,0.32,41500,56300,75300,33800,217,291,362,145,367,24.6,17.5,13.1,340,1,4.87,66.11,52.83,85.56,91.73,46.6,2992.2,1.55,0,1
18.95,28.02,36.24,46.57,7.04,10.41,13.47,17.31,33.11,17.59,26.78,23.07,4.06,4.23,3.8,63.4,32.6,47.08,3,266,97.14,60.93,1.88,22.18,1959,3.8,1.02,130200,155400,173900,43700,396,547,683,287,606,31,24.2,11.7,0,1,37.17,47.92,53.77,87.77,89.79,3.6,10219.9,5.22,0,2
15.47,21.74,29.45,34.91,2.01,2.83,3.83,4.55,86.24,1.75,2.35,1.37,2.11,2.23,1.86,71.49,1.64,57.28,2,1621,94.59,67.73,3.02,25.79,1970,0.46,0.22,220600,291500,366900,146300,578,675,864,286,720,27.3,23.9,11.9,0,7,13.02,42.9,47.97,70.9,85.95,20,3028.4,12.57,0,1
42.03,49.58,51.46,72.24,2.18,2.57,2.67,3.74,91.75,2.02,4.81,3.21,2.45,2.58,2.25,66.14,2.54,44.52,3,600,96.08,63,1.83,30.83,1948,3.02,0.62,40700,51000,68000,27300,231,301,372,141,360,24.5,18.9,13.5,49,0,5.18,78.28,54.29,81.39,91.56,14.6,2538.7,2.03,0,1
15.78,25.46,33.44,45.41,1.45,2.34,3.08,4.18,88.18,2.47,5.91,3.82,2.48,2.78,1.88,74.08,1.96,38.24,3,1369,95.99,65.9,1.39,26,1944,0.7,0.13,72700,92600,122300,49600,388,449,539,151,515,26.2,21.7,14.6,0,18,9.2,80.2,63.44,84.42,93.37,8.1,9963.3,15.22,0,1
10.25,10.25,18,21,0.33,0.33,0.58,0.68,94.34,0.57,3.04,2.23,2.68,2.8,2.27,81.34,1.32,37.6,3,173,96.38,77.93,0.58,37.57,1981,0.52,0,82700,97700,122200,39500,385,483,641,256,561,25.1,23.6,13.9,0,0,3.24,40.98,41.69,69.03,79.69,7.9,1555.2,3.33,0,1
11.39,22.04,32.27,38.5,0.72,1.39,2.04,2.43,91.69,0.66,4.31,3.38,2.89,3.18,1.97,83.76,0.68,32.12,3,1805,94.16,76.11,0.22,24.04,1981,0.05,0.12,140500,176500,225500,85000,550,628,738,188,698,24.1,23.2,12,0,0,6.31,52.12,39.81,60.09,75.73,28.9,2948.8,9.9,0,1
8.52,22.3,27.07,36.12,1.76,4.62,5.61,7.48,53.54,12.14,13.42,10.6,3.21,3.25,3.17,55.86,16.86,45.05,3,326,94.76,55.31,1.23,20.55,1974,2.78,0.35,143000,181500,223900,80900,374,504,634,260,546,26.3,26.2,12.5,69,12,20.71,60.81,48.34,76.04,94.16,5.9,3283,0.28,0,2
8.38,14.63,18.68,23.53,0.86,1.5,1.91,2.41,83.58,1.02,4.89,3.72,2.69,2.87,2.17,79.5,1.31,37.07,3,139,97.24,74.56,4.32,31.65,1954,0,0.28,172600,193300,227200,54600,601,687,812,211,743,24.8,22.6,14.2,0,0,10.23,64.79,66.93,86.09,93.19,2.8,4712.2,4.4,0,1
20.37,25.12,31.64,37.14,1.06,1.31,1.65,1.94,92.04,0.93,4.5,2.56,2.31,2.41,2.24,43.35,1.45,52.94,2,1898,85.5,41.6,0.95,37.09,1939,3.64,0.25,121100,155000,199000,77900,355,525,668,313,593,27.7,24.4,15.5,41,0,5.22,44.17,41.9,65.93,69.73,8.2,3432.9,2.08,7.69,2
17.52,25.86,36.98,42.34,1.96,2.9,4.14,4.75,87.51,3.01,5.58,3.32,2.34,2.73,1.97,56.83,2.23,63.03,2,2054,94.56,48.78,1.41,39.34,1944,1.24,0.29,132700,161100,189200,56500,412,599,713,301,657,26.4,21.1,14.2,61,4,11.21,75.95,58.14,77.32,91.14,17.4,4887.1,18.15,0,1
17.52,26.73,37.45,50.18,0.61,0.93,1.3,1.75,94.89,0.41,3.21,2.34,2.72,2.94,2.22,74.56,1.69,43.14,3,1023,94.46,68.84,0.1,16.62,1983,0.45,0.13,83800,104300,133200,49400,479,555,627,148,604,22.7,22.8,11.6,0,0,3.48,62.36,33.38,51.62,81.38,33.4,1419.3,2.32,0,1
9.81,16.64,22.59,28.38,0.17,0.29,0.39,0.49,95.83,0.48,3.89,3.28,3.09,3.16,2.46,91.87,0.85,23.15,3,437,96.63,89.78,0.46,26.09,1981,0.18,0.08,80900,96000,120600,39700,554,637,692,138,710,24.5,22.5,11.4,0,0,1.74,73.23,48.48,81.37,90.19,34,1138.5,1.22,0,1
11.25,11.25,26.2,44.46,0.15,0.15,0.34,0.58,96.26,0.43,6.56,4.62,2.64,2.67,2.6,54.49,5.36,51.75,2,1013,93.54,53.87,3.65,34.16,1965,9.21,0.76,40400,56300,81400,41000,215,314,396,181,438,25.1,19.6,13.9,43,0,1.3,69.31,50.02,77.35,86.97,24,1736.3,0.23,0,2
18.08,21.16,27.78,36.56,0.61,0.72,0.94,1.24,93.09,0.87,3.97,3.02,2.71,2.83,2.38,76.05,1.66,30.1,3,1797,94.8,72.76,7.85,30.22,1972,1.55,0.21,76700,89800,107300,30600,330,400,534,204,456,25.9,22,12,13,0,3.39,50.6,53.12,76.48,90.34,22.9,3891.3,3.07,6.09,1
0,0,0,0,0,0,0,0,95.73,0.44,3.08,1.93,2.3,2.51,1.92,69.57,0.79,44.84,3,151,96.69,63.61,0,33.11,1960,2.07,0.13,45200,55900,69900,24700,231,285,339,108,342,23.5,21.9,13.1,10,0,1.43,76.25,55.77,84.21,92.79,4.2,2460.1,0.04,0,1
18.04,30.43,40.77,52.6,2.34,3.95,5.29,6.82,78.92,6.26,6.74,4.49,2.54,2.56,2.52,41.07,8.55,63.29,2,485,95.62,40.71,0.82,15.05,1971,4.82,0.42,64400,86300,117300,52900,269,327,395,126,391,27.3,21.9,11.9,22,41,12.97,53.7,34.93,64.64,86.84,7.2,3832,0.25,0,2
11.7,20.31,27.7,34.73,2.07,3.6,4.91,6.15,71.6,7.46,4.17,2.73,2.42,2.67,2.22,50.5,2.86,57.32,2,1904,93.98,45.84,3.52,38.08,1941,5,0.77,93100,112500,132700,39600,263,374,460,197,437,25.8,22.7,14.4,8,1,17.71,63.63,58.07,88.05,89.06,9.1,8027,3.18,11.03,1
18.4,27.56,38.26,51.83,0.74,1.11,1.54,2.09,92.73,1.32,4.7,3.07,2.43,2.6,2.18,63.1,3.91,55.85,2,11820,91.25,58.93,3.88,33.29,1958,5.25,0.28,41600,56700,78000,36400,227,299,385,158,395,25.4,19.8,12.7,202,0,4.03,61.08,46.59,80.35,87.73,119.3,2548.6,1.15,3.07,2
6.5,14.92,22.25,24.83,0.56,1.3,1.93,2.16,88.93,0.7,4.13,3.26,2.8,2.89,2.24,88.8,0.82,27.91,3,183,96.38,85.99,3.28,43.17,1955,0.43,0.14,156400,189700,244200,87800,624,747,966,342,839,29.7,22.3,14.8,0,0,8.69,62.98,67.12,82.91,90.63,12.5,1101.5,3.73,0,1
0,5.73,12.21,12.21,0,0.04,0.09,0.09,97.63,0.33,3.49,2.45,2.44,2.51,2.33,61.71,1.49,47.68,3,773,94.76,59.9,1.29,43.98,1954,6.05,0.25,39700,51700,67900,28200,216,279,343,127,362,24.5,17.9,12.4,11,0,0.76,84.12,53.1,84.69,92.88,16.2,2127.6,0.1,0,1
13.93,23.43,34.27,46.56,2.58,4.33,6.34,8.61,67.1,9.26,12.25,9.92,3.16,3.17,3.14,70.08,14.5,51.41,2,1035,86.66,69.92,2.22,33.72,1985,6.48,0.62,92400,112700,132300,39900,285,388,561,276,442,35.1,29,12.2,0,0,18.49,50.2,26.9,49.07,87.83,30.8,697.7,0.51,0,2
23.8,33.75,41.85,50.98,1.97,2.8,3.47,4.23,85.44,2.01,8.26,4.66,2.33,2.6,2.07,55.1,4.36,62.22,2,7105,90.37,49.38,6.81,33.37,1951,6.19,0.39,49700,67200,95800,46100,223,282,358,135,333,24.9,21,12.7,542,163,8.29,57.5,45.77,77.25,83.33,112.9,1416.1,5.81,6.8,2
8.31,11.48,17.37,27.34,0.14,0.19,0.29,0.45,95.86,0.57,4.11,3.37,2.95,3.13,2.49,76.36,1.32,26.38,3,717,94.97,71.99,4.6,25.66,1978,0.9,0.18,62900,76700,96500,33600,325,396,469,144,507,23.6,20.1,11.8,0,0,1.65,63.45,42.38,79.32,86.06,16.7,2408.4,0.6,0,1
38.24,38.24,38.24,38.24,0.24,0.24,0.24,0.24,97.02,0.5,7.59,5.32,2.63,2.71,2.55,54.79,7.25,46.81,3,508,91.96,53.24,2.95,41.73,1967,11.84,2.01,32700,44000,63000,30300,99,192,275,176,270,27.4,19.2,13.9,0,0,0.62,82.3,50.55,80.12,90.92,10,1651.9,0.17,0,2
5.75,5.75,5.75,18.39,0.01,0.01,0.01,0.05,96.36,0.09,7.53,5.31,2.62,2.67,2.56,60.05,5.06,49.96,3,1199,91.3,59.07,5.67,44.29,1958,7.18,1,28600,40500,58000,29400,109,164,253,144,270,28.1,21.9,14.4,5,21,0.26,89.5,63.59,93.94,96.23,40.1,835.5,2.25,0,2
30.67,34.1,42.2,46.78,1.08,1.2,1.49,1.65,94.79,0.86,2.31,1.56,2.3,2.43,2.05,70.2,1.35,43.47,3,931,92.67,66.51,0.75,30.61,1954,3.73,0.13,45200,64100,95600,50400,219,307,397,178,378,23.5,15.8,11.4,8,0,3.52,46.66,56.62,74.87,84.03,88.6,308.1,0.03,0,1
0,17.2,17.2,24.73,0,0.24,0.24,0.35,96.68,0.52,1.52,0.85,2.06,2.31,1.84,53.7,0.93,66.3,2,384,94.29,48.05,0,11.72,1963,2.19,0.1,57500,67300,78800,21300,327,378,443,116,439,22.7,15.1,11.6,0,0,1.42,73.85,45.78,80.37,92.26,4.9,2658.8,1.53,0,1
9.73,13.61,20.31,24.21,0.67,0.94,1.4,1.67,88.43,1.22,5.24,2.75,2.2,2.71,1.79,54.78,0.98,60.84,2,1522,94.66,44.53,0.92,29.83,1939,2.2,0.24,61700,73200,92800,31100,293,352,424,131,409,23,20.6,13.7,0,1,6.9,71.55,50.98,85.06,91.36,5.7,10393,10.17,0,1
14,21.71,27.51,34.31,1.02,1.59,2.01,2.51,85.18,3.17,8.55,6.02,2.71,2.85,2.46,66.48,5.28,50.45,2,2264,92.2,63.11,11.57,43.51,1954,5.11,0.44,47700,64500,85600,37900,235,331,400,165,403,26.3,18.3,13.5,77,0,7.32,74.92,54.97,86.65,94.1,28.8,2666.1,2.89,0,1
2.72,3.16,4.04,4.82,0.18,0.21,0.27,0.33,93.51,0.91,1.05,0.63,1.8,1.81,1.76,74.92,0.81,81.68,2,3369,72.94,74.38,0.06,32.62,1974,3.02,0,68800,91300,130700,61900,369,468,605,236,535,29.4,22.6,11.2,0,3,6.74,6.75,49.33,69.68,74.8,7.7,2201.1,0.15,0,1
6.2,6.2,14.73,21.71,0.05,0.05,0.12,0.17,98.36,0,2.88,2.02,2.4,2.48,2.24,67.51,1.78,49.23,3,614,91.41,65.28,2.12,43.32,1964,10,1.15,30600,42300,63800,33200,144,205,258,114,273,26.3,16.4,11.4,0,0,0.8,77.46,55.29,85.79,93.05,13.3,1216.9,0.1,0,2
10.43,19.22,19.22,23.52,0.43,0.79,0.79,0.96,93.97,0.31,3.01,1.8,2.23,2.44,1.99,58.92,0.93,47.39,3,305,94.54,53.84,0.66,33.77,1939,4.68,0.27,37900,50000,71400,33500,234,310,380,146,356,26.6,17.3,13.4,0,0,4.1,74.62,55.27,81.51,90.47,3.2,3710.2,0.89,0,1
12.21,12.21,12.21,24.88,0.1,0.1,0.1,0.2,97.52,0.38,5.53,3.58,2.42,2.47,2.36,57.46,2.21,56.69,2,951,91.92,56.35,4.21,58.15,1941,11.3,0.67,23900,34600,47900,24000,151,224,285,134,289,28.7,17,12.8,7,0,0.8,88.78,53.66,89.75,96.22,10.8,2482.6,1.28,0,2
12.29,31.95,38.92,47.14,0.56,1.45,1.77,2.14,90.35,1.99,6.52,4.82,2.67,2.62,2.76,64.63,7.05,49.11,3,955,89.79,65.81,2.2,29.42,1973,13.03,0.73,42500,59900,89500,47000,224,315,397,173,400,28,22.5,13,0,6,4.54,50.54,42.36,76.15,84.52,21.9,1037.9,0,0,2
10.74,11.38,12.34,14.9,0.41,0.43,0.47,0.57,96.12,0.42,3.55,2.87,2.8,2.89,2.49,80.71,1.34,24.74,3,131,97.8,78.28,3.82,18.32,1974,2.13,0.2,75600,102500,149700,74100,360,422,549,189,511,24.3,21.8,14.3,0,0,3.81,48.96,44.8,64.88,82.56,6.9,2383.1,2.33,0,1
7.45,14.28,25.95,37.83,0.21,0.4,0.72,1.05,95.34,0.73,2.99,2.14,2.67,2.94,2.17,71.53,1.62,43.98,3,1117,94.48,64.94,0.54,13.61,1977,0.35,0.43,88900,108100,127700,38800,465,537,615,150,576,24.7,20.8,10.5,15,0,2.77,61.52,42.16,59.26,83.32,25.8,1989.9,2.11,0,1
4.72,10.32,10.32,10.32,0.13,0.28,0.28,0.28,93.32,0.77,2.55,1.91,2.44,2.49,2.11,87.71,0.69,30.16,3,122,97.64,85.79,1.64,36.07,1956,0.3,0.54,63400,82900,107900,44500,288,391,538,250,445,27.4,18.5,12.4,3,0,2.68,88.22,71.01,93.99,96.93,12.1,1047.1,0.75,0,1
14.13,16.93,24.55,28.7,2.38,2.85,4.13,4.83,80.83,2.72,3.65,2.72,2.59,2.8,2.02,79.22,1.72,36.1,3,82,98.03,73.38,2.44,20.73,1948,0,1.23,196300,224000,252700,56400,548,716,866,318,765,28.1,23.5,18,0,0,16.83,41.33,71.54,85.8,89.41,2,5428.5,16.12,0,1
13.88,24.37,31.8,40.84,1.71,3.01,3.92,5.04,78.54,3.84,10.84,9.29,3.4,3.44,3.26,75.04,9.14,28.48,3,2980,92.15,74.03,1.58,18.39,1985,3.04,0.26,119700,140800,168100,48400,482,602,727,245,675,30.5,28.1,11.2,6,2,12.33,53.09,26.07,46.43,87.35,50.9,2333.6,0.91,0,2
0,0,3.21,3.21,0,0,0.04,0.04,95.84,0.18,4.41,2.98,2.5,2.81,2.02,68.16,2.25,47.05,3,327,93.93,60.6,3.36,43.73,1970,6.87,0.17,48000,59500,73600,25600,202,275,349,147,317,22.9,16.9,12.1,0,0,1.21,73.34,50.7,72.55,93.33,13.5,956.9,0,0,1
11.36,17.51,23.35,34.79,1.1,1.7,2.27,3.38,88.66,1.17,4,3.22,2.84,2.93,2.34,86.6,0.8,23.59,3,307,93.81,83.73,0,31.6,1960,0.21,0.52,215500,263300,341800,126300,741,900,1001,260,962,28.8,23.4,16.5,11,0,9.71,44.74,62.27,83.09,86.74,5.7,2304.4,8.34,0,1
16.97,25.11,30.37,38.91,1.25,1.84,2.23,2.86,86.64,1.28,4.69,3.86,2.97,3.01,2.92,50.61,5.71,38.72,3,1233,86.75,49.79,0.49,45.17,1976,5.3,2.22,44400,55400,68700,24300,262,331,400,138,429,27.4,22.3,12.7,6,0,7.34,25.05,30.83,41.68,54.52,9.7,2479.3,0.16,0,1
14.57,19.75,27.17,30.28,0.44,0.6,0.82,0.92,95.67,0.44,2.33,1.55,2.3,2.51,1.89,71.98,0.81,39.52,3,998,96.32,65.93,0.9,17.03,1958,0.9,0.17,60800,77900,101700,40900,297,381,472,175,453,23.3,16.8,11.7,0,0,3.03,66.96,55.35,83.94,91.46,19.3,3134.5,1.84,0,1
3.47,3.47,17.92,17.92,0.04,0.04,0.21,0.21,97.02,0.8,3.3,2.34,2.59,2.98,1.95,71.81,0.95,41.79,3,154,97.26,62.58,0.65,18.83,1980,1.28,0.12,69200,86900,111300,42100,331,388,446,115,429,20.6,19.6,12,12,0,1.19,81.33,45.46,69.19,89.35,28.5,509.2,0.08,0,1
13.37,17.51,23.08,30.76,1.95,2.56,3.37,4.5,82.16,2.57,5.84,4.44,2.78,3.02,2.09,80.69,1.88,33.91,3,151,97.61,74.32,0.66,24.5,1947,0.1,0,165700,188400,220100,54400,464,630,789,325,676,28.7,23.4,16,0,1,14.62,46.01,73.69,89.8,92.2,2.1,8359.4,10.52,0,1
22.55,24.54,29.06,31.78,1.41,1.53,1.81,1.98,92.28,1.31,2.79,2.02,2.58,2.78,2.05,78.52,1.25,46.9,3,858,93.67,72.95,0.23,21.68,1978,0.57,0.37,93600,127900,169000,75400,506,602,687,181,680,21.7,21.4,14.2,0,0,6.24,71.72,43.78,65.21,89.33,31.5,1046,0.24,0,1
9.13,11.41,13.69,24.71,0.1,0.12,0.15,0.26,97.4,0.15,5.12,3.74,2.66,2.73,2.55,65.46,2.27,34.26,3,277,97.03,63.97,2.53,35.02,1962,6.08,0.2,43400,52900,67300,23900,205,306,369,164,392,27.6,17.5,11.8,13,0,1.07,76.57,51.89,84.13,92.86,9.3,2657.8,0.32,0,1
7.64,9.69,17.22,32.72,0.31,0.39,0.69,1.31,94.92,0.29,2.82,1.87,2.42,2.58,2.15,66.72,0.82,50.19,2,425,95.62,62.56,0.47,43.06,1949,0.84,0.43,85600,105600,126800,41200,357,458,565,208,531,26.5,22.2,13.8,6,0,4.01,71.64,57.54,83.13,90.07,12.3,1877.8,2.42,0,1
37.93,37.93,40.23,44.44,0.51,0.51,0.54,0.6,96.67,0.44,3.38,2.39,2.51,2.63,2.31,65.83,1.14,41.36,3,357,95.54,62.83,2.52,33.05,1957,6.14,0.29,47200,60300,80500,33300,218,303,371,153,387,24.4,16.1,12,0,0,1.34,78.51,54.12,84.38,93.15,8.9,2189.3,0.55,0,1
9.79,14.2,21.63,24.12,0.54,0.79,1.2,1.34,94.08,0.73,4.45,3.07,2.54,2.91,1.85,74.86,0.65,41.74,3,356,96.85,65.4,1.12,28.65,1939,0.4,0.19,170100,196100,235200,65100,396,588,710,314,628,25.7,21.5,13.2,0,0,5.55,80.22,70.97,89.91,94.83,4.9,5784.6,15.95,0,1
2.49,6.2,14.21,17.24,0.22,0.55,1.26,1.52,84.64,1.04,2.85,2.27,2.76,2.86,2.12,89.53,0.66,24.52,3,180,97.1,86.39,2.22,51.11,1959,0.5,0.16,157900,189800,235100,77200,331,486,620,289,595,22.3,21.4,14.7,64,0,8.85,75.49,70.27,92.55,96.74,27.4,612.6,0.27,0,1
2.39,4.78,25.94,33.79,0.03,0.06,0.34,0.44,97.06,0.33,4.6,3.21,2.52,2.62,2.27,71.85,2.22,50.35,2,596,93.62,68.86,3.69,38.93,1956,1.01,0.27,45500,57100,72600,27100,325,365,396,71,459,27.4,18.1,11.8,0,0,1.31,75.45,61.7,82.91,94.66,6.4,3480,1.95,0,1
6.01,6.98,8.43,10.37,0.24,0.28,0.34,0.42,94.7,0.6,2.92,1.99,2.26,2.25,2.29,72.19,3.01,67.6,2,588,94.95,72.51,2.38,36.56,1971,1.84,0.15,75900,97600,137200,61300,288,370,457,169,454,28.9,24.1,12,0,0,4.06,54.39,45.04,71.87,93.67,19.3,1315.7,0.57,0,1
23.85,30.6,40,47.18,0.48,0.61,0.8,0.95,96.24,0.48,4.7,2.79,2.25,2.35,2.16,48.94,2.92,58.59,2,2352,91.11,46.79,7.23,30.23,1958,9.05,0.73,46600,68700,108400,61800,153,274,389,236,367,23.7,19.7,12.6,119,1,2.01,63.87,46.79,76.67,82.52,26,2241.3,2.36,48.44,2
44.38,62.32,71.58,74.85,4.51,6.33,7.27,7.61,88.57,1.1,3.26,1.72,2.34,2.6,2.22,35.39,3.49,61.33,2,162,97.85,31.87,0.62,24.69,1969,1.79,0.46,64000,80300,97100,33100,252,326,405,153,363,35.1,15.5,11.6,0,0,10.16,44.52,21.02,32.33,77.57,6.9,3398.7,5.14,0,1
5.82,5.82,9.52,18.52,0.07,0.07,0.11,0.22,90.15,0.65,4.71,3.19,2.51,2.78,2.07,69.34,2,43.33,3,653,90.45,62.72,0.61,55.13,1973,2.59,0.32,31500,44000,58800,27300,156,231,288,132,266,24.1,21.6,13.8,2,0,1.17,79.41,49.11,82.66,92.93,10.3,1558,0.14,0,1
18.36,20.29,22.71,22.71,0.31,0.34,0.38,0.38,96.42,0.26,4.32,2.76,2.37,2.53,2.13,62.95,2.14,53.14,2,295,94.61,58.84,3.05,36.95,1947,5.83,0.29,27500,37300,50100,22600,209,269,325,116,322,25,16.1,13.2,0,0,1.66,54.2,55.03,81.44,89.1,5.3,2336.1,0.64,0,1
8.59,15.96,24.79,29.89,1.21,2.24,3.48,4.2,83.94,1.67,4.71,3.9,3.08,3.17,2.67,85.63,2.3,20.04,3,317,95.42,83.4,0.63,15.77,1979,0,0.1,280900,368400,497000,216100,792,935,1001,209,962,27.7,28.9,11.6,0,0,14.05,47,41.68,77.23,86.78,8.5,2410.2,0.62,0,1
20.6,37.63,47.5,53.36,0.62,1.14,1.44,1.62,93.15,1.32,6.01,4.3,2.58,2.63,2.5,58.96,4.98,49.49,3,1424,85.99,57.7,5.2,45.08,1964,11.21,0.96,28500,48300,72100,43600,255,318,392,137,402,25.3,18.2,14.5,3,0,3.03,74.68,50.74,79.31,91.63,24.6,936.9,0.29,0,2
17.7,22.46,32.29,40.27,3.43,4.35,6.25,7.79,78.17,3.48,3.22,1.77,2.13,2.49,1.81,55.47,4.49,67,2,585,95.47,47.63,1.88,15.56,1951,0.79,0.17,355000,461500,500001,145001,583,682,864,281,726,25.2,24.6,11.8,0,2,19.35,50.6,51.8,77.34,89.94,4.5,5955.8,7.7,0,1
22.31,33.85,37.95,46.41,0.65,0.99,1.11,1.36,94.78,0.81,2.16,1.32,2.32,2.69,1.97,56.38,1.35,50.45,2,203,96.56,48.59,0.49,25.12,1971,1.09,0.03,75900,93000,122200,46300,387,448,504,117,489,24.2,21.5,13.3,0,0,2.93,66.87,43.31,76.15,86.28,6.7,1990.1,2.8,0,1
8.5,12.63,14.93,21.76,0.39,0.58,0.68,0.99,92.23,0.62,2.59,1.67,2.34,2.47,2.06,72.69,1,53.19,2,1393,89.33,68.92,0.43,40.7,1968,0.27,0.09,141300,186100,259700,118400,498,622,797,299,733,25.9,22.8,14.5,98,35,4.56,68.86,54.13,86.54,89.68,22.8,1211.6,1.47,0,1
12.35,16.93,22.71,22.71,0.42,0.57,0.77,0.77,93.97,0.64,3.37,2.21,2.38,2.68,1.68,78.49,0.72,38.21,3,147,97.7,69.61,3.4,24.49,1949,1.51,0.11,86600,111900,144200,57600,399,476,586,187,519,26.8,20.3,15.4,0,0,3.38,58,70.39,90.72,95.18,2.8,5324,11.79,0,1
0,0,4.95,4.95,0,0,0.09,0.09,95.88,0,4.12,3.21,2.66,2.66,2.68,75.42,3.26,35.9,3,405,90.29,75.56,2.72,63.21,1967,7.46,0.38,32000,45400,64600,32600,172,242,335,163,346,25.3,17.3,12.6,0,0,1.79,55.67,54.88,80.19,88.4,9.9,1028.9,0,0,1
20,29.61,37.97,48.04,0.58,0.86,1.11,1.4,88.86,2.27,8.37,4.73,2.39,2.52,2.29,44.73,4.93,48.51,3,3070,87.52,42.43,16.74,54.59,1940,7.16,0.72,26000,38400,52400,26400,207,296,375,168,363,26.3,18,13.8,191,5,2.92,72.28,52.77,83.37,91.88,8.4,6234.9,12.67,3.25,2
9.44,9.44,22.52,36.8,0.16,0.16,0.38,0.62,94.73,0.79,12.05,10.03,3.19,3.28,2.82,82.81,3.49,29.01,3,280,96.47,80.52,0.36,39.29,1972,1.48,0,56400,66300,76900,20500,261,299,387,126,382,22.5,19.2,12,0,0,1.68,69.93,54.35,79.94,91.41,7,3514.7,1.24,0,1
14.14,18.49,24.04,28.08,0.64,0.83,1.08,1.26,87.64,1.91,5.41,3.18,2.33,2.57,2.15,47.48,2.14,45.13,3,15535,89.78,43.14,11.36,51.63,1939,9.08,0.52,32100,46700,68200,36100,194,255,327,133,352,31.8,17.9,14.2,284,5,4.49,76.12,55.86,89.84,94.33,42.1,7798.2,13.43,3.2,2
13.83,17.15,28.59,33.11,0.13,0.17,0.28,0.32,96.42,0.5,7.09,5.11,2.69,2.71,2.68,47.41,7.49,47.5,3,2677,91.25,47.16,5.94,30.71,1966,11.68,0.72,40400,56200,80300,39900,138,218,310,172,332,26.8,18.6,13.1,39,0,0.96,76.48,49.34,80.58,90.05,57.5,1359.8,1.76,12.17,2
6.18,9.38,29.75,34.32,0.12,0.19,0.59,0.68,92.53,1.08,5.65,4.43,2.81,2.91,2.65,65.69,5.6,41.45,3,743,91.2,63.53,5.79,41.45,1975,4.67,0.64,51800,67300,87200,35400,355,415,479,124,493,25.9,23,14.6,10,2,1.98,73.27,47.29,84.6,93.73,30.2,732.4,0.52,0,1
6.92,11.99,17.89,21.84,0.45,0.78,1.16,1.42,91.03,0.91,2.43,1.9,2.5,2.49,2.55,74.62,1.66,37.67,3,4738,86.26,75.11,0.15,21.57,1981,1.3,0.1,70000,91100,130500,60500,375,438,537,162,533,26.7,23.6,11.9,0,0,6.51,13.69,34.49,60.88,66.97,108.9,688.6,0.42,0,1
11.04,23.11,33.77,43.59,2.2,4.61,6.73,8.69,69.43,4.69,4.89,3.29,2.47,2.75,2.27,48.34,4.47,66.13,2,504,94.68,43.57,2.78,39.48,1955,2.13,0.07,151200,177700,206500,55300,484,604,686,202,658,28,25.7,19,0,0,19.94,59.85,61.89,85.14,91.48,2.3,9533.9,6.03,0,1
14.49,21.59,28.45,36.73,0.49,0.72,0.95,1.23,92.53,1.16,11.01,7.26,2.71,2.85,2.55,55.72,5.44,48.3,3,35970,91.23,52.91,19.37,54.91,1945,8.26,0.93,16900,25600,35500,18600,208,265,332,124,372,35.1,17.7,14.8,1141,170,3.36,65.72,59.82,93.63,95.96,143.7,7153,10.57,3.48,1
10.01,17.05,22.72,29.69,0.65,1.1,1.47,1.92,91.07,1.38,3.36,1.98,2.14,2.11,2.19,55.93,3.95,70.12,2,4152,84.61,56.88,2.91,24.86,1967,7.96,0.3,55700,71600,107800,52100,317,411,509,192,492,28.6,23,12.2,84,7,6.47,27.13,45.21,73.63,81.08,15.2,3363.3,1.55,6.77,2
10.91,20.68,35.42,47.92,0.39,0.74,1.27,1.71,94.13,1.02,3.84,2.81,2.76,3.04,2.18,74.29,2.55,46.64,3,879,95.87,67.44,0.57,25.6,1974,1.09,0.14,76000,88400,102100,26100,381,447,529,148,475,26.4,21.4,11.5,0,0,3.58,72.79,48.74,79.18,90.51,27,2089.1,4.17,0,1
10.39,23.38,25.32,34.25,0.12,0.27,0.29,0.39,97.24,0.32,4.46,3.19,2.55,2.64,2.4,63.11,3.42,38.6,3,1505,93.22,60.86,3.26,33.22,1971,9.77,0.5,40700,58600,86200,45500,138,229,307,169,321,23.5,16.7,12.7,28,0,1.15,68.14,50.63,78.9,87.37,82.6,649.2,0.19,0,2
19.78,29,37.77,53.6,2.23,3.26,4.25,6.03,76.34,6.36,8.05,6.06,2.84,2.83,2.84,60.41,8.84,44.8,3,1043,96.16,60.51,3.07,17.55,1974,2.9,0.23,72100,90300,118300,46200,308,384,479,171,461,31,22.3,12.1,68,8,11.25,60.18,39.57,76.26,91.5,24.3,3107.5,0.8,0,2
1.77,4.65,7.44,10.7,0.08,0.21,0.34,0.49,90.85,0.85,4.14,3.22,2.71,2.9,1.99,84.98,1.62,32.84,3,164,98.16,79.5,0.61,29.88,1962,0.54,0.09,60000,72300,89900,29900,343,408,503,160,504,21.9,14.7,12.2,0,0,4.54,66.02,70.42,90.2,91.46,7,3362.1,3.88,0,1
13.89,30.36,40.33,54.83,1.99,4.34,5.77,7.84,82.75,4.53,5.06,3.19,2.19,2.15,2.3,68.88,5.26,72.68,2,6137,77.71,70.3,2.17,26.66,1975,4.25,0.3,65200,92900,150700,85500,390,513,637,247,599,28.6,24.2,12.9,0,12,14.3,21.92,49.44,74.32,80.69,15.4,3070.1,0.99,0,2
11.73,19.13,20.92,27.04,0.37,0.6,0.65,0.84,94.11,0.66,4.17,3.23,2.79,3,2.21,78.26,1.34,39.59,3,163,96.5,72.6,1.84,42.33,1963,1.4,0.6,104700,122400,144100,39400,289,448,558,269,520,24.8,24,14,0,0,3.11,84.14,66.13,91.34,94.77,27.6,456.3,0.55,0,1
7.46,11.42,22.09,42.84,0.94,1.43,2.77,5.38,68.27,6.8,8.75,6.97,2.95,2.97,2.89,74.72,9.67,39.81,3,439,89.1,74.19,1.82,60.36,1964,10.98,1.22,25900,37200,54600,28700,185,246,320,135,316,21,16.9,11.6,6,0,12.55,66.35,49.64,82.94,95.04,4.9,2163.3,0,0,1
1.88,6.36,14.13,29.21,0.08,0.29,0.64,1.32,57.06,5.93,9.1,6.66,2.79,2.8,2.78,58.86,11.12,56.46,2,796,88.86,58.69,4.52,48.62,1965,16.98,1.32,29200,45700,66400,37200,166,252,332,166,351,28.7,19,13.5,0,25,4.5,82.88,56.34,81.63,95.2,12.3,1534.3,0,0,2
13.88,16.27,17.61,23.43,0.71,0.83,0.9,1.2,86.04,1.15,4.03,3.15,2.67,2.75,2.57,58.74,4.23,36.47,3,533,90.17,57.12,0.19,14.07,1973,2.97,0,58800,78600,97300,38500,314,374,459,145,444,22.8,20,10.9,0,0,5.13,35.8,41.56,65.99,75.15,5.8,2268.4,0.11,0,1
9.11,17.01,19.3,28.24,0.64,1.19,1.36,1.98,86.56,0.99,4.31,3.2,2.65,2.65,2.65,46,3.79,43.64,3,1255,90.29,45.97,0.48,31.87,1977,4.68,0.1,64000,78100,95200,31200,276,350,427,151,417,24.7,20.6,10.7,0,0,7.02,16.88,27.35,47.62,52.97,147.5,223.6,2.72,0,1
4.8,10.71,20.2,25,0.16,0.35,0.66,0.82,94.63,0.38,3.02,1.9,2.32,2.29,2.34,46.15,3.1,62.42,2,3724,72.06,46.68,0.91,27.28,1977,6.76,0.47,67700,97100,163900,96200,284,365,431,147,435,24.7,21,12.3,0,0,3.27,34.19,35.74,57.84,63.19,16,1548.4,0.45,0,2
17.83,29.19,40.26,53.32,5.23,8.56,11.81,15.64,60.24,10.48,9.86,6.18,2.61,2.96,2.48,29.04,19.14,77.42,2,2077,92.89,25.55,1.3,14.83,1968,3.97,0.44,175700,226100,278900,103200,513,593,694,181,629,28.2,24.8,10.8,0,1,29.33,40.76,38.23,83.23,85.85,6.1,11605.2,5.13,4.55,2
14.24,20.1,28.44,38.3,0.28,0.39,0.55,0.75,95.12,0.65,7.15,4.76,2.55,2.64,2.45,52.53,4.92,52.43,2,6824,88.39,50.67,15.67,54.75,1958,9.05,0.47,40300,54800,73300,33000,181,281,376,195,390,28.6,21.8,13.6,231,2,1.95,68.75,48.21,79.13,84.17,64.8,2121.4,6.22,27.35,2
0,8.11,8.11,10.81,0,0.15,0.15,0.2,96.32,0.73,3.21,2.39,2.6,2.75,2.14,80.07,1.24,38.49,3,199,96.38,75.79,4.52,46.73,1959,2.35,0.4,67400,88100,114000,46600,330,452,497,167,512,26.4,17.4,13,0,0,1.89,60.03,65.21,91.14,93.79,23.9,576.4,1.1,0,1
14.43,16.91,18.08,22.74,0.88,1.03,1.11,1.39,91.09,1.95,4.55,2.96,2.4,2.61,2.04,69.36,3.38,54.16,2,232,95.27,63.9,2.16,34.48,1952,4.09,0.14,30900,37600,45700,14800,269,342,400,131,416,25.7,15.3,14.3,0,0,6.12,70.82,60.46,92.82,94.74,2.9,3905.3,1.63,0,1
23.45,27.77,35.23,42.49,0.61,0.72,0.91,1.1,95.62,0.23,2.66,1.95,2.71,2.95,2.08,78.95,0.96,37.35,3,958,93.78,72.53,0.31,20.67,1984,0.46,0.2,98800,121600,162800,64000,534,618,697,163,657,23.1,22.5,11.5,0,0,2.59,62.33,35.77,69.16,82.35,33.6,1171.4,1.43,0,1
16.69,26.11,28.03,38.85,0.29,0.46,0.49,0.68,96.1,0.43,4.72,2.63,2.35,2.54,2.21,45.51,3.64,55.03,2,1037,94.26,42.12,1.35,22.28,1972,6.82,0.35,54100,73300,106100,52000,209,290,359,150,374,30.8,20.6,12.9,72,7,1.75,69.99,36.36,60.6,86.14,18.7,2409,1.22,0,2
12.93,16.78,22.92,30.28,1.2,1.56,2.13,2.82,78.79,3.64,3.51,2.03,2.31,2.27,2.35,41.27,5.5,65.73,2,1797,85.3,42.06,1.84,20.87,1957,8.58,1.21,103400,147400,197900,94500,419,559,730,311,608,30.9,26.7,12.8,0,113,9.31,33.18,37.97,57.39,66.45,5.7,4378,1.67,0,2
15.9,26.42,32.39,38.91,2.33,3.87,4.75,5.71,73.28,6.72,10.17,7.14,2.65,2.45,3.07,62.04,10.86,69.57,2,823,87.98,67.17,0.73,38.88,1977,4.77,0.56,72000,90400,114000,42000,274,385,485,211,455,29.8,24.5,12.6,0,0,14.66,45.98,35.98,68.96,87.54,11,1477.4,0.48,0,2
26.59,32.92,39.65,45.32,4.64,5.75,6.92,7.91,82.25,2.6,4.45,3.2,2.6,2.76,2.26,72.03,1.34,32.15,3,1323,94.37,67.81,0.83,45.05,1952,0.98,0.33,349200,500001,500001,150801,577,875,1001,424,951,24.8,20.6,13.2,75,3,17.45,31.27,59.84,78.39,79.03,49.6,1178.4,15.77,1.27,1
16.38,24.15,34,51.61,2.24,3.31,4.65,7.07,76.21,6.07,8.5,5.23,2.5,2.56,2.44,52.57,8.54,57.08,2,8918,94.19,51.32,6.06,23.16,1964,3.68,0.64,80600,115800,164800,84200,324,429,541,217,495,29.7,22.6,11.8,1287,265,13.69,54.89,44.05,76.08,89.9,99.8,3702.5,4.1,8.68,2
10.06,16.11,19.59,29.46,0.43,0.69,0.84,1.26,93.55,0.92,3.87,2.53,2.29,2.31,2.25,59.76,3.4,60.9,2,5277,84.89,59.04,1.74,32.23,1971,7.61,0.28,45200,61600,86500,41300,243,316,396,153,403,25.9,19.9,12.4,145,30,4.27,38.7,44.93,74.03,83.02,39.8,1774.5,1.24,9.64,2
10.77,15.5,23.3,28.23,0.28,0.4,0.6,0.72,93.41,0.57,5.18,3.37,2.37,2.61,2.09,59.12,1.18,44.5,3,2720,92.31,53.67,2.68,47.65,1939,2.71,0.43,40500,57100,78000,37500,176,252,329,153,320,26.1,18.7,14.3,38,1,2.55,85.83,65.97,89.72,93.83,26.1,3131.4,3.02,5.71,1
6.76,6.76,6.76,9.25,0.18,0.18,0.18,0.24,94.15,0.23,2.95,2.4,2.75,2.86,2.28,84.42,0.75,30.35,3,118,97.05,81.21,1.69,37.29,1964,0.72,0.53,53500,70200,92600,39100,277,339,416,139,454,21.6,16.9,13,0,0,2.62,85.31,69.54,90.44,95.15,16,673.2,0.33,0,1
16.7,32.01,37.01,43.37,0.24,0.45,0.52,0.62,96.95,0.45,2.77,1.76,2.26,2.35,2.13,62.74,1.74,57.54,2,1893,90.23,60.38,2.48,40.99,1957,7.1,0.44,27300,41100,61600,34300,183,251,314,131,317,25.7,16.6,12.1,33,0,1.42,59.36,45.98,70.53,83.9,30.8,1331.5,0.23,0,1
15.95,27.17,36.51,48.69,1.27,2.16,2.9,3.87,88.2,2.22,4.53,3.11,2.56,2.71,2.38,57.38,5.07,51.39,2,1099,94.93,54.16,1.55,12.92,1975,4.12,0.19,82900,97300,116400,33500,369,443,561,192,537,26.5,22.9,12.8,37,4,7.94,28.7,36.42,72.73,75.84,14.8,3615.7,2.77,0,1
20.86,20.86,25.13,40.64,0.27,0.27,0.33,0.53,97.3,0.41,5.47,4.81,3.23,3.35,2.63,86.59,2.57,15.65,3,184,96.01,83.54,1.09,37.5,1981,2.05,0.5,75700,104500,134800,59100,271,366,477,206,450,23,22.2,11.6,0,0,1.3,51.1,35.43,69.24,73.18,12.9,1121.5,0,0,1
17.98,26.35,41.62,55.89,3.74,5.48,8.65,11.62,79.1,5.75,10.7,6.47,2.56,3.12,2.34,34.25,8.77,72.92,2,738,94.01,28.14,7.72,52.71,1953,7.31,1.55,86400,123600,171000,84600,367,500,600,233,557,27.5,24.6,14.9,38,6,20.8,51.89,58.04,88.72,91.79,2.3,13083.7,19.92,0,2
15.76,24.7,32.86,45.26,7.77,12.18,16.2,22.32,21.16,25.71,25.34,20.81,3.84,3.9,3.77,49.35,42.18,79.59,2,518,97.74,48.53,1.16,17.57,1951,4.88,0.78,133400,162500,188500,55100,422,508,614,192,549,30,28.2,11.6,21,0,49.3,38.6,46.49,87.48,89.08,7.6,11329.3,8.02,0,2
14.26,22.64,34.3,52.22,1.28,2.04,3.09,4.7,80.59,4.82,7.84,5.2,2.58,2.7,2.43,57.17,7.88,58.08,2,26155,86.55,54.53,13.05,44.66,1964,9.28,0.58,39400,59900,86900,47500,268,337,415,147,403,24.6,21.4,13.1,884,347,9,64.49,45.85,80.21,89.38,291.2,1537.2,1.65,0,2
9.91,14.77,26.67,32.97,0.23,0.34,0.61,0.76,95.33,0.21,4.67,3.76,2.85,2.88,2.75,76.12,2.14,21.39,3,765,91.58,75.22,8.24,50.85,1971,2.79,0.13,53400,67800,85400,32000,272,353,438,166,463,25.6,19.1,12,0,0,2.3,56.27,58.36,77.25,87.77,9.7,2491.1,0.67,0,2
0,16.88,22.08,42.86,0,0.09,0.12,0.24,97.82,0.33,2.49,1.84,2.48,2.55,2.35,67.65,2.1,41.68,3,428,92.76,65.83,1.17,38.32,1970,8.85,0.91,36800,52700,73800,37000,110,189,249,139,315,22.8,17.4,12.9,0,0,0.56,74.08,55.76,86.32,91.73,48.1,286.5,0,0,1
4.85,4.85,9.71,27.18,0.04,0.04,0.08,0.22,94.79,0.58,3.71,2.35,2.36,2.68,1.87,69.08,1.35,51.94,2,242,95.36,61,0,38.43,1963,4.54,0.34,37500,49900,66600,29100,164,229,293,129,286,23.8,20.1,14.3,0,0,0.81,67.51,48.87,74.71,84.84,7.7,1655.8,0,0,1
9.85,15.39,25.37,34.31,1.97,3.09,5.09,6.88,77.56,2.93,5.61,4.33,2.82,2.86,2.72,78.62,7.18,47.15,3,848,94.44,77.78,1.89,30.54,1969,1.47,0.57,68200,81200,94800,26600,424,519,613,189,610,29.1,22.9,13.7,0,0,20.06,30.92,46.36,66.19,83.1,30.7,1322.6,0.9,0,2
19.51,27.74,35.29,43.22,2.09,2.97,3.78,4.63,86.09,1.88,4.79,3.61,2.7,3.02,2.11,72.93,1.52,41.77,3,750,92.51,65.3,0.4,46.53,1965,0.46,0.07,153000,189300,256700,103700,518,557,625,107,596,24.9,23.6,15.2,15,0,10.72,58.3,61.15,84.65,89.73,11.4,2190.2,3.56,0,1
16.13,24.73,30.29,37.81,0.73,1.12,1.37,1.71,89.64,0.23,4.36,3.93,3.23,3.03,3.4,43.91,3.29,29.32,3,164,94.78,46.79,0.61,41.46,1962,0.6,0.54,247600,311300,382600,135000,445,577,729,284,606,22.2,20.7,11.7,0,0,4.53,23.5,27.8,32.94,40.64,27.3,451.5,13.49,0,1
34.88,41.09,41.09,41.09,0.33,0.39,0.39,0.39,96.36,0.2,4.92,3.26,2.4,2.37,2.46,63.71,3.3,54.44,2,1063,83.16,64.59,4.99,72.34,1954,16.25,1.82,16800,29300,44200,27400,99,171,235,136,266,31.3,20.7,12.6,76,0,0.96,71.55,53.82,80.52,91.49,13.2,1017,0,0,2
11.46,18.2,25.61,31.18,1.04,1.65,2.32,2.83,89.36,0.99,1.99,1.12,2.14,2.33,1.89,60.89,1.62,51.8,2,4001,88.52,55.76,0.3,12.77,1968,0.45,0.26,416700,500001,500001,83301,749,961,1001,252,967,26.3,25.8,11.7,45,0,9.07,46.45,42.18,76.35,88.94,14.5,4589.7,0.95,3.36,1
14.99,24.42,30.35,41.78,1.39,2.27,2.82,3.88,86.93,1.51,3.22,2.16,2.44,2.57,2.16,70.48,2.64,41.79,3,455,96.49,66.73,1.54,20.66,1972,1.24,0.39,155500,203700,259900,104400,471,603,738,267,676,27.5,26.2,11.8,55,21,9.23,58.49,44.31,78.02,90.84,11.6,2740.2,6.08,0,1
3.96,6.12,6.12,6.12,0.06,0.09,0.09,0.09,97.62,0.17,4.79,3.9,2.85,2.83,2.91,76.84,2.55,20.45,3,359,95,77.32,2.23,41.23,1971,4.94,0.92,48000,62300,84200,36200,174,291,406,232,410,23.6,17.2,12.4,0,0,1.42,63.92,51.21,70.08,83.49,19.1,1027.6,0.15,0,2
14.17,24.19,33.05,39.34,1.57,2.68,3.66,4.36,89,0.77,5.91,3.88,2.52,2.92,2.02,64.67,2.05,45.86,3,551,96.34,55.85,3.63,43.92,1939,1.02,0.27,208200,271700,371800,163600,525,670,859,334,741,26.6,23.1,17.6,20,3,11.08,46.31,57.71,79.98,86.97,6.5,5776.7,19.72,4.08,1
19.87,29.88,38.41,57.51,1.55,2.33,3,4.49,82.42,3.77,7.33,5.84,2.77,2.86,2.61,67.54,4.34,42.69,3,465,94.74,65.54,0.22,15.05,1951,4.13,0.28,51300,65900,86100,34800,325,403,458,133,456,25.2,18.1,13.1,50,0,7.81,68.86,45.57,70.19,87.53,8.8,2853.3,0.66,0,1
14.67,15.64,23.27,30.3,0.71,0.76,1.13,1.47,93.39,0.61,2.4,1.73,2.43,2.56,1.81,86.34,0.27,24.21,3,420,97.08,81.72,0,23.81,1957,0.11,0,102400,141800,193000,90600,406,495,603,197,578,23.2,18.3,11.6,0,0,4.83,64.31,61.07,88.28,91.25,10,3421.8,1.7,0,1
20.09,26.92,31.84,35.26,0.32,0.42,0.5,0.55,96.92,0.33,4.55,3.23,2.5,2.51,2.5,57.35,3.45,46.71,3,834,93.18,57.29,5.76,38.49,1965,8.78,0.34,31100,43500,63300,32200,152,227,300,148,305,24.1,18.1,12.4,9,0,1.57,72.49,49.51,81.24,87,21.1,1415.4,0.05,0,2
11.44,17.86,27.21,34.81,1.43,2.24,3.41,4.36,81.86,2.4,6.66,5.18,2.88,2.96,2.65,76.01,5.65,31.89,3,549,96.75,73.94,0.55,22.95,1962,0.99,0.14,183000,231600,311700,128700,535,657,837,302,729,27.8,24.2,11.7,0,0,12.52,54.26,54.46,90.04,94.32,20.2,2371.5,1.39,0,1
2.39,4.78,6.83,6.83,0.06,0.11,0.16,0.16,92.79,0.81,8.18,6.48,3.07,3.23,2.67,75.31,3.67,33.56,3,402,91.11,71.64,0.75,59.95,1975,3.16,0.33,59800,70800,86800,27000,205,283,371,166,368,18.5,17.1,11.7,0,0,2.3,39.25,52.08,81.27,85.25,11.6,1094.6,13.87,0,1
0,3.45,10.34,15.17,0,0.05,0.14,0.2,96.91,0.08,6.13,4.88,2.95,2.94,2.99,91.23,3.98,40.98,3,159,95.87,91.35,2.52,55.35,1971,5.1,0.62,48400,65300,86600,38200,250,331,416,166,447,21.9,18.6,15.5,0,0,1.33,73.68,61.18,83.06,95.06,38.9,279.8,0,0,1
11.05,12.95,22.11,23.49,0.43,0.5,0.86,0.91,89.01,0.9,4.95,4.08,2.94,3.08,2.33,85.63,0.95,29.87,3,123,97.62,81.84,2.44,43.09,1965,0.79,0.6,124300,142100,164700,40400,303,487,659,356,557,23.5,23.9,13.2,0,0,3.89,62.19,63.07,77.86,91.79,19.2,776.3,2.13,0,1
2.2,2.2,2.2,10.38,0.03,0.03,0.03,0.13,96.2,0.39,3.22,2.09,2.35,2.54,2.01,69.92,0.97,48.3,3,710,93.67,64.73,5.35,38.17,1951,4.09,0.76,26100,38500,57100,31000,165,228,293,128,301,24.8,17.3,12.6,14,0,1.23,80.61,55.29,83.13,92.4,14.9,1737.3,0.72,0,2
15.39,24.16,33.19,39.12,1.35,2.12,2.92,3.44,90.06,1.69,3.58,2.53,2.66,3.22,2.05,63.49,1.37,53.15,2,557,93.47,52.52,1.08,28.01,1972,0.78,0.23,142600,173300,199500,56900,570,608,676,106,655,22.5,25.3,18.5,0,0,8.79,60.29,51.46,73.38,87.88,31.5,674.7,1.23,0,1
11.49,17.57,20.95,20.95,0.12,0.18,0.22,0.22,96.87,0.2,2.19,1.38,2.22,2.4,2.01,59.42,0.82,44.37,3,306,95.38,55.15,1.63,36.93,1942,5.02,0.74,56200,73300,95200,39000,231,298,372,141,375,23.6,20.2,12.9,0,0,1.03,80.85,57.47,81.47,93.68,3.8,3807.6,0.51,0,1
8.11,10.38,12.64,20.94,0.41,0.52,0.64,1.06,91.05,0.83,2.76,2.13,2.64,2.74,2.44,69.22,1.73,34.32,3,319,92.51,66.71,0.94,34.8,1977,2.79,0,60300,74000,92100,31800,224,318,433,209,410,27.1,21.7,11.2,0,0,5.04,22.11,46.4,67.45,71.48,11,957.3,0.38,0,1
8.03,15.36,20.18,25.61,0.55,1.05,1.38,1.75,90.3,0.58,4.92,3.46,2.55,2.8,1.79,82.52,0.61,40.04,3,752,93.17,75.05,0.13,49.47,1976,0.34,0.14,92800,133400,187200,94400,465,554,654,189,624,21.7,20,11.4,0,0,6.82,67.47,54.66,84.79,91.89,16.5,1640.4,2.97,0,1
9.09,16.16,16.16,22.22,0.09,0.16,0.16,0.22,96.81,0.7,8.72,5.67,2.52,2.47,2.58,50.79,6.41,55.75,2,376,91.31,51.94,3.72,28.46,1965,16.21,1.83,29800,41100,57000,27200,99,180,286,187,234,27.3,16,12.8,3,13,0.97,62.93,50.52,83.21,92.08,6.5,1564.6,2.59,0,2
15.79,19.94,24.32,33.16,1.48,1.87,2.29,3.12,89.2,1.08,3.15,2.23,2.38,2.57,1.83,80.49,0.78,41.94,3,271,95.31,74.66,0.37,18.08,1963,0.13,0.28,75100,96200,131200,56100,401,534,724,323,614,27.5,20.2,13.3,0,0,9.4,69.32,60.09,87.3,92.16,6,2347.5,1.85,0,1
2.64,2.64,2.64,4.49,0.03,0.03,0.03,0.05,96.66,0.44,4.29,3.02,2.49,2.56,2.34,69.27,1.35,42.88,3,704,94.51,67.28,3.98,46.59,1946,5.25,0.3,31800,43600,60600,28800,180,241,299,119,345,26,17.5,13,15,0,1.22,82.2,62.45,90.95,95.4,13.7,2268.2,0.21,0,1
12.48,27.45,31.02,45.4,0.79,1.73,1.95,2.86,89.21,2.92,4.89,3.1,2.36,2.49,2.2,58.17,4.2,54.22,2,467,95.06,55.13,3.43,29.12,1958,5.29,0.54,51300,66500,87200,35900,234,316,392,158,355,27.9,18.6,11,56,4,6.28,53.19,43.84,74.18,90.44,6.3,3438.1,0.17,0,1
4.84,10.6,14.45,18.05,0.36,0.79,1.08,1.35,89.77,1.23,4.72,4.08,3.13,3.19,2.68,90.1,0.89,17.36,3,302,95.56,88.41,1.99,30.79,1963,0.95,0.28,152700,188600,238200,85500,496,655,838,342,746,24.7,22.8,15.5,0,0,7.48,64.06,69.86,85.65,93.47,22.1,923.4,1.78,0,1
13.72,22.9,33.13,42.6,5.21,8.7,12.58,16.18,43.12,15.02,17.45,13.88,3.4,3.54,3.21,58.81,22.23,58.14,2,140,96.91,56.42,1.43,15,1963,2.3,1.01,150100,205800,260700,110600,513,639,778,265,700,27,23.4,11.8,0,0,37.98,40.87,54.08,84.1,88.86,1.7,9248.8,1.17,0,2
5.85,8.53,18.33,19.59,0.2,0.29,0.62,0.66,92.35,0.89,3.09,2.18,2.5,2.73,2.17,64.34,1.77,44.58,3,202,97.36,58.92,0.99,37.62,1954,2.39,0.86,55400,65400,73800,18400,270,346,422,152,403,23,20.5,13.8,0,0,3.39,84.36,61.88,93.43,95.8,4.9,3790.6,4.65,0,1
44.9,44.9,44.9,51.02,0.39,0.39,0.39,0.44,97.62,0.39,3.86,2.61,2.44,2.55,2.24,64.87,1.62,48.69,3,264,94.47,61.84,0.38,42.42,1953,7.4,0.94,39100,53500,71500,32400,196,258,316,120,342,21.5,14.7,12.4,6,0,0.86,81.7,52.71,80.07,91.47,6.4,1775,1.03,0,1
4.61,14.59,19,23.61,0.06,0.19,0.25,0.31,96.42,0.44,2.93,2.01,2.35,2.41,2.24,63.57,1.77,49.94,3,1069,93.96,61.82,1.22,34.52,1960,4.92,0.32,46500,66000,95700,49200,207,292,372,165,393,24.5,19.6,12.6,9,0,1.32,74.87,57.39,83.73,91.09,21.1,1875.5,0.14,0,1
16.3,22.6,30.32,40.14,0.87,1.21,1.62,2.15,90.56,0.98,6.18,4.63,2.77,2.9,2.53,67.36,5.03,41.29,3,2163,91.48,64.29,0.79,10.26,1985,1.95,0.23,76500,100700,132700,56200,431,545,632,201,616,25.6,23.4,11.7,11,88,5.35,19.94,26.66,59.65,60.67,74.1,876.2,0.48,0,1
8.87,12.81,19.7,22.17,0.11,0.15,0.24,0.27,97.14,0.23,3.67,3.12,3.11,3.21,2.41,90.38,1.62,29.7,3,109,98.03,87.59,1.83,40.37,1981,0.87,0.13,78500,88700,98900,20400,413,466,534,121,510,25,23.2,10.7,0,0,1.2,80.82,45.21,79.36,92.69,8.5,1989.1,2.63,0,1
12.72,25.61,34.62,49.67,1.47,2.96,4.01,5.75,80.25,4.42,9.11,7.12,3.03,2.98,3.11,60.02,11.39,48.19,3,1245,90.09,61.06,3.53,19.12,1969,6.58,0.37,78600,103300,149700,71100,368,444,530,162,509,29.8,23.7,11,0,0,11.57,50.41,35.04,71.52,86.38,14.1,2450.1,1,0,2
20.31,28.42,47.42,59.19,3.12,4.37,7.29,9.1,83.52,2.48,6.84,4.41,2.49,2.73,2.25,55.24,5.94,57,2,234,95.95,50.48,1.71,22.22,1949,2.51,0.24,89400,110500,136400,47000,475,532,602,127,540,25.4,21.4,11.8,11,9,15.38,20.27,50.18,72.51,77.86,2.2,6251.8,18.42,0,2
14.13,24.08,29.02,33.08,0.47,0.81,0.98,1.11,90.83,1.03,5.82,3.79,2.45,2.54,2.26,68.59,2.45,48.64,3,3497,92.36,65.94,4.72,35.2,1950,5.03,0.31,28500,40300,57200,28700,230,325,403,173,410,26.3,17.3,13.2,233,3,3.36,66.39,55.93,85.25,89.38,37.7,2796.3,3.63,15.04,2
6.96,10.43,18.51,25.34,0.47,0.7,1.25,1.71,92.11,1.27,3.36,1.86,1.99,1.97,2.01,64.1,3.62,77.62,2,1328,81.09,64.48,1.36,39.46,1974,4.94,0.37,58200,76500,99500,41300,322,424,514,192,507,29.7,19.8,11.1,26,1,6.74,22.41,48.16,72.13,80.17,4.6,2619.8,0,0,2
4.99,6.9,15.5,21.55,0.45,0.63,1.41,1.96,89.29,1.35,1.73,1.09,2.09,2.15,1.76,86.31,0.77,53.45,2,790,86.28,83.77,12.66,27.97,1965,0.89,0,136300,193400,327200,190900,431,507,639,208,561,28.1,25.5,12.4,0,0,9.08,14.89,57.37,83.15,86.71,2.4,4367.8,0.89,0,1
5.5,7.31,12.35,13.17,0.31,0.41,0.69,0.73,90.79,1.13,3.89,2.7,2.52,2.82,1.8,78.71,2.02,43.99,3,376,96.99,70.24,0.27,11.17,1959,0.78,0.06,47000,58700,72100,25100,384,447,503,119,503,21.8,16.4,13.4,0,0,5.55,75.09,64.4,93.82,96.57,7.1,4331.5,0.96,0,1
2.57,6.74,9.84,13.69,0.19,0.49,0.72,1,89.76,0.8,3.21,2.78,2.88,2.89,2.8,94.2,0.32,9.62,3,123,97.29,94.03,4.88,50.41,1959,0.14,0.09,215400,257100,306900,91500,533,728,1001,468,815,21,21.8,13.4,0,0,7.29,68.23,75.95,92.36,95.83,17.8,720.5,1.64,0,1
2.29,2.86,9.14,10.86,0.1,0.12,0.4,0.47,92,0.7,3.81,2.93,2.69,2.84,2.12,83.79,0.65,23.12,3,216,96.43,79.47,4.17,32.41,1956,0.27,0.26,124700,190100,302900,178200,414,564,700,286,656,29.1,19.4,13.4,0,0,4.34,43.16,58.64,79.62,88.35,15.3,1053.1,2.89,0,1
17.33,26.68,38.29,48.18,2.24,3.46,4.96,6.24,75.96,5.15,13.44,10.95,3.3,3.36,3.18,71.2,11.55,36.28,3,1943,91.85,70.04,2.32,25.48,1977,3.63,0.19,100700,125500,146600,45900,403,510,617,214,583,32.6,25,12.3,10,1,12.96,55.18,41.23,65.03,92.92,22,3288.6,0.82,0,2
10.92,19.11,38.57,47.95,0.12,0.2,0.41,0.51,97.1,0.4,4.48,3.24,2.56,2.61,2.48,59.56,3.46,50.11,2,1213,94.54,58.23,3.05,32.81,1964,5.99,0.23,40300,60200,88400,48100,177,272,367,190,378,24,19.2,13,79,12,1.07,73.95,54.77,86.02,91.7,31.5,1739.3,0.87,0,2
14.31,25.16,37.09,50.16,2.82,4.96,7.31,9.89,75.9,4.65,11.09,7.39,2.74,3.31,2.47,39.19,10.14,70.23,2,2130,91.24,32.44,5.16,28.73,1951,7.15,0.88,90000,116800,142500,52500,398,500,586,188,561,26.8,24.9,18,6,27,19.71,51.29,54.7,83.44,88.33,3.1,19984.9,19.9,1.86,2
14.14,19.45,27.79,38.06,2.37,3.27,4.67,6.39,59.41,8.8,5.5,2.65,2.17,2.19,2.17,21.8,6.17,82.19,2,2385,86.31,21.63,2.77,35.97,1939,4.91,0.71,194300,250000,302500,108200,309,511,750,441,560,25.1,25.6,23.4,77,0,16.8,38.93,54.85,69.08,77.74,1.3,25331.5,52.59,9.92,2
12.11,17.36,24.51,32.91,1.69,2.42,3.42,4.59,35.19,11.13,13.45,10.44,3.09,3.14,3.01,60.03,16.05,57.55,2,2400,86.52,59,6.92,25.96,1968,14.4,1.04,29100,42700,64100,35000,164,262,349,185,332,25.8,19.2,12.8,21,5,13.95,65.09,54.97,81.48,91.17,27.9,1747,0.14,0,2
7.61,9.25,20.3,22.99,0.32,0.39,0.85,0.96,93.63,0.46,2,1.49,2.49,2.54,2.35,73.68,0.88,31.9,3,229,96.53,72.15,0.44,25.76,1963,2.84,0.17,54000,71000,95300,41300,306,368,427,121,458,23.3,17.7,12.8,19,0,4.17,60.42,58.53,73.83,88.66,7.7,2077.6,0.3,0,1
6,6,6,6,0.11,0.11,0.11,0.11,95.53,0.75,4.21,2.8,2.49,2.77,2.07,65.66,1.32,45.46,3,209,95.32,58.84,1.91,45.93,1939,7.48,1.21,42700,60300,82300,39600,241,316,380,139,377,27,21,15.1,0,0,1.84,86.08,57.62,83.59,96.14,22.8,475.5,1.01,0,1
22.25,31.78,33.5,34.96,0.7,1,1.05,1.1,97.33,0.24,1.98,1.22,2.29,2.56,2.06,52.19,1.17,49.22,3,341,94.23,46.87,0,9.97,1977,1.58,0.14,91100,119300,154900,63800,428,481,535,107,562,24.4,20.6,10.4,0,0,3.14,47.69,32.33,47.49,77.19,12.5,1046.9,2.21,0,2
17.89,33.16,36.84,36.84,0.17,0.32,0.35,0.35,97.43,0.64,2.87,1.89,2.37,2.61,2.05,62.43,1.47,50.48,2,496,94.26,56.59,2.42,21.98,1966,4.18,0.13,40500,49200,63400,22900,251,308,369,118,379,25.2,16.9,12.4,10,0,0.96,47.99,52.82,75.01,86.19,8.8,2254.8,0.38,0,1
9.53,28.3,40.18,45.45,0.49,1.46,2.07,2.34,86.78,2.65,4.34,2.89,2.47,2.65,2.27,56.33,2.26,56.38,2,315,94.41,52.44,2.54,34.92,1939,3.08,0.48,108100,134100,159500,51400,314,458,561,247,536,23.2,23.4,12.7,0,0,5.16,74.93,55.8,82.02,90.98,5.9,2237.7,0.05,0,1
18.56,23.97,29.11,35.93,1.1,1.42,1.73,2.13,92.47,0.65,3.86,3.07,2.83,3.06,1.91,86.09,0.4,26.06,4,904,93.55,79.45,0.22,22.68,1978,0.09,0.06,140900,172800,222700,81800,504,596,750,246,682,24.6,18.9,10.8,0,0,5.94,50.35,50.44,71.27,77.82,31,1224.3,0.42,0,1
7.78,13.13,21.7,28.09,0.62,1.05,1.74,2.25,85.27,1.19,3.76,2.91,2.72,2.92,2.23,76.48,1.22,44.28,3,598,95.52,71.32,2.68,20.23,1964,0.52,0,132400,156800,190700,58300,496,580,667,171,658,22.8,22.3,14.2,0,0,8.01,66.34,63.34,80.85,89.88,16.7,2092.8,8.87,0,1
11.41,24.92,30.33,35.74,0.27,0.59,0.71,0.84,91.01,1.09,3.88,2.46,2.38,2.63,2.08,60.26,1.48,46.94,3,370,93.46,54.56,2.16,44.59,1939,8.02,0.19,45000,58500,74700,29700,267,337,402,135,387,30.5,21,14.9,0,0,2.35,75.91,51.79,72.2,88.4,4.4,3231.1,0.5,0,2
0,10.29,16.18,26.47,0,0.09,0.14,0.23,97.24,0.4,3.25,2.28,2.46,2.52,2.36,63.77,2.47,45.03,3,417,93.81,62.27,0.72,42.45,1962,8.76,1.29,34500,49800,72100,37600,152,226,288,136,317,24.5,16.9,14,38,0,0.87,74.84,52.59,83.15,90.51,8,1953.5,0.19,0,2
14.43,20.41,31.82,41.79,1.41,1.99,3.1,4.07,74.92,6.06,6.69,5.28,2.84,2.83,2.86,70.19,7.82,38.61,3,417,91.47,70.36,7.43,46.76,1966,7.13,1.23,33600,47600,69600,36000,215,257,324,109,355,19,16.3,12.1,18,0,9.74,61.7,50.54,83.32,92.43,4.5,2860.2,0.07,0,1
11.96,15.39,20.61,23.85,0.93,1.19,1.6,1.85,90.4,0.61,4.45,3.39,2.75,2.86,2.34,82.09,0.7,25.08,3,278,96.32,78.99,2.88,33.81,1945,0.26,0.15,228200,293700,398000,169800,531,755,1001,470,856,22.7,21.3,13.1,0,0,7.76,68.32,66.84,87.16,92.63,6.3,3239.4,8.84,0,1
11.39,25.62,35.59,41.64,0.18,0.39,0.55,0.64,96.33,0.86,3.55,2.36,2.38,2.49,2.18,67.78,1.58,47.61,3,284,96.37,64.86,0.35,32.75,1956,2.75,0.37,35800,44500,56800,21000,212,283,350,138,354,24.4,15.9,13.3,0,0,1.54,86.54,57.12,86.57,95.05,12.1,1506.4,0,0,1
4.84,12.71,23.86,31.81,0.17,0.44,0.83,1.1,94.78,0.64,3.59,2.38,2.4,2.53,2.22,60.37,3.21,51.56,2,566,95.79,57.16,4.95,28.45,1958,4.83,0.52,46300,61100,78400,32100,237,308,378,141,352,26.3,14.6,10.9,115,0,3.46,49.86,49.89,80.2,87.19,12.4,2530.4,0.29,0,1
0,1.83,8.7,15.79,0,0.06,0.3,0.55,92.82,1.04,4.73,3.63,2.69,2.89,2.25,74.42,2.76,39.42,3,110,97.7,69.33,4.55,24.55,1956,1.62,0.17,77400,89400,103800,26400,188,404,471,283,453,21.2,20.6,13.8,0,0,3.47,52.84,71.18,88.82,94.2,3.1,4012.2,4.26,0,1
18.96,25.98,35.67,38.48,1.16,1.59,2.18,2.35,92.57,1,3.63,3.01,2.7,2.71,2.47,95.78,0.19,6.17,4,432,90.91,95.37,1.16,37.96,1971,0.05,0,254200,370200,500001,245801,616,1001,1001,385,1001,25.8,21.1,11.7,0,0,6.1,20.2,62.92,83.91,84.21,15.8,739.6,0.48,0,1
12,27.51,35.01,43.34,1.26,2.89,3.67,4.55,80.77,4.41,6.05,4.29,2.63,2.62,2.65,54.04,8.64,53.68,2,675,96.57,54.3,1.63,13.93,1969,3.46,0.68,95500,126300,160200,64700,340,426,537,197,499,26.9,22,11.7,159,45,10.49,55.99,40.91,76.35,91.58,11,4722.7,0.1,0,2
40.19,40.19,44.39,64.49,0.66,0.66,0.73,1.06,95.42,0.2,5.5,3.39,2.41,2.56,2.23,58.29,3.67,47.99,3,466,90.95,54.95,0,26.61,1972,10.34,0.61,36300,53000,77800,41500,129,190,246,117,245,29.7,15.3,12.3,4,0,1.64,76.02,47.54,69.73,85.71,24.5,533,0,0,1
6.82,9.52,9.99,13.4,0.76,1.06,1.12,1.5,84.21,3.16,5.7,4.3,2.81,3.01,2.25,78.56,1.68,37.94,3,360,96.31,73.2,2.22,36.11,1965,1.34,0.15,132500,156300,184600,52100,397,567,689,292,633,24.7,22.2,13.2,0,0,11.18,76.28,65.39,82.69,95.13,16.6,1611.4,5.98,0,1
4.38,4.81,9.4,14.28,0.54,0.59,1.15,1.75,81.15,1.86,5.76,5.27,3.3,3.33,2.84,95.35,0.21,7.88,4,102,97.07,94.58,6.86,56.86,1974,0.41,0,269300,374300,500001,230701,559,1001,1001,442,821,24.5,24.7,13.1,0,0,12.27,48.18,63.83,78.72,88.75,18.6,621.3,10.6,0,1
10.27,17.91,34.08,42.84,1.48,2.58,4.9,6.16,78.5,3.75,5.13,3.57,2.54,2.77,2.22,64.05,3.96,52.08,2,443,94.31,58.79,0.23,41.99,1951,1.61,0.23,143400,164000,186600,43200,522,615,705,183,678,25.7,23.9,16.3,9,0,14.39,59.87,55.52,67.99,89.49,2.9,6512.1,5.04,0,1
10.51,12.42,17.2,21.02,0.18,0.21,0.3,0.36,96.21,0.45,4.64,3.54,2.8,2.77,2.86,68.24,2.89,38.93,3,461,93.27,68.95,0.22,22.56,1971,4.93,0.31,47800,60800,72700,24900,260,337,427,167,427,24.1,19.2,11.7,0,0,1.73,57.21,42.12,61.69,81.18,12.6,1445.1,0.28,0,1
37.84,49.9,56.34,61.75,1.19,1.57,1.78,1.95,94.28,0.32,2.43,1.36,2.26,2.5,2.08,46.83,1.66,58.66,2,458,91.61,42.32,1.09,26.86,1967,5.04,0.15,43600,62300,83000,39400,205,290,360,155,350,32.7,18.7,10.9,0,0,3.16,62.58,25.01,41.24,82.88,8.6,1780.8,0.23,0,1
14.87,23.73,31.96,40.51,0.12,0.19,0.26,0.33,96.92,0.49,3.33,2.33,2.38,2.45,2.28,60.5,1.51,51.66,2,1363,91.95,58.76,5.28,46.44,1949,12.47,0.97,26200,38800,57700,31500,171,235,297,126,294,25.1,16.3,13.1,15,0,0.82,66.16,48.92,81.95,86.89,19,2032.8,1.32,0,1
1.26,2.79,3.74,5.16,0.09,0.19,0.26,0.36,85.98,1.55,4.63,3.55,2.69,2.92,2.03,80.05,1.8,32.82,3,316,96.94,73.61,0.32,23.73,1967,1.08,0.21,51800,62300,74900,23100,380,459,534,154,530,26.4,16,12.2,0,0,6.97,64.42,61.74,88.93,91.1,32.1,848.2,1.78,0,1
11.1,27.41,34.36,41.84,0.69,1.71,2.15,2.61,92.88,0.75,4.85,3.25,2.46,2.75,1.95,71.47,2.71,38.79,3,225,95.52,64,1.78,28,1947,1.19,0.94,65500,79300,94800,29300,410,444,503,93,523,22.6,22.5,17.4,0,0,6.24,75.72,63.09,74.75,93.72,1.7,7175.4,23.44,0,1
0,0,35.37,35.37,0,0,0.27,0.27,96.67,0.06,2.86,2.02,2.35,2.35,2.39,92.63,1.03,45.55,3,108,97.63,92.75,0,41.67,1956,0.31,0,52200,57500,67500,15300,332,418,477,145,510,21.3,17.7,11.8,0,0,0.75,82.59,71.79,85.04,97.63,4.5,2401.5,1.46,0,1
2.86,10.22,11.45,13.5,0.17,0.59,0.66,0.78,91.78,1.78,2.86,1.98,2.4,2.53,2.11,72.47,0.8,40.78,3,906,88.56,68.7,0.88,45.14,1952,1.07,0.64,129500,169800,241200,111700,361,495,632,271,588,24.1,22.9,13.1,4,0,5.78,37.34,60.51,83.99,86.59,40.1,422.1,0.95,0,1
17.1,25.76,37.48,48.08,5.81,8.75,12.74,16.34,57.59,12.52,10.29,4.93,2.29,2.66,2.09,40.1,10.75,75.09,2,22887,93.03,34.52,3.94,27.54,1939,2.56,1.54,230200,298900,392100,161900,429,613,839,410,653,28,24.6,11.8,4003,1566,33.98,34.98,48.11,72.79,82.98,48.4,14962.8,34.88,6.19,2
14.47,23.11,34.2,45.24,2.3,3.68,5.44,7.2,76.39,4.09,7.33,5.28,2.74,2.9,2.53,61.39,8.34,48.54,3,579,96.41,58.08,1.21,20.03,1962,1.89,0.17,168900,200700,242800,73900,506,601,710,204,652,28.3,24.6,11.1,50,0,15.92,52.93,48.77,88.58,92.42,7.2,6041.2,2.84,0,2
44.38,57.12,67.07,72.03,4.51,5.81,6.82,7.33,88.43,1.68,3.03,1.88,2.3,2.58,2.09,48.46,3.43,54.08,2,564,96.74,43.22,2.66,12.41,1967,2.45,0.6,56000,71000,94000,38000,268,334,410,142,385,31.1,20.8,12.2,11,3,10.17,37.61,29.99,50.09,74.88,13.4,3343.1,1.56,0,1
16.94,24.69,28.82,42.94,4.07,5.93,6.92,10.31,47.83,10.35,16.63,13.29,3.33,3.45,3.11,67.13,18.9,53.56,2,161,96.66,64.86,0.62,14.29,1958,2.75,0.33,144900,170400,191000,46100,405,578,695,290,629,28.7,23,11.2,0,0,24.01,56.76,59.32,90.86,94.16,9,1728.3,2.65,0,2
11.11,11.11,11.11,13.28,0.76,0.76,0.76,0.91,94.68,0.69,1.89,1.16,2.14,2.48,1.55,73.62,0.49,49.29,3,225,95.41,63.51,0,17.33,1964,0.9,0.12,84300,107300,136500,52200,510,568,625,115,609,26.1,16.3,12.1,0,0,6.84,68.45,58.37,76.63,93.36,2.8,3665.7,0.93,0,1
7.93,15.46,24.9,24.9,0.19,0.38,0.6,0.6,93.57,1.06,6.36,5.08,2.96,3.06,2.54,84.44,2.32,32.29,3,757,92.79,81.86,4.89,64.33,1977,2.16,0.39,80000,100700,125600,45600,345,454,574,229,553,29.3,23.8,17,114,0,2.43,52.55,53.73,74.05,88.27,59.8,503.3,6.02,0,1
8.74,15.32,19.4,27.88,0.53,0.92,1.17,1.68,79.92,3.36,3.85,2.65,2.51,2.65,2.3,63.9,2.39,52.47,2,1586,93.61,60.55,1.64,31.9,1957,4.01,0.6,126500,146300,171100,44600,310,453,562,252,533,26.7,23.8,13.9,29,6,6.02,66.69,56.52,85.54,91.33,24.6,2417.9,0.75,4.27,1
11.43,18.16,25.88,35.26,2.89,4.6,6.55,8.92,72.69,4.65,4.22,1.73,1.88,2.33,1.71,34.14,5.38,81.69,2,2893,93.94,27.51,6.64,40.41,1958,1.36,0.44,393600,500001,500001,106401,381,498,648,267,532,22.2,25.5,11.3,318,368,25.3,33.13,52.78,84.79,88.29,8.6,10143,5.41,3.73,2
8.74,10.47,19.06,24.84,0.55,0.66,1.2,1.56,93.85,0.38,2.85,2.31,2.76,2.89,2.17,85.75,0.44,24.71,3,265,96.76,81.9,1.13,47.92,1969,0.03,0.16,183800,233400,293000,109200,525,665,838,313,758,25.6,20.8,12.4,0,0,6.29,41.97,61.32,82.25,86.51,35.1,627.4,2.73,0,1
7.09,12.56,16.21,17.53,0.34,0.6,0.77,0.84,64.17,1.33,2.93,2.04,2.49,2.73,2.27,53.41,1.46,50.02,2,1095,87.9,48.76,2.28,61.19,1942,4.98,0.45,85100,109800,142900,57800,306,402,474,168,456,25.8,24.5,12.2,0,0,4.77,77.56,56.28,84.49,90.74,31.1,666.1,1.32,0,1
3.76,3.76,3.76,21.13,0.07,0.07,0.07,0.41,95.72,0.23,3.59,2.53,2.56,2.85,2.04,71.53,0.93,40.21,3,156,96.41,64.31,0.64,32.05,1961,0.88,0.18,66500,82200,99100,32600,337,431,509,172,485,24.6,23.2,14.3,0,0,1.94,74.54,53.16,79.32,90.53,6,1832.3,0.1,0,1
13.29,17.5,25.46,32.38,0.98,1.29,1.87,2.38,90,1.11,3.99,3.04,2.67,2.7,2.63,67.42,2.79,38.6,3,2945,88.79,66.83,1.32,22.21,1983,2.71,0.17,54600,67500,86300,31700,369,423,485,116,510,24.8,22.2,11.1,0,0,7.36,23.9,31.24,60.18,68.13,65.9,950.2,0.15,0,2
16.53,26.76,34.87,38.74,0.85,1.37,1.78,1.98,93.01,1.33,4,2.87,2.62,2.83,2.33,63.02,2.85,42.2,3,1273,95.28,58.35,1.81,18.22,1974,2.58,0.15,59000,71100,89200,30200,327,386,467,140,446,26.1,20.6,14.1,22,0,5.11,51.99,44.93,76.07,87.28,22.9,2984.9,5.73,0,1
7.91,10.57,13.19,18.12,0.18,0.24,0.31,0.42,92.32,1.18,5.85,3.81,2.47,2.63,2.27,60.21,2.13,44.9,3,3293,92.75,56.58,6.8,52.9,1941,5.63,0.51,32800,43300,56200,23400,172,231,293,121,314,26.6,17.6,13.5,223,0,2.32,81.05,57.84,89.57,94,22.8,4772.8,3.82,4.17,2
42.42,53.28,66.3,71.45,2.3,2.89,3.6,3.88,90.16,0.82,15.02,14.01,3.32,3.48,3.22,41.76,11.79,50.49,2,773,96.85,39.91,2.85,36.74,1969,2.4,0.2,54600,74000,107700,53100,229,289,424,195,336,27.5,20.7,12,65,9,5.43,47.34,28.99,52.45,62.09,40,2170.4,2.82,0,1
3.02,3.68,4.26,5.32,0.17,0.21,0.24,0.3,64.38,2.48,2.91,1.93,2.37,2.68,2.09,53.25,1.41,55.33,2,1295,92.43,47.03,4.48,38.38,1946,6.29,0.37,70600,87200,107300,36700,247,329,394,147,361,25.8,20.6,14.3,59,0,5.67,76.62,49.91,84.23,90.9,35.3,1125.5,0.97,0,1
15.88,25.08,34.91,40.46,0.63,0.99,1.38,1.6,92.03,1.57,6.93,4.68,2.6,2.75,2.38,63.34,2.84,46.57,3,4687,93.64,59.9,5.82,39.32,1947,6.65,0.4,41600,58300,77400,35800,273,346,427,154,414,28.3,19,13.8,525,13,3.94,74.5,48.95,82.55,91.55,45.9,4124.7,3.39,18.64,1
0,0,0,16.67,0,0,0,0.07,97.32,0.39,3.45,2.42,2.45,2.52,2.26,74.03,1.05,37.52,3,347,92.67,71.86,1.73,49.86,1948,6.04,0.68,32100,43300,62600,30500,186,243,292,106,330,22.2,16.2,11.8,13,0,0.44,77.65,58.45,85.61,92.78,5.2,2102,0.2,0,1
1.93,5.8,11.61,13.73,0.05,0.14,0.28,0.33,95.67,0.63,3.89,2.95,2.6,2.64,2.29,88.78,1.38,35.52,3,353,95.92,87.29,1.42,37.39,1962,1.76,0,44200,62500,87200,43000,278,365,455,177,460,26.4,16.2,12.5,0,0,2.38,80.4,63.41,88.87,95.59,24.1,903.4,0.2,0,1
33.59,45.08,55.01,63.28,3.85,5.17,6.3,7.25,82.8,0.85,4.2,3.24,2.26,2.42,2.2,30.88,2.68,56.55,2,458,95.45,28.89,0.44,36.03,1939,4.43,0.11,74700,95600,133300,58600,344,444,608,264,493,35.1,22.2,13.8,10,0,11.46,49.54,21.2,38.32,63.28,5.6,5228.9,6,0,1
17.19,23.03,37.78,45.58,0.73,0.97,1.6,1.93,91.9,0.85,3.78,2.97,2.69,2.74,2.65,49.5,4.64,42.37,3,894,92.43,48.65,3.47,19.91,1971,6.79,0.32,51700,66100,86200,34500,240,343,400,160,443,27.1,22.5,13.1,20,0,4.22,34.99,35.75,57.76,61.92,13.5,2229.1,0.16,0,1
3.07,9.9,14.68,17.41,0.08,0.26,0.39,0.46,96.32,0.31,4.63,3.6,2.77,2.89,2.44,76.46,1.74,32.04,3,393,91,73.33,1.27,70.99,1963,1.59,0.48,48400,64000,87900,39500,280,345,404,124,449,23.6,16.9,11.1,0,0,2.63,67.17,60.13,77.82,93.61,11.1,1004.2,0.13,0,1
8.69,13.61,18.65,26.79,1.3,2.04,2.79,4.01,82.15,2.16,2.56,1.8,2.4,2.45,2.23,78.44,2.95,63.74,2,2824,90.44,76.79,0.18,22.27,1981,0.33,0.12,77200,93800,118000,40800,522,608,676,154,685,27,22.1,13.7,0,0,14.96,24.78,41.18,62.37,79.51,33.1,1977.9,0.76,0,1
11.45,16.85,30.24,35.21,0.18,0.27,0.48,0.56,97.2,0.2,3.27,2.6,2.83,3.06,2.14,81.74,0.5,25.34,3,305,96.99,75.8,0.33,15.74,1975,0.95,0.15,80600,106600,141900,61300,309,413,506,197,505,25.5,19.7,11.9,12,0,1.59,68.44,47.14,78.37,88.6,8.5,3417.4,0.69,0,1
2.44,6.1,9.93,12.37,0.08,0.21,0.34,0.42,92.77,0.65,3.55,2.34,2.37,2.57,2.16,54.93,0.95,51.92,2,604,91.65,50.62,2.32,47.02,1939,5.03,1.26,68700,88900,113800,45100,196,294,381,185,363,27.3,19.2,13.6,0,0,3.42,80.36,53.72,84.08,92.56,21.2,793.1,1.84,0,1
16.67,25.04,32.07,41.78,4.01,6.02,7.71,10.05,62.91,8.73,3.55,2.21,2.32,2.62,2.11,46.91,2.72,69.83,2,210,95.69,41.52,0,50.48,1956,1.18,0.76,164800,197000,240400,75600,376,526,620,244,573,22.2,23.6,17,0,0,24.05,61.4,65.09,84.68,92.6,1,10395.5,6.53,0,1
4.78,9.87,22.13,22.13,0.16,0.33,0.74,0.74,94.5,0.6,3.99,3.42,2.89,2.93,2.47,92.66,0.24,15.71,3,219,96.62,91.39,1.37,43.38,1970,0,0.46,107200,144700,207700,100500,339,509,708,369,542,25.6,20.2,12.7,0,0,3.32,66.68,55.38,66.31,87.48,47.8,394.7,1.01,0,1
6.82,6.82,8.71,14.39,0.08,0.08,0.1,0.16,97.22,0.32,3.24,2.04,2.25,2.36,2.11,58.09,0.79,45.4,3,1165,89.81,55.37,4.21,65.84,1939,6.16,0.32,28100,40700,57600,29500,152,211,277,125,274,28.1,18.4,13.5,30,0,1.11,73.45,56.31,88.15,91.15,8.6,2763.5,1.49,0,2
3.92,14.76,16.87,18.67,0.06,0.21,0.24,0.27,96.74,0.46,5.51,5.02,3.35,3.36,3.18,93.8,1.31,16.03,3,249,96.5,93.48,1.61,12.05,1973,0.31,0,75300,87100,98800,23500,498,544,613,115,610,28.3,21.4,11.2,0,0,1.45,72.83,60.94,76.8,93.48,35.2,651.7,1.86,0,1
5.98,24.79,34.19,34.19,0.06,0.23,0.32,0.32,96.65,0.49,7.96,6.12,2.9,2.91,2.87,70.87,5.07,54.63,2,426,90.95,70.58,23.71,36.85,1956,2.41,0.11,37800,44600,53300,15500,260,332,419,159,460,26.9,18.8,11.8,0,0,0.94,76.62,60.99,79.36,94.95,5.1,2435.4,4.04,0,2
9.71,13.68,18.45,27.71,0.48,0.67,0.9,1.36,91.31,0.81,4.43,2.7,2.32,2.55,2.09,54.69,2.2,55.93,2,831,92,49.71,6.62,51.14,1939,5.18,0.61,78200,94700,122500,44300,353,450,542,189,514,28,20.9,14.1,134,0,4.91,79.37,55.04,86.52,93.08,7.6,3021.3,1.58,0,1
17.53,26.73,35.56,47.16,1.3,1.98,2.64,3.5,83.12,3,5.49,2.87,2.17,2.36,1.98,53.63,4.23,62.59,2,28684,88.03,49.19,6.41,35.32,1957,5.49,0.35,61300,79000,102300,41000,256,339,445,189,386,26.2,22.4,13.2,1169,100,7.42,45.28,46.26,74.78,86.57,158.8,2944.6,8.19,3.95,2
15.89,19.07,23.08,34.76,3.04,3.65,4.42,6.65,57.1,9.62,15.72,12.66,3.27,3.11,3.65,67.06,17.23,46.5,3,232,92.96,70.47,8.19,62.07,1954,8.61,0.15,28100,35100,43200,15100,234,283,336,102,408,23.3,16.8,12.3,0,0,19.13,60.75,52.7,89.44,93.97,5.2,1941.4,0.9,0,1
30.59,35.2,39.8,42.43,0.91,1.05,1.19,1.27,94.24,0.63,4.82,3.7,2.82,3.04,2.16,80.67,1.39,35.49,3,171,95.29,74.73,3.51,64.91,1957,0,0,102700,123500,150900,48200,313,467,572,259,527,23.9,21.7,12.5,0,0,2.98,82.88,64.02,90.75,93.73,24.2,421,1.1,0,1
6.64,10.07,22.43,32.38,0.14,0.22,0.49,0.7,95.14,0.52,4.37,3.63,2.96,2.95,2.99,73.81,3.24,21.45,3,1257,91.52,74.09,4.06,46.3,1974,3.81,0.27,40400,51200,64400,24000,253,353,424,171,465,24.7,20.1,12.3,0,0,2.17,61.97,47.81,67.72,90.9,22.3,1810.6,0.11,0,1
12.97,21.36,33.04,41.02,2.23,3.68,5.69,7.07,77.04,3.41,4.78,2.91,2.36,2.46,2.28,48.16,6.39,63.06,2,1442,95.28,46.28,0.69,17.41,1955,1.41,0.41,209800,267600,356200,146400,517,632,747,230,676,27,26.1,11.3,35,0,17.23,41.47,40.05,64.3,77.54,11.1,6865.9,14.46,0,2
8.72,8.72,13.42,21.48,0.09,0.09,0.14,0.23,96.46,0.3,3.28,2.19,2.42,2.66,2.02,69.42,1.1,41.74,3,246,95.9,63.28,0,31.71,1947,1.69,0.43,39700,49800,65300,25600,236,304,378,142,387,23.5,20.8,15.1,5,0,1.05,85.26,54.6,84.95,94.4,4.9,2880.2,0.15,0,1
10.59,19.01,25.33,31.77,0.63,1.13,1.51,1.9,89.75,1.41,3.69,2.73,2.63,2.81,2.15,77,1.36,42.84,3,769,95.17,71.93,1.3,33.16,1959,1.01,0.23,141100,169100,207900,66800,392,522,619,227,617,24.9,22.6,13.9,17,3,5.97,69.23,61.42,90.67,93.96,40.4,1009.8,0.47,0,1
15.93,24.09,30.57,34.07,0.31,0.47,0.59,0.66,96.27,0.44,3.18,2.3,2.56,2.8,2.11,70.2,0.77,47.1,3,992,93.91,63.97,0,19.15,1976,1.22,0.01,70100,86300,105200,35100,380,438,511,131,509,21.9,18.3,11.6,0,0,1.94,64.93,43.62,66.7,86.2,21.6,1840.1,0.54,0,1
14.9,23.42,34.17,37.93,3.91,6.15,8.98,9.96,67.45,4.65,4.03,2.99,2.53,2.64,2.34,66.88,5.26,41.1,3,225,97.24,64.12,0.44,20.44,1957,0.38,0.11,323900,410200,500001,176101,629,770,982,353,838,31.6,23.4,11.3,0,0,26.27,51.44,59.1,79.96,90.48,3.3,6133.4,5.08,0,1
6.05,12.03,19.21,24.89,0.15,0.31,0.49,0.63,95.06,0.32,4.28,3.22,2.67,2.71,2.63,58.07,4.32,43.52,3,2783,87.24,57.38,18.29,42.15,1968,5.77,0.58,43400,58400,78100,34700,214,293,385,171,376,26.6,20.1,12,13,1,2.54,50.5,45.07,66.56,80.74,39.4,1338.2,0.28,5.08,2
0.89,0.89,0.89,0.89,0.01,0.01,0.01,0.01,96.57,0.07,4.07,2.42,2.28,2.52,1.99,61.09,2.33,57.43,2,286,94.78,55.38,2.8,30.42,1953,6.43,0.77,29900,41400,56900,27000,200,274,372,172,323,29.6,16.7,12.2,0,1,0.91,77.75,47.17,78.03,92.1,7.1,1732.1,0.58,0,1
12.04,18.43,25.52,39.52,0.5,0.76,1.06,1.64,78.43,4.83,8.4,5.04,2.49,2.54,2.44,48.17,5.3,50.02,2,1279,94.31,47.2,5.47,36.28,1939,7.75,0.75,45800,59200,73400,27600,252,329,403,151,390,27.5,20.1,12.5,348,0,4.14,70.3,45.03,82.26,88.01,7.6,7270.3,5.48,0,2
14.83,17.03,25.08,36.12,0.13,0.15,0.23,0.32,88.49,0.98,6.25,4.32,2.57,2.67,2.44,60.55,4.64,46.17,3,3029,89.85,58.4,6.17,51.17,1961,6.39,0.63,36300,52200,75100,38800,148,254,340,192,339,27.3,18.5,13.1,15,6,0.9,80.8,55.31,87.04,93.12,33.2,2123.3,0.93,6.98,2
6.43,14.59,17.31,21.51,0.43,0.98,1.16,1.44,91.93,1.22,3.26,2.37,2.59,2.73,2.19,78.05,0.96,41.46,3,214,95.56,74,1.4,18.22,1970,0.59,0.19,143100,167800,206400,63300,448,624,745,297,721,22.4,24.2,16.3,0,0,6.7,67.41,55.14,81.86,89.64,12.9,935.8,3.31,0,1
0,24.77,40.99,40.99,0,0.43,0.71,0.71,95.42,0.49,2.14,1.57,2.42,2.61,1.85,81.38,0.31,33.47,3,183,96.16,75.64,1.64,57.38,1964,1.4,0.5,44900,59700,82200,37300,200,270,327,127,354,23.3,18.6,12.4,23,0,1.75,89.08,63.21,81.87,95.98,20.2,631.1,0.86,0,1
22.29,33.32,48.3,55.35,6.15,9.2,13.33,15.27,67.33,6.21,4.91,3.53,2.6,2.83,2.23,67.04,6.06,48.6,3,1131,94.19,61.57,2.92,24.14,1957,0.42,0.36,316400,440800,500001,183601,538,657,857,319,716,28.7,24,11.3,0,2,27.6,41.82,52.33,82.72,86.27,11.3,4284.1,1.76,0,1
6.43,9.9,14.77,17.42,0.48,0.74,1.11,1.31,92.25,0.48,6.61,5.07,2.85,2.98,2.25,86.19,0.48,21.22,3,254,97.18,82.51,1.18,35.83,1939,0.11,0.2,179000,219600,284300,105300,372,612,825,453,763,26.8,22.7,13.3,0,0,7.5,78.53,69.44,81.09,94.86,13.5,1904.3,10.43,0,1
22.15,32.91,32.91,42.09,0.19,0.28,0.28,0.36,96.42,0.67,4.55,3.08,2.44,2.51,2.38,50.64,3.8,50.85,2,922,94.01,49.32,7.81,34.06,1968,9.5,0.31,45800,64500,89700,43900,150,222,294,144,333,28.1,20.7,14.5,30,0,0.86,82.71,46.94,83.41,92.29,19.2,1925.8,0.87,0,2
11.26,15.69,21.89,30.21,1.23,1.71,2.39,3.3,85.65,2.28,3.36,2.74,2.73,2.83,2.34,83.18,1.35,22.78,3,413,96.39,80.39,0.73,22.52,1956,0.69,0.14,180400,257000,402300,221900,444,629,927,483,696,25.6,21.4,12.6,0,0,10.92,64.54,63.01,74.92,89.74,12.5,2449.9,11.56,0,1
20.84,34.09,44.16,52.92,6.47,10.59,13.71,16.44,38.92,21.27,18.06,14,3.35,3.25,3.45,47.52,29.63,64.35,2,2281,82.49,49.04,6.53,13.9,1975,7.05,0.94,68000,83600,101900,33900,309,436,527,218,495,28.7,23.1,11.8,21,7,31.05,45.7,42.86,74.85,85.82,17.6,2084.8,1.14,0,2
34.83,40.55,47.26,54.27,1.14,1.33,1.54,1.77,94.65,0.86,3.82,2.43,2.45,2.58,2.35,47.83,2.12,46.93,3,940,94.34,45.5,1.28,21.91,1972,5.17,0.43,89000,113400,143200,54200,395,517,597,202,582,25.5,22.1,13,43,7,3.27,53.06,38.81,67.42,77.92,18.8,2130.4,2.28,0,2
16.25,24.05,29.96,32.78,1.69,2.5,3.12,3.41,89.85,0.98,2.82,2.17,2.59,2.74,2.05,83.1,0.9,22.64,3,314,96.23,78.66,0.32,27.71,1964,0.2,0.59,237800,335900,485700,247900,471,571,751,280,607,26.2,20.2,11.2,0,0,10.41,39.48,55.15,78.95,82.66,6.6,3148.2,6.42,0,1
13.91,20.47,33.6,33.6,0.28,0.42,0.69,0.69,95.31,0.89,6.38,4.9,2.84,3.12,2.31,72.09,1.34,27.82,3,357,94.83,65.67,0.28,59.66,1969,0.86,0.2,55200,66000,79700,24500,402,469,546,144,550,24.3,19.2,10.9,0,0,2.05,63.49,55.61,82.89,90.25,6.6,2834.7,3.79,0,1
45.88,61.69,68.59,76.9,3.59,4.83,5.37,6.02,87.54,1.81,11.26,8.77,2.87,3.09,2.7,46.51,8.88,55.01,2,406,96.45,43.24,0.25,29.06,1965,5.11,0.15,52800,67900,88600,35800,215,267,334,119,328,25.2,19.9,11.6,4,0,7.82,56.94,33.84,56.86,73.3,14.6,2238.5,0.92,0,1
4.54,9.72,15.13,22.76,0.32,0.68,1.05,1.58,88.67,1.29,6.48,4.64,2.67,2.99,1.98,76.46,1.96,38.9,3,330,96.53,68.27,0.91,34.85,1942,0.41,0.15,221600,278900,362800,141200,396,565,717,321,591,24.6,22.2,15,11,1,6.95,83.01,73.38,91.42,97.47,3.4,7276.1,21.8,0,1
33.65,45.12,52.99,67.01,1.13,1.51,1.78,2.25,94.37,0.96,3.83,2.38,2.46,2.67,2.24,55.78,2.85,53.51,2,468,95.99,51.45,1.71,33.33,1960,2.01,0.45,49200,62100,74900,25700,268,348,437,169,385,29.9,18.2,11.9,82,3,3.35,73.26,35.35,55.95,88.12,11.7,2685.8,2.43,0,1
12.97,21.49,31.06,39.27,0.53,0.88,1.27,1.6,93.02,0.79,3.94,2.83,2.59,2.69,2.49,51.93,3.58,47.5,3,5776,91.72,50.03,3.83,33.24,1969,7.26,0.31,68000,85200,103800,35800,282,368,454,172,439,26.2,22.7,13,96,39,4.08,46.43,41.39,62.84,75.27,70.8,2401.8,2.9,7.98,2
0,44.9,44.9,44.9,0,0.15,0.15,0.15,97.77,0.33,3.97,2.87,2.55,2.62,2.41,66.77,3.67,43.01,3,425,93.11,64.84,2.35,32.71,1966,9.17,0.84,33300,47900,71400,38100,111,174,245,134,263,21.4,16.6,12.7,0,0,0.33,87.64,58.85,87.2,94.33,40.2,370.6,0.25,0,1
5.5,8.34,11.64,15.4,0.42,0.64,0.89,1.18,89.52,0.88,3.71,2.92,2.73,2.87,2.1,86.09,0.64,24.49,3,233,97.23,81.91,0.86,42.49,1946,0.58,0.73,174100,201000,244200,70100,535,694,862,327,770,26.4,23,13.6,0,0,7.63,66.96,70.01,86.05,92.79,5,4533.9,8.46,0,1
19.34,28.31,34.61,48.63,2.7,3.96,4.84,6.8,75.33,7.18,10.1,7.35,2.72,2.48,3.18,59.68,12,63.09,2,847,89.77,65.46,3.07,29.04,1968,6.94,0.36,66700,90300,127400,60700,301,396,484,183,471,30.2,23.8,12.7,36,0,13.98,44.76,41.35,68.15,90.3,19.1,1077,0.44,0,2
12.31,16.8,25.65,36.89,2.06,2.81,4.29,6.17,64.45,7.84,9.73,7.42,2.94,2.86,3.06,58.45,13.14,40.59,3,298,94.12,60.12,0.34,18.46,1969,6.2,0.28,84200,113500,151600,67400,256,331,405,149,410,28.9,22.6,12.8,17,0,16.73,59.19,51.15,76.42,92.99,7.2,2007.6,0,0,2
0,0,0,0,0,0,0,0,97.56,0.34,2.32,1.56,2.34,2.43,2.21,60.56,1.38,45.3,3,382,92.92,58.29,1.05,41.1,1963,10.61,0.56,30100,43400,64500,34400,124,202,260,136,255,24.3,17.1,12.1,0,0,0.28,87.9,51.99,87.78,95.53,10.9,1131.9,0.18,0,1
31.97,36.73,40.82,49.66,0.4,0.46,0.52,0.63,95.65,0.7,6.54,4.51,2.52,2.6,2.43,53.84,4.98,51.04,2,356,92.32,52.18,1.4,38.48,1969,12.68,0.37,31400,44000,66900,35500,122,205,294,172,311,31.7,19.6,15,0,0,1.26,76.82,51.69,82.1,88.52,7.8,1493.5,0.39,0,2
18.83,34.81,52.92,61.48,1.23,2.28,3.47,4.03,73.37,3.83,6.72,4.37,2.49,2.59,2.35,59.55,6.34,54.01,2,459,89.27,57.2,1.96,47.93,1961,16.74,0.68,27300,39800,61600,34300,169,218,276,107,268,28.5,19.1,12.9,0,0,6.56,49.09,41.52,64.66,82.22,5.2,2066.9,0,0,1
2.84,5.03,7.88,7.88,0.06,0.1,0.16,0.16,96.26,0.44,6.9,5.39,2.9,3.05,2.62,67.89,4.16,39.31,3,379,95.39,64.5,7.12,37.47,1964,4.36,0.5,40300,49200,62000,21700,233,359,426,193,420,23.4,15.6,14.4,97,2,2,73.61,59.29,90.73,95.1,37.2,615.4,0.14,0,1
8.5,17.17,20.17,27.83,0.79,1.6,1.87,2.59,88.27,1.17,3.67,2.7,2.65,2.79,2.32,73.87,2.66,38.88,3,379,96.05,70.13,1.06,13.98,1978,1.38,0.26,156300,202500,248800,92500,473,599,778,305,672,27.8,26.2,11.3,0,0,9.29,53,41.99,63.73,88.06,13.2,1844.6,3.11,0,1
2.95,7.45,9.85,10.69,0.1,0.26,0.34,0.37,94.73,0.41,4.46,3.65,2.96,3.16,2.05,87.02,0.55,20.19,3,268,96.23,81.31,1.49,42.91,1974,0.47,0,154800,198000,261800,107000,538,655,1001,463,804,26.6,23.1,13.2,0,0,3.46,47.1,61.42,79.86,89.29,40.7,503.9,2.02,0,1
10.55,19.06,25.67,42.52,0.45,0.81,1.1,1.82,88.53,1.41,5.93,4.26,2.59,2.52,2.74,63.79,5.62,46.83,3,812,87.02,65.69,5.67,57.27,1962,15.77,0.64,21900,36600,55600,33700,165,229,310,145,329,26.3,21.1,14.2,0,0,4.28,72.05,49.07,79.16,93.38,21.1,705.5,0.69,0,2
19.06,28.82,43.59,57.86,8.94,13.52,20.45,27.14,36.23,17.72,11.37,7.87,2.83,2.94,2.76,42.08,21.45,73.24,2,1365,95.39,40.59,2.93,20.29,1955,2.02,0.51,178200,231000,286900,108700,483,587,702,219,636,28.4,25.4,11.4,53,1,46.91,36.62,41.72,79.52,83.52,7.9,10393.2,5.99,0,1
8.26,23.36,34.47,37.04,0.08,0.23,0.33,0.36,97.05,0.29,3.26,2.25,2.41,2.52,2.26,61.93,1.91,54.08,2,902,94.22,59.32,1.33,35.59,1955,8.35,0.23,34900,48100,65900,31000,176,268,359,183,348,25.4,17.1,12.6,16,0,0.97,61.42,53.72,80,89.5,13.8,2625.2,1.2,0,2
13.74,20.49,31.28,33.17,0.5,0.75,1.15,1.21,94.05,0.75,4.75,2.82,2.33,2.39,2.27,49.08,3.16,50.26,2,1191,92.19,47.76,14.95,24.77,1965,4.62,0.22,99400,138500,193300,93900,368,533,672,304,602,27.1,21,13.3,10,2,3.66,56.32,47.02,78.1,83.77,6.6,5063.6,5.05,0,2
29.3,38.54,43.63,43.63,0.9,1.19,1.35,1.35,94.11,0.86,4.53,2.49,2.43,2.64,2.31,39.76,4.83,58.96,2,156,95.53,36.6,2.56,25,1961,0.87,0,45800,60300,76300,30500,212,317,429,217,360,31,18.3,11.9,14,0,3.09,74.36,31.75,43.86,92.55,4,2566.9,0.37,0,1
22.64,33.96,43.4,43.4,0.12,0.17,0.22,0.22,97.43,0.54,4.51,3.02,2.4,2.37,2.45,55.34,4.25,62.46,2,295,93.45,56.17,2.03,34.24,1958,15.46,0.16,29700,42800,62700,33000,141,212,279,138,309,27.2,19.8,14.7,0,0,0.51,79.61,56.9,77.81,92.14,5.2,2003.5,0,0,2
11.51,17.12,20.79,27.49,1.53,2.28,2.76,3.66,83.99,1.23,3.16,2.48,2.68,2.85,1.92,86.96,0.54,20.15,3,199,97.2,81.76,1.51,37.69,1947,0.17,0.24,264600,382300,500001,235401,639,792,979,340,849,27.1,19.8,12.8,9,0,13.3,44.14,66.9,80.27,85.71,9.7,1915.8,17.53,0,1
4.6,7.92,10.53,14.24,0.19,0.33,0.44,0.6,93.52,0.67,3.67,2.57,2.52,2.73,1.91,80.58,1.06,44.43,3,1704,95.15,74.41,2.23,36.85,1958,0.95,0.3,96900,116600,142700,45800,324,511,629,305,570,27.3,22.7,14.1,0,0,4.23,75.27,65.58,82.04,93.2,36.8,2322.5,1.76,3.57,1
9,18.2,22.59,24.69,0.43,0.86,1.07,1.17,94.15,0.45,5.3,4.19,2.96,3.16,2.37,79.72,0.95,31.5,3,120,96.58,74.68,0,25.83,1973,1.15,0.17,138600,166700,208700,70100,394,551,695,301,664,25.4,23.4,12.4,0,0,4.73,66.48,55.6,84.31,89.81,23.4,432.1,0.59,0,1
11.88,19.37,29.26,36.89,1.66,2.71,4.09,5.16,81.48,2.02,4.34,3.59,2.92,3.03,2.31,87.6,1.48,32.03,3,474,96.92,84.3,1.05,36.92,1968,0.23,0.41,147700,190400,242200,94500,604,684,872,268,731,25.9,22.5,14.1,7,0,13.99,46.97,62.42,78.8,85.19,22.8,1910.5,10,2.2,1
15.55,27.51,44.68,69.27,0.64,1.14,1.85,2.86,93.79,1.44,4.12,2.77,2.41,2.58,2.18,63.19,3.37,53.52,2,3408,89.69,59.16,1.2,33.66,1964,10.03,0.4,35700,50600,74000,38300,190,246,314,124,315,23.8,17.3,12.6,19,5,4.13,58.02,48.19,75.69,83.69,48.4,1504,0.06,0,2
23.72,33.9,45.38,55.29,4.73,6.77,9.05,11.03,74.42,6.36,8.4,4.46,2.37,2.64,2.25,34.36,6.88,68.27,2,22399,91.07,30.88,6.94,38.17,1939,3.36,0.85,131300,161400,193400,62100,326,546,735,409,625,28.4,22.6,14.1,2245,218,19.95,51.26,47.82,71.68,79.69,50.2,11447.7,32.2,3.51,2
2.6,4.34,8.53,11.56,0.09,0.14,0.28,0.38,92.78,1.07,3.42,2.44,2.52,2.8,2.09,67.76,1.69,44.8,3,207,97.54,61.14,0.48,44.44,1955,1.93,0.61,56800,67600,81900,25100,293,375,457,164,437,22.9,18.7,13.8,0,0,3.3,82.47,61.91,91.36,95.41,5,4233.9,2.78,0,1
9.42,16.89,22.09,24.62,0.64,1.15,1.51,1.68,90.63,0.68,2.89,2.19,2.62,2.75,2.15,82.57,0.6,31.23,3,395,96.39,78.69,0.76,47.09,1968,0.36,0.05,179900,227600,289000,109100,409,650,792,383,698,24.4,22.2,13.5,0,0,6.81,56.16,58.73,83.46,88.9,53.2,524.3,2.49,0,1
18.92,30.65,49.35,62.47,1.48,2.4,3.86,4.89,85.66,3.43,7.92,5.29,2.56,2.81,2.4,44.3,7.67,67.16,2,342,93.12,40.5,3.8,16.96,1969,7.58,0.86,46700,58300,71300,24600,252,286,336,84,347,23.4,21.9,12.8,0,4,7.82,66.99,41.09,79.34,86.86,3.6,3346.3,3.72,0,1
44.71,54.9,67.53,71.47,3.03,3.73,4.58,4.85,90.97,1.31,2.29,1.47,2.19,2.39,2.09,37.28,2.85,65.7,2,1042,95.27,34.2,1.15,22.17,1967,3.7,0.25,52900,76300,107600,54700,268,348,438,170,403,34.9,18.1,11.7,61,0,6.79,52.83,23.52,42.67,71.02,15.7,3871.8,3.45,0,2
27.99,38.3,50.1,60.95,6.45,8.82,11.54,14.04,72.62,7.18,5.63,2.97,2.23,2.26,2.21,38.26,8.6,70.35,2,1497,95.25,37.75,0.8,9.89,1966,1.05,0.19,270600,347000,439700,169100,593,715,897,304,760,26,25.1,11.7,112,5,23.03,36.79,35.18,60.58,78.07,12.5,5410.7,4.19,0,1
12.18,20.43,33.2,34.97,0.34,0.57,0.92,0.97,94.74,0.61,4.02,3.44,3.11,3.11,3.09,74.91,3.38,11.13,3,277,95.51,74.76,2.53,35.02,1981,1.93,0.13,68500,85100,99300,30800,450,510,564,114,643,24.4,23.8,14,0,0,2.78,46.03,37.73,57.58,83.89,19.7,930.3,0.84,0,1
35.2,47.14,57.09,66.02,2.01,2.69,3.26,3.76,91.47,1.04,2.98,1.9,2.3,2.6,2.04,52.94,2.98,54.57,2,2686,96.64,46.96,0.97,21.78,1962,1.74,0.43,61500,75200,97200,35700,338,430,530,192,472,28.3,20.7,13.2,209,5,5.7,63.1,38.27,68.18,82.66,59.8,3196.2,7.74,6.98,1
33.22,51.32,66.43,75.57,1.72,2.66,3.45,3.92,90.49,3.27,6.24,4.23,2.47,2.44,2.52,58.22,6.88,50.32,2,604,87.4,58.94,3.64,40.89,1970,14.51,0.96,30200,47000,72000,41800,177,245,324,147,329,25.6,19.5,16.5,0,0,5.19,76.8,45.79,71.11,91.32,14.3,768.4,0,0,2
2.89,3.68,6.15,9.76,0.11,0.15,0.24,0.39,92.33,0.68,4.37,3.12,2.57,2.68,2.16,81.89,2.18,41.67,3,506,96.98,78.45,1.19,23.52,1953,1.94,0.2,36800,44500,54800,18000,302,370,430,128,432,23.8,16.3,13.8,0,0,3.97,74.22,64.78,93.89,96.19,6.1,6903,1.21,0,1
4.43,10.26,27.51,33.57,0.17,0.39,1.05,1.28,85.52,0.92,3.84,2.74,2.56,2.72,2.35,61.79,1.9,56.03,2,345,92.69,58.28,1.74,21.74,1962,5.12,0.61,89700,109600,130500,40800,324,454,539,215,510,25.6,24.6,14.9,17,0,3.81,57.96,46.85,73.9,82.01,10.1,1110.1,1.13,0,1
41.81,55.43,68.82,74.51,2.99,3.96,4.92,5.33,90.45,0.83,6.11,3.29,2.38,2.68,2.23,37.88,6.96,67.94,2,770,91.74,33.69,7.53,31.3,1954,4.9,0.59,46300,65900,88800,42500,290,374,493,203,402,30.5,19.5,13.9,74,0,7.15,64.38,32.43,53.88,85.21,4.5,5501.8,3.53,0,1
6.5,9,9,9,0.19,0.27,0.27,0.27,94.5,0.57,8.47,6.57,2.97,3.07,2.55,83.61,3.45,28.87,3,382,92.06,80.92,0.26,69.11,1968,2.35,0.17,56400,68200,83900,27500,419,503,573,154,588,27.6,21.6,12.7,0,0,3,70.82,54.95,92.8,94.7,3.5,3814.1,13.96,0,1
5.71,7.63,10.04,13.44,0.38,0.51,0.66,0.89,92.77,0.8,5.92,4.49,2.76,2.96,2.11,82.16,1.02,34.38,3,275,97.74,76.68,2.55,34.18,1952,0.32,0.06,142800,168700,207700,64900,398,577,734,336,647,26,18.5,13,0,2,6.62,83.54,73.34,89.3,96.85,14.4,2351.7,7.87,0,1
0,0,0,0,0,0,0,0,97.37,0.08,2.94,2.1,2.45,2.56,2.17,76.18,0.72,38.44,3,197,95.74,73.07,2.03,34.52,1949,4.66,0.41,42100,56000,73200,31100,217,270,351,134,332,23.5,18,11.5,0,0,1.78,84.69,60.16,89.8,95.45,4.9,2301.7,0.3,0,1
19.41,36.98,52.16,82.9,1.23,2.35,3.31,5.26,90.27,2.55,7.51,4.58,2.52,2.49,2.53,21.97,8.75,73.88,2,2012,80.03,22.24,3.03,27.53,1968,9.51,0.42,52800,72800,91300,38500,342,398,447,105,478,26.9,23.8,12.8,0,4,6.41,59.7,33.88,65.55,78.39,10,2035.9,17.9,0,2
15.67,25.69,35.29,48.06,5.78,9.48,13.02,17.74,43.38,17.17,8.86,6.14,2.76,3.17,2.57,36.4,11.54,68.25,2,2214,94.64,31.7,4.74,34.87,1946,8.53,1.08,107800,145400,173900,66100,351,456,553,202,520,26.2,25.3,14.6,61,43,36.9,43.19,55.21,80.06,86.54,12.8,8617.3,10.61,7.43,2
0,0,7.56,7.56,0,0,0.07,0.07,98.21,0.07,3.78,2.96,2.78,2.87,2.67,57.62,2.73,39.72,3,476,91.04,55.85,1.47,30.04,1977,7.96,0.6,59000,71600,90200,31200,277,359,422,145,450,23.9,20.8,11.7,0,0,0.87,59.59,36.34,67.76,83.77,19.1,716.2,0.11,0,1
16.59,20.69,29.9,35.64,0.62,0.77,1.11,1.32,92,0.6,3.55,2.75,2.7,2.78,2.59,56.39,3.69,41.78,3,2200,92.04,54.66,2.41,25.23,1972,5.6,0.31,46900,59000,73400,26500,231,302,378,147,377,24.4,21.4,11.7,0,0,3.71,36.67,35.59,55.42,60.06,75.7,997.3,1.59,0,2
0,0,0,0,0,0,0,0,98.12,0.23,6.36,5.72,3.43,3.45,2.69,97.24,1.66,12.71,3,54,98.53,96.49,1.85,40.74,1977,0.14,0.57,75100,87200,99400,24300,378,502,578,200,575,24.8,21.1,10.6,0,0,1.26,82.73,62.52,79.3,96.25,29.8,416.1,1.69,0,1
16.58,28.56,40.54,53,4.16,7.17,10.17,13.3,50.16,14.47,14.25,10.68,3.14,3.36,3.03,36,14.33,65.12,2,2192,95.25,33.62,5.75,38.05,1948,11.33,1.17,100100,138700,170300,70200,324,444,554,230,524,28.4,24.2,18.1,252,94,25.09,46.96,54.62,86.17,89.55,8.7,16110.7,10.55,10.23,2
10.17,15.5,23.06,28.68,0.38,0.58,0.86,1.07,92.41,0.78,4.32,2.91,2.48,2.65,2.28,57.61,2.68,45.87,3,585,94.42,53.88,2.05,31.97,1968,3.61,0.31,70900,88700,113700,42800,292,393,478,186,470,24.6,19.5,11.6,22,3,3.75,37.69,40.15,68.55,71.92,22.1,1251.2,0.62,0,2
6.19,15.93,21.24,30.09,0.04,0.1,0.13,0.18,97.37,0.12,2.86,2.09,2.7,2.99,2.17,71.85,1.85,43.35,3,227,96.75,64.98,0.44,14.1,1973,0.87,0,61500,70200,85200,23700,302,362,412,110,430,22.8,19.2,12.4,0,0,0.61,76.88,42.6,71.77,91.76,13.6,1356.3,0.24,0,1
12.99,14.29,29.5,36.36,0.62,0.69,1.42,1.75,93.45,0.67,3.8,2.37,2.35,2.53,2.12,59.62,1.63,53.9,2,726,86.68,55.33,0.55,47.11,1967,1.74,0.51,89600,110900,133500,43900,468,531,595,127,572,27.2,23.5,16,0,0,4.81,54.83,51.97,77.67,91.28,4.2,2685.8,2.89,0,1
4.54,7.41,11.12,18.31,0.49,0.81,1.21,1.99,88.37,0.79,2.44,1.95,2.63,2.68,2.18,92.9,0.33,12.05,3,170,97.37,91.4,1.18,31.18,1957,0,0,340100,432200,500001,159901,491,946,1001,510,1001,30.1,23.2,11.2,0,0,10.86,51.66,64.99,76.69,92.21,13,1275.8,11.77,0,1
56.25,56.25,67.19,67.19,0.35,0.35,0.41,0.41,98.11,0.51,4.35,2.98,2.4,2.38,2.42,65.35,2.27,44.32,3,383,91.87,65.74,2.35,45.69,1954,8.74,0.47,32000,42600,64000,32000,99,172,233,134,264,27.7,17.4,13.1,8,0,0.62,76.94,63.41,87.43,94.41,6.8,1526.5,0.17,0,1
15.23,24.35,34.39,45.18,2.51,4.01,5.67,7.45,69.88,6.43,11.8,9.6,3.3,3.37,3.17,65.6,13.4,42.51,3,2998,89.8,64.19,1.9,14.14,1983,5.61,0.25,108700,134600,158500,49800,433,519,597,164,577,30.3,27.7,12,10,25,16.48,56.78,31.61,56.62,90.53,36.9,2372,0.6,0,2
15.57,33.53,46.68,55.66,3.49,7.51,10.46,12.47,48.56,13.84,17.29,13.18,3.22,3.09,3.38,52.9,21.32,51.76,2,138,96.14,55.12,6.52,46.38,1963,10.73,1.17,34200,45500,61000,26800,189,249,299,110,300,24.3,17.7,12.9,0,2,22.4,46.35,49.38,85.79,89.29,3.7,3030.7,0.19,0,2
9.38,25.78,36.72,36.72,0.11,0.29,0.42,0.42,96.75,0.66,19.59,16.31,3.45,3.58,3.09,76.49,5.84,29.71,3,108,96.79,73.76,5.56,49.07,1963,3.47,0.12,47700,58700,73400,25700,219,268,331,112,358,20.4,21.8,11.8,0,0,1.14,83.53,60.85,89.29,94.23,7.9,1432.6,0.9,0,1
22.53,33.79,38.42,47.68,1.05,1.58,1.8,2.23,93.47,1.16,3.32,2.19,2.41,2.63,2.16,58.79,2.31,63.7,2,616,91.29,53.91,2.27,12.99,1971,2.23,0.5,53500,68900,85900,32400,399,516,618,219,562,23.2,19.2,12.8,0,0,4.68,71.26,39.73,74.27,90.6,17.2,992.3,0.31,0,1
0,10.61,26.52,32.58,0,0.13,0.33,0.41,97.66,0.17,6.03,4.32,2.62,2.63,2.6,61.89,6.51,39.56,3,410,90.31,61.67,0.49,41.46,1971,16.75,0.71,34000,47300,72400,38400,100,188,258,158,276,26.2,19.2,15.2,0,0,1.26,82,52,80.72,91.45,12,873.5,0,0,2
0,1.69,12.5,12.5,0,0.04,0.27,0.27,96.71,0.56,3.64,2.86,2.77,2.94,2.25,79.96,0.91,36.33,3,169,96.69,75.36,0,29.59,1975,0.12,0.16,79900,96700,117500,37600,441,486,539,98,548,20.7,22.5,13.6,0,0,2.17,84.41,50.79,65.72,95.08,35.7,383,0.65,0,1
3.2,3.2,11.2,11.2,0.04,0.04,0.12,0.12,96.46,0.46,2.95,2.57,3.05,3.06,2.99,85.47,1.7,9.05,3,124,96.76,85.16,0.81,41.13,1981,0.95,0.58,65500,74500,90600,25100,427,499,567,140,633,21.5,21.5,12,0,0,1.11,51.76,41.81,58.02,77.48,4.1,2775.6,0.2,0,1
5.43,5.43,5.43,5.43,0.05,0.05,0.05,0.05,96.27,0.27,4.55,2.76,2.33,2.67,1.9,64.37,1.8,53.27,2,383,93.68,56.2,1.04,50.65,1961,7.08,0.56,26500,38400,54000,27500,158,218,286,128,274,25.3,18.2,13.5,0,0,0.93,78.34,54.57,76.16,93.07,9.7,1418.4,0.22,0,1
20.03,27.44,42.91,48.76,0.45,0.61,0.95,1.08,96.37,0.51,4.27,3.55,3.09,3.17,2.5,89.78,1.25,25.94,3,393,96.59,87.38,0.51,27.99,1979,0.31,0.06,84300,101100,133800,49500,426,532,646,220,592,28.6,22.3,12,0,0,2.22,60.58,44.48,66.11,84.26,18,1925.8,2.11,0,1
17.91,27.24,30.97,36.75,0.56,0.86,0.97,1.16,95.79,0.87,4.39,2.98,2.4,2.46,2.33,56.86,3.61,55.45,2,302,95.72,55.51,3.97,37.09,1957,7.13,0.38,44100,58800,76000,31900,223,291,372,149,362,25.2,21.2,12.3,118,3,3.15,45.09,38.51,74.36,84.24,7.7,2209.7,0.69,0,1
1.72,1.72,2.94,11.27,0.06,0.06,0.11,0.41,95.41,0.86,2.89,2.22,2.49,2.53,2.14,92.02,0.58,23.37,3,83,98.19,90.71,1.2,22.89,1958,0.35,0,75400,91500,115600,40200,352,392,497,145,469,27.9,15.6,11.4,0,0,3.63,73.06,73.14,87.69,96.35,3.3,3400.1,1.19,0,1
13.39,21.91,30.89,34.33,1.56,2.55,3.6,4,83.77,1.57,4.67,3.42,2.63,2.93,1.95,77.82,1.24,41.8,3,147,96.74,70.02,0,23.13,1948,0.53,1,177100,202400,241300,64200,481,621,722,241,673,24.1,23,15.4,0,0,11.64,64.76,70.63,88.32,93.58,1.6,7345.3,9.64,0,1
34.6,51.71,66.92,66.92,0.77,1.16,1.5,1.5,95.15,0.52,4.8,3.02,2.41,2.6,2.2,57.84,2.65,53.62,2,278,94.34,53.73,1.8,30.22,1958,6.95,0.63,32800,43600,59800,27000,186,246,303,117,303,26,17.6,13.3,7,0,2.24,54.08,42.63,69.61,83.59,4.2,2831.1,0,0,1
20.44,25.55,50.36,50.36,0.23,0.29,0.58,0.58,96.77,0.96,5.5,4.05,2.71,2.9,2.24,76.04,2.08,37.79,3,89,98,71,0,37.08,1954,1.6,0.25,43900,55000,68700,24800,224,290,342,118,357,22.7,17.4,13.2,0,0,1.14,91.91,63.66,90.85,97.52,4.9,2456.7,0.81,0,1
24.74,30.38,39.89,48.46,3.29,4.04,5.3,6.44,86.45,2.74,3.66,2.43,2.41,2.65,2.08,63.99,2.46,42.95,3,1672,95.53,58.22,0.36,8.85,1971,0.76,0.17,146300,192800,274100,127800,457,542,664,207,610,27.2,19.3,11.4,18,13,13.29,37.25,44.2,73.84,79.75,27.4,3175.7,6.81,6.11,1
18.83,31.8,39.75,48.12,0.42,0.72,0.9,1.08,94.18,1.06,3.66,2.83,2.56,2.89,2.22,57.57,1.75,52.35,2,99,97.19,50.99,0,20.2,1971,1.73,0,60000,71500,89100,29100,285,376,464,179,430,27.4,19.1,13.1,0,0,2.27,55.35,33.16,52.13,78.76,4.2,2529.6,0.91,0,1
3.81,7.26,20.17,30.14,0.17,0.32,0.88,1.31,94.42,0.75,3.23,2.11,2.35,2.57,2.05,63.48,2.04,47.16,3,270,96.7,58.1,1.48,20.37,1964,2.09,0.24,54000,65600,78200,24200,315,380,445,130,438,23.9,19.7,12.7,12,1,4.35,54.62,50.8,71.7,90.16,4.9,3789.9,3.83,0,1
34.35,45.29,54.57,63.57,2.24,2.95,3.55,4.14,92.42,0.9,2.88,1.49,2.37,2.57,2.2,50.95,2.03,53.09,2,222,95.42,47.02,0,36.94,1974,5.06,0.12,64800,88300,118700,53900,256,341,481,225,411,35.1,17.8,11.9,0,0,6.5,42.07,36.22,47.9,70.05,7.4,1503.5,0,0,1
30.25,39.22,48.69,52.3,2.69,3.49,4.33,4.65,88.22,2.83,4.27,2.9,2.55,2.78,2.22,63.55,1.84,51.63,2,875,93.28,58.22,1.26,18.97,1963,2.01,0.44,140500,166300,200400,59900,490,635,738,248,705,26.1,22.2,12.8,66,0,8.9,68.47,54.44,80.71,87.46,21.8,1456.1,0.65,0,1
24.15,40.06,55.34,67.33,3.71,6.15,8.49,10.33,82.24,2.32,2.59,1.37,2.24,2.16,2.31,42.64,4.97,66.82,2,591,94.05,44.34,0,5.25,1967,1.04,0.12,64700,96800,146000,81300,612,685,749,137,705,24.7,19.9,11.8,2,0,15.35,24.43,30.98,61.96,71.93,6.2,3426.9,9.48,0,1
24.54,36.61,49.14,61.02,7.57,11.3,15.17,18.83,58.83,15.14,13.34,9.33,2.92,2.64,3.19,45.39,17.83,67.93,2,449,95.83,50.05,0.89,20.27,1969,3.49,0.19,142800,171100,201300,58500,587,671,743,156,718,30.6,25.8,11.3,42,0,30.86,40.06,41.64,73.75,84.56,3.2,9422.4,3.65,0,2
4.63,18.8,20.44,22.34,0.17,0.67,0.73,0.8,91.31,1.09,4.49,3.47,2.72,2.77,2.54,80.2,1.99,37.18,3,165,95.81,78.76,1.82,33.94,1947,3.46,0,81800,105300,143400,61600,383,490,592,209,556,24.6,22.3,14.6,0,0,3.57,74.92,64.61,84.67,94.59,10.1,1020.1,0.26,0,1
34.05,45.14,53.11,61.76,0.82,1.09,1.28,1.49,94.88,0.97,2.73,1.95,2.4,2.49,2.33,43.8,1.25,46.29,3,590,94.59,42.12,1.02,25.59,1973,6.02,0.15,67200,89300,122800,55600,256,341,438,182,410,25.9,21.3,11.6,2,0,2.41,54.91,32.52,47.29,80.69,18.2,1687.6,2.01,0,1
5.88,9.41,12.87,16.79,0.56,0.9,1.23,1.61,85.54,1.07,4.15,3.55,2.93,2.97,2.43,93.79,0.4,15.52,3,252,97.73,92.52,1.19,33.33,1961,0.18,0.23,201100,242100,302700,101600,198,634,1001,803,854,22.8,22.8,14.4,0,0,9.57,58.73,71.55,89.05,91.57,24.1,1325.9,1.5,0,1
25.42,34.54,46.7,55.14,0.76,1.03,1.39,1.64,93.11,0.78,6.43,4.09,2.51,2.69,2.3,56.7,5.33,52.58,2,13775,85.82,52.83,13.02,54.72,1965,5.96,0.5,43000,67900,94700,51700,199,273,346,147,354,28.5,18.2,12.5,131,7,2.97,75.16,51.53,80.32,92.04,76.6,2865.6,1.88,3.38,2
26.28,37.15,47.45,61.64,3.47,4.9,6.26,8.13,83.22,6.27,5.45,4.1,2.7,2.72,2.67,71.61,4.7,48.32,3,347,95.96,71.25,0,11.82,1966,0.91,0.07,107400,127300,163700,56300,555,614,677,122,676,22.3,19.4,11.9,1,0,13.19,64.52,53.62,81.41,87.58,5.5,4137.5,4.45,0,1
16.52,24.35,38.26,38.26,0.11,0.16,0.25,0.25,96.71,0.51,4.62,3,2.44,2.69,2,70.28,1.73,49.93,3,588,92.29,63.78,0.34,56.97,1962,4.54,0.24,36400,51100,71000,34600,166,233,307,141,282,26.2,20.4,12.4,0,0,0.65,77.44,49.23,78.51,91.58,13.7,1286.7,0.06,0,1
35.38,35.38,35.38,35.38,0.2,0.2,0.2,0.2,98.18,0.18,4.53,3.32,2.56,2.6,2.5,57.84,3.77,48.26,3,287,93.66,56.85,4.18,44.25,1965,11.48,0.38,39400,53300,72100,32700,125,215,299,174,299,26.9,21,12.6,0,0,0.58,76.98,49.14,84.18,91.56,7.1,1574.2,0.31,0,2
12.25,15.37,20.71,22.49,0.25,0.31,0.42,0.46,94.7,0.51,2.67,1.64,2.34,2.71,1.97,58.51,1.03,53.8,2,274,96.67,50.6,2.19,35.77,1953,2.48,0.55,38700,50700,70100,31400,223,299,384,161,346,26.5,18.3,13.9,26,0,2.04,74.78,43.99,67.59,90.48,11.8,1859.9,0.91,0,1
8.88,12.89,14.33,22.92,0.11,0.16,0.18,0.28,97.31,0.35,4.28,3.55,2.92,3.03,2.35,86.68,0.71,27.13,3,348,96.49,83.49,2.87,30.17,1974,1.03,0.36,67700,91100,127800,60100,329,383,433,104,440,21.4,20.5,12.7,0,0,1.24,68.1,52.36,72.04,88.46,34.4,819.5,0.98,0,1
22.17,31.38,41.04,49.24,6.14,8.69,11.37,13.64,48.68,14.53,6.94,4.58,2.6,2.88,2.51,26.29,7.74,58.51,2,694,90.54,23.71,3.03,37.32,1939,13.13,0.72,75500,100200,121100,45600,226,339,419,193,401,28.2,25.3,19.1,7,0,27.7,53.17,49.05,82.95,84.22,1.3,14073.6,2.29,0,2
24.82,38.38,45.56,52.79,7.05,10.9,12.94,14.99,48.3,18.35,16.1,13.39,3.35,3.21,3.53,55.12,20.6,53.37,2,147,96.91,57.43,2.04,32.65,1970,6.82,0.59,61300,74500,95500,34200,269,357,421,152,431,29.1,22.1,11,0,0,28.4,50.62,45.21,79.38,90.01,4,3912.5,0.91,0,2
1.7,5.79,17.93,18.62,0.05,0.16,0.49,0.51,95.09,1.02,2.69,1.62,2.14,2.17,2.09,60.79,2.35,61.35,2,3055,82.59,59.86,1.96,39.8,1961,10.9,1.31,29900,45000,66100,36200,155,223,296,141,306,29.9,20.8,14.9,62,3,2.72,62.53,51.84,80.55,89.34,29.9,1086.8,1.06,0,2
14.07,25.78,36.99,43.09,0.59,1.08,1.55,1.8,92.61,0.73,3.13,1.84,2.23,2.64,1.83,58.74,1.45,67.76,2,598,93.41,49.76,3.01,9.53,1964,1.46,0.11,81500,94900,114000,32500,481,547,626,145,601,24.5,23.3,15,0,0,4.18,44.3,54.08,71.25,85,4,4818.2,4.13,0,1
13.63,18.17,35.51,53.34,0.71,0.95,1.85,2.78,85.84,2.32,5.13,2.71,2.33,2.5,2.23,39.19,7.18,66.65,2,1283,85.96,36.44,2.1,32.11,1973,10.77,0.44,39300,62700,82900,43600,259,331,398,139,389,32.4,18,16.4,3,0,5.2,70.24,30.03,47.8,92.78,21.7,1285.9,0.21,0,2
0,0,0,0,0,0,0,0,96.54,0.34,4.63,3.62,2.74,2.74,2.74,73.93,4.56,43.45,3,366,91.48,73.88,4.37,63.93,1969,7.97,0.51,28700,39100,52900,24200,175,232,284,109,331,28,15.6,12.9,0,0,0.51,72.54,57.51,83.31,95.91,10.9,999.5,0,0,1
23.61,45.14,52.08,52.08,0.28,0.54,0.62,0.62,96.3,0.6,3.3,2.14,2.43,2.79,1.95,65.93,1.04,49.3,3,249,94.69,57.55,0.8,53.01,1971,2.99,0.32,47200,60000,76300,29100,197,279,363,166,320,24.9,16.7,11.7,0,0,1.2,70.76,43.35,68.64,87.02,7.6,1582.1,0.91,0,1
8,11.37,24.04,36.04,0.49,0.69,1.47,2.2,74.25,3.79,7.35,5.56,2.81,2.85,2.75,66.82,8.87,45.45,3,2085,83.09,66.04,6.24,65.42,1964,15.9,0.62,27000,41600,64800,37800,175,258,332,157,324,25.1,17.2,12,14,0,6.1,37.9,49.95,80.03,83.49,19.6,1487.3,0.19,0,2
15.75,24.7,41.21,51.29,4.51,7.07,11.79,14.68,65.55,5.21,6.17,5.25,2.98,2.96,3.24,93.36,4.49,13.71,3,162,96.37,93.91,0,45.06,1941,0.19,0,500001,500001,500001,0,1001,1001,1001,0,1001,14.9,22,11.7,0,0,28.61,40.64,64.62,85.78,88.98,3.9,3322.8,0.99,0,1
18.82,18.82,25,26.44,0.54,0.54,0.72,0.76,81.97,1.1,3.15,2.19,2.47,2.72,2.14,62.77,1.26,51.52,2,859,91.75,56.97,1.75,42.49,1943,5.28,0.64,68200,87300,113500,45300,249,351,448,199,396,25.9,21.8,14,0,0,2.86,76.51,52.59,82.31,91.16,61.9,392.5,0.58,0,1
9.23,19.2,23.94,34.16,0.16,0.32,0.4,0.58,97.06,0.39,1.87,1.32,2.37,2.46,2.18,70.03,0.92,39.07,3,448,95.34,67.43,0.67,20.98,1964,2.78,0.1,52700,69100,94400,41700,276,345,398,122,404,25.2,16.8,11.8,1,4,1.69,70.11,51.52,71.33,88.2,15.1,1575.7,0.06,0,1
7.63,7.63,7.63,7.63,0.08,0.08,0.08,0.08,95.84,0.78,3.01,1.99,2.34,2.45,2.07,73.25,1,52.47,2,629,87.92,69.83,3.97,57.07,1940,6.86,1.02,23200,33600,46900,23700,165,211,265,100,290,26.8,18.7,13.7,0,0,1.02,69.23,55.42,84.88,92.72,9.6,1211.1,0.44,0,1
21.64,32.37,42.49,56.37,6.25,9.35,12.28,16.29,59.93,14.03,16.2,11.12,2.99,3.12,2.92,37.88,24.45,78.45,2,2611,93.26,36.31,3.1,19.92,1958,4.42,0.92,135000,170400,210100,75100,468,556,670,202,618,31.2,26.3,12.8,10,95,28.9,39.84,45.42,85.65,87.55,9.5,11537.1,7.5,5.83,2
15.92,19.75,25.48,31.85,0.18,0.23,0.29,0.37,97.55,0.07,3.23,2.04,2.29,2.46,2.04,64.37,1.29,55.14,2,342,94.15,60.02,0.58,34.21,1954,7.25,0.74,33000,44000,60300,27300,205,264,324,119,314,24.8,14.8,12.1,0,0,1.16,78.18,48.81,80.26,92.46,7.8,1733.5,0.35,0,1
3.99,3.99,3.99,3.99,0.09,0.09,0.09,0.09,93.92,0.55,3.54,2.44,2.46,2.68,2.06,70.79,1.25,42.6,3,431,95.15,65.12,2.32,42,1956,3.98,0.32,35800,47800,63400,27600,217,282,346,129,333,24.5,15.2,11.7,0,0,2.25,74.47,63,91.98,96.22,8.8,2404.8,0.34,0,1
12.93,20,30.36,39.08,3.03,4.69,7.11,9.16,68.01,4.34,5.1,2.94,2.31,2.79,1.94,53.44,5.75,64.46,2,487,95.46,44.4,2.05,23.61,1951,0.38,0.09,278900,383600,500001,221101,538,643,743,205,696,25.9,23.5,10.9,0,0,23.43,44.91,48.73,82.64,87.33,3.6,6731.2,1.71,0,1
2.1,5.04,16.81,32.35,0.02,0.05,0.16,0.3,97.08,0.04,5.28,3.47,2.42,2.45,2.39,52.62,3.74,47.24,3,839,92.25,51.97,2.98,28.72,1960,13.59,1.63,36100,54000,80600,44500,117,176,256,139,281,27.8,21.6,16.1,9,0,0.94,84.83,56.75,86.21,93.04,13.6,1859.4,0.4,0,2
25.11,32.01,38.57,57.51,0.6,0.77,0.93,1.38,94.99,1.35,4.1,2.64,2.45,2.7,2.12,62.36,2.25,51.49,2,1343,96.62,56.56,0.6,30.01,1962,2.71,0.32,44400,55500,70900,26500,253,314,379,126,363,25.1,20.6,13.3,150,1,2.4,81.03,51.17,82.99,92.57,45.4,2124.3,2.18,7.81,1
27.35,27.35,31.01,31.01,1.27,1.27,1.44,1.44,93.94,1.49,3.29,1.55,2.1,2.39,1.94,41.35,2.59,65.42,2,230,95.41,36.38,2.61,38.7,1962,2.78,0.64,42200,55800,71000,28800,204,264,325,121,312,34.5,18.6,13.1,0,0,4.64,58.66,25.5,44.76,89.92,5.1,2414.3,0.24,0,1
19.28,26.88,36.79,47.65,0.58,0.81,1.1,1.43,94.63,0.88,3.64,2.29,2.31,2.47,2.1,59.77,2.8,51.13,2,20764,88.22,55.81,11.02,50.29,1965,7.03,0.33,42000,60500,89700,47700,225,293,380,155,358,24.4,19.8,12.8,334,91,3,56.17,46.2,77.81,86.27,190.1,1931.9,1.5,4.56,2
16.51,28.41,41.29,48.6,3.02,5.2,7.56,8.9,76.54,3.15,6.96,5.38,2.89,3.18,2.27,74.36,4.23,40.08,3,542,96.28,67.46,1.11,26.94,1966,0.83,0.08,141200,169200,199000,57800,533,604,694,161,645,24.4,22.7,13.1,0,0,18.31,53.25,52.62,66.71,87.64,19.5,2419.6,5.88,0,1
15.42,23.64,28.57,32.85,1.75,2.67,3.23,3.72,84.18,3.18,4.38,2.88,2.43,2.68,2.25,45.64,2.52,63.34,2,888,94.24,41.34,0.9,36.37,1939,1.67,0.5,131700,156100,177000,45300,385,521,631,246,611,25.1,24.2,13.7,0,0,11.31,79.86,63.89,87.19,94.49,3.5,10186.3,17.59,0,2
6.9,11.04,17.34,20.58,0.99,1.58,2.48,2.94,81,4.32,4.7,3.47,2.7,2.92,2.2,74.41,1.37,39.54,3,323,95.17,68.69,0.93,30.65,1963,2.25,0.73,144300,164900,190900,46600,376,531,669,293,631,26.5,22.1,13.7,0,0,14.29,67.92,63.05,88.96,93.5,11.9,1445.6,0.6,0,1
2.54,5.72,8.63,12.39,0.14,0.31,0.46,0.66,92.48,0.62,2.14,1.53,2.35,2.36,2.32,79.08,1.53,57.92,2,2055,87.93,78.84,0.49,19.42,1981,2.2,0.26,65600,78900,95300,29700,367,443,515,148,547,28.7,24.3,11.8,0,0,5.35,20.28,41.21,66.7,73.03,20.8,1694,0.6,0,1
25.84,46.41,60.86,74.26,4.71,8.46,11.09,13.53,77.9,4.43,6.89,5.29,2.96,3.02,2.85,65.66,5.05,27.69,3,340,94.12,64.29,2.35,12.35,1976,1.56,0.29,137700,171200,199400,61700,585,668,780,195,731,24.5,25.1,11.6,18,0,18.22,28.19,31.02,59.48,72.13,4.4,3684.7,3.15,0,1
24.35,24.35,24.35,31.3,0.16,0.16,0.16,0.2,96.57,0.4,4.49,3.3,2.78,3.04,2.34,69.03,2.21,41.34,3,837,88.17,63.13,1.19,44.68,1977,4.44,0.83,53300,68300,86000,32700,236,298,381,145,355,20.9,17.1,14,14,0,0.65,36.22,40.09,73.77,84.46,13.4,1314.9,1.88,0,1
15.61,22.11,27.33,29.71,1.06,1.5,1.85,2.01,81.17,1.7,3.45,2.18,2.4,2.69,2.15,51.62,1.61,58.39,2,4023,90.93,46.04,2.11,23.39,1953,5.81,0.39,100500,118600,143300,42800,371,467,557,186,537,26.3,23.4,15.1,147,1,6.77,60.24,49.01,78.16,85.75,34.2,2910.9,1.41,4.24,1
4.79,5.67,6.55,13.1,0.11,0.13,0.15,0.31,94.81,0.33,3.26,2.54,2.65,2.85,1.8,86.95,0.42,25.61,3,305,97.65,80.78,0.98,42.95,1963,0.41,0.18,64700,82200,106100,41400,377,458,536,159,509,25.3,20.1,12.9,0,0,2.35,79.85,67.85,89.19,92.68,12.1,2793.2,11.79,0,1
2.9,3.66,10.67,15.4,0.15,0.18,0.53,0.77,92.42,0.62,4.29,3.1,2.61,2.78,2.43,55.7,3.3,46.78,3,213,95.91,52.45,3.76,25.35,1964,7.84,0.79,67400,84100,102800,35400,276,359,401,125,440,26.2,20.3,12.1,0,0,5.01,50.94,51.62,79.5,84.59,5.5,2389.5,0.37,0,2
5.45,8.37,13.42,13.42,0.19,0.29,0.46,0.46,92.79,0.55,4.11,3.01,2.64,2.89,2.3,63.07,1.67,48.23,3,474,92.09,57.59,0.21,53.16,1948,2.65,0.2,125200,150900,183500,58300,422,543,624,202,601,24.6,24.6,15.9,19,0,3.4,74.92,54.28,88.25,92.78,12.9,1166.8,0.84,0,1
14.29,14.29,21.16,21.16,0.16,0.16,0.24,0.24,97.22,0.58,3.67,2.4,2.34,2.36,2.31,56.43,2.67,54.85,2,733,90.61,55.9,4.23,47.2,1962,11.42,1.13,20400,34200,54100,33700,132,183,240,108,247,27.6,18.8,13,31,0,1.11,71.25,48.52,78.04,89.98,10.7,1584.9,0.56,0,1
4.26,18.3,18.3,20.85,0.1,0.41,0.41,0.47,93.37,0.1,4.88,3.76,2.76,2.92,2.35,75.6,1.46,38.2,3,190,95.21,71.3,2.63,32.11,1951,1.4,0.43,117100,142200,172500,55400,275,461,570,295,545,24.2,22.4,13.8,0,0,2.26,76.25,58.35,83.56,92.71,30.6,340.2,0.26,0,2
24.77,24.77,26.64,33.64,0.41,0.41,0.44,0.55,96.28,0.29,2.72,1.76,2.31,2.58,2.1,48.86,1.33,49.99,3,289,94.72,43.76,0.35,25.95,1974,2.3,0,81500,94300,118600,37100,305,398,482,177,473,25.6,23.3,11.6,19,0,1.64,66.78,37.53,68.42,87.48,5.7,2283.7,0.76,0,1
14.65,32.51,47.81,48.77,1.15,2.55,3.75,3.82,92.43,1.07,3.78,3.06,2.9,3.05,2.25,85.34,0.64,25.48,3,122,97.08,81.1,0.82,40.98,1966,0.22,0.24,151000,181700,233600,82600,397,615,829,432,706,22,21.6,13.3,0,0,7.84,66.98,60.61,76.13,91.11,19.2,621.2,0.61,0,1
15.41,15.41,23.3,30.11,0.4,0.4,0.61,0.79,94.81,1.07,3.05,2.1,2.46,2.69,2.11,66.25,1.2,37.49,3,190,95.71,60.68,0.53,12.63,1970,0.71,0.18,62400,73300,91400,29000,385,473,592,207,557,23.9,16.6,11.5,0,0,2.63,59.38,50.89,77.22,86.29,5.1,2081.4,1.17,0,1
6.19,6.19,21.24,21.24,0.09,0.09,0.32,0.32,97.75,0.29,2.31,1.73,2.57,2.7,2.33,68.96,1.2,30.31,3,211,96.47,65.67,0.47,37.91,1974,1.32,0.07,64200,78100,95000,30800,330,394,467,137,498,24.5,21.7,11.7,0,0,1.51,70.08,49.25,77.25,88.56,11.8,1269.7,0.37,0,1
19.3,21.54,33.27,39.36,3.19,3.56,5.5,6.51,80.68,2.96,3.53,3.03,2.73,2.77,2.37,92.02,0.93,15.65,4,185,96.39,90.8,1.62,20,1960,0,0.23,500001,500001,500001,0,921,1001,1001,80,1001,19.5,24,10.6,0,0,16.53,39.01,66.45,88.72,91.57,5,2713.3,0.88,0,1
17.17,20.71,25.34,40.33,0.2,0.24,0.29,0.46,96.13,0.43,4.8,3.15,2.42,2.6,2.27,49.82,2.23,44.07,3,738,94.46,46.48,3.39,42.01,1939,6.67,0.62,32300,44900,62200,29900,185,248,306,121,322,27.2,19.9,13.8,68,0,1.15,86.42,51.44,82.42,92.8,9.2,3468.4,5.42,0,1
3.03,5.63,15.58,16.88,0.06,0.12,0.33,0.35,95.75,0.26,3.34,2.81,2.9,2.92,2.77,83.47,0.98,20.77,3,121,96.89,82.7,3.31,50.41,1973,1.51,0.23,83400,113700,151600,68200,403,475,653,250,574,25.6,22.2,12.2,0,0,2.1,52.23,53.05,65.15,80.9,16.1,684.6,0.44,0,1
5.28,5.28,9.01,13.35,0.1,0.1,0.17,0.26,96.21,0.66,4.29,3.67,3,3.11,2.4,87.83,1.08,23.25,3,196,96.6,84.79,1.02,30.1,1970,0.07,0.19,76900,91700,113900,37000,435,545,648,213,620,24.9,20.9,13.3,0,0,1.92,83.19,58.45,72.52,96.22,32.4,519.7,0.53,0,1
33.33,44.44,48.48,50.51,1.76,2.35,2.56,2.67,92.18,0.4,2.34,1.49,2.22,2.37,2.03,60.59,1.9,55.18,2,443,92.39,56.93,1.35,28.44,1970,3.22,0.31,77800,94700,121600,43800,307,374,451,144,416,27.4,23.4,12.9,0,0,5.27,37.81,37.97,63.5,80.73,7.8,1685,2.86,0,1
16.15,25.58,37.49,53.64,1.2,1.9,2.78,3.97,87.31,1.34,2.91,2.4,2.81,2.92,2.47,79.32,2.37,27.12,3,407,93.64,76.42,0.74,42.75,1985,0.73,0.31,91600,114000,145900,54300,418,535,678,260,615,21.4,23.2,13.1,0,0,7.37,46.37,28.76,57.73,78.83,15.3,1106.5,0.72,0,1
4.63,8.32,10.48,14.61,0.36,0.65,0.82,1.14,91.06,0.74,3.5,2.79,2.69,2.7,2.54,94.27,0.37,18.12,3,111,98.34,93.92,0,26.13,1952,0.32,0,100600,134600,188100,87500,526,608,761,235,775,26.8,18.7,14.4,0,0,7.81,76.96,70.61,87.78,96.44,3.4,5241.1,1.73,0,1
20.77,32.01,42.67,55.28,6.56,10.11,13.47,17.45,50.43,17.57,21.98,16.93,3.52,3.47,3.59,56.57,25.49,56.28,2,2023,94.74,57.43,4.15,18.78,1963,5.64,0.44,107600,134200,172000,64400,427,527,646,219,592,32,26.8,11.6,211,6,31.57,45.96,40.16,79.41,88.17,23.6,5570.2,3.24,4.07,2
35.19,40.43,42.82,62.07,0.95,1.09,1.16,1.68,93.99,1.48,4,2.64,2.39,2.58,2.01,71.32,1.53,43.24,3,584,95.75,65.96,1.37,48.29,1950,3.01,0.23,38100,48100,63500,25400,182,237,300,118,294,23.5,17.1,12.3,0,0,2.7,84.27,60.66,87.41,93.57,14.9,2177.5,0.91,0,1
9.32,16.24,27.41,36,0.6,1.04,1.76,2.31,73.1,4.14,7.19,5.24,2.67,2.68,2.66,69.19,7.01,44.06,3,2047,88.78,69.08,5.52,60.77,1961,11.34,0.45,30400,44600,67100,36700,200,274,348,148,343,28.5,19.4,12.8,15,2,6.41,48.56,49.94,76.72,84.73,30.2,1478.6,0.07,0,2
7.19,9.28,11.08,13.47,0.21,0.27,0.32,0.39,95.85,0.7,4.17,3.37,2.86,2.91,2.49,88.37,1.7,32.19,3,364,91.45,86.66,1.65,65.11,1971,0.67,0.52,74400,102000,137000,62600,394,460,545,151,526,21.7,20.3,13.5,3,0,2.88,77.72,51.69,61.48,93.38,35.9,322.8,0,0,1
7.5,15.14,18.5,24.32,0.29,0.59,0.72,0.95,94.85,0.6,5.15,4.07,2.87,3.04,2.24,83.2,0.84,36.24,3,272,95.95,78.43,1.1,38.24,1971,1.24,0.37,141900,177900,232100,90200,463,657,841,378,714,24.8,22.6,12.4,0,0,3.9,79.27,61.57,72.07,93.85,29.5,672.2,3.26,0,1
23.19,38.02,50.17,63.32,2.07,3.4,4.48,5.66,84.47,5.88,7.33,4.97,2.57,2.61,2.52,53.3,7.22,55.45,2,247,93.99,52.5,1.21,37.25,1973,9.53,0.41,35600,47800,62000,26400,188,252,299,111,307,23.4,20.2,15.3,0,0,8.93,44.16,41.64,76.87,85.64,5.9,1715.7,0,0,1
45.04,59.52,70.38,71.18,2.91,3.84,4.54,4.6,92.67,1.89,1.04,0.44,2.05,2.39,1.94,28.37,1.56,75.95,2,471,92.29,24.3,0.85,18.9,1977,3.19,0.25,69700,90700,113300,43600,331,384,461,130,463,34.1,24,15.4,7,0,6.46,48.55,16.96,40.73,69.73,3.7,3156.6,9.72,0,1
16.96,19.92,27.17,33.18,1.59,1.87,2.55,3.12,86.31,1.93,4.37,3.3,2.77,2.97,2.12,82.09,1.6,34.58,3,414,96.67,76.58,0.72,14.25,1973,0.21,0,114000,137900,165300,51300,523,591,691,168,647,24.1,21,11.9,3,0,9.4,72.3,55.45,85.48,91.65,11.1,3001.9,4.43,0,1
22.37,29.36,40.43,49.78,0.46,0.61,0.84,1.03,96.23,0.54,4.72,2.97,2.37,2.57,2.11,61.04,3.06,49.15,3,8422,89.6,56.21,9.25,36.43,1968,5.86,0.51,44200,64200,92700,48500,239,318,395,156,415,26.9,19.8,13,140,1,2.07,70.81,48.8,80.79,89.48,106.6,1649.7,1.44,4,2
0,7.64,13.38,29.3,0,0.07,0.12,0.26,96.74,0.3,5.64,3.93,2.56,2.57,2.54,60.62,5.22,42.78,3,709,90.45,60.3,1.55,52.89,1964,11.45,0.46,29000,44100,70500,41500,151,230,302,151,329,27,21.7,14.5,0,0,0.9,75.55,49.27,82.27,88.92,15,1162.3,0,0,2
11.98,19.23,27.69,35.05,0.41,0.66,0.95,1.2,91.41,1.14,3.25,1.87,2.15,2.29,2.02,53.52,2.33,56.99,2,888,93.52,50.37,2.93,32.77,1962,6.53,0.39,40800,54100,75200,34400,190,266,338,148,313,27.1,21,12.2,45,29,3.42,48.66,36.2,67,84.14,15.4,1887.3,0.13,0,1
21.22,28.29,32.67,51.06,1.2,1.6,1.85,2.89,80.54,2.95,6.75,4.86,2.7,2.7,2.71,56.82,7.09,48.89,3,449,90.37,56.92,3.12,35.86,1967,15.42,0.54,30300,44700,68500,38200,132,220,298,166,283,26.5,20.8,13.1,0,0,5.67,70.99,45.78,73.81,91.54,11.2,1118.3,0.24,0,1
12.92,20.26,26.94,38.01,0.62,0.97,1.28,1.81,59.51,3.78,10.95,8.37,3.01,3.12,2.83,62.85,11.96,44.47,3,502,92.51,60.53,4.18,33.47,1971,14.59,0.79,53200,68200,90000,36800,182,276,355,173,353,24.1,19.7,12.3,88,18,4.77,61.21,47.74,78.58,84.98,11.4,1675.5,0.2,0,2
4.87,6.38,7.91,10.22,0.31,0.41,0.51,0.66,90.9,0.94,4.2,2.65,2.35,2.55,2.09,60.85,1.65,47.72,3,2665,90.69,55.99,11.44,54.75,1942,7,0.25,34900,45100,59200,24300,203,257,318,115,330,30.8,17.9,15,163,0,6.44,76.41,63.29,92.5,96.32,14.6,4248.1,3,6.45,2
9.83,14.17,18.57,21.94,1.04,1.49,1.96,2.31,77.81,2.97,10.49,6.82,2.62,2.57,2.73,63.98,5.53,61.37,2,1536,91.41,65.4,2.28,53.91,1970,3.55,0.32,74400,109700,147500,73100,417,513,644,227,586,35.1,25.8,19.2,101,5,10.54,50.09,57.34,76.59,89.35,25.7,1751.5,3.9,6.38,1
5.06,8.17,22.18,39.69,0.09,0.14,0.39,0.7,95.92,0.94,3.27,2.17,2.46,2.67,2.1,67.59,1.26,45.64,3,186,96.97,62.07,1.08,37.63,1956,2.97,0.34,43800,54000,68000,24200,257,308,361,104,367,24.2,20,14.1,0,0,1.76,84.64,55.51,79.76,93.9,4.5,3283.8,0.68,0,1
10.34,12.48,21.57,26.02,0.47,0.57,0.99,1.19,92.7,0.75,3.26,2.32,2.47,2.75,1.71,81.54,0.74,37.59,3,232,95.42,73.27,0,8.19,1966,0,0.34,68600,82000,96700,28100,455,511,613,158,564,22.6,20,13.4,0,0,4.58,76.99,62.4,87.72,94.52,4.6,2682.6,1.73,0,1
15.77,21.44,32.96,39.93,0.36,0.5,0.76,0.92,94.1,0.62,5.18,3.53,2.59,2.57,2.6,37.25,5.87,60.54,2,3109,88.32,37.49,5.08,55.87,1973,11.93,0.73,46900,60100,76200,29300,233,319,389,156,410,26.2,21.4,13.4,28,10,2.31,48.68,29.01,57.05,66.02,51.8,1354.9,3.02,2.9,2
14.81,26.29,37.14,51.63,5.5,9.77,13.81,19.19,54.79,8.9,8.32,5.03,2.44,2.71,2.18,54.1,15.46,77.26,2,1980,91.04,48.68,1.62,18.18,1964,3.44,0.62,59800,71800,93500,33700,371,423,496,125,489,28.5,24.2,12.5,10,14,37.18,26.15,43.15,78.04,80.7,8.7,5728.5,7.87,3.92,2
7.87,11.95,19.71,33.01,0.24,0.37,0.61,1.02,91.92,1.17,4.05,2.8,2.59,2.93,2.15,62.93,2.26,48.86,3,830,96.24,55.45,0.36,10,1969,1.36,0.45,66600,81600,99800,33200,373,469,568,195,525,25,21.4,12.8,13,0,3.1,74.97,46.4,77.87,91.5,17.9,3175.3,1.45,0,1
8.55,8.55,21.05,21.05,0.07,0.07,0.16,0.16,97.89,0.25,2.91,2.21,2.62,2.78,2.32,70.7,1.07,35.96,3,293,96.18,66.8,0.68,14.68,1968,2.48,0.25,63200,75200,93400,30200,314,373,433,119,451,24.1,20.8,12.3,0,0,0.77,78.58,47.3,84.68,92.42,10.5,1879.5,1.69,0,1
4.28,5.75,10.18,11.36,0.15,0.2,0.36,0.4,94.71,0.42,3.46,2.64,2.69,2.87,1.94,85.88,0.83,37.82,3,174,97.24,80.47,0.57,44.25,1966,0.75,0.35,114800,143200,180400,65600,281,423,587,306,488,27.1,22.2,12.4,0,0,3.54,68.68,59.51,82.42,84.39,27.5,695.7,1.18,0,1
0,0,7.3,11.24,0,0,0.1,0.16,97.11,0.09,4.28,2.88,2.39,2.43,2.29,71.3,1.68,39.72,3,770,87.18,70,2.21,65.84,1945,7.96,0.58,27300,44700,67000,39700,143,213,287,144,278,30.9,17,11.7,9,0,1.4,70.09,68.32,87.72,91.24,8.7,1461.5,1.25,0,1
0,0,0,0,0,0,0,0,97.32,0.79,3.49,2.48,2.48,2.53,2.41,62.15,2.9,44.58,3,279,93.83,61.05,1.08,46.59,1966,6.65,0.07,37600,52500,74800,37200,158,234,302,144,327,24.7,19.3,13,16,0,0.34,88.06,55.16,85.43,93.94,9.4,1175.6,0,0,2
3.75,7.57,14.17,23.68,0.16,0.31,0.59,0.98,90.13,1.04,6.45,4.87,2.77,2.93,2.1,85.39,1.97,27.22,3,309,97.57,80.7,5.83,47.25,1954,2.49,0.19,73600,91000,112800,39200,332,430,524,192,476,26.9,22,14.6,0,0,4.15,53.24,65.77,83.85,91.17,10.9,3181.5,5.23,0,1
4.15,7.88,19.5,23.65,0.08,0.15,0.37,0.45,96.9,0.15,3.3,2.41,2.61,2.92,1.81,80,0.46,35.07,3,226,95.52,71.3,0,27.88,1971,0.46,0.12,77200,97500,139800,62600,278,373,434,156,447,22.6,20.3,12.5,0,0,1.92,70.27,50.3,67.67,88.11,4.8,2599.8,1.52,0,1
46.34,46.34,60.98,60.98,0.14,0.14,0.19,0.19,97.68,0.28,1.94,1.3,2.27,2.43,2.04,63.1,1.03,43.27,3,313,94.72,58.91,1.28,30.99,1965,6.17,0.13,43400,60900,82700,39300,141,196,268,127,286,27.8,18.1,12.1,4,1,0.31,78.31,51.7,82.24,91.51,16.2,825.7,0.11,0,1
11.5,18.96,22.36,30.46,0.79,1.31,1.54,2.1,89.82,0.61,3.39,2.42,2.47,2.7,1.73,83.23,0.65,38.77,3,208,96.36,76.04,0.48,20.19,1952,0.29,0.09,181000,213500,252700,71700,416,627,829,413,663,24.4,21.8,15,0,0,6.91,67.89,70.4,87.35,93.06,2.9,4770.2,6.56,0,1
6.29,7.78,19.76,37.43,0.16,0.2,0.51,0.97,94.11,0.72,5.04,3.32,2.46,2.61,2.29,55.51,1.82,46.22,3,328,94.08,52.28,1.22,37.5,1943,6.64,0.47,46600,59800,74800,28200,233,302,372,139,375,27.9,17.2,13.3,0,1,2.58,87.18,51.65,86.83,94.91,3.9,3318.2,2.15,0,1
27.12,40.73,50.3,56.58,0.28,0.42,0.51,0.58,96.72,0.45,7.57,5.18,2.64,2.78,2.46,60.21,6.2,45.98,3,7509,90.54,57.3,10.37,40.18,1965,7.47,0.57,39900,54600,76600,36700,175,290,375,200,388,28.8,21.8,14,93,2,1.02,82.08,54.94,84.57,93.26,112.9,1741.2,1.86,4,2
21.36,33.83,44.08,54.7,6.3,9.98,13.01,16.14,53.11,14.45,16.47,12.13,3.17,3.1,3.24,47.07,21.61,65.45,2,581,95.61,48.16,1.72,21.86,1967,6.28,0.22,123700,150800,179600,55900,482,585,686,204,650,29,24.9,11.3,0,0,29.51,49.42,42.76,82.48,87.62,9.3,4433,2.57,0,2
14.61,16.57,22.47,34.13,0.66,0.74,1.01,1.53,92.35,0.43,2.63,2.16,2.77,2.82,2.35,90.71,0.43,19.74,3,212,96.36,89.04,1.89,54.72,1952,0.09,0.21,141900,190900,269100,127200,413,555,777,364,674,25.4,22.8,13.9,0,0,4.49,51.35,65.65,77.47,86.31,8.7,1817.1,2.45,0,1
2.2,10.99,10.99,12.09,0.04,0.2,0.2,0.22,95.64,0.52,5.96,4.48,2.8,3.07,2.1,78.99,1.4,38.14,3,395,93.13,72,2.53,35.44,1966,1.11,0,87600,119600,147000,59400,408,501,569,161,563,25.3,22.1,14.6,0,0,1.82,83.15,64.89,91.46,95.02,7,2156.5,1.47,0,1
19.36,35.15,46.42,48.14,0.64,1.16,1.53,1.58,94.63,0.8,1.71,0.94,2.08,2.33,1.8,59.17,0.77,55.76,2,538,94.99,52.83,0.37,28.81,1960,1.23,0.41,72800,89100,112900,40100,296,345,397,101,418,22.4,16.4,12.2,0,0,3.29,66.17,42.54,78.73,87.43,7.6,3001.8,0.66,0,1
14.63,23.34,32.92,42.13,3.63,5.79,8.17,10.45,73.86,6.88,9.02,6.44,2.75,2.91,2.49,64.67,6.44,46.97,3,440,95.32,60.96,2.5,35,1949,2.68,0.5,165100,211100,383300,218200,381,528,726,345,575,27.4,24.1,17.4,21,0,24.81,28.1,58.38,78.61,81.79,5.1,4870.3,15.52,0,2
12.24,18,29.36,35.99,0.18,0.26,0.42,0.52,96.11,0.37,6.17,3.98,2.41,2.47,2.35,52.22,2.96,54.84,2,7700,90.42,50.98,14.44,48.9,1946,8.83,0.55,31800,43200,56200,24400,172,253,321,149,329,29.3,17.8,13.7,406,5,1.43,67.44,51.74,85.18,91.36,57,3194.8,7.48,2.37,2
11.7,19.24,29.95,38.85,2.01,3.3,5.14,6.67,75.81,3.99,4.44,2.83,2.33,2.47,2.13,62.07,5.19,56.73,2,1061,96.49,58.51,0.28,19.79,1956,1.73,0.25,161100,193700,238300,77200,503,608,719,216,650,26.7,24,11.7,17,5,17.18,54.37,55.58,84.61,91.77,13.6,5022.3,9.39,0,2
3.66,18.32,21.61,30.77,0.09,0.43,0.5,0.72,96.58,0.29,2.58,2.04,2.75,2.91,2.39,72.53,2.02,37.1,3,266,94.07,68.46,0.38,15.79,1977,2.82,0.49,49900,59700,83600,33700,299,357,450,151,442,18.8,18.2,14.3,0,0,2.33,61.64,50.92,75.52,83.14,5.7,2046.9,0.16,0,1
15.06,15.06,15.06,15.06,0.26,0.26,0.26,0.26,92.46,0.65,8.85,6.79,2.85,2.94,2.56,77.03,3.43,35.45,3,348,93.29,74.47,7.47,45.11,1964,6.11,0.08,48000,59800,72600,24600,217,289,345,128,357,21.8,19.1,12,0,0,1.72,66.69,53.88,83.34,90.06,12.9,1079.2,0.89,0,1
5.62,17.67,17.67,17.67,0.11,0.35,0.35,0.35,95.24,0.38,3.7,2.39,2.26,2.32,2.14,67.45,1.88,53.32,2,550,90.19,65.61,1.27,39.27,1961,8.98,0.37,43200,55800,70600,27400,187,259,335,148,321,28.4,20.1,13.3,7,0,1.95,48.48,46.79,72.98,88.25,8.2,1554,0,0,1
7.33,13.11,16.44,21.56,0.15,0.26,0.33,0.43,95.9,0.64,3.97,3.05,2.73,2.98,2.35,65.22,3.04,39.92,3,731,91.73,59.67,3.28,39.12,1979,6.76,0.73,63100,81000,111600,48500,273,338,413,140,416,24.8,22.1,12.6,0,0,2,44.45,35.15,56.5,71.29,14.5,1558.2,0.18,0,2
14.87,18.46,25.09,32.62,0.67,0.83,1.13,1.47,94.19,0.22,3.73,2.78,2.64,2.89,2.04,77.28,0.59,32.67,3,299,93.9,70.59,0.67,27.76,1976,0.93,0,123700,152500,189600,65900,524,585,718,194,711,23,23,11.5,0,0,4.5,60.79,46.94,66.9,82.6,13.4,923.7,4.03,0,1
18.29,28.91,36.3,44.77,3.87,6.12,7.69,9.48,76.13,5.04,6.36,4.03,2.39,2.56,2.21,55.26,6.12,61.1,2,1282,93.81,51.63,0.94,36.19,1950,2.28,0.44,239300,296000,390400,151100,386,545,777,391,589,25.9,20.9,13.9,539,3,21.17,59.62,60.63,82.48,90.09,10.2,4794.1,18.8,1,1
5.03,7.69,11.98,19.08,0.14,0.22,0.34,0.54,94.79,0.99,4.03,2.99,2.59,2.54,2.7,66.59,3.95,42.86,3,1580,85.33,67.98,20.13,56.71,1964,4.78,0.81,33400,43300,55100,21700,215,285,365,150,377,27.3,17,11.8,0,0,2.83,64.04,58.27,87.31,92.22,7.8,3064.5,0.33,0,1
0,0,0,0,0,0,0,0,96.4,0.24,4.77,3.8,2.93,3.16,2.25,80.4,2.25,36.75,3,155,96.01,74.52,0,29.03,1978,1,0.34,70000,86000,105500,35500,353,436,492,139,471,26.7,21.5,11.6,3,0,0.87,79.71,43.12,59.89,92.37,44.2,252.1,0.34,0,1
15.65,25.17,30.61,36.73,0.2,0.32,0.38,0.46,96.76,0,1.8,0.92,2.07,2.73,1.72,45.92,1.39,64.35,2,516,91.6,34.83,0.39,13.37,1982,1.1,0.36,60600,71900,87800,27200,352,411,492,140,488,21.6,19.7,15.5,0,0,1.25,68.55,29.75,38.14,83.71,11.2,1049.6,0.47,0,1
15.17,25.02,34.94,51.57,1.07,1.76,2.46,3.64,91.19,1.13,2.73,1.57,2.25,2.34,2.14,55.19,2.96,56.14,2,498,94.5,52.99,1,17.27,1977,1.66,0.09,103400,120900,144000,40600,506,587,690,184,627,24.1,24.1,11.2,0,0,7.05,31.02,29.02,58.34,74.81,3.3,5924.1,4.5,0,2
21.32,27.37,29.99,33.98,1.01,1.3,1.43,1.62,93.11,1.13,5.06,3.05,2.38,2.76,1.92,62.83,1.47,50.43,2,335,95.03,54.07,0.3,33.73,1939,2.2,0.56,78700,95200,120500,41800,420,490,554,134,522,26.9,21.7,14.5,0,0,4.75,53.42,59.85,81.56,89.01,1.9,8070.6,14.45,0,1
7.31,11.25,18.68,22.43,0.96,1.48,2.46,2.95,84.56,1.01,2.77,2.23,2.63,2.68,2.29,89.4,1.06,18.14,3,270,97.33,87.83,0.74,25.19,1958,0,0.15,500001,500001,500001,0,806,1001,1001,195,1001,23.6,23.3,11.4,8,0,13.15,44.12,68.37,84.79,93.4,6.6,3985.3,1.49,0,1
5.79,18.18,23.97,23.97,0.06,0.2,0.26,0.26,97.66,0.25,3.34,2.66,2.81,2.97,2.41,75.83,1.95,27.89,3,316,92.51,71.79,5.38,53.16,1978,3.43,0,50700,59400,71400,20700,268,359,434,166,456,27.7,21,12.1,0,0,1.09,55.78,42.91,76.18,87.73,6.2,1793.9,0.1,0,1
15.11,24.9,37.36,51.83,4.65,7.66,11.5,15.95,58.98,6.95,12.96,10.63,3.37,3.36,3.38,69.5,16.16,37.63,3,366,97.47,69.61,1.37,10.93,1973,0.55,0.3,211000,255600,321600,110600,664,802,960,296,869,27.3,25.7,11.1,0,0,30.77,42.19,42.19,77.31,86.6,14.3,3556.4,3.02,0,1
1.65,2.37,2.37,6.17,0.09,0.14,0.14,0.36,90.41,0.83,5.34,4.59,3.1,3.16,2.55,92.65,0.59,17.17,3,170,96.96,91.04,2.35,35.88,1967,0.65,0.41,190700,230600,283100,92400,535,814,1001,466,977,29.1,24.4,12.9,0,0,5.75,59.27,64,87.45,91.07,27.1,624.4,1.17,0,1
6.01,8.8,16.2,20.82,0.42,0.61,1.13,1.45,90.98,0.8,5.46,4.41,2.95,3.09,2.19,88.57,0.98,27.7,3,858,96.35,84.63,2.56,39.28,1965,0.36,0.17,146700,187700,259100,112400,404,625,794,390,714,28.1,23.6,15.9,0,0,6.98,55.66,66.86,82.7,89.01,42.6,1600.5,9.72,0,1
24.35,36.31,46.38,55,5.2,7.76,9.91,11.75,76.17,7.78,4.77,3,2.31,2.38,2.24,55.95,5.93,54.01,2,844,96.01,54.47,0.83,16,1963,1.42,0.31,268500,342700,437400,168900,570,691,874,304,730,31.9,24,12,170,16,21.36,44.63,45.43,71.92,85.78,17.2,2816.8,12.1,0,1
13.59,20.12,26.73,35.26,3.18,4.7,6.25,8.24,33.31,14.73,12.4,9.83,3.17,3.32,2.97,60.32,14.01,43.94,3,8080,95.21,57.62,5.24,29.26,1970,8.62,0.92,45500,58500,78800,33300,214,303,384,170,349,26.1,20.6,12,359,95,23.37,51.27,52.51,81.68,84.6,254.2,2027.3,3.13,4.88,2
3.12,5.97,5.97,7.79,0.08,0.16,0.16,0.21,95.89,0.23,6.57,5.44,3.09,3.22,2.1,92.49,1.2,24.3,3,215,95.6,88.96,3.72,48.84,1967,0.75,0.02,133000,161000,196900,63900,168,440,710,542,492,26.4,24.1,13.6,0,0,2.65,85.98,67.62,86.77,97.3,22.6,642.6,1.79,0,1
6.93,8.88,9.77,10.83,0.11,0.14,0.16,0.17,95.57,0.49,3.25,2.01,2.24,2.47,1.88,67.5,1.09,50.72,2,2090,87.8,61.26,5.84,66.89,1939,8.11,0.67,31200,47000,68000,36800,142,207,281,139,274,26.5,16.9,11.8,0,9,1.61,74.43,62.6,86.35,90.85,14.3,2440.7,4.19,0,1
1.18,3.94,3.94,5.31,0.04,0.15,0.15,0.2,92.01,0.59,4.21,3.16,2.73,2.94,2.45,62.21,1.26,35.15,3,259,94.83,57.8,2.7,34.75,1944,1.58,0.22,118700,142800,170400,51700,326,456,550,224,533,26.6,20.9,13.4,0,0,3.8,78.78,57.59,89.18,94.12,17.8,750.7,0.25,0,2
4.67,37.33,43.33,43.33,0.05,0.38,0.44,0.44,96.79,0.31,7.22,5.06,2.61,2.57,2.66,52.31,6.16,46.1,3,555,90.8,53.15,3.96,46.85,1963,17.82,1.64,28400,40100,61300,32900,99,165,244,145,273,29.4,20.9,14.4,18,0,1.01,82.4,51.59,82.8,92.53,13.5,1097.9,0.39,0,2
9.78,11.73,21.79,35.75,0.23,0.27,0.51,0.83,93.19,1.27,5.11,3.66,2.56,2.51,2.65,66.59,3.86,48.31,3,904,85.51,67.8,4.2,65.93,1956,12.05,0.48,24200,38900,57300,33100,167,230,312,145,337,29.2,18.7,13.3,5,0,2.32,64.82,46.55,74.01,84.71,82.5,186.8,0,0,1
10.78,18.91,28.19,37.86,2.22,3.9,5.81,7.81,75.82,3.39,5.82,4.48,2.77,2.97,2.3,76.03,3.35,39.9,3,236,97.39,71.08,0,29.66,1949,0.68,0.43,162200,184000,211700,49500,524,647,771,247,693,29.6,24.7,14.9,19,0,20.63,43.25,69.04,86.36,89.39,3,8160.3,11.71,0,1
7.51,7.51,15.81,20.95,0.17,0.17,0.36,0.47,96.45,0.69,1.71,1.7,2.46,2.47,2.37,86.71,0.92,21.93,3,108,97.44,86.23,0.93,32.41,1949,0.27,0.05,65100,87200,125300,60200,263,354,465,202,423,21.5,18.2,11.8,0,0,2.26,74.33,58.46,82.14,89.77,6.9,1627.4,0.63,0,1
15.64,27.66,38.43,51.3,4.57,8.08,11.23,14.99,67.26,6.09,6.18,4.15,2.6,2.73,2.5,48.02,7.92,60.52,2,503,92.29,45.82,0.6,11.73,1975,3.84,0.61,112100,153100,203700,91600,379,470,579,200,535,25.7,23.6,12.7,35,21,29.22,36.4,28.06,60.85,79.87,7.2,2402,1.19,0,1
50.28,61.44,71.11,74.11,2.89,3.54,4.09,4.27,92.46,0.53,3.91,2.21,2.34,2.69,2.08,48.39,3.1,58.21,2,177,97.38,42.05,3.39,29.38,1965,3.18,0.5,56700,70600,90100,33400,220,273,335,115,317,29.4,16.9,11.4,0,0,5.76,36.57,27.53,46.98,71.72,5,3730.7,0.12,0,1
15.12,28.08,33.87,48.27,0.56,1.04,1.25,1.79,93.19,1,3.25,2.5,2.61,2.7,2.46,64.91,3.04,35.8,3,1022,92.59,62.73,0.1,30.72,1970,3.96,0.21,63900,82800,105100,41200,313,379,468,155,445,24.3,18.4,11.8,0,0,3.7,56.13,47.78,76.24,87.41,10.2,3283.8,0.1,0,2
31.9,40.17,46.14,60.6,0.8,1.01,1.16,1.52,95.26,0.72,4.05,2.5,2.32,2.41,2.17,64.53,2.18,63.13,2,2589,89.25,62.11,4.48,49.09,1939,10.43,0.63,20900,32300,46900,26000,168,224,280,112,282,27.4,16.6,12.9,73,0,2.5,74.16,48.43,76.15,88.35,28.7,2006.2,1.25,6.84,1
10.68,15.57,24.56,33.09,2.55,3.72,5.86,7.9,34.87,14.8,13.95,10.98,3.23,3.27,3.2,49.89,20.79,56.56,2,333,94.56,49.35,4.5,29.43,1964,8.46,2.47,58600,73200,95300,36700,187,285,363,176,364,26.6,21,12.4,0,8,23.86,60.05,52.49,85.86,92.43,5.1,3675.8,0.7,0,2
1.05,2.52,7.98,7.98,0.03,0.07,0.21,0.21,93.29,0.66,3.92,2.86,2.62,2.86,1.99,78.71,1.37,39.16,3,401,94.48,72.01,1.5,35.91,1963,1.4,0.29,53600,72300,93200,39600,281,324,369,88,412,23.3,16.8,13.2,0,0,2.6,80.99,62.66,87.31,93.9,30.2,606.1,0.18,0,1
6.47,17.51,24.29,34.86,0.72,1.95,2.7,3.88,68.07,6.47,11.2,8.47,3,3.04,2.96,57.73,14.22,60.27,2,1045,78.39,57.07,9.76,49.76,1959,19.83,1.51,25800,35800,47600,21800,207,259,310,103,333,25,18.4,14,5,0,11.15,67.55,47.24,85.93,94.67,11.9,959,0.14,0,2
25,53.08,54.79,60.96,0.5,1.06,1.1,1.22,96.5,0.28,2.92,2.04,2.43,2.58,2.08,74.63,1.31,50.73,2,373,93.89,70.29,1.07,32.71,1958,1.74,0.56,47000,65100,91500,44500,281,356,409,128,435,25,19,12.7,0,0,2,64.89,51.66,81.05,87.93,9,1612.7,0.64,0,1
0,0,0,0,0,0,0,0,97.39,0.49,3.43,2.9,2.91,2.95,2.5,92.24,0.67,21.65,3,154,97.27,91,1.95,63.64,1966,0.22,0.37,52000,69900,93100,41100,221,288,364,143,382,22,19.4,12.7,0,0,1.18,88.92,73.39,86.03,96.98,31.4,507.3,0.62,0,1
7.03,9.24,11.65,15.59,0.62,0.82,1.03,1.38,88.61,1.47,4.24,3.49,2.83,2.98,1.71,92.86,0.67,14.9,4,89,97.9,88.16,0,22.47,1964,0.19,0.12,176500,220600,273000,96500,282,412,498,216,424,27.6,19.1,11.8,0,0,8.83,77.78,74.33,81.71,96.01,7.5,1561.2,5.31,0,1
7.65,11.53,27.76,32.96,0.26,0.39,0.94,1.12,93.05,0.68,2.75,2.08,2.55,2.7,2.14,77.84,0.7,26.11,3,353,96.79,73.57,0,32.58,1966,0.47,0.17,86300,112900,156700,70400,357,487,560,203,555,22.2,20.7,11.7,0,0,3.39,72.61,56.23,82.27,89.2,24.9,1162.1,1.29,0,1
21.04,33.97,46.12,57.21,3.25,5.25,7.13,8.85,70.98,8.34,11.74,8.42,2.9,2.84,2.97,51.21,14.54,60.73,2,4322,92.65,52.25,10.55,26.26,1963,7.95,0.44,75500,96200,127100,51600,334,422,517,183,485,32.1,22.9,11.5,828,133,15.47,51.89,40.1,72.08,88.19,57.1,2876.8,1.72,3.86,2
21.28,26.62,32.2,42.24,7.23,9.05,10.95,14.36,66.8,7.53,1.87,0.48,1.58,1.61,1.58,22.62,4.88,95.34,1,1253,94.74,22.28,0.88,20.99,1959,0.89,0.28,245900,351700,462600,216700,449,573,721,272,608,28.3,31.7,12.3,14,142,34.01,20.21,42.21,74.82,79.36,1.9,18541.1,5.98,0,2
14.87,21.55,29.58,38.06,0.93,1.34,1.84,2.37,85.82,2.55,6.99,3.94,2.37,2.61,2.18,48.42,2.93,53.97,2,7547,92.54,44,9.51,32.68,1939,7.79,0.53,53600,65200,75500,21900,307,377,444,137,442,32.3,22.1,15.7,294,1,6.23,69.01,45.53,85.12,91.51,37.1,6248.1,10.77,5.41,2
33.29,46.78,56.23,63.51,1.44,2.02,2.43,2.75,93.39,0.71,3.03,1.85,2.34,2.61,2.06,56.93,2.39,50.93,2,3743,89.5,51.04,3.74,41.89,1973,4.9,0.19,46800,65600,90500,43700,236,294,369,133,362,28.9,19.3,12.1,32,0,4.32,58.2,36.91,62.73,85.64,183.4,436.6,1.22,9.09,1
6.95,13.18,27.43,32.86,0.35,0.67,1.39,1.67,89.96,1.61,5.84,5.11,3.27,3.21,3.45,75.93,4.65,11.41,3,380,94.69,77.2,0.26,32.63,1980,1.41,0.08,59800,70300,85200,25400,484,534,588,104,687,24.7,23.1,13.5,0,0,5.06,48.16,42.45,60.44,83.45,12.1,1825.7,0.48,0,1
13.91,21.45,24.06,24.06,0.47,0.73,0.82,0.82,94.85,0.66,4.62,3.51,2.71,2.77,2.54,73.74,2.26,39.25,3,72,98.08,72.01,1.39,30.56,1969,1.99,0.61,57100,74100,91700,34600,319,382,446,127,443,24.8,19.2,13.9,0,0,3.4,53.36,52.9,79.87,90.26,2.5,4003.2,3.54,0,1
15.37,32.65,53,64.97,2.53,5.36,8.71,10.68,67.9,6.99,8.41,5.6,2.68,2.85,2.56,44.59,6.65,57.63,2,3283,91.85,41.89,3.08,27.72,1944,5.04,1,106500,131100,158000,51500,324,494,600,276,561,28.4,22.3,13.7,182,50,16.43,69.08,48.07,82.37,86.87,14.3,7247.1,2.95,10.73,2
8.12,13.04,17.8,26.58,0.35,0.57,0.78,1.16,87.34,1.33,6.39,5.19,3.03,3.09,2.9,72.26,6.38,30.72,3,822,91.75,70.98,2.92,48.42,1975,4.82,0.58,46100,56600,69400,23300,288,358,451,163,465,22.4,18.9,13,0,0,4.37,62.3,47.39,85.28,92.27,20,1397.2,0.05,0,1
9.52,13.46,21.34,40.03,0.31,0.43,0.69,1.29,70.92,3.86,6.81,5.02,2.75,2.83,2.64,59.81,7.56,47.59,3,2025,90.71,58.18,4.69,46.96,1969,10.44,0.57,36600,54400,75100,38500,208,278,360,152,354,24.7,20,12.9,7,3,3.23,82.38,50.88,83.32,94.95,31.2,1765,0.1,0,2
37.05,51.8,67.3,78.76,3.29,4.6,5.97,6.99,89.99,2.92,5.38,3.6,2.45,2.5,2.41,48.28,4.96,51.59,2,711,90.71,47.35,0.28,25.88,1968,9.96,0.23,64600,92300,149800,85200,192,316,396,204,393,25.4,20.5,12.4,37,0,8.79,67.47,47,74.74,84.79,23.5,760.4,0.28,0,2
14.18,17.73,21.27,24.91,0.74,0.92,1.11,1.29,92.08,0.6,2.57,1.68,2.19,2.17,2.22,72.67,1.09,52.43,2,6319,60.29,73.11,0.22,57.9,1970,1.07,0.09,127300,149400,184300,57000,428,598,683,255,716,33.4,24.3,14.3,12,0,5.19,68.43,53.71,79.49,89.32,25.1,842.7,0.84,0,1
1.44,3.07,6.14,9.3,0.08,0.17,0.35,0.52,90.65,0.77,3.72,3.11,2.92,3.07,2.03,90.14,0.32,16.48,3,260,96.06,85.79,0,26.15,1972,0.39,0,107900,141500,183700,75800,484,550,596,112,610,22.9,20.7,13,0,0,5.62,67.75,57.81,80.47,88.02,21.2,877,0.66,0,1
18.06,26.83,34.88,38.67,0.44,0.66,0.86,0.95,94.69,0.83,4.64,3.12,2.5,2.65,2.25,64.98,1.99,48.98,3,3138,92.22,61.17,7.84,43.56,1956,4.27,0.31,37200,48800,65100,27900,220,283,345,125,351,26.3,17.3,13.1,107,31,2.46,63.82,51.41,81.4,86.3,63.6,1499.7,1.06,4.23,2
26.47,40.77,52.89,60.03,1.33,2.05,2.65,3.01,93.07,0.98,3.13,1.8,2.26,2.5,2.05,51.85,2.62,55.36,2,6821,92.64,46.88,1.06,22.25,1974,3.65,0.26,72500,96600,135300,62800,320,394,474,154,479,24.6,22.1,12.6,215,2,5.02,56.1,36.91,65.43,80.42,91.3,2277.5,2.79,7.02,2
63.06,71.53,78.61,82.36,3.17,3.6,3.96,4.15,93.45,1.06,20.52,25.69,3.78,3.77,3.78,40.41,21.71,40.15,3,136,96.17,40.43,1.47,36.76,1973,4.56,0.08,54300,69400,92000,37700,150,240,496,346,297,26.2,20.4,11.7,0,0,5.03,43.96,27.5,39.16,56.97,4.4,3247.5,0.5,0,1
25.7,35.54,46.97,58.47,1.01,1.4,1.84,2.3,69.67,7.12,16.47,11.93,3.15,3.15,3.15,48.4,15.24,48.76,3,3512,88.35,48.39,39.89,63.87,1945,20.8,1.76,21500,31300,42900,21400,167,323,416,249,414,32.5,20.6,16.2,293,122,3.93,55.54,55.36,85.83,90.57,9.1,9575.4,18.34,3.09,2
11.76,11.76,14.93,28.96,0.18,0.18,0.22,0.43,97.69,0.17,3.02,2.42,2.84,2.98,2.14,87.07,0.62,30.19,3,246,95.49,82.88,0.41,21.14,1978,0.52,0.4,66500,86000,113400,46900,413,471,552,139,589,22.4,21.5,12.1,0,0,1.49,81.12,50.97,64.62,89.14,23.6,627.3,0.53,0,1
21.44,33.35,44.07,57.69,10.38,16.15,21.34,27.93,26.49,29.27,28.02,23.29,4,3.56,4.29,35.85,42.63,73.74,2,1036,96.19,40.21,4.44,29.25,1962,8.56,1.33,133800,172100,208300,74500,446,541,642,196,600,30,26.7,11.7,287,152,48.42,40.11,45.15,82.83,85.56,9.8,10789.2,6.47,9.73,2
10.99,17.36,23.63,28.02,0.51,0.81,1.1,1.31,90.95,0.64,4.02,3.24,2.92,3.03,2.59,77.77,1.57,36.47,3,272,96.06,74.92,1.47,30.15,1977,1.16,0.29,121300,145000,174800,53500,518,636,760,242,772,26.1,25.5,14.2,0,0,4.66,35.48,51.27,72.21,74.4,29.3,666.9,0.4,0,1
21.21,33.96,46.73,60.33,1.81,2.89,3.98,5.13,77.62,3.55,5.83,3.24,2.33,2.63,2.12,45.91,6.76,60.53,2,24906,88.53,40.58,6.05,39.57,1974,7.47,0.49,54400,72600,99500,45100,275,346,440,165,410,27.3,22.6,12.6,478,60,8.51,60.91,36.25,68.16,87.35,225.6,2063.8,5.04,2.77,2
12.89,20.27,27.6,35.79,1.52,2.38,3.25,4.21,84.29,1.68,4.47,3.5,2.81,3.06,2.29,73.82,2.31,45.56,3,1132,94.64,67.89,1.41,49.73,1966,0.89,0.26,133700,159800,191300,57600,511,577,647,136,621,24.3,24.7,15.4,0,0,11.76,48.84,59.15,73.06,83.7,39.4,1434,13.8,3.45,1
37.41,37.41,37.41,37.41,0.31,0.31,0.31,0.31,97.57,0.24,4.57,3.07,2.45,2.56,2.22,69.96,2.42,55.09,2,802,89.84,66.85,4.49,61.97,1951,7.01,0.97,19200,32200,52000,32800,131,188,245,114,249,23.3,14.1,12.1,0,0,0.82,75.14,53.07,81.05,91.17,11.7,1534.6,0.54,0,2
15.78,25.28,33.66,41.66,1.4,2.24,2.99,3.7,80.05,3.59,5.33,3.42,2.46,2.65,2.32,46.64,3.3,53.88,2,5452,92.14,43.29,3.14,38.99,1941,4.09,0.36,108000,128900,154400,46400,310,451,552,242,527,26.9,21.2,13.7,413,84,8.88,70.02,52.72,82.3,87.36,38.9,4362.9,4.23,4.85,1
8.84,22.09,31.33,38.15,0.11,0.26,0.37,0.46,96.5,0.39,5.36,3.48,2.4,2.32,2.47,47.21,4.79,58.31,2,711,91.93,48.8,11.53,52.88,1958,15.5,0.55,34000,45200,59900,25900,141,205,273,132,296,25.1,17.3,12.7,9,3,1.2,82.23,50.91,81.66,92.46,13.1,1592.2,0.1,0,2
13.9,21.15,34.14,41.69,0.38,0.57,0.93,1.13,76.78,3.43,6.38,4.76,2.7,2.71,2.67,71.36,7.06,50.91,2,823,84.27,71.05,3.04,53.95,1958,9.48,0.63,22800,37100,59000,36200,170,234,331,161,339,21.8,19.7,13.7,0,0,2.71,83.53,52.41,78.51,96.25,8.1,1504.8,0.28,0,2
6.6,10.22,12.11,17.45,0.7,1.09,1.29,1.86,82.44,2.09,3.53,2.45,2.37,2.4,2.29,72.47,2.57,62.52,2,1718,81.15,71.49,0.47,31.61,1976,5.45,0.29,59900,80700,111100,51200,253,355,459,206,424,29.5,25.3,12.7,5,0,10.66,25.03,48.4,70.72,78.23,9,1990.4,0.67,0,2
9.57,21.18,33.2,40.63,0.43,0.95,1.49,1.82,93.01,1.07,4.87,3.56,2.59,2.68,2.42,67.42,3.44,40.12,3,244,97.15,65.1,1.23,16.8,1971,3.8,0.44,51400,63400,76600,25200,290,354,421,131,419,23.5,20.2,11.8,0,2,4.49,49.92,46.21,77.22,88.07,7.5,2914.8,1.03,0,1
10.19,19.55,30.04,34.19,1.23,2.36,3.63,4.13,82.72,1.83,4.3,3.21,2.67,2.85,2.13,79.94,1.37,45.9,3,152,96.22,74.9,1.97,37.5,1966,0.36,0,152100,179400,216500,64400,646,729,905,259,834,26.6,24.8,12.9,0,0,12.07,59.41,52.89,65.57,91.4,7,1574.9,5.33,0,1
8.29,8.95,9.44,10.44,0.49,0.52,0.55,0.61,82.28,1.95,5.61,3.64,2.41,2.57,2.19,61.38,2.84,44.08,3,527,94.14,57.47,5.69,36.24,1949,4.65,0.55,43700,58200,73600,29900,191,255,313,122,339,26.1,16.8,14.6,81,0,5.86,82.44,69.86,95.81,97.39,6.3,3246,6.18,0,2
0,15.49,15.49,15.49,0,0.19,0.19,0.19,97.92,0.16,2.52,1.82,2.51,2.75,1.91,78.52,1.09,30.33,3,126,97.28,71.8,0.79,16.67,1972,2.13,0,66800,80100,94700,27900,295,364,437,142,445,25.6,17.6,11.6,0,0,1.24,71.2,55.59,84.46,93,5.4,2129.8,1.83,0,1
18.68,26.14,32.21,39.27,0.29,0.41,0.51,0.62,96.45,0.6,3.82,2.42,2.3,2.42,2.15,59.41,2.04,49.65,3,3354,92.44,56.63,4.5,34.62,1956,8.47,0.42,40000,54000,72600,32600,210,278,349,139,336,24.3,18.8,12.7,285,15,1.57,73.5,53.69,78.16,90.25,44.4,2168.8,2.96,5.79,1
14.52,19.83,27.2,36.07,0.41,0.56,0.77,1.03,93.49,0.99,5.78,3.59,2.4,2.61,2.12,61.99,3.19,52.33,2,24182,88.02,56.93,7.5,36.56,1956,4.85,0.51,37000,56100,79800,42800,233,324,415,182,404,25,18.4,12.7,597,96,2.85,59.15,51.94,80.71,87.8,322.7,1348.3,5.78,3.83,2
19.15,30.64,36.17,36.17,0.12,0.2,0.23,0.23,97.9,0.25,2.89,1.94,2.35,2.48,2.15,63.84,1.5,43.25,3,1003,93.7,60.5,1.69,36.99,1962,6.41,0.4,36100,53400,76900,40800,152,226,295,143,305,26.2,17.5,12.6,27,0,0.64,72.79,51.56,79.81,89.33,24.3,1496.5,0.07,0,2
11.14,13.55,18.83,21.23,0.37,0.45,0.63,0.71,94.09,0.63,3.84,3.17,2.41,2.59,2.25,49.13,1.46,49.62,3,368,94.94,45.64,3.8,33.15,1939,8.35,0.11,52900,67000,83500,30600,245,326,397,152,390,29.3,19.8,15,43,0,3.35,81.57,41.64,66.23,94.42,4.1,4879.5,0.96,0,1
14.8,23.74,34.73,45.4,4.18,6.71,9.81,12.82,52.82,10.84,17.1,14.18,3.48,3.51,3.44,65.43,22.64,51.26,2,901,96.69,64.98,4.11,17.31,1957,2.96,0.32,138100,166000,190000,51900,523,642,780,257,706,28.4,24,11.3,88,1,28.25,49.77,55.42,86.64,90.32,10.1,9323.5,2.29,0,2
12.27,20.52,30.43,36.44,2.48,4.15,6.16,7.38,69.48,5.82,6.69,4.6,2.57,2.76,2.42,46.77,6.85,63.64,2,3461,95.42,43.54,3.15,43.72,1952,5.54,0.72,183600,228100,282100,98500,357,482,625,268,522,25.4,22.9,15.1,253,10,20.24,66.8,67.23,84.48,93.31,18.7,10040.9,23.23,5.92,2
16.4,27.46,36.28,43.34,2.19,3.66,4.83,5.78,84.43,2.4,2.36,1.55,2.27,2.35,2.03,77.13,1.93,54.26,2,6746,79.58,74.47,0.58,22.37,1974,0.74,0.09,118900,165300,277000,158100,480,581,692,212,656,28.3,24.3,12.1,0,0,13.33,14.83,45.32,65.31,76.26,28.2,2183.4,0.56,6.45,1
8.19,13.74,15.5,18.71,0.21,0.36,0.41,0.49,97.15,0.12,3.99,3.31,2.89,2.92,2.62,90.49,1.42,30.04,3,655,87.13,89.52,0.31,45.95,1971,1.15,0.39,75700,100200,142500,66800,364,467,575,211,534,23.8,20,14.3,0,0,2.61,75.83,51.61,67,93.56,33.6,389.8,0.23,0,1
22,32.27,39.61,55.99,0.62,0.91,1.12,1.58,94.65,0.44,3.53,2.32,2.48,2.79,1.94,71.22,1.85,48.81,3,177,95.82,63.24,0.56,11.86,1971,2.22,0.14,66200,81800,97400,31200,263,365,459,196,411,28.6,21.5,11.4,0,0,2.82,58.81,34.58,50.19,75.58,6.1,2373.3,0.71,0,1
15.43,24.01,32.35,40.3,2.09,3.25,4.37,5.45,84.88,2.97,5.25,4.12,2.82,2.87,2.67,75.06,3.69,29.81,3,1308,96.54,73.69,0,20.11,1974,0.62,0.12,237600,297000,381300,143700,681,840,1001,320,899,29.6,26.9,12.3,1,0,13.52,42.74,45.95,67.69,87.16,51.3,2032.4,0.31,0,1
12.67,22.49,29.93,34.13,0.48,0.85,1.13,1.29,94.61,0.66,2.72,1.81,2.37,2.65,1.76,76.57,1.13,46.79,3,654,95.4,68.44,0.15,14.83,1964,0.49,0.27,83100,97000,120700,37600,413,483,566,153,507,26.8,18.6,11.5,0,0,3.77,68.62,58.1,78.99,90.3,13.7,2440.2,3.4,0,1
7.14,7.14,7.14,13.69,0.07,0.07,0.07,0.14,96.82,0.2,7.57,5.16,2.58,2.55,2.61,48.94,6.27,48.65,3,740,89.28,49.5,6.89,46.89,1957,12.34,0.38,30600,42900,59400,28800,114,210,295,181,315,29.6,19.9,14.3,0,0,1.02,80.78,51.96,82.43,92.84,17.8,920.9,0.13,0,2
22.54,33.55,35.75,40.67,0.43,0.64,0.68,0.77,95.27,0.48,4.74,3.35,2.56,2.46,2.62,38.65,3.85,47.25,3,922,93.57,40.15,2.6,39.48,1962,8.31,0.7,39500,55300,77900,38400,153,235,333,180,332,24.9,22.4,13.6,28,0,1.9,61.65,42.74,67.29,73.09,21.8,1868.8,0.17,0,2
18.12,28.53,41.16,55.16,4.8,7.55,10.89,14.6,61.46,9.11,12.42,9.31,3.08,3.08,3.08,61.33,14.88,46.64,3,9147,96.47,61.29,2.07,18.74,1970,1.55,0.48,205800,259100,325900,120100,554,692,888,334,755,28.9,25.6,11.9,917,145,26.47,46.54,45.6,80.84,87.8,177.4,4408.8,3.58,1.55,2
11.82,17.51,18.6,28.01,0.39,0.57,0.61,0.92,93.36,0.63,3.79,2.61,2.27,2.47,2.1,49.89,1.26,46.94,3,310,93.38,45.83,1.94,20.97,1939,4.57,0,55800,72600,94400,38600,254,329,435,181,385,32.9,19.8,13.3,1,0,3.28,77,35.25,52.63,90.96,4.5,3079,4.1,0,1
5.76,14.51,24.52,33.23,0.45,1.12,1.9,2.57,85.95,1.29,3.11,2.33,2.64,2.75,2.3,77.4,2.38,34.8,3,661,92.98,74.09,0.15,24.36,1984,0.81,0.23,159700,210600,266300,106600,397,555,678,281,593,29.4,26.4,12.1,0,0,7.75,53.72,28.91,53.09,86.19,22.2,1342.4,1.59,0,1
10.68,17.23,25.26,34.27,1.49,2.4,3.52,4.78,80.95,2.98,6.35,3.77,2.35,2.56,2.14,55.35,6.25,62.29,2,1766,88.5,50.9,3.74,59.68,1955,1.63,0.29,153300,187600,240100,86800,537,678,864,327,758,27.9,23.3,16.9,0,0,13.94,72.49,55.11,82.37,93.36,2.2,15151.9,21.82,0,1
7.69,11.72,12.27,34.25,0.12,0.19,0.2,0.55,82.95,1.47,7.47,5.63,2.83,2.89,2.71,66.52,7.26,40.11,3,1140,91.31,65.06,2.37,46.58,1971,8.67,0.08,49900,66100,89000,39100,249,305,383,134,378,24.1,20.1,12.2,17,0,1.61,42.4,49.23,78.72,83.37,24.4,1395.6,0.11,0,2
23.6,26.74,30.32,37.66,1.34,1.52,1.72,2.14,93.72,0.62,2.86,1.95,2.44,2.6,1.94,81.21,0.55,32.35,3,497,95.83,76.37,0.6,23.14,1966,0.24,0.21,175000,231200,300300,125300,560,661,813,253,722,25.4,20.6,12.9,0,0,5.67,54.45,54.35,63.38,82.29,20.6,1363.7,10.24,0,1
16,51.43,77.14,88,0.2,0.64,0.96,1.1,97.14,0.9,3.16,2.18,2.41,2.43,2.38,60.58,2.94,53.12,2,479,92.23,60.05,1.46,41.75,1965,12.86,0.39,35400,46400,63100,27700,138,228,319,181,303,25.1,20,14.2,0,0,1.25,81.66,51.24,83.64,93.33,14.3,984.4,0,0,1
16.36,26.85,35.36,49.2,9.51,15.6,20.54,28.59,10.44,38.33,30.21,26.2,4.26,4.48,4.16,32.13,59.01,86.51,1,184,97.25,30.53,6.52,22.83,1956,8.93,2.51,126200,157300,187900,61700,411,490,601,190,525,28.3,29.9,11.2,0,14,58.1,35.48,47.97,85.46,86.76,1.2,23054.6,8.67,0,2
2.93,7.15,17.72,24.55,0.11,0.27,0.67,0.93,86.75,1.27,3.29,2.22,2.43,2.59,2.25,56.44,1.53,50.93,2,819,88.85,52.98,1.71,54.82,1951,3.08,0.71,101700,125700,157200,55500,248,381,469,221,444,23.8,21.4,14.3,0,0,3.8,81.06,58.4,90.41,93.17,12.9,1251.6,0.16,0,1
18.46,21.81,32.89,35.57,0.3,0.35,0.53,0.57,96.54,0.29,4.53,3.05,2.45,2.6,2.17,69.4,1.21,45.54,3,452,93.94,65.47,5.97,42.92,1945,4.81,0.32,34000,44400,59600,25600,184,234,284,100,316,22.1,15.7,12.1,0,0,1.6,84.43,57.23,84.54,94.66,6.3,2950.2,0.28,0,1
5.61,12.28,18.26,25.97,0.65,1.42,2.11,3.01,83.98,1.63,4.88,4.22,3.03,3.06,2.69,91.45,0.66,13.37,3,92,97.63,90.4,7.61,68.48,1959,0.53,0,195000,234900,288000,93000,605,829,1001,396,986,20.6,20.3,12.6,0,0,11.58,67.47,71.58,84.13,93.82,11,1044.2,1.1,0,1
28.89,31.3,42.22,44.44,1.06,1.15,1.55,1.63,94.71,0.11,2.48,1.78,2.62,2.77,2.27,74.49,1.19,48.18,3,875,85.22,70.56,5.6,56.91,1972,1.23,0.46,95300,120500,153600,58300,389,473,568,179,550,23.7,21.2,13.8,0,0,3.67,59.41,45,75.14,80.67,38.3,384.7,0.69,0,1
21.28,25.95,30.42,39.07,0.5,0.61,0.72,0.92,95.89,0.68,5.94,3.86,2.45,2.51,2.4,49.38,3.89,51.94,2,1238,93.1,48.22,5.33,37.88,1962,10.32,0.76,37700,58300,83800,46100,149,257,346,197,341,25.7,19.7,12.7,120,5,2.37,74.55,52.4,83.84,89.8,18.7,2319,2.39,24.17,2
1.85,4.06,9.41,10.52,0.07,0.15,0.35,0.39,86.07,0.7,3.99,3,2.71,2.85,2.17,83.48,1.37,45.04,3,263,94.76,79.39,0.76,40.68,1969,1.77,0.92,103500,121900,145900,42400,390,481,617,227,571,25.6,24.6,14.2,0,0,3.71,56.77,52.39,79.03,83.51,38.2,382.5,0.15,0,1
5.46,32.76,47.1,55.97,0.07,0.44,0.63,0.75,95.28,0.69,2.85,1.87,2.28,2.45,1.85,78.16,1.17,49.04,3,451,95.4,72.96,1.55,43.9,1950,2.86,0.16,31800,43000,58400,26600,175,236,299,124,276,27.2,16.4,12.1,0,0,1.34,71.16,60.54,84.53,91.41,10,2182.7,0.33,0,1
13.74,24.98,33.39,40.78,1.35,2.46,3.29,4.02,75.43,5.55,7.1,5.41,2.8,2.83,2.76,56.22,8.78,48.21,3,755,93.5,55.63,5.17,31.39,1970,5.65,0.24,58000,73200,94200,36200,259,340,431,172,421,27.5,22.3,12.4,30,0,9.89,62.47,45.13,77.68,93.01,12,2583.4,0.25,0,2
20.9,31.52,43.48,51.66,0.8,1.2,1.66,1.97,93.7,1.09,4.26,2.8,2.45,2.62,2.25,58.65,3.33,48.98,3,11439,93.29,54.98,3.16,25.91,1970,4.28,0.4,59600,81300,121300,61700,277,377,467,190,462,24.3,20.1,12.6,534,104,3.82,54.84,45.81,75.14,81.25,180.5,2193.2,4.44,6.88,2
0,10.74,18.39,24.38,0,0.45,0.78,1.03,96,0.87,3.43,2.42,2.4,2.44,2.33,69.15,2.68,42.63,3,323,93.53,68.13,5.26,25.7,1965,3.3,0.34,63600,85300,127200,63600,235,342,455,220,425,26.6,19.6,11.8,12,0,4.23,44.87,47.55,72.65,82.78,11.3,1016.2,0.8,0,1
19.34,39.27,41.69,47.13,0.23,0.48,0.5,0.57,97.12,0.52,3.8,2.64,2.44,2.51,2.32,62.87,3.27,52.46,2,809,93.04,60.95,3.58,46.48,1958,5.17,0.21,39600,59600,88800,49200,207,291,368,161,389,23,20.1,13.1,22,4,1.21,75.07,54.46,81.46,89.04,22.6,1210.5,0,0,2
18.3,23.39,34.42,43.28,0.31,0.39,0.58,0.73,96.49,0.45,4.27,2.78,2.37,2.52,2.19,57.71,2.85,56.42,2,7424,89.33,54.23,4.3,34.47,1961,7.15,0.37,37600,54100,75800,38200,177,271,361,184,360,25.7,19.5,13.7,150,2,1.69,63.33,53.12,84.4,88.15,122.7,1242.6,3.06,7.01,2
7.78,10.35,16.61,22.1,0.86,1.14,1.83,2.44,91.15,0.48,2.35,1.31,2.16,2.33,1.84,70.35,1.13,46.83,3,184,97,65.21,0,23.37,1956,0.15,0,326200,445300,500001,173801,617,836,1001,384,879,32.1,27,12.2,0,1,11.04,47.3,53.67,73.92,90.99,4.8,2693.8,13.1,0,1
8.82,13.76,32.31,43.81,1.27,1.99,4.66,6.32,78.83,1.68,4.55,3.86,3.01,3.09,2.61,85.29,2.75,15.35,3,479,94.42,83.05,0.21,21.29,1980,0.57,0.14,69700,92700,160600,90900,467,556,682,215,723,22.1,21.9,12.5,0,0,14.42,51.69,47.58,62.28,89.55,12.7,1929.6,1.39,0,1
3.63,3.63,10.36,17.1,0.06,0.06,0.16,0.27,78.74,1.41,4.96,4.13,2.97,3.01,2.89,66.77,4.34,27.04,3,446,90.23,65.92,1.35,42.38,1972,6.76,0.4,55900,68700,86800,30900,263,352,472,209,426,20.7,19.7,12.2,0,0,1.59,66.6,45.34,69.2,90.12,6.1,2007.9,0.23,0,1
10.25,17.95,22.86,27.27,0.35,0.61,0.77,0.92,94.79,0.69,4.94,3.82,2.79,2.96,2.21,81.76,1.68,38.34,3,761,94.28,76.99,1.71,37.71,1959,0.68,0.17,92800,110900,133300,40500,486,572,629,143,630,24.9,22.3,13.3,0,0,3.38,61.73,60.86,83.82,87.59,23.1,1516.5,2.85,0,1
1.64,4.93,9.59,17.53,0.04,0.12,0.24,0.44,95.97,0.15,2.74,2.37,2.89,2.94,2.29,93.45,0.24,12.34,3,162,96.83,91.75,1.85,33.95,1967,0.3,0.22,85200,124500,171700,86500,393,517,620,227,577,21.2,20.6,11.7,0,0,2.52,72.69,59.43,73.12,89.24,20.3,712.7,4.98,0,1
38.34,41.97,41.97,41.97,0.45,0.49,0.49,0.49,97.08,0.11,4.71,3.28,2.57,2.65,2.37,71.37,1.73,44.11,3,395,93.95,69.03,2.78,43.04,1941,9.21,0.2,29800,39700,52900,23100,208,272,329,121,346,23.8,16.1,11.9,0,0,1.18,78.72,53.11,85.01,92.13,7.6,2151.9,0.04,0,2
22.41,22.41,22.41,22.41,0.2,0.2,0.2,0.2,97.82,0.44,6.1,4.25,2.56,2.65,2.41,64.24,4.67,45.82,3,420,92.29,62.11,3.81,54.29,1964,13.54,0.97,35200,48100,69000,33800,126,203,273,147,298,24.6,18.3,12.9,0,1,0.88,78.56,60.37,86.67,92.32,7.6,1720.5,0.09,0,1
13.1,21,31.5,37.19,0.79,1.26,1.89,2.23,91.69,1.21,3.51,2.15,2.26,2.43,2.11,50.49,4.14,61.62,2,384,94.84,46.98,0.52,10.16,1975,2.31,0.4,86700,109100,138500,51800,387,453,540,153,510,24.7,19.4,10.9,0,2,6.01,47.43,34.91,75.48,84.26,3.5,4904.4,4.66,0,1
34.47,44.75,53.65,55.25,0.95,1.23,1.47,1.52,94.96,0.5,2.62,1.69,2.48,2.53,2.44,48.77,0.86,39.72,3,289,94.74,47.84,2.08,35.99,1966,5.82,0.6,44300,64500,90800,46500,244,339,498,254,410,35.1,15.8,12.6,0,0,2.75,62.95,33.85,45.03,87.3,10.2,1567,0,0,1
7.91,9.94,13.05,17.32,1.29,1.63,2.14,2.83,73.61,6.4,4.57,3.38,2.66,2.85,2.3,69.96,2.05,41.37,3,504,93.67,65.23,3.37,44.64,1953,1.45,0.35,121500,151500,189200,67700,296,406,518,222,501,28,24,14.8,0,0,16.37,50.94,56.6,78.07,85.17,10.5,2065.2,2.47,0,1
19.14,28.33,39.28,46.66,2.62,3.88,5.38,6.39,85.46,1.94,4.33,3.46,2.87,3.05,2.17,83.74,1.1,21.82,3,312,96.4,78.57,2.24,28.53,1945,0.13,0.33,233600,299800,421400,187800,676,867,1001,325,912,25.5,22.7,15,8,0,13.69,38.46,64.1,81.14,84.9,6,4033.9,14.09,0,1
11.65,15.86,40.45,60.09,0.78,1.06,2.7,4.01,77.67,4.15,9.25,7.09,2.92,2.91,2.95,63.98,8.78,44.74,3,427,91.54,64.33,2.58,44.26,1965,15.37,0.7,35700,52900,73900,38200,209,303,392,183,427,26.3,18.7,13.8,0,0,6.71,82.39,55.38,84.55,95.83,17.3,804.2,0,0,1
5.81,9.47,10.47,17.11,0.22,0.37,0.41,0.66,92.81,0.91,3.35,2.26,2.39,2.66,1.78,76.7,0.49,40.21,3,441,97.83,68.69,0,23.13,1949,0.41,0.16,73700,89300,111300,37600,379,460,571,192,526,25.5,20.6,13.4,0,0,3.87,76.32,59.06,85.81,93.25,13.7,3598.8,2.7,0,1
1.69,2.33,2.33,2.33,0.14,0.19,0.19,0.19,89.18,0.98,3.01,1.93,2.25,2.38,1.67,85.58,1.03,42.56,3,172,97.45,80.63,0,26.74,1954,0.18,0.07,51800,66300,83400,31600,409,508,584,175,576,24.9,18.6,14.4,0,0,8.35,77.8,65.69,86.5,96.86,2.7,5560.8,1.75,0,1
1.54,19.69,41.23,65.54,0.02,0.28,0.58,0.92,96.02,0.2,3.93,2.68,2.4,2.36,2.5,65.27,2.87,48.02,3,1358,87.22,66.56,1.55,50.59,1959,10.74,0.3,25500,40800,65200,39700,146,228,301,155,318,25.1,20,13.4,73,0,1.41,69.83,52.82,82.31,91.59,50.4,457.6,0.18,0,2
13.94,20.16,29.65,39.87,0.58,0.84,1.24,1.67,92.16,1.36,8.72,5.51,2.55,2.67,2.45,45.81,7.91,62.37,2,37338,83.45,43.71,17.54,52.46,1951,7.98,0.92,51400,69600,96500,45100,187,277,364,177,379,31.2,23.2,14.2,783,109,4.18,77.39,54.71,87.3,92.49,187.2,2655.3,17.06,5.08,2
55.74,55.74,55.74,55.74,0.1,0.1,0.1,0.1,96.95,0.24,11.15,8.62,3.03,3,3.09,56.72,8.25,46.39,3,1916,85.3,57.45,18.63,65.4,1958,13.46,1.4,23200,35000,50400,27200,99,120,182,83,242,35.1,24.2,16.7,0,0,0.18,88.43,58.72,93.98,95.82,26.3,1304.6,3.29,0,2
19.88,29.76,41.75,56.35,10.3,15.42,21.64,29.2,26.97,22.32,11.86,9.33,3.1,3.02,3.19,53.58,23.41,57.48,2,793,96.09,54.93,1.39,16.39,1962,1.5,1,177900,238800,304200,126300,492,606,702,210,661,31.8,23.3,11.7,0,0,51.82,35.79,50.94,79.75,82.46,7.9,7676.7,4.88,5.71,2
12.45,20.55,29.84,39.65,3.23,5.33,7.74,10.28,62,7.97,7.56,5.45,2.71,2.88,2.52,55.8,11.93,60.01,2,1289,96.24,52.48,2.95,16.83,1958,2.17,0.41,182100,231600,295200,113100,519,602,706,187,649,26.8,23.7,11.3,0,3,25.93,47.23,49.24,87.87,91.74,12.9,7097.5,1.8,5.71,1
9.87,9.87,17.22,23.08,0.26,0.26,0.45,0.6,94.97,0.43,4.34,3.11,2.53,2.58,2.46,58.1,2.74,40.08,3,611,93.65,56.93,3.11,34.53,1964,9.72,0.73,41800,54300,70300,28500,183,288,353,170,389,24.5,17.3,12.6,0,1,2.59,61.87,54.15,76.18,87.44,10.6,2176.1,0.39,0,2
0.53,2.12,5.39,10.26,0.02,0.1,0.25,0.47,94.28,0.86,4.47,3.25,2.64,2.89,2.01,78.05,0.69,38.31,3,224,97.65,71.22,1.34,24.55,1945,0.24,0.34,164800,190600,230800,66000,442,607,722,280,673,24.9,22.5,14.7,0,0,4.56,82.44,70.63,90.24,95.7,7.7,3208.9,7.37,0,1
32.03,51.33,59.49,63.2,0.99,1.59,1.84,1.95,94.72,0.48,2.86,2.19,2.71,2.89,2.33,72.33,1.93,31.28,3,1842,91.06,67.79,0.43,39.63,1978,2.2,0.2,58700,80000,120100,61400,254,332,432,178,423,26.2,20.6,12.1,0,0,3.09,56.44,43.57,72.14,84.37,88.3,592.2,0.29,0,1
7.38,8.92,17.69,18.15,0.24,0.29,0.58,0.59,95.94,0.73,5.63,4.13,2.7,2.93,2.28,69.44,4.16,44.94,3,187,97.45,63.86,1.07,22.99,1956,2.96,0.76,39100,48700,60600,21500,294,358,430,136,400,23.7,16.3,12.4,0,0,3.27,74.23,57.4,91.57,96.39,6.2,3191,0.48,0,1
12.47,15.74,19.57,22.18,0.57,0.71,0.89,1.01,95.15,0.29,5.29,3.59,2.56,2.84,2.01,73.34,1.27,48.84,3,1108,94.95,66.08,2.44,28.7,1956,0.69,0.08,133100,157200,183300,50200,462,639,748,286,689,25.2,20.8,13.5,7,0,4.54,83.22,64.23,83.23,94.31,17.6,3067.4,7.22,0,1
23.56,32.48,40.02,45.51,0.49,0.68,0.84,0.95,95.87,0.55,5.66,3.85,2.53,2.67,2.34,61.3,3.91,42.61,3,7375,91.09,58.07,6.83,44.15,1963,6.34,0.43,38800,55400,80700,41900,162,248,315,153,332,26.5,19,13,206,16,2.1,71.34,53.73,86.06,89.27,122.3,1605.1,1.59,4.93,2
5.36,5.36,5.36,5.36,0.04,0.04,0.04,0.04,97.64,0.11,6.76,6.19,3.43,3.43,3.39,94.93,1.72,12.68,3,89,98.03,94.88,0,52.81,1979,0.47,0.6,81300,95900,122000,40700,412,462,577,165,613,27.9,22.5,11.2,0,0,0.74,80.57,49.64,77.01,94.5,35.4,430.2,1.54,0,1
48.81,53.56,62.54,65.76,0.68,0.74,0.87,0.91,96.85,0.73,4.37,2.95,2.38,2.42,2.3,65.98,2.11,47.56,3,1634,91.47,64.83,2.94,51.1,1953,8.06,0.61,24600,36300,55600,31000,115,181,250,135,270,24.4,17.7,13.3,8,0,1.39,83.45,58.53,88.83,93.26,36.8,1154.8,0.11,4.04,2
7.4,8.88,15.86,15.86,0.19,0.23,0.41,0.41,95.17,0.35,2.9,1.81,2.32,2.57,2.02,59.28,1.25,49.67,3,565,93.01,53.42,4.25,33.1,1939,7.41,1.01,78800,95300,122400,43600,302,387,457,155,440,28.2,23.5,14.9,28,2,2.59,67.86,50.62,84.46,89.09,7.9,2307.7,0.49,0,1
19.79,20.14,22.92,46.59,0.61,0.62,0.7,1.43,94.54,1.05,4.01,2.79,2.53,2.74,2.13,71.54,1.58,40.28,3,621,97.19,66.15,0.81,39.13,1957,1.5,0.2,50500,63200,81000,30500,274,334,392,118,385,23,19.3,13.5,24,0,3.08,77.57,53.88,77.06,91.49,15.2,3705.5,2.01,0,1
12.93,15.84,18.36,23.03,0.41,0.5,0.58,0.73,94.91,0.6,3.43,2.54,2.64,2.9,2.01,78.45,1.4,37.25,3,666,95.87,71.62,0.15,17.42,1968,1,0.05,54600,71800,97400,42800,348,395,460,112,434,22.6,17.3,12.4,0,0,3.18,69.54,52.2,82.09,90.79,33.4,1230.1,0.3,0,1
20.88,41.75,46.97,68.01,0.99,1.99,2.23,3.23,90.59,2.17,8.94,6.51,2.79,2.67,3,60.76,8.07,47.77,3,571,87.94,63.52,4.9,46.76,1963,15.78,0.23,31900,47200,68900,37000,179,287,377,198,391,32.3,22.2,14.3,0,0,4.76,78.94,53.55,79.68,94.61,18.3,683.3,0.22,0,2
8.51,10.11,17.42,28.46,0.37,0.44,0.75,1.23,81.23,1.65,4.16,2.69,2.25,2.21,2.3,59.12,4.99,57.96,2,1176,85.86,60.05,1.11,46,1970,9.48,0.7,41600,63800,93900,52300,234,298,383,149,387,28.1,20.9,13.5,4,0,4.33,67.02,48.39,71.99,93.37,16.1,1081.1,0.26,0,1
8.62,10.85,15.75,18.57,0.47,0.6,0.87,1.02,93.17,0.51,6.16,4.95,2.91,2.9,3.01,87.45,1.01,30.49,3,739,84.92,87.87,1.49,45.87,1977,1.46,0.35,98700,116600,140300,41600,566,657,732,166,849,28.4,27.3,17.8,0,0,5.5,68.06,50.51,73.65,91.35,34.8,351.2,3.12,0,1
29.75,42.42,53.13,58.26,0.97,1.39,1.74,1.91,93.65,0.69,5.32,3.02,2.31,2.36,2.28,45.91,4.37,57.72,2,3009,91.85,45.02,3.86,32.8,1958,7.49,0.4,51300,72600,106800,55500,205,302,398,193,392,27.8,20.6,12.1,197,38,3.28,61.53,39.07,63.29,77.97,121.4,808,4.77,18.39,2
19.33,29.55,38.72,49.45,1.36,2.07,2.72,3.47,85.24,2.28,5.66,4.07,2.75,2.92,2.54,56.64,5.66,45.79,3,629,96.67,53.18,1.27,18.76,1976,1.57,0.13,75700,92300,116000,40300,350,405,480,130,474,26.6,22.9,12.1,40,0,7.02,64.52,34.79,77.6,91.16,14.8,3393.8,0.95,0,1
6.13,6.13,17.92,17.92,0.08,0.08,0.23,0.23,96.09,0.59,3.95,2.69,2.5,2.66,2.23,67.49,1.47,44.7,3,239,96.44,63.52,1.26,45.19,1945,7.13,0.16,28500,38000,51800,23300,223,293,366,143,361,25.6,16.5,13,0,0,1.3,85.96,56.49,86.26,94.15,5,3241.1,0,0,1
13.92,16.26,19.09,24.38,0.68,0.8,0.94,1.2,94.46,0.4,2.06,1.33,2.08,2.05,2.14,69.21,1.79,64.27,2,3604,68.6,70.17,0.44,15.59,1973,6.27,0.22,53900,72700,99400,45500,252,361,473,221,455,30.5,25.1,12.7,6,0,4.91,21.73,49.19,71.69,79.61,15.2,1089.5,0,0,1
17.87,30.54,38.32,48.44,2.68,4.58,5.75,7.27,79.61,4.76,5.28,3.68,2.6,2.74,2.39,63.38,4.06,49.73,3,1856,92.85,60.09,1.19,37.28,1964,2.26,0.66,156600,190300,238800,82200,425,589,729,304,693,26.5,24,14.5,65,41,15,43.88,52.6,76.88,79.44,43.6,1502.8,2.4,20.74,1
12.83,34.11,44.61,65.31,0.27,0.71,0.92,1.35,95.6,1.4,3.45,2.33,2.36,2.3,2.43,50.22,3.36,56.29,2,501,93.31,51.57,2.79,51.5,1961,13.7,0.36,32700,47900,70900,38200,171,239,289,118,353,24.3,17.9,12.8,17,0,2.07,76.45,56.06,84.64,90.48,12.4,1334.2,0.3,0,2
0,2.87,6.56,11.07,0,0.06,0.14,0.23,96.12,0.89,3.52,2.87,2.75,2.84,2.1,89.87,1.36,27.54,3,123,97.15,86.77,0.81,44.72,1970,0.43,0.16,55800,67800,82700,26900,364,404,446,82,468,16.8,14,12.7,0,0,2.12,80.51,61.07,92.24,96.12,37,311.3,0.16,0,1
24.77,37.21,47.69,54.78,0.92,1.38,1.77,2.03,93.74,0.9,4.82,2.94,2.38,2.63,2.17,51.34,2.34,53.74,2,21040,92.42,46.57,6.7,30.6,1965,4.62,0.4,48700,66000,89900,41200,268,348,434,166,422,25,19.6,12.3,574,5,3.71,69.22,42.29,77.06,89.34,196.1,3224.5,4.72,2.97,2
13.05,17.8,22.47,26.64,0.75,1.02,1.29,1.53,88.46,1.47,4.35,3.02,2.55,2.73,2.3,62.72,1.89,54.02,2,1746,91.81,58.64,3.67,34.82,1939,3.73,0.39,115100,140100,167100,52000,361,504,611,250,586,27.4,24.5,14,44,1,5.74,76.79,53.96,83.89,90.38,34.5,1489.1,2.57,4.4,1
13.73,19.74,26.52,35.76,5.44,7.82,10.51,14.17,24.16,22.46,23.51,18.78,3.7,3.8,3.6,49.6,36.57,72.43,2,81,97.57,48.26,6.17,38.27,1960,4.31,0.36,115700,154600,189500,73800,358,494,604,246,540,28.7,25.1,10.6,0,0,39.59,49.93,57,91.69,93.53,6.8,1793,6.23,0,2
0,0,4.76,13.61,0,0,0.06,0.18,95.94,0.47,3.22,2.14,2.36,2.49,2.08,72.64,1,39.74,3,288,94.24,68.92,0.69,38.89,1944,4.84,0.7,28300,37600,50500,22200,189,246,299,110,286,27.9,17.7,14.8,0,0,1.29,86.81,56.46,82.88,92.36,8.8,1289.1,1.07,0,1
28.61,28.61,29.68,36.36,0.59,0.59,0.61,0.75,95.96,0.78,2.74,1.87,2.41,2.57,2.15,65,2.04,46.65,3,593,92.51,60.84,1.01,29.51,1970,7.44,0.34,40700,59500,82900,42200,193,253,328,135,316,23.2,18.9,11.8,0,0,2.06,70.25,46.77,78.67,88.74,21.5,843.3,0.21,0,1
17.45,26.18,34.85,43.87,5.48,8.22,10.94,13.77,48.19,18.11,20.74,16.48,3.56,3.48,3.65,52.55,25,54.2,2,1945,95.28,53.74,0.21,10.18,1969,2.72,0.62,175700,204600,250000,74300,506,634,769,263,686,28.5,25,11.1,309,30,31.39,43.6,47.7,80.72,88.46,25.3,5616.7,1.07,4.14,2
57.76,70.26,72.41,72.41,1.1,1.34,1.38,1.38,96.78,0.58,4.28,2.94,2.52,2.6,2.41,60.79,1.32,46.19,3,368,92.82,59.03,1.36,32.07,1951,9.27,0.8,36000,50500,71100,35100,181,262,336,155,344,23.7,15.6,12.6,0,0,1.91,82.63,51.61,82.33,91.29,6.3,1918.9,0.21,0,1
12.77,30.94,41.73,47.12,0.32,0.78,1.06,1.19,96.34,0.33,3.29,2.07,2.31,2.43,2.21,47.83,2.48,48.05,3,724,92.62,45.38,2.35,22.79,1959,9.74,1,66300,89100,128200,61900,276,349,432,156,425,24.2,19.1,12.7,0,1,2.53,57.07,45.92,63.41,81.71,9.7,2270.1,0.65,0,2
21.01,26.33,27.05,32.85,0.83,1.04,1.07,1.3,94.28,0.33,5.2,2.86,2.18,2.54,1.69,67.96,0.8,58.06,2,260,94.79,58.54,5.38,40.38,1941,1.61,0,63100,83200,124600,61500,318,391,443,125,455,23.6,17.7,12,0,0,3.96,65.68,57.57,77.65,88.89,2.4,4434.6,2.4,0,2
29.35,42.84,49.38,57.05,3.94,5.75,6.62,7.65,84.69,4.94,5.13,3.44,2.48,2.5,2.46,59.22,4.57,49.37,3,1965,86.6,58.88,0.05,17.3,1977,1.2,0.12,262700,336600,437900,175200,731,872,1001,270,898,27.3,26.9,11.6,0,47,13.42,45.06,38.16,70.99,83.85,6.9,4630.7,2.7,0,1
17.21,27.02,38.75,58.02,3.07,4.81,6.9,10.33,69.33,8.38,9.93,6.3,2.6,2.78,2.47,47.55,11.72,62.65,2,109558,84.92,44.59,12.67,41.88,1969,8.45,0.82,38100,58000,91900,53800,255,328,421,166,390,23.6,19.9,13.4,1780,151,17.81,56.97,45.36,82.72,89.76,559.3,2915.3,6.54,3.36,1
9.78,14.08,15.91,16.57,0.49,0.7,0.79,0.83,93.57,0.57,3.82,2.83,2.64,2.82,2.11,79.58,0.54,36.73,3,306,96.64,74.47,0,36.93,1956,0.24,0.09,159800,185500,231300,71500,421,602,721,300,666,26.4,22.4,15,0,0,4.99,80.83,66.31,89.33,95.16,13.8,1756.9,1.57,0,1
40.83,40.83,40.83,40.83,0.26,0.26,0.26,0.26,97.34,0.41,9.4,6.24,2.64,2.59,2.68,47.94,9.89,58.6,2,559,92.64,48.81,16.99,46.69,1960,14.94,0.73,31800,45000,71700,39900,101,139,219,118,245,32.5,20.9,13.4,0,0,0.63,88.58,54.25,89.57,95.92,9.6,1976.8,0.33,0,1
25.92,29.48,32.82,35.64,1.87,2.13,2.37,2.57,89.72,1.67,6.52,4.22,2.52,2.85,1.98,70.58,1.21,33.6,3,850,96.11,62.56,1.29,35.29,1939,0.73,0.12,60600,71500,93800,33200,344,423,501,157,489,25.9,19.5,13,0,0,7.21,61.42,57.89,84.83,88.77,8.4,6420.1,6.98,0,1
25.41,35.92,47.21,55.56,5.66,8.01,10.52,12.38,73.84,4.21,4.33,2.06,2.08,2.27,1.99,33.22,4.15,72.41,2,2574,93.87,30.35,3.65,38.54,1939,1.53,0.41,184000,263800,440800,256800,319,483,689,370,538,24.3,21.3,13.8,252,33,22.29,39.59,42.92,62.42,69.9,6.7,14370.9,24.42,4.06,2
6.94,8.68,11.11,18.06,0.14,0.18,0.23,0.37,83.02,2.98,4.77,3.17,2.46,2.54,2.3,67.11,1.95,36.53,3,300,94.96,64.9,2.67,51,1939,9.52,0.12,31400,41700,56400,25000,201,256,302,101,320,31.9,16.9,14.3,0,0,2.06,81.52,63.16,89.58,93.2,4.7,2980.2,0.83,0,1
1.85,6.07,8.18,8.18,0.02,0.08,0.11,0.11,96.21,0.2,2.71,2.21,2.73,2.8,2.23,89.29,0.7,25.86,3,259,97.53,86.92,0.39,49.42,1962,0.31,0.23,48900,61600,74600,25700,236,307,369,133,385,22.2,17.9,12.1,0,0,1.35,91.78,76.94,89.1,97.36,28.4,991,1.13,0,1
12.83,21.27,27.53,33.93,2.11,3.51,4.54,5.59,63.18,7.68,4.49,2.84,2.4,2.5,2.33,44.91,4.15,61.41,2,2165,93.3,43.11,2.73,30.81,1951,5.34,0.45,117100,139200,164800,47700,298,427,530,232,512,24.8,24.4,14.9,62,10,16.48,55.48,51.71,82.73,87.94,13.8,5462.9,3,7.04,2
9.79,13.92,16.49,19.59,0.14,0.19,0.23,0.27,96.01,0.36,17.21,14.24,3.31,3.45,3.01,71.18,6.16,36.25,3,170,96.1,68.34,1.18,40.59,1962,3.01,0,50600,63500,81100,30500,221,270,330,109,347,23.8,20.5,11.3,0,0,1.39,75.3,53.98,81.62,88.11,10,1392.8,0.5,0,1
56.92,69.97,77.28,79.81,4.76,5.85,6.46,6.67,89.38,1.16,3.07,2.11,2.3,2.46,2.22,36.39,3.38,55.71,2,305,95,34.06,0.98,34.75,1959,6.7,0.3,51800,68500,91700,39900,250,338,440,190,383,35.1,18.2,11.2,109,0,8.36,61.33,20.02,31.37,79.51,7,3029,0.86,0,1
19.79,19.79,31.84,37.01,0.58,0.58,0.94,1.09,95.37,0.56,2.45,1.82,2.53,2.67,2.1,79.78,0.48,25.82,3,324,95.97,75.69,0.62,31.48,1969,0.23,0.29,102600,134500,177900,75300,347,398,497,150,500,23.9,17.3,10.8,0,0,2.94,59.62,51.65,77.7,86.18,9.1,2158.8,0,0,1
11.88,11.88,25.31,32.81,0.36,0.36,0.77,0.99,94.68,0.49,4.69,4.01,2.95,3.02,2.6,85.34,1.09,20.5,3,91,97.51,83.41,0,32.97,1969,0.5,0,114800,155300,192900,78100,368,479,581,213,563,24.4,22.2,12,0,0,3.02,81.07,64.56,79.93,94.13,27.9,379.5,0.49,0,1
16.78,23.79,32.26,38.03,0.53,0.76,1.03,1.21,93.54,0.9,9.11,5.78,2.59,2.68,2.5,50.33,4.59,47.1,3,27222,91.04,48.62,16.56,48.96,1945,7.8,0.79,39900,54700,72300,32400,226,321,402,176,413,27.3,19.4,13.7,1144,387,3.19,72.02,57.99,87.23,93.3,83.7,8791.5,22.19,3.5,2
15.35,22.35,34.55,43.92,3.04,4.43,6.85,8.71,74.2,4.29,3.05,1.93,2.29,2.37,2.15,65.08,3.48,50.16,2,387,96.25,62.86,0.78,32.3,1954,0.83,0.16,200600,253400,323300,122700,539,645,827,288,695,28,21.1,11.2,60,12,19.82,44.4,58.47,69.97,89.34,3.8,6069.3,18.7,0,2
9.57,12.23,17.02,19.68,0.15,0.19,0.26,0.3,95.28,0.2,4.11,2.93,2.56,2.72,2.33,61.81,1.22,42.33,3,120,97.36,58.1,0.83,20.83,1945,3.25,0.9,44900,54400,68000,23100,235,301,371,136,368,21.9,20.3,13.8,19,0,1.52,78.39,54.75,74.59,90.36,6.5,1902.7,0.76,0,1
21.36,33.12,43.61,56.76,2.75,4.26,5.61,7.3,78.1,6.98,9,6.45,2.79,2.89,2.62,64.59,7.14,52.4,2,1071,96.17,62.3,3.55,32.59,1960,4.79,0.3,78600,96800,123300,44700,332,434,515,183,501,23.7,22.2,13.7,28,0,12.87,64.58,46.06,71.66,88.67,22.7,3388.3,3.2,0,1
15.51,22.39,28.77,40.48,4.1,5.92,7.61,10.7,24.91,18.51,16.21,13.02,3.34,3.45,3.17,62.3,19.57,54.53,2,3692,87.09,60.29,3.3,18.26,1976,9.58,1.37,38300,56300,79800,41500,207,283,365,158,340,25.3,20.1,12.8,48,3,26.44,55.36,54.17,81.6,88.48,33.6,2501.5,0.55,0,2
10.15,16.67,26.44,37.17,0.62,1.02,1.62,2.27,92.6,1.08,3.13,1.84,2.22,2.46,1.97,57.55,2.49,55.81,2,977,93.87,52.02,1.84,16.07,1970,2.81,0.82,59800,77800,101400,41600,300,382,457,157,456,27.5,20.1,11.8,40,8,6.11,46.54,37.78,67.87,84.2,16.7,2024.4,3.29,0,1
9.44,13.59,18.24,22.75,0.75,1.07,1.44,1.8,89.65,0.7,3.3,2.69,2.63,2.69,2.38,82.21,0.64,26.09,3,833,95.88,80.31,0.36,51.02,1954,0.18,0.09,203100,253600,360700,157600,570,769,1001,431,895,26.6,23.5,15.1,22,8,7.89,51.13,63.77,83.14,85.58,31.1,1716.6,7.24,1.01,1
3.82,7.45,12.29,16.01,0.32,0.63,1.05,1.36,89.48,0.51,6.05,5.23,3.18,3.2,2.83,93.41,1.09,15.02,3,185,95.53,92.59,1.08,58.92,1963,0,0,160100,189100,231700,71600,639,844,1001,362,980,27.5,25.9,15.9,0,0,8.51,57.87,72.24,80.7,91.35,25.9,487.8,3.29,0,1
17.87,28.71,38.73,54.65,3.32,5.33,7.19,10.14,79.61,3.95,6.88,5.25,2.92,2.96,2.85,67.1,7.52,47.71,3,729,92.56,66.22,1.92,22.77,1979,1.73,0.16,66800,78500,90800,24000,500,551,653,153,658,27.2,23.3,13.8,0,0,18.56,23.5,36.97,69.85,74.96,4,6633.1,1.35,0,1
9.62,22.69,31.35,41.92,0.48,1.13,1.56,2.09,64.66,4.75,6.62,4.86,2.66,2.69,2.6,64.55,7.46,54.41,2,1068,90.35,63.77,1.87,30.62,1971,8.27,0.7,44600,65500,91100,46500,257,341,404,147,420,27.5,21.1,12.6,16,12,4.99,75.82,54.42,75.96,95.19,26.4,1037.3,0,0,2
9.09,15.59,25.82,34.7,1.09,1.88,3.11,4.17,84.24,1.81,5.68,4.87,3.12,3.17,2.85,85.63,3.02,19.49,3,567,96.73,84.29,0.88,16.23,1980,0.23,0.11,248700,326200,426800,178100,754,893,1001,247,918,27.4,27.5,12,0,0,12.03,52.42,41.03,77.35,90.68,18.1,2889.9,0.41,0,1
14.81,23.4,31.26,39.85,1.94,3.07,4.1,5.23,81.07,2.28,4.32,2.78,2.42,2.81,1.94,63.7,1.98,56.8,2,838,95.66,54.82,0.95,43.44,1941,0.72,0.32,147800,172500,199600,51800,427,541,661,234,600,24.3,24,16.3,0,1,13.13,67.79,65.19,84.28,91.32,5.5,8173.9,9.85,0,1
13.8,23.79,34.28,48.11,4.48,7.72,11.12,15.61,79.27,3.36,5.54,3.34,2.26,2.14,2.49,62.51,6.97,81.04,2,1959,85.93,65.98,0.92,36.7,1974,2.42,0.25,67300,79600,91300,24000,384,473,535,151,544,31.4,25.1,12.9,0,0,32.45,20.26,47.72,71.19,76.34,3.7,7341.8,4.92,0,2
41.65,51,61.47,63.92,0.74,0.9,1.09,1.13,95.68,0.42,3.61,2.23,2.36,2.54,2.05,68.49,1.81,53.83,2,348,96.41,63.6,2.01,33.33,1939,3.52,0.3,37300,50400,68600,31300,191,285,382,191,320,27.8,17.3,12.6,0,0,1.77,62.25,46.25,68.14,83.03,12.3,2065.6,1.47,0,1
16.02,28.29,36.47,42.78,1.98,3.51,4.52,5.3,81.95,2.96,5.22,3.99,2.91,3.11,2.35,78.9,2.81,35.16,3,684,95.88,73.83,1.02,31.58,1974,0.74,0.13,107200,133800,165400,58200,531,638,723,192,693,25.9,21.8,11.5,0,0,12.39,61.19,46.69,78.27,85.87,19.4,2406,3.51,0,1
14.99,20.53,30.68,37.25,0.53,0.72,1.08,1.31,94.4,0.52,7.57,6.45,3.34,3.09,3.55,43.19,3.83,21.77,3,286,96.28,46.55,0,42.66,1971,2.29,0,54300,68700,88900,34600,355,400,443,88,429,22,22.9,10.7,0,0,3.51,29.13,27.71,41.91,53.95,32.4,761.2,0.27,0,1
7.28,15.55,22.02,28.07,0.27,0.57,0.81,1.03,93.76,1.08,3.97,2.74,2.44,2.55,2.29,59.31,3.4,48.41,3,817,95.85,56.75,2.2,21.3,1967,4.62,0.25,54800,71500,96000,41200,274,358,443,169,431,28.6,21.4,13.4,111,3,3.66,39.44,38.1,72.57,79.09,18.9,2479.5,1.22,0,1
11.03,16.45,21.8,25.55,0.7,1.04,1.38,1.62,91.7,1.33,3.42,2.32,2.34,2.32,2.42,72.75,2.63,67.04,2,2408,88.31,73.64,0.62,21.68,1975,4.06,0.14,51200,61900,75300,24100,352,411,479,127,498,26.7,22.2,12.1,12,12,6.33,22.92,48.35,78.37,82.01,14.4,3021.6,0.64,0,1
15.88,24.73,27.62,32.85,0.44,0.68,0.76,0.91,95.13,0.69,2.71,1.95,2.44,2.48,2.37,65.91,2.29,47.29,3,1172,86.78,64.83,1.96,24.83,1964,3.99,0.09,39700,53600,70300,30600,223,279,353,130,370,24.2,18.5,11.6,0,0,2.76,59.03,54.02,82.49,88.38,5.4,3714.8,0.18,0,1
7.69,7.69,18.46,18.46,0.05,0.05,0.12,0.12,97.77,0.08,3.84,3.26,2.97,3.01,2.82,78.83,2.49,19.35,3,291,92.31,77.72,1.72,54.3,1978,1.72,0.32,42000,55200,73000,31000,266,333,409,143,467,21.7,19,12.2,0,0,0.62,59.72,51.11,67.1,87.98,12.4,839,0,0,1
12.96,23,33.31,40.1,1.67,2.97,4.3,5.17,80.87,1.31,4.22,2.93,2.47,2.66,2.11,70.16,2.24,57.71,2,621,89.67,65.17,0.32,34.3,1966,0.28,0.72,172500,208000,250000,77500,430,625,798,368,709,25.1,22.3,15.5,0,0,12.89,64.19,64.37,79.47,85.45,6.1,2304.9,13.85,0,1
17.5,28.64,40.16,57.02,4.69,7.68,10.76,15.28,58.36,16.67,27.96,23.55,4.02,3.87,4.21,54.77,35.26,62.79,2,916,96.06,56.84,10.59,36.14,1955,8.07,1.27,86200,108000,133600,47400,371,477,586,215,549,34.8,27.1,13.2,39,82,26.8,48.01,54.33,91.3,92.7,10.5,8588.5,6.38,9.52,2
19.44,51.19,53.97,59.13,0.21,0.56,0.59,0.65,96.7,0.56,3.98,2.59,2.3,2.32,2.28,56.78,2.62,51.78,2,744,92.49,56.42,2.55,40.05,1958,7.65,0.45,39000,55500,83800,44800,179,263,331,152,353,24.6,17.7,12.7,24,0,1.09,75.64,49.85,79.16,89.6,17,1361.6,1.19,0,2
10.21,11.17,21.52,23.17,0.28,0.3,0.58,0.63,95.47,0.91,3.05,2.1,2.47,2.56,2.32,64.98,2.14,52.95,2,1009,91.32,62.68,18.04,35.78,1970,4.54,0.09,46000,64400,90500,44500,307,366,435,128,424,22.8,19.4,12,0,0,2.71,63.27,40.85,75.43,84.17,20.8,1287.7,0.43,0,1
5.48,10.84,12.44,14.84,0.23,0.46,0.53,0.63,94.91,0.74,3.13,2.39,2.6,2.76,2.06,81.66,1.23,34.29,3,224,97.23,76.91,0.89,22.32,1959,0.84,0.33,64500,81400,98600,34100,274,384,453,179,436,24,16.1,13,0,0,4.26,75.62,66.73,93.8,96.38,7.6,2721.6,0.66,0,1
39.93,42.41,46.53,54.46,1.18,1.25,1.37,1.6,94.3,1.22,3.9,2.42,2.35,2.32,2.38,39.47,2.61,50.1,2,577,93.4,40.07,3.12,27.21,1957,10.53,0.31,49700,64300,85800,36100,284,374,437,153,468,25.2,21.1,14.4,59,1,2.94,58.53,38.79,68.98,83.73,10.7,1930.5,0.99,0,2
12.8,21.95,21.95,35.37,0.21,0.36,0.36,0.58,96.89,0.3,6.76,4.3,2.43,2.45,2.4,56.77,5.76,48.22,3,591,86.85,56.26,3.05,31.3,1961,14.76,2.56,26100,39800,62000,35900,142,219,286,144,312,29.1,19.1,13.5,0,35,1.65,67.62,51.83,73.72,90.29,10.9,917.2,0.17,0,2
45.83,54.17,60.1,65.06,0.83,0.98,1.09,1.18,95.64,0.65,3.47,2.24,2.34,2.56,2.04,62.82,1.54,50.88,2,1185,91.9,57.35,2.11,28.61,1964,6.91,0.71,41000,58300,80800,39800,192,254,312,120,331,28.4,17.1,13.1,1,0,1.81,71.98,46.73,69.22,88.2,23.8,1445,0.1,0,1
18.1,18.1,18.1,26.72,0.19,0.19,0.19,0.28,97.49,0.51,2.44,1.65,2.29,2.37,2.17,60.08,1.92,50.19,2,385,92.48,58.02,1.82,31.17,1962,15.62,0,27000,41100,59000,32000,130,203,267,137,270,25.7,16.7,12.8,0,0,1.04,81.92,49.87,87.91,94.16,8.5,1319.4,0.13,0,2
22.38,29.21,38.09,43.17,1.72,2.24,2.92,3.31,88.26,1.08,4.51,3.53,2.86,2.76,2.93,38.35,5.91,45.28,3,202,96.73,39.84,0.5,29.7,1973,0.97,0.21,70000,86500,107900,37900,332,411,486,154,458,26.3,24.6,10.1,4,1,7.67,23.12,25.02,44.39,51.8,7.8,2194.2,0.22,0,1
0.98,9.33,11.95,24.39,0.04,0.39,0.5,1.02,91.4,0.89,5.6,4.93,3.04,3.05,2.78,96.1,0.84,9.6,3,110,97.74,95.74,2.73,40,1962,0.42,0,116600,145400,173500,56900,379,570,752,373,694,30.7,19.8,12,0,0,4.19,39.09,76.44,87.93,92.58,7.9,1851.6,3.04,0,1
11.39,18.78,31.59,43.43,1.47,2.43,4.09,5.62,81.29,2.62,6.27,4.86,2.81,2.79,2.88,71.44,7,38,3,693,97.41,72.06,0.58,12.84,1956,0.87,0.18,186700,215600,242300,55600,581,735,905,324,802,26.6,23.3,11.1,0,0,12.94,52.14,60.05,87.88,92.83,9.7,7558.3,1.23,0,2
2.05,2.05,5.37,8.06,0.13,0.13,0.34,0.51,92.26,0.37,2.93,2.29,2.63,2.65,2.28,96.12,0.23,13.76,3,110,97.21,95.52,0,31.82,1945,0,0.18,131800,174900,301300,169500,469,636,833,364,721,22.5,19.7,13.6,0,0,6.27,70.82,69.66,89.21,95.3,2.8,3609.4,2.57,0,1
33.12,34.39,38.85,47.77,0.4,0.41,0.47,0.58,95.37,0.63,3.86,2.73,2.51,2.62,2.22,74.79,1.47,36.07,3,250,95.38,71.53,1.2,48.8,1950,2.48,0.37,34700,44400,57800,23100,170,222,282,112,290,22.4,15.6,12.6,0,0,1.2,89.08,65.9,91.46,96.58,5.7,2278.3,1.52,0,1
17.33,25.52,36.38,39.71,1.31,1.93,2.75,3.01,90.84,0.42,2.43,1.28,2.06,2.45,1.68,59.34,0.61,53.05,2,416,92.83,49.93,0.96,37.74,1941,0.2,0,190700,262200,363800,173100,387,465,570,183,521,21.8,18.4,12.1,0,0,7.57,44.37,39.69,56.72,68.61,2.6,5419.5,1.96,0,1
12.48,20.98,43.76,60.94,0.23,0.38,0.8,1.11,95.4,0.73,4.5,2.93,2.39,2.46,2.3,53.09,2.84,54.74,2,1091,91.67,51.38,5.77,38.59,1958,11.16,0.73,32800,51300,83400,50600,128,198,293,165,294,25.5,17.8,13.2,22,0,1.82,75.65,48.75,80.8,90.64,25.1,1209.9,2.16,0,2
5.06,7.33,16.75,16.75,0.06,0.08,0.19,0.19,96.34,0.37,4.14,2.85,2.47,2.59,2.24,69.29,1.07,37,3,2014,91.13,66.08,1.79,54.02,1939,3.84,0.7,20500,31600,47800,27300,160,218,277,117,285,28.6,16.4,13.7,43,0,1.1,91.12,65.83,91.56,96.06,10.1,5131,1.87,0,1
5.5,11,19.32,21.27,0.19,0.39,0.68,0.75,94.97,0.92,5.17,3.81,2.7,2.82,2.48,66.2,4.77,46.2,3,391,95.59,63.3,1.02,23.79,1976,2.11,0.43,154800,199600,267300,112500,408,477,575,167,533,28.6,27.3,11.4,0,0,3.5,63.57,41.31,74.92,94.45,26.2,884.5,0.21,0,1
2.48,5.45,22.28,26.24,0.05,0.1,0.41,0.48,96.22,0.41,3.75,2.83,2.81,2.91,2.29,87.38,1.89,41.46,3,106,97.37,84.48,0.94,19.81,1981,0.97,0.12,76700,96700,124700,48000,447,502,545,98,538,21.8,22.9,13.7,0,0,1.83,77.91,43.73,77.3,91.75,7.5,1462.5,1.36,0,1
6.67,13.12,13.12,15.42,0.17,0.34,0.34,0.4,95.88,0.52,5.76,3.43,2.34,2.64,1.96,63.26,2.94,57.38,2,440,94.31,56.17,3.41,27.5,1952,5.23,0.52,42000,54800,70500,28500,258,342,410,152,379,28.2,20,14.7,73,14,2.61,75.85,58.4,86.86,95.34,4.4,4217.5,1.53,0,1
0,0,0,0,0,0,0,0,95.89,0.24,3.71,3.08,2.87,2.9,2.77,73.23,2.74,21.15,3,298,94.91,72.34,4.36,37.58,1975,3.71,0.12,50000,59400,73500,23500,308,387,463,155,513,25.5,20.8,12.9,0,0,0.91,71.06,51.7,73.28,93.27,17.4,926,0,0,1
7.53,16.63,23.74,33.16,0.18,0.4,0.57,0.8,95.55,0.67,2.32,1.67,2.46,2.77,1.99,68.12,0.74,38.43,3,974,94.28,60.63,0.51,17.45,1976,0.36,0.07,88700,112700,144500,55800,348,413,486,138,488,19.6,17,11.4,0,0,2.4,58.01,43.63,68.07,82.48,24.7,1610.3,0.04,0,1
13.7,23.23,32.61,36.19,1.44,2.44,3.42,3.8,84.19,1.44,3.5,2.58,2.56,2.69,2.22,75.94,1.21,36.04,3,533,94.47,72.25,1.31,41.46,1970,0.18,0.08,131000,176000,244700,113700,535,650,861,326,731,25.6,21.9,13.5,99,0,10.5,54.55,49.09,66.36,83.73,22.9,1124,5.43,0,1
2.8,4.88,8.09,12.66,0.12,0.21,0.35,0.54,94.47,0.3,4.8,3.74,2.82,3.02,1.94,87.18,0.59,28.9,3,172,97.88,81.35,0.58,36.63,1954,0.35,0.37,176200,204100,248500,72300,389,620,775,386,706,25.1,22.6,14.4,0,0,4.28,81.18,69.29,91.58,96.14,10.3,2191.9,4.79,0,1
16.48,27.94,37.68,49.14,0.92,1.57,2.11,2.76,89.17,1.67,3.82,2.3,2.35,2.35,2.36,56.14,2.59,43.62,3,3973,54.83,56.17,1.51,68.76,1971,2.41,0.25,111300,139700,174700,63400,520,613,706,186,716,27.7,21.4,15.6,0,0,5.61,39.84,44.61,69.47,80.89,6.7,1705,6.62,0,1
8.46,12.78,20.09,28.28,0.38,0.57,0.89,1.25,85.03,2.1,4.84,3.77,2.85,3.01,2.33,80.66,1.31,44.81,3,287,96.91,76.38,3.48,48.43,1969,1.05,0.19,122100,146700,176700,54600,467,556,648,181,615,22.8,23,13.9,0,0,4.43,85.79,62.06,92.01,95.45,21.7,1182,1.17,0,1
8.42,19.65,51.93,67.72,0.2,0.47,1.24,1.61,90.99,1.39,4.69,3.05,2.42,2.45,2.38,61.34,5.01,50.88,2,461,90.38,60.72,2.6,41.43,1971,10.34,0.5,40900,56800,74500,33600,158,268,341,183,339,24.4,19.9,12.5,0,0,2.38,86.04,53.33,80.24,97.63,7.7,1560.3,0.19,0,2
8.85,13.93,23.99,38.09,0.62,0.98,1.68,2.67,70.78,3.29,3.89,2.58,2.45,2.81,2.26,40.63,2.34,60.04,2,1167,93.77,35.47,1.29,27.85,1939,7.44,0.59,101400,118800,140800,39400,244,371,452,208,439,26.7,21.5,15.6,44,0,7,69.75,56.44,87.57,87.85,8,5497.8,1.23,0,1
4.16,9.18,18.21,28.9,0.6,1.33,2.63,4.18,78.45,2.67,4.79,3.77,2.79,2.8,2.76,77.43,5.29,30.65,3,237,96.35,77.22,2.53,27,1968,1.34,0.15,160400,193400,238400,78000,568,655,807,239,744,28,23.1,11.1,0,0,14.47,56.65,52.56,78.22,94.1,5.3,3274.6,5.53,0,2
32.34,43.91,52.06,56.17,6.04,8.2,9.72,10.49,80.07,3.08,3.82,2.23,2.3,2.74,1.99,49.15,2.42,61.27,2,327,94.64,41.15,2.14,39.76,1951,0.8,0.16,144300,174800,220700,76400,512,620,722,210,668,26.2,23,15.3,0,0,18.68,44.24,52.59,72.53,80.78,1.9,6974.3,8.67,0,1
13.24,21.69,28.08,44.75,0.52,0.86,1.11,1.77,90.97,1.71,6.14,4.58,2.67,2.64,2.72,67.14,4.65,47.03,3,1084,88.26,67.82,1.01,40.41,1964,11.5,0.52,35300,51600,73000,37700,236,311,384,148,398,24.5,20.3,13.4,0,0,3.95,75.19,51.94,79.77,93.84,20.1,1102.1,0.29,0,1
21.32,28.55,39.13,47.49,0.29,0.39,0.53,0.65,96.21,0.59,7.36,4.98,2.59,2.71,2.43,57.77,5.49,51.48,2,18744,92.46,55.15,12.56,34.37,1961,5.64,0.53,41100,55700,77000,35900,183,282,368,185,373,27.1,20.3,13.4,309,126,1.36,63.97,53.84,88,89.82,265.3,2300.9,4.69,8.68,2
18.05,22.23,26.32,28.32,0.93,1.15,1.36,1.46,90.27,0.93,3.67,2.69,2.65,2.63,2.67,49.34,1.69,44.66,3,517,92.72,49.67,0.77,46.42,1963,0.74,0.48,130000,160400,199400,69400,492,614,729,237,676,28.2,22.8,12.5,0,0,5.14,37.81,41.02,62.18,64.43,13.4,1447.3,1.14,0,2
9.44,12.78,39.44,56.11,0.13,0.18,0.55,0.79,96.54,0.41,3.27,2.09,2.32,2.36,2.27,55.27,3.17,54.1,2,790,86.82,54.26,2.53,50.89,1965,15.75,0.68,22800,38600,58300,35500,136,193,242,106,277,30.3,20.7,12.2,2,0,1.4,60.32,45.1,69.38,85.27,18.6,689.6,0,0,1
52.08,64.08,74.38,78.5,3.75,4.62,5.36,5.65,91.1,0.87,2.48,1.3,2.19,2.48,2.01,44.89,2.2,60.43,2,1599,89.86,39.71,0.94,45.09,1969,5.05,0.16,46100,64900,89100,43000,242,312,374,132,354,35.1,18.7,11.8,19,0,7.2,54.9,29.96,49.72,82.68,28.2,1299.5,0.24,0,1
17.14,25.15,30.55,35.69,1.41,2.07,2.51,2.94,89.88,0.92,1.77,0.73,1.98,2.22,1.82,45.7,2.25,70.99,2,517,94.66,40.85,0.39,19.34,1960,0.58,0.38,341700,431000,500001,158301,686,863,1001,315,886,23.4,26,11.4,0,2,8.23,40.94,34.59,68.49,77.03,1.5,12277,1.05,0,1
0,0,60.24,60.24,0,0,0.41,0.41,97.88,0.34,3.88,2.65,2.37,2.41,2.31,59.19,3.24,53.01,2,315,94.13,58.15,0.95,58.41,1955,9.04,0.82,34300,49100,73600,39300,135,198,270,135,314,23.2,18.4,13.2,0,0,0.68,81.67,55.82,88.05,93.82,8.2,1487.2,0,0,1
0,12.66,13.5,22.57,0,0.38,0.41,0.68,95.32,0.56,4.92,3.72,2.74,2.97,2.14,78.17,1.35,39.84,3,228,96.12,72.12,0,17.54,1972,0.34,0.2,63400,78600,96500,33100,376,423,467,91,450,20.4,17.8,12.5,0,0,3.03,82.45,55.1,81.62,94.02,7.8,2002.1,0.17,0,1
17.01,22.94,31.96,35.82,0.44,0.59,0.82,0.92,95.71,0.6,3.78,2.51,2.37,2.4,2.32,58.24,3.25,52.9,2,365,94.48,57.47,3.84,36.99,1961,5.88,0.24,35800,47800,66100,30300,210,275,337,127,338,25.4,19,15,13,0,2.56,46,37.99,70.49,82.34,11,1375,0,0,1
8.39,11.87,20.21,29.44,0.36,0.51,0.86,1.25,85.71,1.79,5.62,4.35,2.73,2.76,2.57,83.9,4.32,49.04,3,3690,83.18,82.89,1.49,43.58,1985,2.22,0.11,68300,85500,104700,36400,362,479,714,352,590,33.3,25.3,11.9,0,5,4.26,31.74,31.93,74.4,76.42,63.7,794.8,0.57,0,1
0,2.66,5.33,5.33,0,0.05,0.1,0.1,94.97,0.3,4.35,2.94,2.43,2.54,2.23,66.47,2.29,51.34,2,460,94.96,63.46,3.91,43.7,1947,6.43,0.19,34600,44400,60000,25400,204,258,338,134,356,22.3,16.7,14,0,0,1.92,72.35,54.64,87.93,93.49,11.7,1840.7,0.65,0,2
7.74,15.02,18.16,22.14,0.42,0.81,0.98,1.2,92.14,0.93,4.1,3.32,2.87,3.07,1.93,88.1,0.72,24.91,3,815,93.78,82.36,1.96,13.25,1975,0.48,0.19,94600,117300,144300,49700,365,414,472,107,457,24.6,20.2,11.6,0,0,5.41,72.95,55.44,83.04,90.47,25.5,1382.8,2.9,0,1
11.4,13.54,19.95,21.38,0.4,0.48,0.71,0.76,93.52,1.26,3.24,2.26,2.5,2.73,2.02,74.69,0.73,44.27,3,479,90.72,68.61,0.84,34.03,1955,1.11,0.21,159500,192600,244600,85100,364,566,722,358,610,24.1,24,14.3,0,0,3.55,71.92,64.55,87.03,91.97,33.8,351.4,4.47,0,1
18.08,28.47,33.58,41.02,0.58,0.91,1.07,1.31,91.29,1.03,6.02,3.8,2.49,2.63,2.33,58.32,3.38,51.63,2,3153,93.93,55.41,5.65,32.16,1956,5.79,0.33,36200,48100,63600,27400,284,355,417,133,398,27.1,18.1,13.5,102,3,3.19,73.63,48.5,81.47,92.1,34,3608.4,2.92,11.6,1
9.64,14.11,24.72,32.56,1.12,1.64,2.87,3.78,85.73,2.22,6.13,4.53,2.73,2.97,2.17,76.92,2.09,39.98,3,371,96.7,70.89,1.89,23.18,1964,0.63,0.37,133200,155000,179100,45900,491,679,814,323,729,28.1,22.6,13.8,0,0,11.61,77.33,63.57,78.26,94.78,10.4,2883.6,5.72,0,1
12.69,17.77,28.5,41.59,0.87,1.22,1.95,2.85,84.32,3.38,8.34,5.76,2.6,2.65,2.51,66.27,6.47,56.65,2,3420,86.72,65.01,8.01,60.91,1956,9.37,0.78,19100,30400,45800,26700,130,226,297,167,320,26.9,18.1,13.5,21,1,6.84,63.61,61.64,89.39,94.5,80,734.1,1.07,5.56,2
23.61,35.62,38.63,51.07,0.45,0.68,0.73,0.97,96.02,0.7,9.64,5.65,2.51,2.54,2.48,52.44,6.53,45.28,3,626,86.72,51.82,9.74,48.56,1970,11.96,0.91,35900,50800,70000,34100,115,197,273,158,299,35.1,21.2,13.7,0,0,1.9,68.73,47.63,73.14,80.34,15.8,777.7,0.13,0,2
22.73,33.3,44.73,53.99,1.44,2.11,2.83,3.42,92.81,1.41,3.1,2.27,2.62,2.84,2.17,73.33,1.21,33.23,3,2129,89.52,67.77,0.09,38.47,1981,1.21,0.12,108000,142000,198500,90500,439,501,602,163,586,24.4,23.4,12.5,0,0,6.34,30.65,39.92,53.46,68.75,33.7,1420.2,1.99,0,1
0,0,0,0,0,0,0,0,95.72,0.79,4.47,3.26,2.58,2.59,2.56,70.17,1.38,39.22,3,630,88.98,69.92,5.08,69.68,1942,6.7,0.52,28000,38700,54400,26400,164,215,270,106,319,24.8,16.6,12.8,0,0,1.43,70.77,61.86,88.33,92.22,27.3,484.7,0.65,0,1
11.19,16.23,23.83,28.44,0.67,0.97,1.43,1.71,93.46,1.08,1.43,0.9,1.97,1.98,1.9,79.16,1.38,57.29,2,5497,64.1,78.44,0.15,26.18,1973,2.16,0.07,153200,252600,484200,331000,293,463,637,344,543,26.4,22.6,12.3,0,10,6,10.07,54.53,71.99,75.92,11.4,1718.2,0.24,5.92,1
21.45,31.94,39.19,47.57,3.03,4.52,5.54,6.73,84.12,4.29,4.12,2.15,2.11,2.18,2.01,59.68,4.81,68.26,2,553,90.76,57.68,1.81,26.58,1964,5.45,0.2,75800,91800,119400,43600,376,429,494,118,507,29.4,21.4,12.8,19,0,14.14,21.41,44.98,77.28,80.93,2,5843.6,2.54,0,2
16.18,37.7,50.41,68.21,3.21,7.47,9.99,13.52,61.19,13.15,10.2,7.47,2.83,2.58,2.98,35.32,18.26,75.77,2,1458,86.47,38.68,3.16,14.95,1973,17.87,0.13,52700,67300,89700,37000,224,328,408,184,410,30.2,22.2,12.7,29,5,19.82,33.7,33.71,73.89,79.03,12,2232.9,2.52,0,2
19.08,28.61,33.68,43.17,1.37,2.06,2.42,3.1,89.79,1.22,5.58,4.01,2.67,2.7,2.61,61.32,4.37,38.09,3,900,92,60.47,0.56,16.33,1976,3.78,0.1,72900,87700,104900,32000,373,451,538,165,523,23.7,19.4,12.9,0,0,7.18,43.22,33.84,61.29,78.09,21.5,1288.6,0.35,0,2
18.27,23.98,31.21,44.05,0.77,1.01,1.32,1.86,90.77,1.77,4.17,2.98,2.67,2.88,2.28,70.31,2.61,41.24,3,2040,93.17,65.23,0.39,26.18,1978,1.67,0.13,70300,85700,102000,31700,341,418,520,179,477,24.2,23.1,11.8,12,0,4.23,47.72,43.33,65.11,86.32,27.8,2688.6,3.42,6.67,1
11.93,19.61,27.05,40.5,3.11,5.11,7.05,10.56,15.75,22.83,22.95,19.91,3.78,3.75,3.87,72.25,29.29,63.69,2,2372,78.5,72.85,5.65,19.01,1978,16.21,5.33,18500,29700,47800,29300,111,187,264,153,254,27.4,22.6,13.1,34,0,26.07,57.76,59.7,88.34,92.01,16.4,2013.3,0.39,0,2
8.67,11.56,11.56,18.5,0.09,0.12,0.12,0.2,96.99,0.52,2.9,1.92,2.3,2.28,2.33,66.91,1.81,45.65,3,782,89.22,67.39,2.69,53.45,1960,10.29,0.06,23300,36500,53900,30600,122,206,285,163,296,24.6,21,12.9,20,0,1.06,71.45,55.52,78.05,90.67,12.6,1303.3,0.43,0,1
0,0,0,6.98,0,0,0,0.05,98,0.06,2.91,1.91,2.33,2.54,1.81,78.51,0.78,42.31,3,272,94.55,72.27,1.1,48.9,1953,2.08,0.16,32900,47600,66600,33700,162,222,303,141,268,22.9,19.8,13,0,0,0.76,72.91,59.13,85.23,93.95,14.9,755.9,0.25,0,1
14.7,15.83,17.34,18.47,0.84,0.91,0.99,1.06,91.2,1.23,3.64,2.76,2.63,2.99,2,72.32,1.14,40.29,3,161,96.92,63.62,0,16.77,1966,1.11,0.13,54900,83200,123700,68800,278,431,484,206,461,23,15.5,14.2,0,0,5.73,74.23,63.71,93.46,96.82,4.6,3041.6,0.86,0,1
16.82,32.53,42.36,52.24,3.74,7.23,9.42,11.61,61.05,13.98,13.17,10.02,3.04,2.9,3.2,51.4,16.83,52.39,2,1237,94.15,53.83,0.16,18.84,1972,3.32,0.54,114000,141900,173500,59500,410,505,608,198,548,29.9,23.9,11.3,97,21,22.23,50.06,40.59,73.89,89.18,17.8,3441.4,0.44,0,2
6.36,15,21.65,25,0.1,0.24,0.34,0.39,96.3,0.51,3.39,2.38,2.46,2.57,2.22,70.33,1.82,45.81,3,2940,93.91,67.11,1.97,33.03,1962,3.19,0.31,43100,56000,71600,28500,247,311,383,136,387,25.1,16.9,11.7,7,0,1.57,69.02,54.58,86.51,91.72,81,1386.3,1.28,3.87,1
12.78,31.58,36.09,36.09,0.11,0.28,0.32,0.32,97.67,0.29,2.3,1.5,2.25,2.33,2.13,62.05,1.37,52.49,2,510,92.22,59.99,1.96,48.63,1963,6.61,0.4,39900,56800,85100,45200,180,254,322,142,342,19.6,19.1,12.2,0,0,0.88,75.64,55.88,80.55,89.94,17.3,870.6,0.13,0,1
2.96,9.81,13.37,18.55,0.11,0.37,0.5,0.69,93.4,0.37,3.92,3,2.74,2.91,2.04,85.06,0.77,32.07,3,775,94.9,79.93,2.45,25.16,1970,1.69,0.42,71000,108000,155000,84000,307,385,522,215,479,24.2,19.2,12.7,0,0,3.72,68.33,50.17,82.84,87.84,29.5,1356.3,1.23,0,1
16.5,26.82,39.08,41.38,1.54,2.5,3.64,3.85,83.13,3.28,5.9,4.13,2.58,2.45,2.69,44.32,8.83,67.98,2,433,91.24,46.63,0.92,21.94,1974,1.46,0,133000,171400,220600,87600,461,542,632,171,600,29.3,24.7,12.3,0,0,9.31,57.47,34.54,66.28,90.24,2.4,4832.5,0.75,0,1
22.57,25.49,27.43,31.55,0.33,0.37,0.4,0.46,97.38,0.37,3.39,2.35,2.4,2.55,2.11,69.17,1.59,45.7,3,539,95.53,64.96,2.41,31.35,1961,3.53,0.19,44400,56900,72500,28100,182,251,305,123,304,22.9,16.3,11.6,0,0,1.47,49.57,51.34,74.82,84.85,17,1649.9,0.34,0,1
8.81,12.21,18.08,21.33,0.43,0.6,0.89,1.05,91.63,0.8,5.15,4.28,3.02,3.2,2.38,81.95,1.24,29.21,3,286,93.86,77.14,0.7,11.19,1967,1.46,0.32,111800,139200,165400,53600,511,596,673,162,647,27.1,19.5,13.4,0,0,4.91,47.35,73.17,88.13,92.8,6.9,1915.4,3.24,0,1
10.49,11.73,22.22,28.19,0.14,0.16,0.3,0.39,96.4,0.36,3.32,2.08,2.28,2.56,1.88,66.71,1,45.59,3,1275,91.74,59.51,1.25,28.31,1963,3.97,0.2,46600,61500,84000,37400,189,252,298,109,326,22.8,16.8,12,30,0,1.37,76.07,48.75,74.35,92.02,27.6,1287.8,1.33,0,1
13.35,13.35,20.5,21.58,0.23,0.23,0.35,0.37,95.31,0.39,6.52,4.18,2.47,2.6,2.31,58.67,2.4,48.01,3,966,93.84,55.81,4.24,36.85,1939,9.45,0.47,23100,32100,44200,21100,212,283,351,139,338,27.6,17.3,13.7,44,0,1.72,75.77,50.34,83.6,91.17,11.4,3271,2.02,0,1
16.43,17.31,19.2,20.64,0.61,0.64,0.71,0.76,90.96,0.4,3.65,2.61,2.48,2.66,2.03,76.21,1.13,38.22,3,497,95.18,70.92,1.41,35.01,1959,2.82,0.37,40200,56800,81400,41200,229,289,346,117,360,23.9,17.4,13.5,0,0,3.69,76.01,69.27,86.91,95.63,23.7,1033.9,0.91,0,1
14.47,24.14,31.09,42.23,2.32,3.87,4.98,6.76,71.42,5.93,7.52,5.43,2.72,2.77,2.65,58.88,10.12,53.28,2,1121,96.1,57.73,1.96,22.57,1956,2.45,0.34,169900,213600,285400,115500,479,583,708,229,638,28.4,24,11.1,61,0,16.01,57.07,50.79,87.76,93.17,13,5983.9,2.26,0,1
5.84,7.72,21.28,25.99,0.29,0.39,1.07,1.31,93.37,0.35,4.35,3.56,2.99,3.18,2.08,87.89,0.61,21.02,3,73,97.91,82.61,0,21.92,1966,0,0,203700,242200,309500,105800,400,609,752,352,662,25.7,21.6,11.7,0,0,5.04,64.39,68.25,84.59,93.32,15,700.5,5.25,0,1
14.29,14.29,14.29,14.29,0.09,0.09,0.09,0.09,95.43,0.28,8.98,6.1,2.66,2.59,2.75,54.03,6.61,54.56,2,423,92.08,55.53,14.66,55.32,1951,15.53,0.86,17800,25200,33700,15900,199,260,317,118,342,35.1,20.3,16.7,0,0,0.64,67.87,58.37,91.14,93.49,3.3,4012.2,1.39,0,1
0,0,0,4.5,0,0,0,0.2,93.28,1.41,2.8,1.79,2.27,2.48,2.02,59.2,2.49,53.09,2,193,95.95,54.22,1.55,11.4,1970,0.94,0.63,122700,166200,231700,109000,370,477,599,229,537,31.5,24.1,11.7,0,0,4.41,59.45,40.72,69.78,94,6.3,1679.1,0.29,0,1
15.76,25.82,38.89,50.01,3.52,5.76,8.68,11.16,74.45,3.5,3.82,2.67,2.69,2.79,2.51,64.94,4.83,48.4,3,1964,95.35,62.46,0.15,13.65,1980,0.2,0.16,228600,294700,379600,151000,758,913,1001,243,925,29.3,26.6,12.3,10,0,22.32,39.22,35.2,65.4,80.85,43.8,2516.4,0.61,0,1
14.25,18.72,21.17,26.87,0.61,0.8,0.91,1.15,83.4,1.09,2.64,1.66,2.27,2.56,1.98,56.3,0.94,56.67,2,425,93.94,49.93,3.06,31.06,1945,6.11,0.62,57100,74400,101800,44700,223,316,390,167,359,26,17.2,12.7,0,0,4.31,65.55,46.49,70.52,80.86,14.1,1218.9,0.4,0,1
16.69,28.75,40.25,50.42,4.18,7.2,10.08,12.62,37.64,19.9,11.11,8,2.91,2.95,2.89,42.53,11.27,60.06,2,810,94.61,42.03,5.06,45.19,1947,9.83,1.69,99400,125500,155100,55700,369,486,584,215,568,28.3,24.5,17.1,14,0,25.03,46.32,53.58,83.57,87.13,5,8476.8,4.99,10.34,2
12.05,19.45,23.47,39.96,0.25,0.4,0.48,0.81,96.95,0.39,4.08,2.88,2.56,2.76,2.14,72.48,1.31,41.25,3,237,97.44,67.13,1.27,36.71,1959,1.41,0.11,47600,59300,74800,27200,259,314,372,113,384,22.4,19.5,12.2,0,0,2.04,80.72,55.69,81.87,94.61,7.7,3017.6,0.59,0,1
13.23,21.92,29.39,40.6,1.58,2.61,3.5,4.84,84.59,2.55,7.78,6.35,3.12,3.17,2.97,77.5,5.51,27.4,3,1113,96.64,76.36,0,26.06,1973,0.58,0.2,195600,233000,287200,91600,711,844,978,267,896,30.7,26.2,11.2,11,0,11.91,51.71,46.11,70.46,91.26,34.2,2928.3,0.46,0,1
16.06,19.48,25.09,33.39,1.27,1.55,1.99,2.65,89.63,0.74,3.12,2.35,2.73,2.88,1.98,88.26,0.82,34.87,3,531,96.17,83.77,0,17.33,1979,0.19,0.07,131400,163600,198000,66600,580,692,829,249,754,24.4,22.7,12.3,0,0,7.93,66.87,43.75,63.53,87.86,8.3,4401.5,4.71,0,1
16.05,19.06,26.09,33.78,0.44,0.52,0.72,0.93,95.7,0.3,3.49,2.75,2.76,2.95,2.14,82,0.56,24.3,3,309,96.21,76.75,0.97,19.74,1971,0.25,0.09,83300,104000,130500,47200,386,444,573,187,524,24.2,19.3,11.2,0,0,2.74,62.37,57.04,78.97,86.98,6.5,3337.8,0.93,0,1
7.56,13.89,16.64,19.44,0.32,0.58,0.7,0.81,92.3,0.81,3.49,2.32,2.41,2.63,2.08,65.07,0.86,44.88,3,1356,93.63,59.56,3.1,38.05,1940,3.56,0.28,88200,111100,140900,52700,275,388,469,194,461,26.6,20.8,13.1,22,0,4.19,73.33,57.91,88.1,90.76,42.2,1152.3,3.13,0,1
5.65,14.59,19.76,26.82,0.23,0.58,0.79,1.07,93.14,1.24,7.67,5.91,2.83,2.86,2.76,69.53,4.92,35.78,3,166,95.66,68.77,12.05,37.95,1949,4.73,0.21,75200,94200,120400,45200,409,468,551,142,566,35.1,22.2,14.5,59,2,3.99,58.78,55.45,82.21,88.51,3,3565.8,2.79,0,2
8.49,17.03,27.05,36.48,1.78,3.56,5.66,7.63,71.68,6.37,7.8,6.13,2.96,3.08,2.6,77.43,3.95,37.67,3,246,96.66,74.29,1.22,45.53,1945,1.95,0.48,112300,140700,167900,55600,447,548,648,201,633,25.2,24.2,15.2,0,0,20.92,56,65.08,80.59,93.17,2.8,7547,8.35,0,2
2.95,10.61,17.29,20.83,0.09,0.31,0.51,0.61,94.3,0.45,3.53,2.63,2.69,2.96,1.9,81.71,0.65,36.65,3,353,94.7,74.16,1.42,22.95,1969,1.52,0.2,73300,103600,141700,68400,296,368,470,174,448,24.1,19.4,12.2,0,0,2.94,68.08,49.71,82.44,87.58,6,2890.2,1.06,0,1
7.76,11.85,19.12,26.63,1.15,1.76,2.84,3.96,81.31,3.33,3.37,2.37,2.43,2.77,2,64.02,1.57,57.63,2,752,88.26,56.17,0.13,31.12,1946,0.83,0.25,156500,180000,205700,49200,419,501,600,181,549,22.4,19.7,14.8,0,0,14.87,70.36,72.8,82.67,94.73,2.7,5152.4,8.46,0,1
17.32,27.96,33.54,40.47,4.67,7.54,9.04,10.91,64.12,8.1,5.83,4.37,2.77,3,2.54,53.77,3.87,56.26,2,965,92.82,49.6,1.14,38.24,1939,1.92,0.31,133600,165700,196100,62500,440,535,625,185,619,24.2,22.9,16,0,0,26.96,59.52,61.42,80.94,90.33,9.5,3681.5,10,4.55,1
25.09,30.8,39.72,43.84,3.36,4.13,5.32,5.87,86.19,2.56,3.93,2.85,2.54,2.76,2.09,73.53,1.14,33.06,3,309,96.14,67.77,2.27,21.04,1946,0.71,0.35,222700,321400,490400,267700,579,781,977,398,834,23.8,20.5,13.9,0,0,13.39,44.87,59.51,73.5,81.95,6.3,3150.4,15.49,0,1
40.8,52.11,56.34,61.14,1.88,2.4,2.59,2.81,93.12,0.73,3.65,3.17,3.05,3.13,2.7,84.23,0.85,15.46,3,331,94.94,82.17,0,23.87,1984,0.4,0.14,91000,118600,151000,60000,436,574,696,260,691,25.3,23,12.6,0,0,4.6,28.29,31.95,42.47,58,24.2,787.7,0.09,0,1
10.76,16.15,22.34,31.31,0.35,0.52,0.72,1.01,93.68,0.61,5.49,4.23,2.87,3.12,2.14,81.15,1.81,35,3,1366,93.13,74.72,5.34,64.35,1972,1.2,0.26,81900,104300,131000,49100,410,477,541,131,549,24.5,23.5,14.6,76,0,3.21,45.73,57.16,81.72,88.88,24.1,2234,6.4,0,1
24.58,33.97,44.7,57.71,1.63,2.26,2.97,3.83,80.98,3.63,7.11,4.63,2.61,2.79,2.44,51.58,7.14,54.68,2,2302,89.99,48.26,4,35.84,1974,8.37,0.87,40600,58400,80400,39800,243,312,391,148,391,28.3,19.2,13.3,55,0,6.64,71.5,42.41,70.97,91.18,33.8,1625.5,0.91,0,2
32.58,52.81,60.67,69.66,0.28,0.45,0.52,0.6,96.06,0.89,3.76,2.46,2.31,2.37,2.25,50.7,4.23,56.54,2,468,89.78,49.48,2.14,30.34,1969,13.65,0.11,33300,46800,68100,34800,170,233,293,123,299,35.1,20.4,13.1,57,0,0.86,66.25,35.2,61.68,87.07,6.1,1699,0,0,1
12.69,19.45,28.11,35.96,1.97,3.01,4.36,5.57,81.32,2.38,4.79,3.99,2.87,2.9,2.54,91.67,2.76,19.12,3,224,96.76,90.6,1.34,33.48,1954,0,0,420800,500001,500001,79201,630,887,1001,371,991,26.9,23.5,11.1,0,0,15.5,48.96,66.75,90.38,93.04,9,2157.9,0.22,0,2
14.08,21.89,24.99,31.4,1.87,2.9,3.31,4.16,82.91,1.75,4.35,3.32,2.72,2.86,2.17,83.84,1.17,23.6,3,214,97.37,79.78,0,42.06,1939,0.45,0,160200,199300,249200,89000,466,623,825,359,746,26.9,23.8,14.7,0,0,13.25,53.71,64.77,78.53,85.93,4,5423.3,17.63,0,1
5.57,11.48,13.11,20,0.06,0.13,0.15,0.23,96.39,0.56,3.81,2.64,2.41,2.47,2.26,71.9,1.98,48.54,3,1561,87.3,70.01,2.56,53.75,1957,6.79,0.23,31600,48600,71500,39900,185,261,334,149,346,24.2,16.8,11.7,48,0,1.16,61.26,54.35,77.45,88.56,18,1466,0.16,0,1
11.42,16.2,20.52,26.7,0.57,0.81,1.02,1.33,93.46,0.39,3.68,2.71,2.64,2.87,2.13,74.48,0.81,38.71,3,236,95.31,68.41,0,38.98,1963,0.69,0.14,129500,154400,190400,60900,346,491,605,259,565,22.4,22.5,13.8,0,0,4.97,77.99,61.36,85.68,92.19,23.6,553.2,0.28,0,1
11.9,19.64,19.64,19.64,0.12,0.2,0.2,0.2,96.78,0.43,5.27,3.73,2.6,2.64,2.54,60.02,4.94,42.69,3,602,90.73,59.12,1,53.65,1967,11.78,0.43,34300,50700,73200,38900,106,185,279,173,283,26.9,19.6,12.8,0,0,1.03,81.3,55.98,83.04,92.03,13,1250.2,0.63,0,2
21.2,25.5,33.09,37.1,2.61,3.14,4.07,4.57,83.38,1.87,3.88,2.64,2.51,2.74,2.17,65.04,0.69,41.74,3,304,96.95,59.59,0.99,32.24,1939,0.33,0.12,249900,307800,391700,141800,609,792,946,337,863,24.4,20.6,13.5,0,0,12.31,61.63,64.62,81.87,86.97,4.8,5125.2,13.26,0,1
5.27,9.57,12,17.88,0.45,0.81,1.02,1.52,81.92,3.28,3.22,2.49,2.68,2.86,2.11,80.68,0.95,36.26,3,453,95.96,75.52,1.99,37.53,1962,1.17,0.18,115900,143500,180500,64600,223,351,477,254,430,23.7,22.2,13.1,0,0,8.5,67.42,61.85,86.16,88.43,27.8,1046,1.04,0,2
14.29,21.87,31.65,42.96,0.45,0.69,1,1.35,94.03,1.11,4.22,2.66,2.38,2.56,2.08,66.81,2.66,56.83,2,4836,94.19,62.02,10.94,40.8,1953,4.1,0.44,36700,49500,64900,28200,262,346,410,148,408,27,20.2,13.6,301,16,3.15,74.99,51.05,82.24,90.79,78,2477.6,3.64,0,1
25.89,39.1,45.21,50.09,0.93,1.41,1.63,1.81,94.41,0.78,3.05,2.01,2.43,2.59,2.26,54.65,4.2,50.3,2,615,95.37,51.32,0.33,15.61,1963,4.77,0.18,46900,61800,82200,35300,281,359,423,142,431,27.7,16.9,11.8,0,0,3.6,53.98,42.45,65.78,83.26,11.6,2702.3,0.21,0,1
9.59,13.21,18.02,26.24,1.35,1.87,2.55,3.71,84.44,1.89,4.85,3.01,2.34,2.81,1.78,64.85,2.34,53.15,2,2942,91.61,53.92,0.85,26.78,1968,0.66,0.28,66300,85100,107000,40700,516,614,721,205,672,25.3,19.4,13.6,0,0,14.13,59.18,50.42,69.76,90.89,27.2,2786.6,0.74,1.83,1
4.1,5.47,12.7,21.29,0.15,0.2,0.45,0.76,89.72,0.58,2.56,1.89,2.55,2.72,2.13,76.15,0.95,41.47,3,273,95.35,71.48,2.2,43.96,1959,1,0,138400,166200,196400,58000,346,517,607,261,600,23.8,22.9,12.9,0,0,3.58,77.2,65.56,85.28,95.23,15.1,946.4,1.39,0,1
13.81,18.14,22.8,26.33,1.71,2.24,2.82,3.25,84.41,2.32,3.11,2.13,2.41,2.58,1.96,78.64,0.91,36.19,3,1105,95.58,73.68,0.36,23.35,1951,0.28,0.08,166100,203300,267100,101000,509,618,739,230,687,26.7,20.5,13.7,0,0,12.35,53.65,63.32,85.68,89.15,22.8,2639.6,4.26,4.07,1
18.08,23.26,28.22,34.14,0.77,0.99,1.2,1.45,94.39,0.7,2.68,1.85,2.57,2.84,2.05,72.35,1.53,45.63,3,288,96.73,65.34,0.69,14.58,1968,1.06,0.08,84100,102000,125400,41300,413,472,533,120,487,25,18,11.6,0,0,4.25,69.16,52.34,66.22,89.86,6.9,3228.3,4.44,0,1
6.15,10.38,12.31,24.62,0.12,0.19,0.23,0.46,95.98,0.82,3.53,2.25,2.32,2.45,2.08,68.34,1.88,54.83,2,618,90.46,64.74,1.29,37.06,1958,4.25,0.83,38000,52600,71200,33200,192,248,322,130,331,25.9,19.5,13.1,1,0,1.87,46.92,48.61,77.65,85.04,7.9,1755.1,0,0,1
14.48,17.07,19.31,29.31,0.35,0.42,0.47,0.71,95.27,0.42,3.19,2.32,2.55,2.72,1.95,82.63,1.76,40.5,3,269,97.18,77.33,0.74,14.5,1958,0.22,0.23,67000,78000,91300,24300,422,478,551,129,504,24.5,20.3,11.8,0,0,2.44,75.74,61.47,86.26,93.36,6,3993.4,3.31,0,1
12.48,21.28,28.33,32.74,0.83,1.41,1.87,2.16,86.74,2.14,9,7.32,3.04,3.03,3.07,73.31,7.97,36.03,3,808,95.35,73.59,2.23,24.63,1981,4.22,0.34,84100,105400,133200,49100,392,468,578,186,545,32.6,25.9,12.7,0,0,6.61,56.13,37.81,65.27,91.74,50,1007.4,0.15,0,1
41.5,54.01,58.93,66.63,1.45,1.89,2.06,2.33,92.39,0.78,3.43,1.97,2.31,2.58,2.09,51.1,3.17,56.02,2,676,93.9,45.82,0.59,34.76,1962,4.33,0.49,52700,66900,85700,33000,226,297,381,155,343,32.4,18.8,11.2,10,0,3.5,40.39,33.89,54.09,77.11,11.5,2312.6,0.3,0,1
6.8,8.8,8.8,13.2,0.26,0.34,0.34,0.51,95.7,0.14,4.05,2.77,2.32,2.32,2.31,66.02,3.4,62.11,2,876,86.13,65.93,1.14,25.57,1973,8.49,0.11,46000,64500,90000,44000,193,305,382,189,369,28.7,22.6,12.2,0,0,3.86,35.04,41.24,69.69,80.09,7.7,1690.2,0,0,1
23.97,38.84,54.55,59.5,0.24,0.39,0.55,0.6,97.4,0.18,3.72,2.48,2.42,2.74,1.92,68.61,1.97,54.8,2,236,95.39,60.52,0.42,29.24,1956,2.77,0.31,53700,67200,83600,29900,266,323,388,122,361,21.1,18.1,11.6,0,0,1.01,73.36,60.91,89.92,94.54,3,3978.2,1.23,0,1
0,0,0,41.94,0,0,0,0.22,96.98,0.49,4.02,2.98,2.74,3,2.12,77.37,2.11,39.06,3,177,95.92,70.67,0.56,33.9,1972,1.03,0.48,73100,86200,98600,25500,354,445,498,144,487,23.7,22.4,12.1,0,0,0.53,79.72,52.94,75.59,93.54,27.4,428.6,0.59,0,1
0,0,0,0,0,0,0,0,98.07,0.08,3.14,2.43,2.62,2.69,2.44,75.46,1.61,32.35,3,240,94.48,73.62,1.25,37.92,1968,5.23,1.03,43000,55100,73700,30700,141,213,284,143,297,23.1,17.6,12.3,0,0,0.36,76.55,54.47,84.35,92,13,828.9,0.47,0,1
40.21,59.79,76.29,76.29,0.26,0.38,0.49,0.49,96.7,0.73,3.48,2.38,2.35,2.38,2.27,68.51,2.72,55.6,2,398,94.14,67.42,2.51,63.07,1955,8.36,0.9,27000,40600,56800,29800,168,229,283,115,322,24.3,19.1,13.8,4,0,0.64,74.03,62.54,88.43,92.73,12.1,1256.4,0,0,1
20.13,31.42,40.16,51.15,4,6.24,7.98,10.16,69.36,9.22,9.52,6.88,2.81,2.84,2.78,57.01,11.2,54.2,2,558,97.01,56.43,1.43,14.87,1965,3.12,0.33,163900,201700,260700,96800,549,634,751,202,685,28.4,23.5,11.8,21,2,19.86,50.16,48.58,71.6,91.08,7.6,6759.8,1.75,0,2
34.21,46.84,60.53,66.32,0.41,0.56,0.73,0.8,95.28,0.28,3.2,1.93,2.21,2.26,2.16,57.37,2.16,55.85,2,931,87.75,56.21,3.97,41.14,1961,10.54,0.55,27000,40100,62100,35100,137,206,266,129,283,26.9,19.4,13.9,11,0,1.2,72.28,48.32,75.22,93.62,13.2,1196.7,0.19,0,1
14.06,17.55,21.49,22.11,1.31,1.63,2,2.06,87.62,0.57,4.2,3.66,3,3.02,2.8,92.33,1.15,14.61,3,112,97.21,91.78,1.79,33.04,1959,0.15,0.42,182200,214300,260700,78500,622,855,1001,379,991,28.3,23.7,15.8,0,0,9.31,55.24,66.51,84.09,91.08,8.9,1345.8,4.71,0,1
19.68,31.41,39.3,52.44,3.24,5.17,6.47,8.64,67.31,10.63,11.3,8.48,2.93,2.81,3.08,53.22,14.05,52.35,2,487,95.17,55.49,2.05,25.87,1973,6.27,0.43,56700,71500,91500,34800,248,329,389,141,407,30.3,22.6,12.3,112,9,16.41,56.61,42.25,78.67,91.39,11.6,2538.9,0.31,0,1
20.42,31.11,41.22,52.37,5.62,8.57,11.35,14.42,64.2,9.66,10.5,6.38,2.53,2.63,2.45,48.08,13.13,68.74,2,2833,94.66,46.27,3.46,25.94,1954,2.31,0.38,187400,284100,431800,244400,455,573,732,277,630,29.8,25.1,11.8,220,14,27.53,39.13,45.87,80.95,84.68,23.8,5524.4,5.5,18.02,2
3.41,3.41,5.91,7.17,0.07,0.07,0.12,0.14,92.85,0.67,4.56,3.06,2.42,2.57,2.15,67.31,1.38,43.94,3,1089,91.26,63.28,9,51.79,1939,2.83,0.33,20000,29100,39700,19700,140,201,260,120,274,28.9,19,14.5,43,0,1.97,86.17,66.85,91.52,95.11,8.8,3206.2,2.25,0,1
12.89,31.44,31.44,55.67,0.14,0.35,0.35,0.62,96.65,0.36,4.3,3.1,2.58,2.72,2.37,63.52,2.75,39.72,3,274,95.97,60.22,1.09,48.91,1973,3.91,0.49,53000,69300,87700,34700,132,278,374,242,372,25.8,17.8,12.9,0,0,1.12,77.18,51.01,81.3,89.53,10.9,1589.7,0,0,2
7.81,7.81,7.81,12.01,0.18,0.18,0.18,0.28,95.39,0.44,1.76,1.27,2.41,2.56,1.92,80.7,0.45,39.42,3,215,96.43,75.86,0.47,22.33,1966,0.88,0.2,65900,82700,99300,33400,316,441,513,197,518,23.9,20.2,11.9,0,0,2.32,84.48,60.62,89.92,93.82,20.8,691.2,0.85,0,1
3.45,3.45,6.47,6.47,0.07,0.07,0.14,0.14,94.57,0.44,4.08,2.58,2.32,2.42,2.23,52.67,1.28,56.95,2,449,90.38,50.64,3.12,65.26,1939,5.57,0.39,21900,31100,41100,19200,140,211,270,130,284,30.6,21.4,15.5,16,0,2.17,79.94,57.16,83.7,90.44,2.2,4859.5,2.1,0,1
6.36,6.36,17.27,23.64,0.07,0.07,0.19,0.26,96.41,0.3,3.12,2.02,2.31,2.39,2.19,64.03,1.67,50.51,2,331,91.17,61.92,3.63,58.31,1962,8.95,0.56,31400,45800,62900,31500,136,205,267,131,295,24.6,16.8,12.3,0,0,1.1,69.52,48.83,70.2,84.99,11,912.4,0,0,1
14.47,19.66,23.31,29.49,0.62,0.85,1.01,1.27,93.4,1.46,5.71,3.26,2.21,2.25,2.16,53.99,3.53,64.38,2,1013,86.89,52.94,1.18,40.57,1967,11.19,0.63,38800,51100,69900,31100,243,331,413,170,398,28.2,21.7,11.8,14,0,4.32,35.95,40.43,69.42,82.86,10,1651.7,0.29,0,2
12.09,15.02,17.58,25.27,0.08,0.09,0.11,0.16,97.2,0.36,6.42,3.93,2.43,2.65,2.21,55.26,4.38,65.73,2,1798,90.59,50.78,11.12,47.55,1939,8.43,0.58,30500,41600,55800,25300,177,248,320,143,305,26.1,17.5,12.7,58,1,0.63,73.59,52.39,81.44,89.4,13.7,3156.1,6.97,0,2
22.89,46.77,55.47,60.95,0.57,1.16,1.37,1.51,95.17,0.69,2.83,1.85,2.33,2.69,2.01,55.64,1.76,56.6,2,327,94.56,48.36,0.61,47.71,1969,2.59,0.27,42600,56200,71100,28500,186,266,332,146,301,29.5,17.7,11.6,0,0,2.47,60.99,31.73,52.92,80,10.8,1509.8,0.15,0,1
10.71,10.71,10.71,10.71,0.06,0.06,0.06,0.06,97.63,0.23,3.37,2.6,2.67,2.72,2.53,72.37,2.28,38.99,3,634,89.92,70.89,4.73,64.67,1971,5.4,0.33,41400,55200,73500,32100,188,260,350,162,342,22.3,19.2,12.6,20,0,0.55,68.58,48.61,78.88,91.53,18.9,810.2,0.24,0,1
9.04,19.45,34.98,39.36,0.23,0.48,0.87,0.98,94.48,0.98,8.98,6.39,2.71,2.92,2.33,69.71,3.28,43.24,3,828,95.08,64.81,2.17,33.21,1963,4.79,0.14,47600,63400,85300,37700,222,293,370,148,364,22.9,16.8,11.6,32,1,2.49,55.31,48.64,74.18,81.44,15,2923.1,16.97,0,1
14.71,23.73,31.94,40.45,0.72,1.15,1.55,1.97,89.59,1.53,7.86,5.45,2.65,2.81,2.4,64.5,5.23,61.09,2,32605,76.79,60.89,4.24,18.79,1980,4.2,0.11,68800,86500,109700,40900,333,396,494,161,470,27,23.5,12,217,86,4.86,29.96,36.34,68.74,72.69,112.5,2560.8,0.9,2.6,2
9.52,27.24,39.9,48,0.71,2.02,2.96,3.57,89.54,1.52,3.46,2.32,2.5,2.84,1.95,70.33,1.19,46.59,3,375,93.5,61.96,0.27,27.2,1968,0.28,0.19,159400,197600,249600,90200,526,692,862,336,734,26,22.7,14.1,0,0,7.42,63.56,54.04,73.89,87.31,21.3,664.7,0.76,0,1
8.89,12,12,17.78,0.16,0.21,0.21,0.31,94.53,1,5.29,4.21,2.8,2.92,2.4,79.84,2.86,33.35,3,163,96.51,76.5,3.07,61.96,1963,2.35,0.47,34300,46500,60900,26600,242,307,350,108,376,26.6,17.4,12.7,0,0,1.77,85.3,66.76,92.74,96.95,35.9,355.3,0.48,0,1
10.54,15.29,17.98,25,0.44,0.64,0.75,1.04,95.08,0.81,4.32,3.41,2.9,3.31,1.89,81.04,1.64,35.36,3,177,95.72,70.93,0.56,11.86,1975,1.26,0.17,76400,89700,106400,30000,409,433,465,56,484,23.5,15.8,14,0,0,4.16,78.93,60.19,91.01,94.24,6.7,1734.9,0.76,0,1
0,19.76,24.94,32.24,0,0.46,0.59,0.76,93.83,0.23,3.72,2.58,2.31,2.25,2.52,74.9,5.78,76.07,2,5055,60.38,76.94,5.66,25.74,1979,9.34,0.52,48300,57700,71100,22800,252,305,379,127,400,28.3,23.4,13.9,0,1,2.34,20.91,42.29,58.81,74.73,17,1063,0.29,0,1
13.91,21.87,33.36,43.05,4.28,6.72,10.26,13.24,60.17,6.15,9.26,6.55,2.78,2.91,2.59,62.91,11.59,52.24,2,3641,96.47,60.14,1.32,19.36,1959,0.81,0.42,237400,288000,367500,130100,585,695,879,294,749,27.4,25,11.5,217,122,30.76,48.31,53.89,73.5,89.99,61.9,4522.6,11.51,0,1
9.19,14.91,18.22,29.67,0.59,0.96,1.17,1.91,90.9,1.29,4.08,2.81,2.55,2.72,2.23,69.26,1.36,37.83,3,160,96.2,64.85,0,33.12,1954,0.79,0,144300,166700,192100,47800,370,547,721,351,631,24.3,22.4,15.7,0,0,6.43,71.7,57.29,85.97,90.44,5.4,1902.6,1.47,0,1
0,5.46,34.43,42.08,0,0.05,0.34,0.41,96.89,0.45,5.06,3.57,2.52,2.54,2.5,56.76,3.81,43.33,3,513,93.26,56.42,2.34,40.35,1966,10.14,0.34,32600,49800,77400,44800,112,184,259,147,286,27.8,21.3,15.7,2,0,0.98,80.78,57.46,85.75,92.75,12.5,1493.3,0,0,2
33.79,45.45,47.63,51.78,0.74,1,1.05,1.14,96.55,0.36,3.76,2.67,2.51,2.63,1.9,88.02,0.63,38.15,3,445,95.26,84.15,1.35,40.45,1944,0.85,0.15,77400,98100,143900,66500,326,452,646,320,530,26.8,19.3,12.6,0,0,2.2,66.74,66.54,82.78,91.81,6.1,3761,2.07,0,1
11.53,20.84,28.07,35.25,0.33,0.6,0.81,1.02,94.8,0.65,3.88,2.79,2.58,2.65,2.48,60.89,2.72,41.34,3,3950,92.63,59.25,1.22,27.29,1966,5.23,0.27,63000,78200,97700,34700,303,385,471,168,470,26.1,22.4,13.2,18,1,2.88,47.36,45.63,66.09,77.87,53.7,2492.2,2.38,8.82,1
24.04,24.04,27.32,49.18,0.3,0.3,0.34,0.61,96.38,0.58,2.15,1.46,2.34,2.53,1.88,75.76,1,47.81,3,248,96.17,69.91,0.4,39.92,1956,2.62,0.08,34700,46800,65700,31000,183,258,325,142,300,20.8,15.2,12.1,0,0,1.24,79.52,55.78,83.56,93.56,9.3,1593,0.25,0,1
15.03,20.93,26.3,34.7,0.17,0.24,0.3,0.39,94.66,0.46,7.79,5.42,2.63,2.64,2.61,56.95,5.54,48.37,3,2214,89.12,56.64,15.31,50.14,1962,10.81,0.64,35600,54300,80300,44700,148,233,338,190,332,30.6,19.3,14,49,0,1.14,79.15,53.03,85.09,91.36,25.6,1919.6,2.96,4.82,2
7.03,9.13,17.13,21.08,0.27,0.36,0.67,0.82,93.96,0.69,5.23,4.07,2.82,2.92,2.59,70.31,3.17,39.81,3,866,96.63,67.75,2.19,24.25,1962,2.6,0.31,37200,48400,63900,26700,294,387,444,150,457,23.2,15.9,12.8,0,0,3.9,74.75,59.51,91.92,94.73,24.5,2894.5,0.69,4.76,1
0,0,0,0,0,0,0,0,97.61,0.32,2.68,1.88,2.38,2.42,2.31,69.51,1.22,51.99,2,360,92.2,68.48,4.17,56.94,1943,9.98,0.26,27900,38100,50400,22500,142,188,238,96,276,28,15.7,11.8,0,0,0.28,84.48,58.35,86.25,93.1,3,3623,0.11,0,1
15.91,25.86,37.12,44.62,0.94,1.53,2.19,2.63,90.27,1.37,5.36,3.69,2.68,2.84,2.5,55.96,4.89,47.7,3,11451,87.84,52.81,5.83,42.75,1976,3.4,0.55,81700,109700,143300,61600,412,528,692,280,564,24.8,22.6,11.4,310,34,5.9,26.62,37.54,68.86,75,1758.8,128.7,2.42,6.02,2
19.83,32.14,48.19,65.61,2.5,4.05,6.08,8.28,80.23,4.9,5.27,3.3,2.44,2.73,2.26,41.68,7.96,64.72,2,7823,88.99,37.15,1.05,20.93,1976,6.09,0.35,63400,79400,102900,39500,351,424,524,173,485,23,20,12.2,0,0,12.62,52.32,35.53,67.51,82.91,70.1,2213,1.5,5.04,1
5.54,14.05,17.7,23.38,0.16,0.42,0.52,0.69,95.12,0.05,3.68,2.22,2.36,2.7,1.96,61.53,1.34,48.05,3,1063,90.11,53.67,0.85,52.49,1959,2.28,0.29,85600,108800,151100,65500,315,408,499,184,475,27.6,18.9,12.8,1,0,2.96,71.72,47.93,71.42,84.67,29.4,848.9,1.64,0,2
0,5.78,10.02,10.02,0,0.24,0.41,0.41,87.51,0.22,4.28,3.7,3.07,3.12,2.33,94.74,0.25,13.02,3,159,96.17,93.07,0,50.31,1976,0,0,151700,199500,258600,106900,441,760,930,489,849,26.1,23.1,12.5,0,0,4.13,48.42,60.17,82.33,85.46,34,369.3,0.39,0,1
14.32,24.22,28.91,38.8,0.15,0.25,0.29,0.4,96.35,0.47,4.49,3.02,2.42,2.46,2.36,64.73,2.72,50.87,2,2586,85.37,63.75,3.75,54.83,1959,10.98,0.42,26900,40300,59400,32500,157,229,290,133,298,27.7,19.6,13.5,73,0,1.02,69.79,50.52,83.12,93.06,35.7,1055.8,0.07,0,2
0,1.72,8.02,9.74,0,0.03,0.12,0.14,95.85,0.35,4.49,3.29,2.71,2.96,2.28,68.84,1.51,39.8,3,201,97.74,62.96,0.5,25.87,1967,1.46,0.32,62500,73100,90400,27900,320,391,444,124,455,23.8,20.4,13,2,0,1.46,84.14,52.47,82.5,94.86,10.4,2302,0.28,0,1
25.18,40.06,51.68,60.85,0.67,1.06,1.37,1.61,78.51,1.47,5.44,3.53,2.5,2.75,2.23,58.49,4.61,51.49,2,4053,89.96,53.34,5.5,45.5,1971,6.12,0.67,41900,66000,94200,52300,198,254,327,129,333,24.2,18,13.1,46,1,2.65,79.32,49.61,79.34,92.78,42.4,2226.3,2.16,11.7,2
0,0,5.88,15.97,0,0,0.04,0.12,97.71,0.18,2.74,1.83,2.36,2.48,2.15,69.11,0.88,49.57,3,369,94.68,65.97,2.44,32.25,1951,5.33,0.53,38200,50200,69300,31100,194,244,295,101,309,24.7,19.5,12.4,0,0,0.76,86.58,57.93,88.5,95.75,7.1,2223.9,0.29,0,1
9.32,15.41,25.09,27.96,0.1,0.17,0.28,0.31,97.38,0.34,3.23,2.5,2.67,2.79,2.38,73.58,1.36,35.22,3,383,96.07,70.34,2.09,27.68,1968,2.74,0.38,63100,77400,96400,33300,303,368,430,127,445,24.1,20.4,12.3,0,0,1.1,78.41,50.71,87.03,93.54,38.2,661.4,1.69,0,1
31.82,31.82,54.04,57.07,0.28,0.28,0.47,0.5,97.11,0.81,4.98,3.51,2.52,2.55,2.48,60.14,3.94,51.85,2,1154,88.29,59.4,3.81,50.17,1962,7.8,0.42,28100,42700,60800,32700,152,255,325,173,334,27.1,17.3,14.6,8,14,0.87,46.52,56.75,80.32,86.84,17.2,1315.1,0.11,0,2
14.75,17.74,22.56,25.63,1.55,1.87,2.37,2.7,86.55,1.99,3.67,2.86,2.67,2.9,1.87,83.89,0.79,32.21,3,67,98.41,77.02,0,49.25,1956,0,0.17,181800,213300,249900,68100,536,717,882,346,754,25.8,22.3,13.8,0,0,10.52,67.5,65.22,84.91,93.85,4.4,2756.1,6.25,0,1
11.75,13.31,28.17,38.68,0.46,0.52,1.1,1.51,94.49,0.47,3.31,2.91,3.07,3.15,2.38,91.93,0.34,9.37,4,418,96.24,89.58,0.96,24.64,1978,0.12,0.11,119800,145100,189100,69300,454,530,728,274,631,23,20.4,10.8,0,0,3.91,37.88,49.69,72.86,74.16,15.9,2067.7,0.29,0,1
12.22,13.14,16.84,37.78,0.35,0.37,0.48,1.07,94.66,0.89,4.66,3.05,2.38,2.43,2.31,59.49,3.54,49.1,3,1875,88.23,58.3,1.92,38.61,1965,8.75,0.41,35000,49800,72500,37500,178,279,361,183,364,26.3,19.3,13.1,45,24,2.83,45.78,49.38,76.1,82.17,16,2144.9,0.05,0,2
13.23,22.54,35.83,47.03,1.31,2.23,3.54,4.65,76.74,5.64,9.02,4.86,2.3,2.42,2.25,31.93,8.77,67.53,2,5895,72.74,30.4,13.66,57.59,1955,11.49,0.98,54300,73400,100700,46400,215,394,517,302,434,28.2,19.7,15.8,594,22,9.89,49.49,53.85,81.22,86.35,11.8,3230.5,25.65,0,2
19.99,38.64,50.92,62.99,4.32,8.36,11.01,13.62,72.17,7.29,7.56,5.17,2.66,2.64,2.68,40.54,11.3,63.69,2,968,94.98,40.93,1.24,13.84,1970,1.23,0.23,190900,254500,310500,119600,621,701,851,230,746,28.2,24.6,11.4,32,10,21.63,37.32,32.17,69.29,78.7,11.7,4333.9,2.3,0,1
13.1,19.41,28.47,33,1.43,2.11,3.1,3.59,80.79,4.31,8.07,6.59,3.08,2.87,3.29,45.76,11.36,42.76,3,233,96.86,49.19,2.58,19.31,1973,4.27,0.27,71700,89800,112100,40400,321,377,448,127,446,26.9,21.8,12.1,19,0,10.89,42.85,34.22,63.89,75.03,5.3,4169.5,0.39,0,2
11.11,14.39,16.76,21.49,0.52,0.67,0.79,1.01,93.68,0.62,4.93,3.07,2.38,2.75,1.71,74.42,0.87,41.43,3,198,96.13,64.33,2.02,26.26,1939,1.61,1.23,85200,106500,128900,43700,390,469,550,160,535,25.9,22.3,15.4,0,0,4.69,79.28,61.84,84.57,94.37,1.2,9600,15.85,0,1
20.29,33.33,33.33,42.03,0.58,0.96,0.96,1.21,86.32,0.74,5.29,3.87,2.58,2.73,2.26,70.46,1.6,38.07,3,172,96.41,66.4,0,30.81,1969,6.47,0.5,79000,96800,125100,46100,358,454,524,166,521,23,19.3,11.5,43,0,2.88,81.32,60.33,85.97,92.19,20.7,580.7,1.03,0,1
1.91,6.28,9.29,10.66,0.02,0.06,0.09,0.1,93.67,0.66,4.85,3.23,2.48,2.61,2.21,70.96,1.65,44.89,3,802,95.1,67.48,2.37,48.88,1939,4.81,0.46,24500,32600,43600,19100,198,268,329,131,312,29.2,17.3,14.3,26,0,0.94,88.91,63.14,88.46,96.22,10.8,3613.2,1.55,0,1
20.39,31.82,41.18,46.28,0.83,1.3,1.69,1.89,93.12,1.62,4.62,2.91,2.36,2.5,2.22,52.71,4.04,63.24,2,625,92.02,49.74,4.32,32.32,1950,9.1,0.5,32900,48200,67700,34800,192,261,331,139,318,27.2,20.1,13.1,84,2,4.09,44.03,41.64,71.32,80.76,17,1043.6,1,0,1
7.78,7.78,10.44,10.44,0.33,0.33,0.45,0.45,81.57,1.46,3.28,2.65,2.74,2.91,2.01,85.9,0.59,32.36,3,106,97.24,80.8,2.83,43.4,1959,0.13,0,116500,146600,184000,67500,252,433,575,323,518,23.6,21,14.5,0,0,4.29,74.45,68.04,92.06,93.3,24.9,421.5,1.09,0,1
5.74,8.65,16.44,23.17,0.34,0.51,0.97,1.36,88.67,1.23,4.69,3.57,2.79,2.95,2.22,81.66,1.42,42.84,3,712,92.81,76.98,4.49,53.23,1968,0.83,0.15,127500,150300,182300,54800,472,605,701,229,646,24.8,23.5,13.6,0,0,5.88,7.85,61.74,75.94,77.59,25.6,1006,0.33,0,1
27.84,43.36,50,58.77,5.26,8.19,9.44,11.1,64.38,12.31,12.78,9.02,2.7,2.42,3.29,61.18,11.68,65.56,2,135,97.26,68.16,2.22,31.11,1970,6.33,0.53,43300,51900,66300,23000,265,335,388,123,402,27.6,22.8,12.4,18,0,18.89,40.35,46.81,72.38,83.28,4.4,3071.5,0.73,0,1
18.31,29.75,40.91,51.03,6.53,10.61,14.59,18.2,43.52,14.19,13.97,10.88,3.22,3.28,3.19,36.12,29.07,73.7,2,470,96.92,35.46,1.49,23.4,1962,4.6,0.4,90300,114700,141900,51600,346,441,539,193,476,29.7,23.7,10.9,0,10,35.66,34.95,37.65,69.74,75.56,7.8,6919.5,6.02,0,2
19.67,21.05,26.87,28.81,0.56,0.6,0.76,0.81,94.24,1.19,4.07,3.09,2.72,2.84,2.3,80.91,1.22,36.79,3,752,86.1,77.42,0.93,68.35,1965,1.05,1.61,151400,174800,215400,64000,488,640,750,262,775,28.7,24.7,13.5,46,0,2.83,62.52,54.9,73.72,89.19,16.9,756.9,0.87,0,1
13.98,13.98,24.58,42.37,0.21,0.21,0.37,0.64,96.12,0.55,24.41,20.8,3.7,3.82,3.36,77.74,6.47,30.29,3,126,97.02,75.44,3.97,46.83,1969,1.81,0.5,52500,64300,77900,25400,252,304,378,126,384,24.4,21.3,12.3,0,0,1.5,78.03,59.24,85.85,91.48,6.4,2469.5,0.89,0,1
17.36,26.49,32.04,39.73,1.14,1.74,2.11,2.61,90.62,1.43,4.47,3.36,2.74,2.82,2.56,69.24,3.57,32.77,3,846,96.06,67.14,1.18,12.88,1970,0.72,0.11,181600,217300,264100,82500,555,680,839,284,762,27.8,25.9,11.8,41,0,6.58,56.66,46.26,76.73,90.54,20.3,2789.6,1.55,0,1
12.5,12.5,12.5,22.5,0.09,0.09,0.09,0.16,97.41,0.34,3.89,3.02,2.68,2.76,2.56,62.03,2.31,43.49,3,137,96.74,60.28,5.11,35.04,1960,6.9,0.12,44100,55600,70400,26300,191,270,338,147,361,25.6,17.4,12.2,0,0,0.73,69.94,55.26,79.49,94.39,8.4,1306.8,0.2,0,1
0.48,0.48,1.44,3.64,0.04,0.04,0.12,0.3,78.88,2.67,3.78,3.03,2.73,2.86,2.1,87.28,0.95,30.5,3,204,96.92,83.43,3.43,39.22,1956,0.56,0.2,117300,141400,167700,50400,256,441,544,288,513,23.1,17.8,13.1,0,0,8.25,79.21,78.11,95.74,96.64,8.4,2100.6,0.39,0,1
16.4,27.69,33.52,40.54,1.64,2.77,3.35,4.05,86.09,3.4,3.45,2.08,2.04,1.9,2.28,57.94,4.86,83.88,2,2295,88.35,62.33,0.61,26.27,1976,3.59,0.18,71800,89900,113900,42100,346,435,532,186,500,31.4,25.7,11.4,48,0,9.99,33.33,36.1,66.22,87.7,18.2,1982.8,0.29,0,2
22.51,38.33,52.62,61.06,0.66,1.12,1.54,1.79,95.34,0.86,3.24,1.98,2.38,2.63,2.15,52.6,2.5,53.5,2,1598,91.46,47.57,2.32,20.34,1974,5.05,0.43,57400,78200,103800,46400,263,326,393,130,388,27.2,20.9,13.1,44,2,2.93,63.58,36.57,65.04,84.18,31.5,1428.3,0.09,0,2
22.57,29.11,38.49,44.69,2.58,3.33,4.41,5.12,87.4,1,4.93,2.86,2.31,2.6,2,57.49,2.58,58.32,2,1210,95.85,51.06,1.24,27.11,1939,1.28,0.41,113500,184800,291800,178300,471,584,719,248,636,27.9,20.8,12.9,43,12,11.46,48.18,44.94,74.19,78.07,8,9117.7,21.73,0,1
0,0,0,10.66,0,0,0,0.26,94.61,0.87,8.34,5.67,2.65,2.81,2.47,56.47,4.03,50.51,2,398,91.47,53.23,8.29,42.71,1939,11.06,0.56,15800,22700,31100,15300,189,257,306,117,325,32.2,17.4,14.5,0,0,2.4,73.05,61.23,95.09,96.45,2.8,4093.3,3.88,0,1
4.77,6.14,9.77,9.77,0.18,0.24,0.38,0.38,94.3,0.78,4.71,3.31,2.58,2.72,2.25,73.6,1.71,43.97,3,461,90.48,69.72,1.74,60.09,1939,3.86,0.76,78000,94900,118600,40600,234,374,452,218,437,27.6,22.7,12.7,0,0,3.84,79.15,57.01,82.17,94.05,33.8,339.3,0.32,0,2
12.79,21.41,26.26,35.85,0.39,0.66,0.8,1.1,94.21,0.99,3.35,2.22,2.39,2.65,1.98,67.24,1.77,45.78,3,873,94.09,60.6,0.34,21.42,1970,2.05,0.13,80400,97700,127000,46600,293,379,481,188,429,27,22.3,11.8,0,0,3.07,37.11,45.47,67.85,84.19,12.8,2636.6,2.57,0,1
5.79,10.13,10.13,15.13,0.23,0.4,0.4,0.6,94.14,0.51,3.44,2.53,2.58,2.7,1.82,90.14,0.34,36.08,3,165,97.81,86,1.21,32.12,1961,0.2,0,80000,99900,125000,45000,449,512,577,128,573,27.9,19.1,12.7,0,0,3.94,74.59,60.19,90.52,93.54,5.4,3554.2,19.22,0,1
5.77,8.25,11.95,14.72,0.37,0.53,0.77,0.94,89.48,1.04,6.07,4.9,2.96,3.02,2.56,88.96,1.3,35.49,3,717,93.94,87.22,2.65,54.11,1974,1.22,0.13,119100,143100,171700,52600,487,592,718,231,676,30.6,26.6,16,0,0,6.42,59.5,52.08,67.35,91.09,103.7,320.6,3.61,0,1
5.61,11.46,26.2,38.13,0.37,0.76,1.74,2.54,87.65,0.92,4.19,3.31,2.77,2.85,2.67,55.45,4.73,43.46,3,553,89.33,53.88,0.54,29.66,1979,7.19,0.1,61600,85000,111700,50100,254,312,397,143,400,24.5,22.8,11.4,0,0,6.66,33.15,35.04,55.12,64.61,11.8,1084.5,0.24,0,2
3.27,16.33,16.33,29.39,0.05,0.24,0.24,0.43,97.53,0.3,3.12,2.29,2.51,2.59,2.35,67.11,1.7,38.58,3,512,92.81,64.92,1.95,35.74,1965,9.48,0.15,38500,55800,79400,40900,151,230,304,153,304,25,18.7,12.9,0,0,1.46,65.09,51.62,75.51,87.02,23,730.1,0.28,0,1
12.96,17.23,22.25,27,2.14,2.84,3.67,4.46,80.54,1.73,2.32,1.51,2.34,2.62,1.96,65.18,3.26,46.66,3,215,97.92,58.31,1.86,28.37,1962,0.7,0.06,329300,408200,492000,162700,607,697,888,281,734,27.6,25,12.2,5,0,16.5,51.64,52.49,78.09,90.27,4.7,5142.2,4.68,0,1
7.2,13.3,17.88,23.13,0.78,1.43,1.93,2.49,84.97,1.48,4.46,3.64,2.86,3,2.1,88.48,0.86,25.64,3,549,96.63,84.34,2.73,45.36,1962,0.34,0.21,191200,242200,301200,110000,511,693,872,361,738,26.9,23.1,13.7,0,0,10.78,63.4,64.92,81.74,93.56,24.7,1905.3,4.11,5,1
11.44,18.86,27.66,37.29,1.32,2.18,3.19,4.31,81.99,2.15,6.65,5.21,2.92,2.96,2.87,57.01,6.23,37.25,3,932,96.46,56.24,1.72,16.74,1973,2.17,0.17,111000,139900,174700,63700,421,501,633,212,563,27,24.5,12,91,4,11.55,43.84,36.88,63.32,81.67,37.1,2078.7,1.5,0,2
31.87,31.87,31.87,31.87,0.29,0.29,0.29,0.29,97.58,0.53,7.73,5.49,2.68,2.67,2.69,50.27,6.12,50.68,2,269,93.13,50.47,1.86,24.54,1964,13.36,3.19,42900,59400,80100,37200,163,263,360,197,372,29.9,22.2,12.9,0,0,0.91,87.18,57.3,85.86,96.07,12.4,806.5,0.64,0,2
2.4,3.84,7.36,7.36,0.1,0.17,0.32,0.32,88.07,1.5,3.89,3.02,2.69,2.78,2.26,85.04,1,37.66,3,352,93.8,82.19,2.84,55.97,1960,0.54,0.56,109100,141100,180600,71500,301,440,606,305,538,26.8,22.4,14.8,0,0,4.37,18.12,70.45,83.74,85.68,30.4,470.5,0.4,0,1
6.33,18.9,22.74,29.39,0.22,0.66,0.79,1.02,95.21,0.34,3.4,2.62,2.72,2.94,2.12,78.26,0.76,36.6,3,376,96.41,72.2,0.27,43.88,1971,0.26,0,65700,83700,108100,42400,350,414,494,144,521,21.8,20.8,12.6,0,0,3.48,71.59,52.6,80.25,90.54,17.8,1560.3,0.93,0,1
15.39,24.34,37.27,47.51,3.62,5.72,8.76,11.17,72.32,6.31,5.19,2.87,2.16,2.47,2,39.46,6.27,77.88,2,1241,92.99,34.55,1.69,33.28,1962,2.75,0.94,156500,186300,226500,70000,496,639,791,295,693,25.5,24.8,18.9,81,0,23.51,41.74,52.19,79.47,84.79,4.3,8684.7,14.4,12.84,1
16.82,22.38,25.77,42.9,0.58,0.78,0.89,1.49,89.02,1.55,3.73,3.05,2.82,2.97,2.47,73.93,4.04,29.09,3,236,96.54,70.23,2.54,51.69,1976,2.28,0.54,61800,75000,98100,36300,313,371,453,140,469,23,20.8,11.3,0,0,3.46,69.24,49.72,70.26,93.34,20.4,916.2,0.65,0,1
4.68,8.16,16.33,24.49,0.32,0.56,1.12,1.68,91.86,1.51,2.78,2.16,2.64,2.66,2.48,91.48,0.76,27.83,3,246,94.9,90.94,0.81,28.86,1984,0.22,0.42,133800,172700,214700,80900,564,674,838,274,847,24.3,24.4,11.1,0,0,6.85,73.92,41.49,68.26,87.67,11,1102.3,2.65,0,1
9.59,35.62,40.41,57.53,0.05,0.18,0.2,0.28,97.3,0.29,3.7,2.62,2.44,2.41,2.49,62.81,3.3,60.79,2,699,94.5,63.52,3.58,38.05,1956,9.1,0.84,34700,46700,66300,31600,150,239,299,149,339,23.2,17.8,12.7,0,1,0.49,79.88,60.95,81.04,92.81,16.3,1826.3,0.37,0,1
22.07,33.98,44.86,59.59,3.78,5.83,7.69,10.22,66.92,9.85,11.46,7.96,2.84,2.75,2.93,46.61,13.15,55.94,2,7597,94.13,48.22,4.54,22.48,1970,4.18,0.81,62100,80300,107000,44900,296,369,451,155,441,30.1,22.6,12.3,668,124,17.15,58.39,40.03,77.37,89.63,102.7,3448.5,2.17,9.79,2
11.16,17.46,25.29,38.51,3.22,5.04,7.3,11.12,12.66,24.08,21.96,18.27,3.7,3.86,3.49,58.3,28.68,59.71,2,2670,90.79,55.77,5.51,34.12,1973,16.97,3.15,27600,39900,59800,32200,162,236,317,155,292,28.6,21.2,13.1,27,3,28.87,60.23,58.78,87.83,91.61,28.9,3423.3,2.4,4.86,2
15.29,19.01,38.84,45.45,0.26,0.33,0.67,0.78,95.97,0.46,4,2.78,2.5,2.5,2.49,62.25,3.84,50.23,2,909,85.74,62.13,1.21,49.39,1969,10.54,1.13,30800,45000,62700,31900,199,255,316,117,335,25,20.5,15.1,0,0,1.72,80.17,44.84,78.96,94.78,18.1,777.6,0.28,0,2
20.05,31.6,40.84,51.59,4.74,7.47,9.65,12.2,68.81,8.75,8.88,6.23,2.74,2.83,2.64,56.76,11.05,52.97,2,2084,95.15,55.1,0.86,8.16,1966,1.95,0.18,182300,234600,341400,159100,559,659,791,232,706,29.4,23.5,11.3,64,27,23.64,41.83,44.7,73.67,86.59,22.9,4980.1,2.35,7.28,1
1.86,18.62,25.27,28.99,0.06,0.58,0.79,0.9,94.76,0.88,4.66,2.98,2.4,2.48,2.3,58.34,3.53,54.24,2,328,93.73,56.46,2.74,38.41,1952,6.77,0.27,37400,50800,67600,30200,212,278,342,130,338,26.7,17.7,12.6,21,0,3.06,58.94,44.35,74.03,87.48,6.2,1964.4,0.86,0,1
3.34,4.58,10.49,13.44,0.19,0.27,0.61,0.78,89.73,1.42,4.01,3.28,2.77,2.86,2.06,91.28,0.56,22.55,3,260,96.85,88.31,1.92,47.69,1960,0.24,0,157900,189400,236300,78400,438,559,648,210,686,25.1,22.1,13,0,0,5.79,75.56,71.86,93.93,95,21.5,1033.3,0.95,0,1
18.43,26.76,33.89,42.77,1.07,1.55,1.96,2.48,82.77,3.74,4.66,2.93,2.36,2.56,2.1,61.46,2.98,47.4,3,2861,93.73,56.65,3.46,31.6,1945,3.54,0.55,58300,76600,98000,39700,279,377,453,174,434,27.1,21.8,13.5,100,11,5.79,73.46,54.68,80.93,88.87,18.4,5726.9,3.47,6.99,2
1.45,6.15,8.68,10.13,0.04,0.19,0.26,0.31,94.62,0.57,3.69,2.64,2.56,2.63,2.32,79.03,1.07,40.14,3,998,87.53,76.84,0.3,52.91,1962,0.71,0.34,128500,153200,191800,63300,538,649,776,238,768,30.3,25,17.3,18,0,3.04,78.75,67.02,84.46,96.56,3.7,4963.7,1.73,0,1
7.36,15.03,18.94,21.86,0.89,1.81,2.28,2.63,83.24,2.14,5.11,4.46,3.03,3.09,2.47,93,0.54,13.12,4,146,96.04,91.42,3.42,40.41,1965,0.23,0.62,238800,333700,460600,221800,530,729,1001,471,935,24.7,22.8,14,0,0,12.04,57.93,59.96,68.63,90.74,20.4,531.1,2.49,0,1
11.39,26.24,28.71,42.08,0.14,0.32,0.35,0.52,96.44,0.56,2.51,1.63,2.25,2.32,2.15,59.44,2.16,56.24,2,487,93.48,57.62,1.85,31.01,1963,6.75,0.19,40700,56100,73600,32900,182,255,315,133,338,23.6,18.6,12.4,20,0,1.23,77.88,52.08,81.81,91.22,12.3,1327.7,0,0,2
2.78,2.78,2.78,2.78,0.03,0.03,0.03,0.03,94.75,0.39,2.95,1.88,2.24,2.34,2.06,65.98,0.87,51.6,2,1297,85.96,63.08,2.54,66.85,1939,7.71,1.17,28800,41700,59200,30400,157,208,261,104,292,29.5,20.3,12.7,10,0,1.2,84.86,62.46,89.22,94.18,8.1,2219.6,2.14,0,1
11.66,22.16,35.18,47.79,4.07,7.73,12.28,16.68,51.84,7.24,11.75,10.77,3.71,3.71,3.71,90.88,9.48,17.65,3,245,96.97,90.89,0.41,32.24,1982,0.43,0.22,261500,323000,401300,139800,652,902,1001,349,979,29,29.5,12.3,0,0,34.91,47.19,40.48,85.09,90.03,9.2,3170.5,1.61,0,1
4.46,4.46,7.17,8.61,0.06,0.06,0.1,0.12,93.13,0.68,10.66,7.61,2.83,2.92,2.69,60.61,6.75,52.23,2,6114,87.01,58.62,32.22,70.85,1954,9.3,0.65,22100,31700,44200,22100,152,223,286,134,335,29.9,18.5,15.4,89,20,1.42,59.49,64.54,92.06,93.19,52,2241.1,6.1,7.69,2
4.11,8.58,11.64,15.86,0.18,0.38,0.51,0.7,87.1,1.42,6.76,4.67,2.61,2.76,2.33,67.91,3.68,52.68,2,1778,94.76,64.05,6.41,36.73,1949,6.21,0.28,36800,45500,57100,20300,220,297,375,155,377,24.1,16,13.5,144,27,4.39,59.92,62.49,86.54,87.91,23.8,3542.9,4.41,2.17,2
4.04,5.15,7.9,8.82,0.16,0.2,0.31,0.35,94.69,0.52,2.27,1.52,2.22,2.21,2.22,71.58,0.95,44.08,3,8308,42.71,71.67,0.7,75.12,1968,2.07,0,132200,164300,220000,87800,344,542,653,309,626,28.7,23.7,13.3,0,0,3.93,67.25,53.19,81.55,91.7,21.4,649.2,1.22,0,1
0,3.23,11.64,16.16,0,0.1,0.37,0.51,95.8,0.45,2.34,1.59,2.31,2.53,1.8,76.81,0.52,37.47,3,243,96.28,70.2,0,24.69,1962,0.51,0,58600,72200,95300,36700,299,349,414,115,421,24,16.1,10.9,0,0,3.15,75.99,56.7,85.92,93.03,5.7,2579.2,0.32,0,1
30.78,42.59,56.17,61.73,1.95,2.7,3.56,3.91,91.29,2.83,5.34,3.69,2.54,2.61,2.46,58.98,3.92,46.56,3,171,97.48,57.56,1.75,21.05,1972,4.99,0.38,52200,65700,84200,32000,248,328,391,143,373,26.2,19.5,11.9,14,69,6.34,45.89,39.52,67.97,82.1,8.8,2025.1,0.63,0,1
14.68,30.16,40.22,60.34,1.36,2.8,3.73,5.6,88.42,2.87,8.89,5.94,2.54,2.32,2.77,47.36,9.75,69.77,2,3079,82.15,51.85,2.05,17.67,1970,15.81,0.79,42400,56100,76500,34100,222,324,403,181,401,33.4,20.7,12.7,288,25,9.28,41.7,45.34,77.75,85.45,12.7,2892.7,3.1,0,2
15.17,15.17,15.17,18.58,0.17,0.17,0.17,0.21,96.19,0.39,2.15,1.38,2.32,2.51,1.96,71.19,0.87,49.25,3,642,94.93,65.84,2.02,35.36,1952,4.37,0.11,32600,44100,59500,26900,193,258,327,134,322,25.2,16.8,12.9,41,0,1.11,76.51,55.85,82.26,92.97,26.5,1095.2,1.02,0,2
9.53,15.58,19.88,24.34,1.08,1.77,2.26,2.77,83,3.54,3.75,2.8,2.65,2.87,2.13,76.12,1.33,44.18,3,684,96.25,70.35,1.02,41.37,1959,1.25,0.18,154200,177100,205200,51000,306,523,665,359,603,26.4,21.9,14.3,81,0,11.38,78.14,65.87,89.47,95.26,17,2768.9,1.66,0,1
8.8,12.46,18.79,28.29,0.45,0.64,0.97,1.46,91.51,0.78,2.65,1.89,2.47,2.72,2.03,69.7,1.73,34.79,3,514,93.86,63.13,0,18.09,1978,1.72,0.08,69000,85000,106700,37700,344,412,536,192,483,19.9,17.9,11.6,0,0,5.17,50.07,48.61,71.51,82.27,11.8,1662.5,0.05,0,1
8.53,20.47,28.68,38.14,0.3,0.72,1.01,1.34,87.02,2.1,4.97,3.38,2.46,2.48,2.43,64.59,4.78,54.22,2,1128,86.08,64.15,3.37,56.21,1955,12.69,0.46,21100,34400,53400,32300,161,234,299,138,306,27.9,20.7,13.8,0,0,3.51,79.78,48.78,76.56,94.17,12.2,1510.6,0.61,0,2
22.47,24.53,27.62,32.59,0.53,0.58,0.65,0.77,89.96,2.27,3.94,2.5,2.34,2.51,2.15,55.98,1.69,47.79,3,528,95.2,52.09,3.79,38.07,1939,5.21,1.01,33900,45000,63900,30000,200,267,335,135,312,23.8,19,12.6,4,0,2.35,85.26,56.04,88.52,93.13,4.3,5712.2,1.16,0,1
10.12,20.53,29.66,52.9,2.29,4.64,6.7,11.95,44.38,14.81,14.55,11.62,3.3,3.25,3.37,55.63,22.3,59.59,2,514,89.33,56.51,4.47,59.34,1966,14.75,0.46,30000,38900,49600,19600,231,283,351,120,330,23.7,20.8,13.2,0,0,22.59,61.02,47.82,87.28,93.71,3.1,4530.3,1.21,0,1
18.02,25.41,31.75,39.22,0.95,1.33,1.67,2.06,45.86,6.64,8.63,6.19,2.85,2.98,2.66,59.67,9.87,52.72,2,1571,84.45,56.92,6.56,58.82,1963,14.06,1.4,27300,40800,59400,32100,185,277,351,166,343,27.6,17.7,13,0,0,5.25,78.54,51.3,76.67,91.9,13.2,1919.5,0.07,0,2
8.43,12.92,22.81,33.26,0.4,0.61,1.07,1.57,93.15,1.05,3.82,2.51,2.47,2.82,1.97,66.12,2.08,55.9,2,1090,93.33,57.7,0.37,12.48,1975,1.13,0.08,62700,78100,97300,34600,370,432,503,133,475,22.7,18.7,13.4,0,0,4.71,74.57,44.53,77.94,90.59,21.8,1735.5,0.47,0,1
0,5.73,5.73,5.73,0,0.1,0.1,0.1,96.24,0.33,3.98,2.35,2.25,2.5,2.04,51.5,1.28,52.78,2,529,92.86,46.43,2.84,54.63,1939,5.56,0.23,28800,39000,51600,22800,183,248,309,126,306,28.4,16.7,12.8,25,0,1.78,89.55,56.9,89.28,96.27,2.8,5624.2,0.73,0,1
6.26,6.26,7.01,9.49,0.26,0.26,0.29,0.4,92.94,0.6,4.29,3.44,2.76,2.74,2.98,88.06,0.97,35.94,3,1556,83.64,88.93,0.32,62.53,1976,0.43,0.14,104600,130000,171400,66800,545,656,734,189,815,29.7,24.8,15.8,0,0,4.19,73.45,56.47,78.41,95.96,87,254.4,1.19,0,1
6.15,10.8,16.45,18.53,0.47,0.82,1.25,1.41,84.48,1.39,3.57,2.56,2.57,2.72,2.36,61.22,1.63,50.17,2,344,95.42,57.76,3.2,44.48,1948,2.96,1.13,130800,154500,178100,47300,303,433,548,245,541,23.6,22.8,15.8,0,0,7.6,75.62,64.5,87.15,95.03,6.2,2945.6,1.45,0,1
5.45,11.28,13.72,20.11,0.24,0.51,0.62,0.9,93.1,0.57,3.36,2.49,2.64,2.93,1.82,82.11,0.61,32.43,3,214,95.41,74.02,2.8,38.32,1965,0.81,0.49,157200,227900,322700,165500,319,486,614,295,527,28.2,22.7,13.2,0,0,4.48,54.74,56.73,72.89,83.25,17.1,695.4,1.76,0,1
11.56,16.13,27.69,33.6,0.38,0.53,0.91,1.11,96.4,0.11,3.06,2.05,2.35,2.63,1.9,69.13,0.76,47.27,3,334,93.41,61.83,0.6,17.07,1967,1.2,0.08,65600,81800,105000,39400,371,433,495,124,474,21.9,18,11.8,0,0,3.29,64.51,47.42,77.02,86.11,9.5,1185.6,0.7,0,1
20.14,26.62,36.69,42.45,0.22,0.29,0.4,0.46,97.02,0.63,3.19,2.09,2.32,2.39,2.17,69.05,0.84,47,3,247,95.51,66.99,3.64,40.89,1955,6.11,0.31,38300,52600,70900,32600,187,241,297,110,333,24.7,16,11.7,0,0,1.08,80.22,53.17,86.56,93.15,5.1,2539.7,0.29,0,1
25.16,39.51,50.94,58.04,1.82,2.86,3.68,4.2,86.6,1.62,5.11,3,2.47,2.75,2.18,57.35,4.56,53.75,2,5912,90.38,51.58,0.61,20.97,1976,4.04,0.22,73700,91500,119300,45600,364,437,540,176,496,29.5,21.3,12.1,51,0,7.23,27.11,34.8,67.8,71.28,40.9,3465.2,1.48,4.66,1
19.15,24.82,45.74,52.84,0.37,0.48,0.89,1.03,96.01,1.16,4.78,3.31,2.46,2.48,2.42,59.14,3.49,44.22,3,488,92.16,58.52,2.46,32.58,1966,10.51,0.8,36900,52800,75600,38700,163,244,323,160,356,26.7,22.5,13.6,6,0,1.95,76.15,52.15,78.91,90.39,14.5,1001.3,0,0,2
32.26,37.99,43.73,47.67,1.56,1.84,2.12,2.31,92.88,0.42,3,1.5,2.11,2.19,2.06,37.83,1.47,61.49,2,492,87.58,36.39,0.61,48.78,1970,4.56,0.45,85500,121000,198500,113000,353,428,519,166,492,28.3,20.3,12.1,0,0,4.84,36.7,23.89,30.95,70.68,8.9,1292.6,1.05,0,1
3.67,3.67,4.65,5.5,0.18,0.18,0.23,0.27,91.38,1.01,3.92,2.96,2.59,2.64,2.33,86.03,1.5,24.84,3,90,98.4,84.44,1.11,22.22,1957,0.63,0.21,61200,69900,84900,23700,306,368,436,130,437,22.6,17.2,12.3,0,0,4.87,76.17,76.02,89.52,97.83,4.8,3020.3,1.13,0,1
24.75,40.73,51.8,59.16,1.47,2.41,3.07,3.5,91.34,1.51,2.83,1.42,2.06,2.24,1.93,46.77,2.02,66.44,2,1987,88.19,43.09,1.31,10.32,1979,2.78,0.21,64000,78100,98300,34300,412,476,577,165,562,24.4,20.2,13.3,0,8,5.92,42.71,37.42,57.98,71.52,11.8,2630,1.04,0,1
2.35,2.93,3.91,10.36,0.14,0.17,0.23,0.6,89.14,1.46,4.1,3.04,2.64,2.9,2.01,78.47,1.45,36.5,3,154,97.66,71.62,0.65,26.62,1967,0.53,0.18,62700,80300,97500,34800,325,397,461,136,476,25.6,17.9,12.6,0,0,5.77,64.76,58.26,88.4,91.48,8.2,2168.3,1.09,9.41,1
21.28,36.73,48.1,52.77,0.55,0.96,1.25,1.37,94.86,1.11,3.25,2.34,2.56,2.68,2.4,59.47,2.97,43.87,3,296,94.5,56.74,0.68,30.41,1969,5.21,0,60200,80300,110300,50100,274,325,373,99,403,23.7,19.1,12.2,0,0,2.6,49.14,43.82,60.28,76.42,9.9,1325,0.61,0,1
10.16,13.38,18.34,22.06,0.65,0.86,1.18,1.42,90.88,0.88,5.46,4.21,2.74,2.85,2.08,89.05,0.71,16.64,3,490,97.31,85.59,0.41,35.92,1947,0.29,0.07,124900,148700,174500,49600,439,549,777,338,629,27.1,20.7,13.2,109,0,6.41,76.86,69.18,81.73,92.73,10.4,4805.5,8.94,0,1
20.47,31.12,35.25,42.2,2.16,3.28,3.72,4.45,78.21,5.5,6.94,4.29,2.44,2.69,2.25,48.52,5.49,64.19,2,2088,84.68,44.09,2.63,55.03,1954,5.06,0.5,115000,149100,192700,77700,423,540,644,221,601,28.2,27.1,18,0,1,10.55,57.67,54.77,84.78,89.49,5.4,5303.9,6.04,0,2
16.78,25.49,34.2,64.37,1.07,1.63,2.18,4.1,88.03,4.06,5.03,3.27,2.5,2.84,2.3,41.21,6.21,63.21,2,522,90.08,36.22,1.72,39.46,1979,4.5,0,49500,62400,79400,29900,288,346,398,110,418,23.1,18.5,13.8,0,1,6.38,59.83,32.52,75.22,89.45,10.2,1180,1.11,0,2
14.15,14.15,24.06,28.77,0.53,0.53,0.89,1.07,93.17,0.58,3.6,2.78,2.67,2.8,2.13,84.09,0.57,31.66,3,208,95.26,80.12,3.37,59.13,1964,1.05,0.55,145200,185800,245500,100300,372,549,675,303,669,25.4,22.5,12.3,0,0,3.71,45.24,59.43,80.65,83.36,43.7,261.3,1.36,0,1
2.33,4.07,6.78,14.53,0.04,0.07,0.12,0.27,95.69,0.45,3.27,2.44,2.62,2.8,2.11,78.88,0.8,34.45,3,400,96.38,73.72,1.25,19.75,1968,0.93,0.12,52500,67500,96300,43800,268,335,428,160,415,21,17.3,12,0,0,1.84,54.35,53.52,76.72,83.03,22,1278.9,0.49,0,1
43.35,52.17,59.06,71.23,1.8,2.17,2.45,2.96,93.03,2.07,4.98,3.08,2.34,2.45,2.24,51.8,3.1,56.78,2,927,95.56,49.56,1.08,26.11,1951,3.1,0.44,42300,53500,68200,25900,219,286,365,146,344,27.1,19.8,14.3,25,0,4.16,73.83,45.19,71.11,89.1,19,2681.7,3.16,0,1
3.43,6.24,7.33,9.83,0.1,0.18,0.22,0.29,92.28,1.02,4.68,3.54,2.68,2.8,2.26,80.65,2.07,38,3,229,97.24,77.03,3.49,44.54,1957,2.04,0.13,41100,53000,68600,27500,296,361,427,131,445,24.2,15.4,12.9,0,0,2.94,69.48,63.4,88.13,93.68,16,1363.5,2.11,0,1
12.71,12.71,26.27,38.98,0.2,0.2,0.42,0.62,96.33,0.95,3.14,2.16,2.38,2.4,2.33,67.16,2.23,52.05,2,488,92.54,66.47,1.64,43.85,1957,8.26,0.34,33600,49000,71400,37800,169,235,298,129,331,24.4,20.2,13.3,0,0,1.58,81.75,59.37,83.64,91.46,15.2,983.3,0,0,2
8.77,13.72,17.08,20.5,0.56,0.88,1.09,1.31,93.8,0.62,3.12,1.93,2.29,2.51,1.78,76.76,1.22,42.67,3,819,97.19,69.98,0.37,19.29,1953,0.99,0.16,61800,75600,94100,32300,405,465,539,134,497,23.6,17.9,13.3,76,0,6.38,74.66,59.55,82.75,94.3,12.2,5340.5,0.74,0,1
11.21,26.72,26.72,43.1,0.07,0.16,0.16,0.26,97.6,0.45,7.86,5.06,2.57,2.77,2.4,48.89,5.74,66.9,2,793,90.16,45.32,6.68,38.84,1939,12.17,0.48,25500,37300,52000,26500,184,261,325,141,330,27.3,17.5,12.9,0,3,0.61,75.82,48.66,82.1,90.56,2.8,6654.1,7.46,0,2
9.06,14.53,20.31,29.59,1.37,2.2,3.07,4.47,85.27,2.89,3.77,2.1,2,1.99,2.02,71.79,3.72,79.54,2,5678,80.28,72.1,1.07,34.29,1976,2.82,0.48,73400,97400,132800,59400,430,536,653,223,611,28,23.5,12.7,0,0,15.11,18.81,51.19,73.61,81.3,10.8,4281.4,1.35,0,2
0,17.54,17.54,29.82,0,0.07,0.07,0.11,98.61,0.2,2.06,1.53,2.47,2.55,2.29,69.83,1.18,38.22,3,256,95.92,67.49,0.39,40.62,1973,4.76,0.1,50100,65500,84200,34100,200,275,359,159,347,23.1,19.6,11.6,0,0,0.38,73.37,50.91,80.68,91.43,14,1071.1,0.11,0,1
12.87,15.35,18.47,23.62,0.81,0.96,1.16,1.48,92.4,0.6,1.91,1.16,2.07,2.08,2.06,62.34,2.24,65.76,2,1795,82.16,62.11,0.39,22.95,1971,6.3,0.57,65400,104300,183500,118100,334,411,493,159,488,28.6,22.3,11.9,0,2,6.27,21.25,46.67,70.33,78.52,11.5,1512.9,0,0,2
8.88,13.08,21.55,28,1.37,2.01,3.31,4.31,75.05,3.94,3.72,2.7,2.56,2.82,2.17,65.52,1.74,46.37,3,191,95.71,59.46,0,28.8,1962,0.16,0.25,161700,193600,246800,85100,600,638,738,138,698,22.6,24.2,14.5,0,0,15.38,67.75,62.05,80.37,93.87,3.1,3578.6,3.19,0,1
5.32,5.32,14.45,21.67,0.07,0.07,0.2,0.3,97.16,0.45,2.2,1.77,2.68,2.78,2.43,75.63,1.31,28.3,3,357,95.16,73.13,2.52,33.89,1976,2.09,0.09,55900,70100,90400,34500,275,339,414,139,463,21.7,18.6,11.5,6,0,1.39,61.69,50.98,79.25,86.66,12.1,1558.8,0.53,0,1
18.65,28.27,32.18,32.18,0.5,0.76,0.87,0.87,95.53,0.58,2.94,2.26,2.73,2.84,2.02,89.55,1.02,33.49,3,289,96.89,85.93,0,38.41,1976,0.27,0.15,86200,109700,140200,54000,458,497,582,124,526,22.4,21.9,11.6,0,0,2.7,71.63,49.88,76.36,91.29,11.6,2120.4,1.51,0,1
27.25,36.37,45.98,51.45,0.41,0.55,0.69,0.77,96.67,0.54,5.02,3.03,2.31,2.46,2.12,58.53,3.3,61.41,2,10953,91.17,54.9,15.07,47.35,1947,7.93,0.58,30500,44300,66600,36100,164,244,314,150,308,26.4,17.8,12.9,808,33,1.5,79.31,56.29,89.65,92.97,64.3,4181.4,8.61,0.5,2
10.52,15.92,18.26,21.13,0.8,1.21,1.39,1.6,91.71,0.81,3.9,2.94,2.68,2.84,2.07,84.33,0.43,25.73,3,245,97.65,79.69,0,22.45,1953,0.15,0.26,214900,256500,318200,103300,492,798,1001,509,893,24.7,20.3,13.4,0,0,7.59,65,67.81,78.96,90.62,13.1,2108.6,10.51,0,1
31.14,50.56,62.72,68.97,2.19,3.55,4.4,4.84,88,3.97,6.98,5.05,2.6,2.55,2.68,56.95,7.25,52.21,2,410,91.87,58.19,3.41,51.71,1966,16.55,1.41,27600,41500,63400,35800,144,228,293,149,297,24.5,22.1,14,0,0,7.02,78.49,47.04,78.98,92.57,13.1,975,0,0,2
11.08,18.21,24.8,29.02,0.09,0.15,0.21,0.24,96.43,0.36,6.38,4.39,2.57,2.61,2.5,60.08,2.12,43.81,3,2355,87.38,59.06,12.74,54.65,1950,9.14,0.4,26800,38900,51800,25000,178,252,316,138,329,27.6,15.4,12.3,70,0,0.83,77.93,53.68,82.88,92.93,13.1,3469.8,1.36,0,2
22.77,27.49,32.69,39.4,0.54,0.65,0.77,0.93,94.91,0.58,5.93,3.66,2.43,2.63,2.25,52.01,4.15,53.18,2,3569,89.6,48.14,8.94,59.71,1964,5.06,0.6,61800,86600,138400,76600,218,341,417,199,428,28.6,22,13.4,176,0,2.37,65.84,44.85,75.4,83.62,44.8,1796.2,5.85,2.4,2
19.8,27.34,36.21,42.91,2.41,3.33,4.41,5.23,89.29,0.82,2.83,2.19,2.6,2.67,2.27,85.01,0.41,19.54,4,565,94.26,82.82,0.71,45.13,1956,0.38,0.28,318300,422400,500001,181701,620,995,1001,381,1001,24.8,22,14,17,1,12.18,25.33,59.67,76.59,77.06,20.7,1177.6,17.48,3.08,1
19.07,30.31,41.42,44.31,0.98,1.55,2.12,2.27,93.3,0.82,3.39,1.86,2.21,2.54,1.96,48.55,1.35,59.25,2,3058,90.23,42.13,2.94,46.86,1939,4.49,0.43,88900,112200,141500,52600,344,450,559,215,504,28.1,23.2,14.9,188,1,5.12,64.08,45.15,76.18,84.25,23.5,2743.7,3.82,4.86,2
0,21.74,35.65,35.65,0,0.19,0.3,0.3,97.44,0.51,3.6,2.51,2.46,2.53,2.33,66.02,1.77,42.44,3,314,94.53,64.14,3.18,44.59,1952,12.97,0.35,28900,40500,57900,29000,159,208,260,101,309,25.5,15.9,12.3,0,0,0.85,81.5,58.19,88.85,95.23,6.4,2124.4,0,0,1
25.48,25.48,25.48,28.57,0.12,0.12,0.12,0.14,98.25,0.25,3.3,2.24,2.39,2.54,2.17,63.79,2.37,46.94,3,1402,93.92,60.05,1.36,38.94,1964,9.2,0.13,34000,46100,63900,29900,167,230,288,121,280,25.4,15.8,12,34,0,0.48,81.07,51.72,86,92.21,15.5,3454.8,0.19,0,1
17.82,22.18,33.1,40.57,0.63,0.78,1.17,1.43,93.42,0.96,4.9,3.75,2.83,3.01,2.32,78.3,1.85,29.97,3,379,95.83,73.59,0.53,27.18,1975,2.1,0.19,75300,88100,103100,27800,318,390,529,211,451,24.1,23,12.3,0,0,3.53,43.1,47.29,66.6,85.59,23.1,1065.7,2.96,0,1
19.2,32.35,42.04,49.1,4.88,8.22,10.68,12.47,54.12,15.25,10.58,7.67,2.89,2.98,2.78,55.7,8.95,49.41,3,202,96.23,53.99,4.95,36.14,1947,4.17,0.84,127800,155300,179500,51700,466,615,729,263,678,27.7,25.7,13.8,0,4,25.4,47.73,53.31,78.48,82.61,2.8,5435.5,3.45,0,1
31.52,37.82,39.26,39.26,0.55,0.66,0.68,0.68,96.05,0.56,3.48,2.33,2.43,2.55,2.23,67.29,1.17,45.3,3,388,95.16,64.26,0.52,37.89,1955,5.23,0.4,37100,50400,72700,35600,194,254,311,117,341,24.7,16.7,12.4,4,0,1.74,80.41,50.67,79.63,92.48,9.8,2044,0.16,0,1
11.67,18.75,22.5,42.5,0.23,0.36,0.44,0.83,95.07,0.64,3.33,2.07,2.29,2.63,1.74,70.59,0.94,50.49,2,305,94.34,61.36,0,35.08,1956,3.6,0.87,34200,45100,60400,26200,174,254,322,148,312,27.1,18,12,0,0,1.94,74.17,53.74,81.4,91.54,10.1,1224.5,0.93,0,1
26.13,34.49,42.86,56.68,1.66,2.19,2.72,3.6,89.45,2.46,7.2,4.75,2.57,2.75,2.39,54.07,5.34,50.45,2,156,96.94,50.61,4.49,36.54,1970,5.2,0.49,54200,66000,80500,26300,258,329,394,136,370,27.2,18.7,12.3,0,0,6.35,44.95,41.26,71.62,82.76,4.3,3171,2.1,0,1
31.37,43.46,52.93,61.71,1.2,1.66,2.02,2.35,93.75,0.85,3.96,2.39,2.3,2.49,2.14,47.91,3.05,58.01,2,4606,92.4,44.16,4.02,34,1970,6.32,0.4,59500,80600,113300,53800,259,353,441,182,440,24.8,22.5,13.8,125,1,3.81,61.34,39.46,66.86,77.42,71.8,1903.5,3.05,0,2
11.34,13.82,21.58,27.33,0.91,1.11,1.74,2.2,91.96,0.52,4.05,3.29,2.82,2.94,2.08,89.92,0.36,17.87,4,256,95.6,86.31,0.78,36.72,1965,0.23,0,317600,408800,500001,182401,529,866,1001,472,976,26,22,13.4,0,0,8.05,28.44,58.7,76.03,78.02,27.9,572.6,10.83,0,1
2.69,15.59,15.59,29.03,0.05,0.29,0.29,0.54,97.19,0.42,5.68,4.65,2.9,2.92,2.71,90.89,1.36,25.95,3,156,95.69,90.24,2.56,29.49,1958,0.9,0,80000,97300,130200,50200,329,422,530,201,520,25.2,22,13.6,0,0,1.85,57.29,65.63,82.33,91.26,16.5,611.6,2.01,0,1
15.84,34.85,47.87,70.18,1.87,4.12,5.65,8.29,83.68,6.05,8.99,6.5,2.72,2.61,2.91,60.31,8.98,48.39,3,362,92.25,62.86,1.38,50.55,1965,13.32,0.73,29700,43300,64000,34300,183,260,327,144,343,25.9,20.5,15.6,0,0,11.81,72.77,46.39,74.35,92.4,10.3,1191.5,0,0,1
12.85,20.99,24.14,30.66,1.42,2.32,2.66,3.38,79.84,3.44,7.49,5.99,3,2.98,3.06,70.94,6.8,34.11,3,349,95.72,71.5,2.01,22.35,1977,2.09,0.05,227600,297200,396000,168400,564,718,899,335,811,28.7,28.5,10.9,6,0,11.03,56.06,44,81.51,89.56,10.8,2207.4,2.4,0,1
6.31,10.05,14.2,22.62,0.36,0.58,0.82,1.3,88.87,1.12,7.14,5.78,2.95,2.96,2.91,69.41,5.65,33.4,3,1084,93.5,69.05,1.75,20.48,1983,4.34,0.18,90900,118100,157300,66400,401,461,563,162,534,29.1,24.7,12.4,11,0,5.75,52.58,30.85,60.4,87.22,69.6,661.8,0.32,0,2
8.23,16.47,23.38,31.94,0.39,0.79,1.12,1.52,74.44,3.01,9.1,6.82,2.89,2.96,2.78,63.98,9.04,50.5,2,909,87.72,62.48,2.42,25.3,1975,10.95,0.18,47500,64400,83300,35800,254,329,395,141,402,27.1,20.6,14,43,38,4.77,44.56,42.47,73.93,80.08,22.6,845.4,0.71,0,2
18.32,18.32,18.32,37.02,0.19,0.19,0.19,0.39,93.1,0.6,3.12,1.99,2.35,2.68,1.91,64.72,1.32,52.31,2,691,93.54,56.64,1.16,36.9,1957,4.6,0.29,34000,47900,64900,30900,180,247,312,132,292,24.3,18,13.1,10,0,1.05,73.61,50.21,76.13,89.42,8.7,2870.5,0.07,0,1
7.74,11.77,21.2,26.72,0.58,0.88,1.58,1.99,90.49,0.49,2.58,1.78,2.47,2.65,1.97,78.49,0.4,41.6,3,441,94.9,73.04,1.13,35.6,1971,0.55,0,164200,211900,289600,125400,599,739,969,370,833,24.9,22.1,12,7,0,7.46,57.34,49.62,80.42,85.53,29.1,709,1.72,0,1
16.45,20.62,26.17,30.75,0.91,1.15,1.46,1.71,91.96,0.93,4.16,3.16,2.8,3.01,2.11,82.22,0.83,29.64,3,706,94.68,76.36,0.85,20.54,1980,0.18,0.22,119300,145600,173500,54200,557,655,803,246,738,27.1,23.6,13.4,0,0,5.56,40.77,49.07,67.48,83.81,30.6,1153.7,5.46,0,1
15.62,15.62,39.84,39.84,0.12,0.12,0.31,0.31,97.25,0.88,2.66,1.92,2.63,3.06,1.96,71.04,1.48,42.23,3,165,97.36,61.09,0,10.91,1974,1.17,0.19,60900,69300,84300,23400,293,354,428,135,400,21.8,19.9,11.8,0,0,0.78,80.32,49.59,81.7,92.54,10.8,1513.4,0.55,0,1
28.33,38.65,44.29,54.96,1.69,2.31,2.65,3.28,92.39,0.58,3.96,2.8,2.61,2.74,2.3,73.43,1.76,40.26,3,2378,75.75,69.86,2.02,65.98,1966,1,2.49,123300,158700,209900,86600,350,486,632,282,564,27.9,23.3,12.8,11,0,5.98,55.72,45.93,63.66,77.48,59.2,416.4,0.9,0,1
17.41,27.21,35.38,42.52,3.24,5.06,6.57,7.9,77.07,3.87,5.87,3.99,2.54,2.65,2.39,60.42,4.91,53.06,2,2334,94.73,57.87,1.37,27.98,1961,1.67,0.47,225600,295700,414000,188400,483,716,931,448,794,26.5,22.8,14.7,132,18,18.58,41.96,54.75,80.59,81.75,39.1,2765.1,11.33,4.35,1
0,0,14.39,39.57,0,0,0.17,0.48,97.02,0.08,3.07,2.35,2.71,2.85,2.3,78.53,0.91,32.07,3,105,97.54,74.67,0,33.33,1974,2.23,0,65500,81600,98700,33200,319,378,439,120,455,23.4,20.2,11.3,0,0,1.21,70.58,51.5,71.58,92.61,12.7,904.6,0.19,0,1
22.37,28.69,40.47,46.79,1.06,1.36,1.91,2.21,89.97,2.04,5.83,4.06,2.61,2.82,2.36,57.48,4.49,48.91,3,1135,93.4,53.08,1.85,54.1,1972,4.16,0.34,47700,64800,83100,35400,225,279,346,121,345,23.1,16.4,11.2,0,0,4.73,46.49,41.95,70.79,84.64,20.8,2022,3.29,0,1
7.44,11.33,33.98,55.02,0.18,0.28,0.84,1.36,94.62,0.52,2.73,2.02,2.67,2.86,2.17,76.98,2.04,48.46,3,183,96.25,71.71,0,13.11,1971,1,0.25,72500,86400,99900,27400,419,459,505,86,493,23.1,20.3,12.2,0,0,2.47,74.42,53.71,71.21,91.75,4.3,2938.7,2.05,0,1
10.7,13.84,19.06,20.63,0.35,0.46,0.63,0.68,95.2,0.33,3.26,2.4,2.55,2.69,1.85,87.95,0.18,22.4,3,161,96.54,83.39,0.62,43.48,1939,0.27,0.13,137200,186900,266500,129300,474,587,708,234,645,27,21.9,15,0,0,3.29,44.74,69.28,85.71,90.12,2.9,3969.1,13.45,0,1
2.75,5.2,14.68,33.64,0.06,0.12,0.33,0.76,94.65,0.46,2.97,1.96,2.34,2.52,1.88,78.4,1.12,49.42,3,147,97.61,73,0,19.05,1953,0.13,0.08,66100,76500,91800,25700,383,471,574,191,507,28.4,21.6,11.8,0,0,2.27,76.08,58.66,86.39,93.82,2.9,5000.7,6.21,0,1
10.97,21.15,29.89,37.59,1.46,2.81,3.98,5,80.42,3.65,5.3,3.6,2.53,2.67,2.31,65.33,3.81,49.62,3,1664,94.84,61.98,3.79,37.8,1958,1.49,0.39,196000,241300,309900,113900,471,647,860,389,738,26.6,23.7,15.4,121,7,13.3,48.28,58.49,86.1,87.52,23.6,3315.6,8.17,12.2,1
20.2,27.47,36.53,43.6,0.56,0.76,1.01,1.2,94.63,0.69,6.46,3.56,2.26,2.61,2.05,44.21,3.84,67.36,2,14746,91.28,38.34,8,40.09,1945,6.2,0.52,45200,61900,87900,42700,200,283,367,167,329,25.8,18.9,13,989,23,2.76,70.07,49.12,85.48,91.51,80,4550.3,11.26,5.01,2
6.58,8.55,14.25,20.5,0.28,0.37,0.61,0.88,92.06,1.06,5.59,4.2,2.87,3.16,2.23,75.57,1.6,39.07,3,283,95.46,68.56,0.35,27.56,1970,1.46,0.21,136200,163500,195800,59600,484,651,754,270,690,28.2,23,14.3,0,0,4.29,80.31,51.71,72.03,94.66,28.5,746.1,1.5,0,1
0,2.76,8.09,10.11,0,0.06,0.18,0.23,94.98,0.77,4.27,2.72,2.43,2.75,2.02,63.25,1.49,49.27,3,509,95.09,55.85,4.13,48.53,1939,7.66,0.1,40200,55200,73400,33200,228,292,363,135,363,27.9,18.6,16.4,0,0,2.23,85.35,55.04,89.56,95.48,8.8,2762.2,0.79,0,2
5.29,8.08,10.17,13.93,0.18,0.28,0.35,0.48,94.84,0.66,3.65,2.28,2.38,2.48,2.17,69.49,2.17,53.78,2,573,93.85,66.59,0.87,25.83,1958,2.44,0.21,37200,50500,65600,28400,336,412,482,146,452,28.5,15.8,12.5,6,0,3.42,73.74,54.4,81.16,95.35,12.2,1721,0.57,0,1
6.57,16.06,28.1,42.7,0.07,0.16,0.28,0.43,97.1,0.39,3.29,2.02,2.21,2.32,2.07,57.17,1.81,57.42,2,1195,90.91,54.38,3.18,47.95,1955,10.13,0.56,24500,37800,64800,40300,132,190,269,137,257,25.9,17,12.6,19,0,1.01,68.04,53.3,81.7,89.2,18.2,1498.2,0.69,0,2
13.64,23.51,28.87,39.22,0.91,1.56,1.92,2.61,90.45,0.96,3.34,2.46,2.57,2.68,2.19,79.64,1.28,36.38,3,171,96.53,76.17,0.58,26.9,1958,0.63,0,128100,145100,168500,40400,426,559,679,253,666,24.2,20.1,12.1,0,6,6.64,63.59,60.32,89.71,92.18,9.4,1320.8,2.14,0,1
18.09,27.53,35.41,47.73,1.86,2.82,3.63,4.9,84.81,3.7,6.67,4.39,2.55,2.72,2.37,53.82,7.86,54.6,2,9935,90.94,50.38,4.57,11.95,1977,5.23,0.34,71500,89200,116000,44500,330,434,548,218,490,27.3,22.2,11.6,336,236,10.26,21.14,33.43,66.68,67.66,86.3,2993.5,2.85,2.67,2
24.78,24.78,24.78,47.16,0.78,0.78,0.78,1.49,94.78,0.57,3.75,2.77,2.7,2.87,2.14,81.14,1.46,42.85,3,163,95.91,76.21,1.84,36.2,1975,0,0.68,109900,137900,168300,58400,230,420,579,349,477,26.9,21.9,16.2,0,0,3.17,75.23,55.11,71.93,91.41,54.6,193.6,1.24,0,1
14.23,23.5,25.51,36.05,2.27,3.76,4.08,5.76,55.84,7.92,14.14,11.53,3.28,3.25,3.32,55.43,18.4,52.4,2,181,93.33,55.94,1.66,47.51,1969,15.82,0.22,46000,58300,74100,28100,190,294,388,198,379,26.1,21.8,12.5,0,0,16.1,56.75,41.71,55.09,91.92,5.9,2277.4,0.38,0,2
11.34,21.52,30.94,39.81,1.62,3.07,4.41,5.68,78.45,2.82,4.58,3.14,2.53,2.87,2.04,66.93,2.92,47.31,3,161,96.92,58.97,1.86,32.92,1947,0.47,0.78,136200,160100,181600,45400,558,621,690,132,651,24.4,23.3,15.6,0,0,14.26,68.67,59.82,82.97,92.69,1.3,10108.1,6.71,0,1
8.34,10.68,23.52,29.71,0.68,0.88,1.93,2.44,92.54,0.48,3.7,2.75,2.66,2.88,2.1,77.4,0.63,27.16,3,123,97.33,71.33,0.81,39.02,1961,0.16,0.78,189800,228200,277600,87800,524,712,954,430,817,26.3,17.9,12.6,0,0,8.21,58.58,63.57,80.41,85.63,14.2,912.9,2.18,0,1
28.89,38.63,42.33,47.14,0.24,0.32,0.35,0.39,96.97,0.38,6.16,4.11,2.5,2.55,2.46,50.66,4.67,52.08,2,4324,90.5,49.67,12.65,42.99,1960,9.45,0.65,35700,49300,71000,35300,139,238,329,190,336,27.5,18.8,12.9,138,50,0.84,81.46,51.22,84.56,92.82,49.6,2149.4,2.76,6.92,2
9.16,9.16,13.36,13.36,0.23,0.23,0.34,0.34,95.75,0.32,3.22,2.47,2.7,2.84,2.16,83.43,0.93,36.93,3,435,89.66,79.26,0.46,57.93,1962,1.11,0.4,135900,164700,198400,62500,384,529,673,289,631,22.8,24,12.6,0,0,2.51,69.25,59.85,77.8,92.21,36.9,282.8,1.36,0,1
17.16,24.11,30.21,49.08,0.42,0.59,0.74,1.2,94.7,1.1,3.5,2.57,2.56,2.74,2.16,74.3,2.26,45.53,3,487,95.84,69.54,0.21,26.08,1961,0.73,0.03,68300,79400,91000,22700,384,475,556,172,509,28.9,19.5,11.1,0,0,2.44,74.41,59.38,84.7,93.01,8.2,3509.3,6.4,0,1
26.48,28.85,49.8,60.08,0.29,0.32,0.55,0.66,96.96,0.46,6.89,5.09,2.73,2.64,2.82,46.34,5.29,49.33,3,827,90.71,47.98,9.67,56.59,1963,11.28,0.81,30300,45200,65100,34800,149,222,302,153,348,27.7,20.4,16.9,26,0,1.1,52.64,41.83,71.16,74.08,12,1910.7,0.45,0,2
9.96,14.96,21.15,29.71,1.26,1.89,2.67,3.75,32.12,12.98,12.8,10,3.11,3.07,3.18,64.1,13.77,50.36,2,578,88.99,64.9,7.96,59.17,1964,18.52,4.08,24400,37700,56200,31800,140,209,287,147,263,25.8,19.3,12.6,8,0,12.61,76.11,59.93,83.37,94.71,5.7,2578.6,0.31,0,1
14.01,27.38,36.92,49.77,3.48,6.81,9.18,12.38,63.41,10.39,11.94,7.89,2.75,2.6,3,58.37,13.47,58.81,2,4311,71.69,61.78,0.6,14.03,1981,3.15,0.4,86000,113200,143400,57400,398,566,659,261,649,30.7,27.7,12.1,0,2,24.87,37.62,34.82,65.96,84.11,19.6,1535.3,2.92,0,2
17.58,22.53,34.62,42.31,0.27,0.35,0.54,0.66,95.64,0.1,19.97,17.98,3.67,3.73,3.16,90.38,3.55,15.97,3,57,98.24,88.84,5.26,40.35,1973,0,0.19,65500,79300,96200,30700,271,335,439,168,422,21.5,20.7,11.5,0,0,1.56,74.51,60.99,82.89,89.79,6.4,1822,1.46,0,1
21.25,37.05,51.91,68.28,1.09,1.89,2.65,3.49,91.89,1.51,3.74,2.02,2.17,2.36,2.07,36.49,2.89,68.63,2,3292,85.78,33.44,1.61,17.59,1977,5.74,0.31,64200,87500,133900,69700,378,455,529,151,539,27.1,20.5,12.3,68,9,5.11,44.34,31.38,55.19,68.24,21.1,2090.2,1.19,13.25,2
2.42,9.14,9.14,11.56,0.04,0.16,0.16,0.21,94.36,0.58,4.19,2.98,2.46,2.43,2.6,81.09,2,46.98,3,4337,65.96,82.13,0.32,61.56,1966,2.3,0,64900,84100,108700,43800,376,465,542,166,570,32.4,23.3,16.7,0,0,1.79,43.12,57.44,79.09,85.69,29.2,712.1,1.62,0,1
26.85,46.3,51.74,60.99,5.25,9.06,10.12,11.93,77.58,6.4,7.62,4.25,2.28,2.61,2.08,43.15,5.27,62.26,2,349,95.06,37.6,2.87,30.95,1951,2.1,0,168900,205800,248800,79900,444,595,754,310,640,24,22.5,14.3,62,1,19.56,49.73,46.68,71.81,82.64,3,5316.9,5.88,0,2
19.18,19.18,29.11,33.56,0.26,0.26,0.39,0.45,96.74,0.64,3.35,2.25,2.37,2.44,2.26,61.54,1.47,50.39,2,723,92.6,59.71,1.8,52.28,1946,8.57,0.3,35100,49600,70200,35100,163,230,293,130,321,27.3,18.2,13.1,0,0,1.33,83.26,56.37,87.21,94.14,8.2,2685.2,0.88,0,1
52.58,56.19,58.76,58.76,0.51,0.55,0.57,0.57,96.56,0.3,3.48,2.21,2.3,2.46,2.06,63.75,1.64,57.47,2,828,90.08,59.64,2.66,28.5,1952,11.37,0.59,30300,41500,59300,29000,165,234,296,131,307,29.5,17.7,13.3,16,0,0.98,78.37,48.98,74.33,92.87,6.6,2992.6,0.51,0,1
10.23,20.52,37.18,40.34,1.62,3.25,5.9,6.4,49.72,11.7,9.56,6.77,2.67,2.68,2.64,64.79,9.75,57.52,2,426,90.51,64.39,6.1,37.32,1971,17.38,1.34,34200,46700,62800,28600,144,205,270,126,251,26.2,24.2,12.1,0,0,15.86,44.67,55.25,78.85,84.42,6,1833.2,0.24,0,1
17.01,17.01,23.24,23.24,0.37,0.37,0.51,0.51,94.9,0.64,6.05,5.04,3.12,3.18,2.7,89.02,1.45,19.61,3,113,96.83,87.31,6.19,38.05,1975,0.55,0.08,86400,109400,135700,49300,361,485,686,325,660,29.5,23.4,15.7,0,0,2.2,61.06,62.35,81.36,92.7,37.5,291.8,5.24,0,1
10.67,16.75,25.57,33.66,0.64,1,1.53,2.02,91.59,0.77,4.23,3.34,2.81,2.92,2.27,85.61,0.82,32.13,3,362,96.94,82.21,2.49,41.16,1965,0.13,0.05,151900,177000,215900,64000,509,668,820,311,702,23.7,20.3,12.8,0,0,5.99,72.48,65.68,87.59,91.37,23.5,1379.8,1.3,0,1
11.41,16.87,24.31,30.95,0.21,0.31,0.44,0.56,96.07,0.53,3.82,2.28,2.26,2.35,2.18,49,2.49,53.95,2,2912,89,47.12,2.58,34.82,1962,6.51,0.17,41800,63300,96100,54300,209,304,380,171,392,28,21.3,13.9,92,8,1.82,63.63,45.6,72.33,86.31,30.8,1805,3.22,4.44,2
23.71,30.67,41.24,49.6,0.78,1.01,1.36,1.63,78.78,2.71,6.11,4.06,2.56,2.77,2.3,59.83,6.6,50.91,2,8709,88.81,55.25,4.51,34.95,1968,7.94,0.53,37400,55500,75700,38300,237,316,402,165,381,29.9,20.1,12.6,24,25,3.29,73.75,44.58,73.52,91.34,107.9,1726.3,0.89,4.64,2
3.91,8.59,11.25,17.14,0.23,0.51,0.66,1.01,72.63,6.01,6.73,5.07,2.81,2.88,2.66,68.73,5.77,46.49,3,816,95.83,67,5.02,50.74,1962,5.96,0.59,66300,83600,105600,39300,323,435,519,196,511,28.7,21.6,15.3,117,20,5.89,57.88,60.45,84.85,92.35,71.2,769.8,1.83,7.48,2
16.29,28.56,36.48,44.08,1.82,3.2,4.09,4.94,82.24,3.44,7.54,5.35,2.76,3.06,2.41,59.15,4.02,49.3,3,2526,92.86,53.32,4.79,31.31,1954,4.79,0.95,113100,131700,148400,35300,316,491,613,297,571,29.3,22.9,15,253,7,11.2,75.2,56.34,78.78,92.6,22.2,4171.7,5.54,3.32,2
5.71,9.73,11.97,15.12,0.3,0.51,0.63,0.79,91.23,0.79,5.22,4.02,2.75,2.81,2.46,83.88,1.27,40.25,3,8296,76.73,82.02,0.48,74.3,1968,0.76,0.19,112500,147700,189200,76700,515,602,731,216,702,30.5,26,17.6,96,0,5.25,69.95,59.26,79.32,93.8,42.6,1793.5,1.24,0,1
5.17,7.38,8.58,12.54,0.36,0.52,0.61,0.88,92.76,0.57,1.76,1.1,2.08,2.15,1.91,72.87,1.06,69.4,2,2523,86.3,70.49,0.52,16.01,1973,2.49,0,60900,76500,99700,38800,312,395,473,161,466,27.8,22.8,11.7,0,0,7.06,14.7,47.97,73.84,78.16,10.7,3173.9,0.65,0,1
14.97,24.43,32.08,41.45,1.71,2.79,3.66,4.73,85.27,1.81,3.3,2.45,2.59,2.59,2.6,61.86,3.35,38.17,3,546,97.09,61.91,0.18,16.67,1971,0.39,0.22,221800,279600,361500,139700,616,742,948,332,818,29.6,25,11.5,0,2,11.41,48.93,43.67,70.29,85.03,28.6,1665.7,7.9,0,1
11.73,20.95,26.88,34.65,0.29,0.53,0.67,0.87,95.88,0.53,6.34,5.27,3.04,3.18,2.21,89.21,1.03,22.37,3,217,97.81,85.14,0,19.35,1966,0.45,0.2,64200,77500,99100,34900,276,345,414,138,397,23.2,18.6,11.9,0,0,2.51,82.6,63.84,93.72,96.01,10.4,2907.8,3.15,0,1
14.94,23.98,33.6,45.3,1.04,1.66,2.33,3.15,87.33,2.4,5.24,2.99,2.29,2.44,2.19,43.72,5.75,66.7,2,7722,89.48,41.1,2.81,15.35,1972,7.31,0.29,59100,74300,98400,39300,338,428,511,173,506,27.3,21.4,12.6,688,235,6.94,32.34,35.77,62.21,71.83,69.7,2363.3,3.56,9.35,2
10.9,17.93,30.82,42.2,3.96,6.52,11.2,15.34,54.17,7.07,10.8,9.74,3.54,3.53,3.54,83.41,10.97,20.52,3,338,97.8,83.44,0.59,22.49,1974,0.21,0.21,256400,300000,376000,119600,745,1001,1001,256,1001,28.6,23.2,10.9,0,0,36.34,40.82,61.56,84.86,89.37,8.9,5965.9,0.94,0,2
7.71,17.84,28.73,37.23,0.64,1.48,2.38,3.09,89.29,0.99,3.93,3.07,2.84,2.95,2.37,84.04,1.08,35.75,3,332,96.81,80.9,2.11,28.61,1977,0.26,0.12,144000,197900,251100,107100,625,700,883,258,824,24.6,25.6,14.6,0,0,8.29,55.42,47.09,65.48,84.55,56.6,508.5,3.13,0,1
14.53,14.53,27.35,34.19,0.14,0.14,0.27,0.33,96.56,0.64,3.53,2.44,2.45,2.57,2.29,60.22,2.9,45.56,3,409,92.09,57.5,0.73,34.96,1968,10.71,0.56,48300,69500,97400,49100,173,285,375,202,373,25.8,19.9,12.2,5,0,0.97,76.98,49.33,81.56,91.7,24.6,488.7,0.24,0,2
17.49,27.35,34.26,42,5.46,8.54,10.7,13.12,56.91,7.52,4.02,2.65,2.32,2.45,2.2,51.71,4.33,69.68,2,1030,89.5,49,0.39,30.1,1958,1.51,0.24,181100,221200,278600,97500,477,633,825,348,683,25.6,22.2,16.2,0,2,31.23,41.03,58.87,76.58,84.06,1,20417.5,20.74,0,1
0,16.67,16.67,27.27,0,0.08,0.08,0.14,97.7,0.3,2.62,1.7,2.23,2.28,2.14,69.05,1.31,48.64,3,598,90.05,67.68,1.84,53.68,1956,9.68,0.45,21000,33000,47800,26800,137,192,245,108,250,26.3,16.9,11.6,33,0,0.5,57.37,53.38,78.62,89.39,9.7,1361.6,0.12,0,1
39.03,49.3,56.94,58.55,1.83,2.32,2.68,2.75,92.18,0.54,2.68,2.98,2.5,2.69,2.31,54.38,3.06,50.58,2,234,91.29,50.59,0.43,45.73,1957,1.88,0.6,66900,90700,123000,56100,301,381,482,181,434,32.2,19.7,11.7,0,0,4.7,49.43,24.2,40.15,72.74,18.9,560.5,1.12,0,1
9.94,18.67,23.19,29.38,0.82,1.55,1.92,2.43,87.65,1.4,4.65,3.28,2.58,2.83,1.99,76.38,1.42,46.07,3,693,95.63,69.41,1.01,28.28,1972,0.27,0.21,121500,149600,203700,82200,531,607,704,173,665,24,20.6,11.8,9,0,8.28,64.09,49.01,81.59,88.59,10.2,3845.3,6.65,0,1
10.77,18.25,21.16,24.08,0.65,1.1,1.27,1.45,93.02,0.63,1.67,1,2.02,2.05,1.95,67.02,1.35,78.45,2,6790,82.46,65.83,0.24,24.42,1974,3.38,0.19,58300,71500,92500,34200,351,401,477,126,473,27.3,22,11.5,56,0,6.01,15.35,49.15,75.53,79.03,14.6,4484.7,0.6,0,2
6.33,9.33,13.2,16.92,0.59,0.86,1.22,1.57,84.5,1.63,3.9,2.88,2.58,2.66,2.13,86.97,1.87,27.25,3,507,97.88,84.27,2.37,28.4,1957,1.08,0.29,47700,64500,86000,38300,399,471,532,133,532,24.5,16.3,12.9,0,0,9.27,72.83,69.13,92.73,95.68,12.1,5013,0.72,0,1
8.62,13.94,22.59,26.44,0.48,0.78,1.26,1.48,88.89,1.47,4.16,2.42,2.26,2.45,2.1,50.46,1.39,46.41,3,2484,91.78,46.65,5.43,49.88,1939,6.74,0.43,65700,82100,97000,31300,270,346,415,145,428,28.1,22,14,310,8,5.59,79.94,50.9,77.18,93.13,11.2,5831.6,5.09,4.79,2
15.77,27.08,35.27,40.8,1.51,2.59,3.38,3.91,86.95,1.78,3.68,2.36,2.48,2.77,1.94,72.72,1.36,55.97,2,1910,93.53,65.16,0.1,13.61,1977,0.32,0.12,103600,133500,167700,64100,593,675,790,197,739,25.2,21.5,12.3,5,0,9.58,65.31,44.35,77.59,85.2,19.5,3520.1,4.37,0,1
5.27,5.27,7.21,12.97,0.61,0.61,0.84,1.51,84.27,1.56,4.04,3.25,2.82,2.85,2.61,91.23,0.88,12.94,4,93,97.58,90.49,1.08,35.48,1939,0,0.29,388800,500001,500001,111201,721,1001,1001,280,1001,22.5,22.9,11.3,0,0,11.64,54.07,66.53,87.78,94.76,1.7,6079.1,9.17,0,1
30.11,45.88,49.75,53.51,0.71,1.08,1.17,1.26,95.52,0.62,6.22,3.62,2.36,2.56,2.18,50.14,4.86,53.08,2,1764,90.02,46.14,4.02,41.16,1966,10.47,0.81,31100,47100,71400,40300,171,254,304,133,304,28.9,20.3,12.9,14,0,2.35,72.44,41.04,63.65,86.45,26.3,1590.3,0.59,0,2
12.26,20.43,28.97,32.5,0.85,1.42,2.02,2.26,89.27,1.04,2.99,2.46,2.79,2.82,2.31,94.08,0.21,13.88,3,167,96.98,92.85,0,41.92,1958,0,0.09,162800,209300,293400,130600,288,611,926,638,798,29.9,19.5,13.3,0,0,6.96,58.19,68.81,85.85,88,9.3,1655,0.26,0,1
18.96,30.47,44.08,58.99,3.75,6.02,8.71,11.65,72.71,8.74,10.39,6.15,2.52,2.7,2.4,44.5,12.23,69.72,2,10216,93.4,41.62,10.49,32.73,1947,4.82,0.86,106700,177400,285800,179100,365,486,617,252,538,30.7,25.3,12.8,431,303,19.75,45.34,48.53,79.89,89.05,58.1,6409.1,18.71,3.73,2
10.24,15.29,20.2,31.98,1.7,2.54,3.35,5.31,80.62,2.69,3.6,2.79,2.64,2.77,2.12,84.73,0.85,28.86,3,266,97.74,80.97,0,20.68,1949,0.23,0.28,177400,199000,242300,64900,452,539,797,345,594,28.3,22.9,15.4,0,0,16.59,47.97,73.31,86.49,90.68,5.4,5702.7,10.35,0,1
11.6,16.53,22.39,30.42,0.26,0.37,0.5,0.68,95.09,0.26,2.34,1.59,2.4,2.71,1.9,69.59,0.73,44.33,3,835,95.06,61.58,0.96,11.62,1970,0.51,0.22,68000,84900,106700,38700,411,457,512,101,518,22.3,19.1,11.5,0,0,2.23,80.02,53.2,77.83,91.64,29.1,1344.3,1.39,0,1
10.8,15.45,17.05,20.98,0.36,0.52,0.58,0.71,93.74,0.54,3.09,1.9,2.31,2.52,2.11,52.91,1.29,55.12,2,974,93.22,48.47,1.33,21.05,1941,3.91,0.63,61200,76800,98400,37200,265,365,449,184,411,26.5,18.8,14.2,51,0,3.38,69.39,42.06,74.15,85.91,35.7,929.6,1.55,0,1
5.9,8.32,12.88,17.65,0.62,0.88,1.36,1.86,85.59,1.41,3.79,2.91,2.63,2.74,1.88,90.89,0.63,30.52,3,355,97.43,87.26,0.85,27.89,1955,0.19,0.18,148400,185700,240200,91800,497,581,723,226,640,25.9,19.2,12.2,0,0,10.54,75.27,69.87,95.32,96.82,7.1,5089.3,10.3,0,1
18.6,30.7,47.39,63.71,2.52,4.16,6.43,8.64,78.69,5.91,6.81,5.28,2.75,2.6,3.09,65.93,7.39,26.27,3,442,95.2,69.63,4.98,30.32,1964,4.16,0.27,66800,86800,118300,51500,364,474,599,235,568,24.7,17.6,12.9,0,0,13.57,50.94,55.97,80.1,89.85,12.4,1950,1.79,0,1
12.7,17.13,22.17,23.39,1.34,1.81,2.34,2.47,84.08,1.55,5.37,4.7,3.15,3.19,2.72,92.63,0.98,16.09,3,237,95.38,91.49,0.84,48.1,1967,0.41,0.23,214100,280800,375100,161000,586,786,1001,415,1001,24,22,12.8,0,0,10.55,57.32,69.2,81.81,92.64,19.5,798.4,3.62,0,1
13.91,16.72,29.14,30.77,0.66,0.8,1.39,1.47,92.6,1.22,4.73,3.4,2.71,3.01,2,78,1.02,34.27,3,187,96.53,70.24,1.07,14.97,1975,0.33,0.22,119500,163200,205100,85600,300,538,640,340,623,26.3,21.7,12.4,0,0,4.77,69.51,54.13,78.7,87.02,10.1,1409.7,1.81,0,1
7.82,10.69,15.18,16.97,0.52,0.71,1.01,1.13,89.88,1.18,4.54,3.66,2.89,3.09,2.17,83.61,1.6,32.14,3,794,95.5,78.19,1.01,21.66,1974,0.57,0.23,80100,107800,151900,71800,439,500,569,130,565,21.8,19.8,13.4,0,0,6.67,77.36,51.21,81.38,94.19,36,1352.1,0.18,0,1
15.57,22.09,27.68,32.52,1.1,1.56,1.95,2.29,91.1,0.95,4.5,2.34,2.1,2.2,2.01,49.1,4.17,70.06,2,4621,85.63,46.85,1.38,23.11,1967,11.11,0.2,45100,63000,88100,43000,264,355,436,172,420,30.4,24.1,13.1,94,18,7.04,33,41.24,67.69,75.79,33.4,1853.5,3.49,6.47,2
26.43,30.21,32.61,34.21,1.38,1.58,1.71,1.79,88.67,0.76,3.23,2.29,2.5,2.67,2.07,76.59,1.09,42.6,3,349,94.4,71.65,1.15,51.58,1955,0.73,0.22,108100,133600,166000,57900,348,465,579,231,536,22.4,19.8,14,0,0,5.24,70.94,55.73,67.98,84.73,18.3,909.6,0.9,0,1
24.17,38.75,45.83,62.92,0.39,0.62,0.73,1.01,96.68,0.88,3.06,2.3,2.59,2.65,2.5,65.25,2.92,41.05,3,576,95.2,63.89,1.04,30.38,1972,9,0.38,43300,56700,73000,29700,230,279,341,111,368,23.4,19.3,12.1,0,0,1.6,55.46,46.92,74.63,84.32,30.7,974.5,0.11,0,1
13.14,20.37,25.24,32.68,2.38,3.69,4.57,5.92,12.5,16.85,19.72,16.21,3.52,3.48,3.59,65.18,25.22,58.31,2,446,88.97,65.91,8.97,24.89,1969,21.5,2.82,19300,29800,43000,23700,99,144,226,127,192,29,25.2,12.8,0,0,18.1,69.14,68.9,90.92,94.22,7.7,1656.3,0,0,2
20.04,22.24,26.33,31.31,1.09,1.2,1.43,1.7,85.65,2.16,4.98,3.03,2.31,2.5,2.13,52.86,1.66,43.58,3,2769,91.1,48.88,3.14,43.59,1939,10.38,0.51,50600,65900,83300,32700,203,271,337,134,338,28.7,20.6,14.4,178,0,5.42,82.71,59.31,88.48,95.18,16.9,4052.3,4.99,0,1
13.33,20,36.35,50.16,0.42,0.63,1.15,1.58,91.54,1.3,4.43,3.73,3.01,3.05,2.85,80.29,3.2,22.26,3,469,93.34,79.21,0.64,22.81,1984,1.4,0.26,66100,84200,100000,33900,383,466,541,158,586,26.9,24.5,13.8,0,0,3.15,63.48,32.53,74.9,87.03,34.8,573.3,1.02,0,1
10.59,24.32,30.4,39.48,0.36,0.83,1.04,1.35,87,1.66,5.8,4.28,2.68,2.8,2.49,64.61,5.78,47.92,3,1566,90.61,61.89,11.05,51.92,1963,8.37,0.35,37000,50300,67800,30800,236,296,362,126,365,24.8,17.6,13.1,0,13,3.42,72.96,56.97,88.09,94.84,64.3,634.4,0.09,0,2
14.71,23.3,35.31,46.09,3.72,5.89,8.93,11.65,61.59,5.81,11.38,9.21,3.18,3.25,3.03,68.25,13.19,39.81,3,1016,96.73,66.66,1.57,15.26,1964,1.87,0.29,170500,205000,248300,77800,573,672,792,219,733,29.4,25.2,11.5,0,0,25.28,49.54,49.21,86.6,90.9,16.8,5724.9,3.13,10.09,2
10.35,15.7,23.63,29.38,0.77,1.17,1.76,2.18,90.75,0.78,3.06,2.32,2.73,2.91,2.29,74.9,1.73,32.64,3,872,95.49,70.17,0.34,11.93,1977,0.24,0.07,250200,297200,372400,122200,657,760,942,285,836,26.9,26.4,11.3,0,1,7.43,51.6,41.35,65.55,84.85,16.8,3009.8,1.65,0,1
9.51,11.35,15.64,20.55,0.29,0.34,0.47,0.62,96.15,0.32,3.82,3.2,2.86,2.9,2.3,94.34,0.24,12.77,3,116,97.03,92.97,0,46.55,1951,0,0,84800,115400,165900,81100,408,539,770,362,579,25.6,19.8,12.6,0,0,3.02,65.41,59.42,83.64,90.18,3,3564.3,0.9,0,1
3.09,8.76,14.95,18.04,0.04,0.12,0.2,0.24,96.55,0.33,4.52,3.2,2.55,2.7,2.32,64.07,1.52,43.68,3,291,95.11,60.48,2.06,32.3,1958,5.76,0.42,46400,59800,79500,33100,210,270,329,119,362,24.1,17.5,11.7,4,0,1.32,79.29,51.62,83.28,92.28,8.2,1787,0.11,0,1
17.49,22.41,22.41,27.34,0.12,0.15,0.15,0.18,98.03,0.25,4.14,2.93,2.52,2.6,2.41,62.35,2.57,53.3,2,1370,94.6,60.5,10.36,44.01,1950,6.79,0.26,41400,53700,69300,27900,222,286,346,124,363,27.9,18.1,12.4,73,0,0.66,72.06,53.36,88.64,93.67,20.7,2966.4,1.53,19.05,2
14.4,14.4,14.4,20.42,0.54,0.54,0.54,0.76,94.16,0.59,2.79,1.91,2.27,2.29,2.16,79.67,0.91,35,3,3820,54.11,78.69,0.18,72.15,1970,1.35,0.14,132900,161600,201200,68300,360,527,645,285,642,32.1,24.9,15.5,0,0,3.72,63.78,59.46,82.06,88.99,21.8,471.5,0.45,0,1
7.69,14.32,19.1,22.81,0.12,0.23,0.31,0.37,96.54,0.32,2.33,1.73,2.58,2.8,2.1,74.74,0.74,31.87,3,469,94.99,68.94,2.13,14.71,1974,1.3,0.04,57900,73400,94000,36100,307,378,480,173,438,20.2,17.6,11.5,0,0,1.62,71.61,49.39,82.98,87.28,10,2317.5,1.54,0,1
45.18,62.72,65.35,68.42,0.96,1.33,1.39,1.46,97.55,0.6,6.82,4.78,2.58,2.61,2.53,61.85,4.71,41.28,3,463,89.61,61.12,3.02,45.36,1964,13.5,1.08,27200,42400,66600,39400,104,170,244,140,252,27.1,22.1,14.7,0,0,2.13,73.66,54.16,81.5,88.8,16,670.3,0,0,2
15.27,21.37,30.32,41.54,2.45,3.42,4.86,6.65,83.25,2.5,5.44,3.15,2.28,2.52,2,59.53,4.73,54.26,2,431,96.48,53.88,0.93,21.81,1956,0.89,0.33,319000,463600,500001,181001,621,803,1001,380,853,27.6,25.8,11.1,101,18,16.04,39.95,51.37,69.63,87.75,10.4,2689.9,3.66,0,2
31.08,42.11,54.2,60.63,1.28,1.74,2.24,2.51,82.71,1.79,6.21,4.17,2.75,2.94,2.56,53.31,8.44,53.02,2,1896,88.38,49.89,0.79,29.48,1975,7.47,0.34,73000,90900,119300,46300,328,409,498,170,470,28.7,21,12.1,10,0,4.13,40.59,30.87,54.46,76.01,65.5,700.1,0.67,0,1
21.66,36.46,52.35,57.04,0.54,0.91,1.31,1.43,95.12,1.8,4.12,2.8,2.43,2.43,2.43,65.54,3.35,48.6,3,516,89.42,65.54,4.26,65.89,1960,8.18,0.72,27900,45600,70300,42400,203,265,331,128,370,24.5,18.8,13.2,0,0,2.49,70.52,52.87,70.99,93.64,12.4,895.6,0,0,2
10.62,29.9,33.17,35.29,0.42,1.17,1.3,1.38,92.58,0.87,6.32,4.72,2.72,2.93,2.42,63.84,2.87,41.25,3,421,92.26,59.25,2.38,23.28,1962,3.51,0.39,80800,97600,122500,41700,287,428,491,204,474,26.3,21.6,13.8,7,0,3.92,57.29,45.91,65.48,88.61,9.5,1635.9,2.53,0,1
11.34,21.27,27.76,38.18,2.96,5.55,7.24,9.96,12.76,22.13,19.82,17.56,3.81,3.83,3.77,72.24,26.11,52.56,2,374,88.16,71.91,9.36,23.53,1973,17.24,2.98,23200,34800,47900,24700,105,177,240,135,220,27.3,24.1,13.1,0,0,26.08,64.13,61.13,88.29,91.88,3.8,2846.1,1.47,0,1
13.86,18,20.61,28.17,1.13,1.47,1.68,2.29,89.99,0.69,2.79,2.03,2.55,2.69,2.14,78.49,0.4,37.99,3,376,93.35,74.39,1.06,39.89,1939,0.3,0.32,180700,226400,297600,116900,528,720,921,393,831,24.2,22.8,14.2,0,0,8.14,73.68,65.49,86.48,92.29,3.2,4320.7,9.65,0,1
13.07,18.66,24.21,30.83,1.43,2.04,2.65,3.37,87.97,0.89,3.15,2.03,2.37,2.55,2.04,69.24,1.96,42,3,549,95.36,64.22,4.74,28.05,1964,0.43,0.08,325900,439900,500001,174101,639,800,990,351,849,27.2,25.1,11.4,0,1,10.93,48.96,48.93,81.84,90.79,10.8,2544.4,1.27,0,1
20.42,20.42,23.1,24.79,1.18,1.18,1.33,1.43,92.32,0.56,2.58,1.72,2.3,2.56,1.65,79.57,0.47,37.69,3,297,94.5,71.5,0.34,22.22,1973,0,0,153300,207400,293400,140100,446,529,634,188,598,20.2,16.7,11.7,0,0,5.77,61.43,58.25,78.04,85.25,7.9,1565.4,0.33,0,1
14.57,22.13,24.65,39.5,0.24,0.37,0.41,0.66,95.97,0.56,3.73,2.58,2.44,2.44,2.44,67.44,2.77,51.97,2,1618,84.33,67.39,2.84,48.64,1958,9.2,1.17,24400,37900,56400,32000,181,257,321,140,363,24.4,18.7,14.3,12,0,1.66,65.54,55.47,82.34,91.21,22.9,940.1,0,0,2
13.19,25.21,36.25,48.25,1.05,2,2.88,3.84,82.5,3.44,7.16,5.15,2.75,2.86,2.62,57.28,7.59,48.07,3,3708,94.4,55.12,4.1,20.69,1974,3.9,0.37,72800,91200,117600,44800,319,389,493,174,468,28.4,23,12.4,349,31,7.95,59.87,39.38,78.54,89.73,95.1,1837.3,1.24,10.59,2
5.88,8.4,19.75,25.21,0.14,0.19,0.45,0.58,95.5,0.37,2.31,1.51,2.27,2.2,2.44,66.2,1.62,35.19,3,389,92.13,68.5,1.29,52.19,1958,2.48,0,40300,51400,64600,24300,307,360,412,105,435,23.2,19.3,12.2,0,0,2.3,61.81,54.06,84.53,91.49,2.6,3939.5,0,0,2
16.65,22.59,32.7,38.06,1.28,1.74,2.52,2.93,88.37,1.28,4.47,2.25,2.17,2.43,2.01,42.85,2.21,54.67,2,4078,91.17,38.3,10.4,47.72,1939,6.74,0.46,80500,101800,132700,52200,301,388,477,176,456,26.9,19.7,13,395,10,7.7,76.27,44.01,72.02,92.83,22.2,4557.8,15.02,8.52,2
16.95,29.15,39.29,51.21,3.17,5.45,7.34,9.57,63.25,11.03,13.13,9.07,2.91,3.4,2.76,26.97,13.62,69.58,2,10921,89.34,23.06,11.05,42.99,1949,15,2.08,77300,110000,148700,71400,252,385,494,242,445,26.9,24.4,15.2,1974,842,18.68,50.58,56.99,87.66,90.84,24.7,11153.6,24.89,0,2
15.53,27.16,41.19,54.94,2.01,3.52,5.34,7.12,88.75,2.08,12.4,7.56,2.63,3.33,2.36,34.83,10.74,72.02,2,1777,93.87,27.48,7.32,37.42,1949,9.13,1.01,86300,116200,146300,60000,367,478,575,208,534,28.2,23.7,15.6,340,20,12.96,54.17,56,88.25,91.7,4.1,18091.3,25.57,7.76,2
15.43,24.62,32.72,44.68,0.6,0.96,1.27,1.74,89.01,1.64,8.44,5.64,2.57,2.71,2.37,61.97,4.54,54.25,2,2955,89.13,58.81,13.16,46.7,1953,5.8,0.41,41200,54700,71800,30600,184,266,342,158,330,24.6,20.2,12.4,198,62,3.88,64.37,51.4,79.42,87.2,27,2365.2,2.84,0,1
12.31,20.93,20.93,25.88,0.23,0.39,0.39,0.48,95.73,0.59,6.5,4.2,2.46,2.54,2.39,52.43,4.3,52.56,2,1466,90.95,50.86,10.91,46.45,1962,14.22,0.63,37100,52000,69700,32600,164,257,346,182,360,27.7,21.4,12.7,10,10,1.84,74.23,53.24,78.54,91.07,23.7,1619.7,3.58,0,2
12.11,19.2,27.82,38.71,1.2,1.9,2.75,3.82,78.36,4.62,8.08,6.01,2.82,2.9,2.73,58.18,9.25,51.46,2,2598,89.62,56.69,8.47,41.84,1968,10.04,0.74,34900,50400,69400,34500,240,307,378,138,385,22.9,17.6,12.5,17,20,9.88,64.9,48.05,80.82,92.1,32.4,1969.2,0.17,0,1
32.12,42.14,47.05,51.57,1.64,2.15,2.4,2.63,92.49,0.8,3.18,1.95,2.3,2.55,2.05,56.17,2.61,52.1,2,1717,96.42,50.75,0.99,14.39,1966,3.07,0.28,56100,73200,99300,43200,282,375,477,195,425,30.6,20.4,13.1,459,84,5.1,39.02,37.12,67.78,79.61,39.4,2858.7,3.53,11.11,1
22.29,35.58,47.3,58.19,4.37,6.98,9.28,11.42,69.54,8.58,8.14,5.05,2.52,2.71,2.42,38.84,6.01,61.38,2,7889,88.19,36.15,7.61,34.39,1939,7.57,0.96,87300,113000,150000,62700,266,389,492,226,469,30.2,22.1,14.3,240,43,19.62,50.63,45.16,72.67,75.39,19.1,8403.8,7.61,7.5,2
8.92,9.78,16.26,20.86,0.1,0.11,0.18,0.23,97.12,0.47,4.52,3.06,2.42,2.52,2.28,61.24,3.08,47.34,3,2268,91.68,58.88,4.85,33.51,1965,6.72,0.27,39600,56100,79900,40300,178,272,353,175,370,26.9,18.5,12.9,35,7,1.13,74.23,52.85,83.89,90.33,41.2,1500,1.58,9.68,2
7.85,16.88,24.64,29.79,0.73,1.56,2.28,2.76,86.77,1.17,3.83,2.8,2.59,2.74,2,83.49,1.2,34.55,3,161,96.84,78.65,4.35,24.22,1952,0.69,0.47,140900,177600,223300,82400,444,597,733,289,667,26.5,22,15,0,0,9.25,58.33,69.27,86.32,91.38,2.8,4511,11.91,0,1
0.61,10.42,15.71,16.23,0.06,1.05,1.59,1.64,82.67,3.58,3.45,2.38,2.47,2.73,2.09,65.33,1.22,48.02,3,292,93.9,59.1,0.34,51.03,1949,2.56,1.15,110800,139700,172500,61700,304,408,503,199,491,26.7,23.7,13.5,0,0,10.12,55.36,58.31,79.49,90.11,6.4,1785.6,1.88,0,1
30.74,42.44,49.27,53.2,1.47,2.03,2.35,2.54,92.05,0.68,3.4,2.55,2.46,2.72,2.3,42.66,2.52,56.31,2,467,94.96,38.65,1.5,39.4,1962,3.28,0.16,55500,68400,85500,30000,276,339,409,133,401,31.3,17.6,12,10,0,4.77,72.08,28.95,49.04,88.24,9,3194.9,3.15,0,1
13.3,19.86,30.48,37.73,2.05,3.07,4.71,5.83,78.92,3.58,7.45,5.99,2.98,3.03,2.86,70.66,6.84,32.52,3,436,97.04,69.41,1.15,17.43,1969,0.77,0.17,202500,252700,316800,114300,619,722,905,286,811,26.7,22.3,11.3,0,0,15.44,49.54,54.34,73.08,90.63,6.9,6221.6,0.58,0,1
17.05,22.74,26.87,26.87,0.32,0.42,0.5,0.5,95.78,0.49,3.63,2.86,2.81,2.89,2.6,75.61,2.73,25.64,3,440,94.31,73.61,1.36,45,1974,3.7,0.04,45200,56800,72200,27000,231,330,447,216,453,24.2,19.4,11.7,98,0,1.85,63.73,48.18,69.45,92.51,26.7,783.5,0.3,0,1
15.16,20.24,29.35,35.67,1.12,1.49,2.16,2.63,87.37,1.78,4.13,2.59,2.45,2.98,1.83,65.04,1.44,54.19,2,505,93.94,53.34,0,17.03,1977,0.61,0.34,119200,162800,216300,97100,519,594,676,157,641,22.6,22,13.6,0,0,7.37,60.09,41.35,66.94,83.9,6.1,3188.2,9.32,0,1
41.46,49.25,60.1,64.81,3.44,4.08,4.98,5.37,89.76,1.29,2.26,1.27,2.18,2.46,1.99,45.64,1.76,59.96,2,1070,92.79,40.5,0.37,23.83,1973,2.02,0,98900,141100,200200,101300,345,413,507,162,489,28.8,22,11.5,23,5,8.28,39.95,26.79,40.77,71.48,17.1,2260.6,5.54,0,2
14.94,14.94,32.18,50.57,0.09,0.09,0.2,0.32,97.67,0.34,2.66,1.79,2.31,2.41,2.1,72.52,1.72,56.14,2,401,93.49,69.67,2.24,47.63,1949,9.35,0.57,28000,39700,55500,27500,158,232,290,132,300,23.9,16.7,12.1,0,0,0.63,81.33,55.65,84.48,93.52,12.3,1121.1,0.3,0,1
0,0,18.82,23.12,0,0,0.3,0.37,96.75,0.17,3.15,2.42,2.67,2.91,2.14,74.61,1.02,31.79,3,230,94.96,68.39,0.87,19.57,1977,2.01,0,66100,80800,98500,32400,290,359,449,159,435,20.6,19.7,10.7,0,0,1.61,49.41,45.12,72.22,77.66,7.2,1617.4,0,0,1
11.28,16.15,23.96,35.83,0.56,0.8,1.18,1.77,93.57,1.02,3.71,2.17,2.33,2.56,2.19,39.68,4.65,67.88,2,1238,92.92,36.05,0.81,5.98,1978,3.17,0.38,84200,107100,135300,51100,382,458,554,172,519,23.4,20,11.8,4,71,4.93,44.78,31.51,67.4,76.63,19.6,1936.3,4.68,0,1
7.75,7.75,27.5,44.75,0.17,0.17,0.59,0.97,96.49,0.3,2.79,2,2.4,2.45,2.3,63.72,1.84,44.2,3,334,95.77,62.26,2.69,24.25,1960,7.98,0.67,49400,68100,93900,44500,225,297,367,142,374,22.4,18.3,12.7,0,0,2.16,69.32,55.26,75.55,89.48,14.6,1274.7,0.07,0,1
20.25,22.35,26.22,27.37,0.83,0.92,1.08,1.12,89.17,1.64,3.62,2.6,2.6,2.78,2.27,69.92,1.43,45.65,3,647,95.53,65.45,0.93,33.54,1958,1.9,0.32,109500,136000,168400,58900,327,450,535,208,529,27.5,21.1,13.8,40,0,4.1,74.45,59.53,86.27,93.03,48.3,795,1.16,0,2
7.12,11.48,19.26,24.8,0.15,0.24,0.4,0.51,95.45,0.48,16.45,13.74,3.25,3.44,2.64,80.83,2.81,27.18,3,336,97.08,76.42,0.3,35.12,1966,1.01,0.11,69100,87100,117100,48000,263,336,416,153,397,21.9,17.5,11.1,0,0,2.07,70.15,61.31,79.51,90.78,11,3320.6,3.55,0,1
10.53,11.84,11.84,36.18,0.16,0.18,0.18,0.54,96.55,0.32,4.5,3.02,2.47,2.59,2.25,65.66,1.77,47.49,3,297,93.09,62.43,1.35,41.75,1949,5.82,0.4,25700,37000,53800,28100,224,291,360,136,345,28.1,15.8,12.7,0,0,1.5,84.83,52.23,75.14,93.8,6.9,1458.4,0.21,0,1
15.92,20.43,25.54,30.76,1.91,2.45,3.06,3.68,85.8,1.5,3.64,2.3,2.36,2.63,2.01,63.48,1.07,51.42,2,602,96.9,57.02,0.66,30.07,1940,0.46,0.36,179000,209200,249000,70000,528,691,854,326,754,24.8,20.7,14.2,0,0,11.97,66.27,64.73,84.29,89.3,5.4,8311,16.77,0,1
22.7,31.07,41.37,46.42,4.1,5.61,7.47,8.38,82.47,2.06,2.65,1.66,2.24,2.47,1.95,62.42,2.5,48.74,3,982,96.1,56.74,2.04,18.74,1955,0.67,0.2,359400,457800,500001,140601,619,825,1001,382,851,25.9,21.6,10.9,13,11,18.06,36.22,51.22,69.24,83.07,24.5,2278.3,2.64,0,1
4.15,5.89,9.1,12.58,0.2,0.29,0.45,0.62,93.61,0.35,3.9,3.21,2.91,3,2.36,88.98,0.33,20.9,3,497,91.27,86.37,0.8,50.1,1962,0.13,0.12,157800,194800,270500,112700,403,678,927,524,747,29.1,24.9,14.7,0,0,4.92,56.03,54.99,70.07,85.2,38.7,391.2,3.11,0,1
4.34,8.65,12.4,14.57,0.27,0.53,0.76,0.9,88.87,0.87,4.22,3.06,2.54,2.61,2.27,81.88,1.53,40.64,3,842,95.82,79.75,5.82,48.81,1954,1.1,0.27,150400,176500,210700,60300,382,558,721,339,676,26.6,22.4,15,3,3,6.16,68.75,69.46,92.04,95.25,18.2,2711.4,1.99,5,1
7.66,13.65,21.44,25.51,0.23,0.41,0.65,0.77,91.3,0.87,4.78,4.13,3.11,3.15,3,75.96,4.92,19.98,3,305,96.66,75.04,4.26,35.41,1973,3.47,0.11,54500,66800,81900,27400,296,372,468,172,467,20.2,16.4,11.7,0,0,3.02,68.73,55.3,88.98,95.03,10.7,2574.7,0.05,0,1
13.16,19,24.82,29.32,1.23,1.77,2.32,2.74,87.59,1.66,3.82,2.75,2.58,2.85,1.86,80.24,1.03,40.99,3,1618,94.68,72.59,0.06,19.22,1969,0.45,0.06,135600,169100,218600,83000,554,655,813,259,711,25.9,20,11.5,17,2,9.33,67.44,54.67,86.49,91.41,16.8,4503.5,8.52,0,1
5.25,9.39,17.13,19.89,0.12,0.22,0.4,0.47,95.76,0.45,3.27,2.17,2.41,2.64,2.02,69.44,1.18,44.36,3,410,93.94,63.49,0.73,16.34,1966,0.6,0,59700,68500,81700,22000,370,427,499,129,506,20.5,16.2,12,0,0,2.36,69.11,57.53,79.84,88.82,5.1,3023.7,0.76,0,1
0.26,11.64,17.21,27.3,0.01,0.41,0.61,0.97,93.63,1.35,2.62,1.75,2.44,2.9,1.87,65.95,1.94,48.78,3,288,96.73,55.52,0,10.76,1967,0.52,0.07,81200,92500,107900,26700,431,498,589,158,523,28,17.9,11.5,0,0,3.54,70.79,54.47,82.22,91.22,5.3,4124.5,4.38,0,1
5.63,5.63,14.08,29.58,0.07,0.07,0.17,0.35,98.01,0.39,3.15,2.47,2.77,2.82,2.44,88.78,1.13,36.3,3,209,95.4,87.25,1.91,51.67,1975,2.51,0.37,62900,76100,93000,30100,252,322,422,170,407,21,19.7,11,0,0,1.18,83.61,58.23,78.87,94.31,31.5,380.8,0.06,0,1
15.22,25.46,36.61,49.52,7.02,11.74,16.88,22.83,22.93,26.89,31.65,27.67,4.33,3.93,4.73,44.42,44.16,65.26,2,93,98.09,49.04,5.38,40.86,1960,7.27,1.5,129300,162400,189700,60400,403,539,647,244,592,30.7,20,11.4,0,81,46.11,43.96,54.48,88.49,90.81,3,6959.3,4.9,0,2
9.88,28.4,41.67,52.16,0.24,0.68,1,1.25,92.05,1.22,3.43,1.87,2.21,2.35,2.06,56.27,3.2,56.28,2,825,86.97,52.94,1.21,35.03,1970,8.67,0.7,33400,50600,67400,34000,206,267,335,129,331,30.3,19.9,14,0,0,2.38,80.95,36.61,60.09,95.69,8.4,1605.9,0,0,1
17.7,32.71,43.85,57.95,9.78,18.07,24.22,32.01,14,31.26,32.87,28.06,4.34,3.58,4.49,13.93,54.34,85.51,2,155,97.14,16.86,2.58,13.55,1964,7.74,1.4,116700,153500,201300,84600,455,560,651,196,599,31.3,24.9,12.9,0,0,55.24,35.12,40.38,83.12,86.03,1.1,20014.9,8.95,0,2
4.4,4.4,5.71,7.03,0.15,0.15,0.19,0.24,94.24,0.52,2.38,1.8,2.6,2.78,2.02,81.16,1.09,37.16,3,308,94.44,75.78,0.32,26.62,1969,0.31,0.42,63400,83200,108700,45300,316,380,436,120,456,20,18,12.4,0,0,3.34,62.38,53.98,82.09,87.16,18.6,732.3,0,0,1
27.04,41.12,53.5,60.41,6.81,10.36,13.47,15.21,70.5,4.52,2.05,1.24,2.26,2.3,2.23,46.58,5.55,73.97,2,276,96.3,45.84,1.45,16.3,1945,0.7,0.25,194100,241800,289300,95200,349,608,833,484,660,26,24,11.3,0,0,25.19,42.76,42.34,63.05,81.28,1.8,9255.7,17.5,0,2
6.6,12.22,17.28,22.96,0.38,0.7,0.99,1.31,91.46,0.73,4.05,3,2.54,2.73,1.94,80.86,1.4,34.85,3,416,96.68,74.97,2.4,23.56,1958,0.64,0.07,105600,135600,172100,66500,454,543,633,179,581,23.5,21.4,13.5,0,0,5.72,65.68,63.83,81.92,93.72,15.9,2151.6,2.36,0,1
4.96,4.96,12.4,12.4,0.04,0.04,0.09,0.09,97.34,0.64,4.35,3,2.48,2.76,1.8,79.46,0.47,43.76,3,203,96.9,71.61,0.99,35.96,1952,1.03,0.34,63900,81700,107700,43800,308,370,441,133,426,23.9,17,11.6,0,0,0.76,63.54,61.9,84.59,90.28,5.8,2747.1,5.01,0,1
12.62,18.11,28.9,37.94,2,2.87,4.59,6.02,74.07,3.7,8.82,7.21,3.06,3.06,3.04,82.53,7.05,22.91,3,623,95.33,82.43,0.16,6.58,1959,0.75,0.14,180200,209700,241700,61500,568,699,912,344,791,28.5,22.6,11.2,0,0,15.87,53.09,59.81,84.01,93.72,8.1,4974.4,0.77,0,2
3.34,3.34,8.72,13.08,0.12,0.12,0.31,0.46,92.14,0.5,2.35,1.72,2.44,2.62,2.01,76.26,0.83,34.95,3,275,96.52,71.17,1.09,11.27,1962,0.85,0.27,60000,75200,92200,32200,263,368,453,190,416,23.9,18.5,12.3,0,0,3.5,82.5,61.99,87.42,95.51,13.7,1435.5,2.48,0,1
4.13,9.83,10.45,12.48,0.52,1.24,1.32,1.57,79.26,2.34,4.61,3.61,2.74,2.86,2.24,84.72,0.58,35.27,3,110,96.92,81.27,0.91,78.18,1954,0.2,0.22,161300,190700,240100,78800,502,618,735,233,714,23.8,19.2,13.9,0,0,12.6,74.74,75.13,89.77,95.4,4.1,2458.9,2.17,0,1
7.23,9.83,10.51,16.72,0.61,0.83,0.89,1.42,86.83,1.49,4.14,3.44,2.89,2.97,2.16,92.31,0.62,18,3,36,99,89.71,0,47.22,1955,0,0.2,193800,233300,285700,91900,626,750,916,290,858,32.2,20.6,14.4,0,0,8.49,69.4,71.74,87.55,94.77,5.2,1992.3,4.88,0,1
3.4,3.4,9.07,14.06,0.1,0.1,0.26,0.4,92.54,0.81,4.2,3.21,2.73,2.88,2.13,84.71,1.22,37.8,3,599,94.92,80.34,1,57.26,1965,0.98,0.14,106900,128400,158400,51500,284,433,545,261,485,27.4,23,14,0,0,2.84,78.18,65.61,86.75,94.86,61.7,503.9,0.65,0,1
6.69,10.14,14.2,22.9,0.34,0.52,0.73,1.18,86.61,1.48,4.5,3,2.45,2.66,2.1,67.76,2.82,53.01,2,1153,93.05,62.45,2.86,21.42,1965,3.05,0.46,53000,64300,77000,24000,315,401,480,165,458,25,19.6,12.8,0,0,5.13,62.05,56.59,93.47,94.64,7.5,5023.9,10.29,0,1
14.09,19.21,26.62,32.2,1.64,2.23,3.09,3.74,85.78,1.56,4.54,3.42,2.78,3.1,1.87,83.04,1.31,30.01,3,1030,96.21,74.7,1.07,18.25,1972,0.34,0.18,99900,128900,167600,67700,496,584,661,165,620,22.7,19.6,12.3,0,0,11.61,65.61,55.47,78.04,89.91,34.7,2098,0.16,3.82,1
4.14,8.21,19.43,25.99,0.38,0.75,1.77,2.37,88.86,0.59,3.3,2.81,2.82,2.85,2.56,88.9,0.78,12.71,4,402,96.49,87.79,0.5,20.15,1975,0.07,0.13,283800,359200,450000,166200,752,999,1001,249,1001,27.8,26.3,11.3,0,0,9.11,49.55,50.03,70.31,89.16,18.3,1708.1,4.05,0,1
0,11.97,28.21,56.41,0,0.09,0.2,0.4,97.48,0,6.44,4.2,2.46,2.42,2.51,58.15,4.7,45.33,3,971,87.09,59.03,2.47,62.92,1960,15.29,0.74,22700,36300,55900,33200,114,185,253,139,278,29.1,20.6,14.1,0,0,0.71,81.87,55.69,84.85,93.41,11.7,1400.2,0.11,0,2
13.04,16.79,20.65,24.15,0.51,0.66,0.81,0.95,94.74,0.6,2.12,1.54,2.45,2.66,1.95,77.08,0.36,37.4,3,473,94.63,71.17,0.42,29.6,1974,0.19,0.35,88000,111700,139800,51800,379,450,536,157,529,21.7,18.6,11.9,0,0,3.93,60.31,48.6,78.36,87.04,9.3,2274.5,1.39,0,1
0,0,0,0,0,0,0,0,95.79,0.34,2.66,2.06,2.6,2.64,2.39,84.78,0.93,40.03,3,299,93.53,83.44,4.01,64.88,1960,0.86,0.32,37200,56200,79200,42000,136,222,305,169,351,21.2,17.3,12.1,0,0,0.71,91.42,73.28,85.35,97.39,33.3,336.8,0.97,0,1
34.78,48.91,56.13,59.83,8.04,11.31,12.98,13.83,80.36,3.15,4.09,3.11,2.7,2.84,2.36,75.25,1.22,30.48,3,188,96.65,71.63,0.53,26.6,1948,0.22,0.14,314800,435700,500001,185201,599,859,1001,402,908,24.7,21.5,17.9,0,0,23.12,52.95,59.29,76.75,80.96,6,2495,28.72,0,1
9.02,14.18,18.62,21.71,1.02,1.61,2.11,2.46,82.74,2.4,4.2,3,2.55,2.76,2.18,68.92,1.97,49.71,3,578,92.53,63.6,0.35,44.46,1947,0.22,0.45,154400,179400,202200,47800,435,559,671,236,622,22.8,21.5,13.7,0,0,11.35,72.26,75.41,86.12,94.68,4.8,3792.6,8.37,0,1
20.67,31.67,41.3,50.54,4.6,7.05,9.2,11.26,73.74,6.54,6.34,3.65,2.44,2.76,2.3,35.09,3.87,65.23,2,1467,95.38,31,3.07,37.22,1939,1.94,0.18,135500,165800,198300,62800,416,591,743,327,677,27.2,21.6,15.4,54,1,22.27,54.68,49.22,70.48,78.68,4.3,17893,27.93,4.44,1
9.36,15.19,22.14,25.07,0.71,1.15,1.68,1.91,88.02,1.34,4.02,3.16,2.79,2.92,2.29,83.15,0.87,31.95,3,527,95.94,79.48,5.31,34.35,1968,0.67,0.1,171600,208600,248900,77300,412,549,740,328,654,27.1,22.8,12.7,0,0,7.6,67.76,62.02,86.2,92.38,31.7,1118.7,1.02,0,1
10.47,17.32,24.47,35.01,4.09,6.76,9.56,13.68,43.57,14.76,6.85,4.55,2.54,2.9,2.31,45.58,7.47,70.41,2,2304,89.17,39.98,1.78,26.69,1950,2.07,1.03,135500,169300,208200,72700,304,461,643,339,514,24,26,15,24,1,39.07,40.95,58.11,81.55,87.19,5.4,8999.6,21.37,0,1
17.85,22.83,29.73,33.55,0.61,0.78,1.01,1.14,93.1,0.79,4.67,3.38,2.61,2.66,2.54,54.98,4.53,45.69,3,5044,92.89,53.87,2.78,30.19,1965,8.14,0.44,42800,58900,83400,40600,170,275,371,201,358,25.5,19.8,12.2,258,18,3.4,51.83,45.66,73.83,79.19,224.1,800,1.49,8.13,2
5.42,8.06,12.55,19.94,1.23,1.83,2.85,4.53,68.83,3.52,4.72,3.78,2.73,2.78,2.05,94.6,1.86,28.93,3,118,98.57,92.8,1.69,20.34,1958,0.12,0.17,126200,150700,181200,55000,374,480,672,298,624,27.9,20.4,11.6,0,0,22.72,65.19,69.54,95.19,95.97,5.3,4247.2,7.82,0,1
16.96,29.4,37.81,55.4,0.49,0.85,1.09,1.6,91.52,1.34,5.9,4.11,2.55,2.65,2.39,65.15,3.57,47.99,3,537,95.12,62.76,1.3,29.61,1960,8.53,0.36,38300,51600,69500,31200,181,246,309,128,313,23.7,17.7,11.5,148,0,2.88,52.68,46.13,75.89,87.13,10.9,2526.6,0.77,0,1
4.85,8.14,20.81,34.19,0.13,0.22,0.55,0.9,95.23,0.41,2.79,2.03,2.56,2.76,1.88,82.84,0.7,38.44,3,1432,92.88,76.63,0.21,46.3,1974,0.33,0.13,95600,121000,163200,67600,542,631,741,199,660,23.9,20.7,11.5,0,0,2.64,65.23,53.1,81.68,89.03,28.1,1722.6,2.18,0,1
7.09,9.47,11.54,17.96,1.04,1.4,1.7,2.65,77.71,4.88,4.02,2.75,2.48,2.79,2.01,67.91,1.73,52.31,2,858,95.88,60.35,1.63,39.16,1955,1.64,0.34,100600,122500,146200,45600,264,414,525,261,470,26.3,22.7,13.9,0,0,14.74,65.61,65.57,89.29,92.52,13.9,3629,3.57,0,1
9.11,9.77,11.07,13.93,0.42,0.45,0.51,0.64,89.39,1.37,4.09,2.51,2.33,2.52,2.16,49.07,1.14,42.95,3,506,93.38,45.2,4.74,44.66,1939,4.95,0.2,73200,89300,109300,36100,193,291,368,175,380,25.4,20.3,14,0,0,4.56,86.74,55.3,82.64,95.42,3.9,4339.5,4.54,0,2
0,5.45,7.64,10.91,0,0.1,0.14,0.2,95.74,0.47,4.59,2.9,2.42,2.67,2.15,56.29,1.09,44.74,3,440,93.3,50.87,2.5,36.59,1939,4.47,0.05,64900,81200,97900,33000,269,353,421,152,426,27.9,20.4,14,5,0,1.84,82.28,53.85,80.5,94.02,4,3763.7,1.99,0,2
50.72,50.72,50.72,50.72,0.21,0.21,0.21,0.21,98.42,0.18,2.91,1.97,2.36,2.41,2.3,55.02,2.33,54.89,2,345,95.1,53.84,2.32,26.38,1965,10.84,1.31,30900,44700,68100,37200,141,217,291,150,311,25.9,16.2,13.1,0,0,0.42,75.9,50.67,81.63,91.08,11.5,1417.4,0,0,2
1.97,11.56,14.06,18.27,0.12,0.72,0.87,1.13,88.11,1.25,3.06,2.04,2.42,2.54,2.03,79.17,0.7,49.1,3,228,95.52,75.22,0.88,58.33,1972,0.35,0.18,131900,162100,210200,78300,447,648,840,393,722,25.9,23.1,13.9,0,0,6.19,63.8,51.61,69.29,88.58,12.8,957.1,0.9,0,1
13.69,16.23,19.93,24.44,1.52,1.81,2.22,2.72,87.09,1.18,3.33,2.7,2.68,2.76,1.91,93.12,0.46,17.19,4,824,95.02,90.34,0,29.13,1964,0.2,0.07,158300,213200,314500,156200,528,647,859,331,701,22,17.9,12.3,0,0,11.14,59.04,59.03,83.9,90.58,25.9,1642.9,0.28,0,1
4.87,9.38,15.04,22.11,0.36,0.69,1.1,1.62,86.28,1.92,3.3,2.31,2.46,2.71,1.97,73.09,1.04,46.14,3,1167,96.18,66.36,0.94,32.56,1955,1.68,0.37,105800,129700,161000,55200,335,461,562,227,534,27.1,22.4,14.6,84,0,7.34,76.62,63,88.23,93.89,29.6,2569.9,2.62,0,1
19.28,24.68,34.45,45.24,0.32,0.41,0.57,0.74,96.18,1.04,6.82,4.76,2.58,2.51,2.72,63.5,5.06,46.61,3,1061,89.04,65.38,3.68,62.3,1957,12.5,1,25300,40400,61900,36600,143,230,297,154,333,28.1,18.9,14.2,35,0,1.64,76.57,54.68,81.54,92.62,24.9,952.2,0.06,0,2
11.31,16.45,21.18,27.36,4.03,5.86,7.54,9.74,51.8,6.93,4.25,2.66,2.33,2.58,1.89,70.47,6.32,50.96,2,1101,93.35,63.61,2.45,28.79,1956,1.25,0.04,153100,223500,350700,197600,404,476,604,200,540,27.2,22.2,13.3,0,0,35.61,21.83,45.18,72.92,77.58,12.3,3272.2,3.11,6.02,2
14.53,24.51,42.52,48.59,0.19,0.32,0.55,0.63,96.96,0.53,3,1.88,2.3,2.39,2.24,42.67,1.39,55.31,2,1298,92.07,41.15,9.24,39.21,1947,8.45,0.24,50300,68200,89400,39100,203,281,360,157,330,22.8,18.9,13.8,59,0,1.3,69.75,47.81,84.82,89.79,10.3,3450.1,1.61,0,2
6.62,12.26,17.73,30.28,0.39,0.71,1.03,1.76,91.07,1.18,3,2.02,2.43,2.7,2.06,64.03,1.28,52.95,2,611,95.21,57.58,0.98,30.11,1964,2.95,0.3,132300,158000,189400,57100,396,522,625,229,577,24.5,21.7,12.3,15,0,5.82,58.88,54.87,75.7,90.32,18.4,1624.6,2.73,0,1
14.53,21.73,32.3,37.95,1.23,1.84,2.74,3.22,81.47,1.62,4.67,3.52,2.72,2.95,2.56,44.96,8.12,54.56,2,3191,87.93,41.46,1.69,28.11,1976,10.13,0.18,46900,58600,70100,23200,243,313,391,148,385,25.4,23.7,12.8,19,6,8.49,30.88,30.01,49.87,58.21,28.7,2215.9,0.09,18.42,2
50.58,59.16,65.76,72.23,2.87,3.36,3.73,4.1,92.45,0.87,2.33,1.51,2.21,2.41,2.05,48.39,1.39,50.19,2,834,92,44.37,1.2,39.57,1952,3.73,0.14,51900,69500,94100,42200,232,306,423,191,355,35.1,16.5,11.7,70,0,5.68,48.28,36.12,49.2,66.96,8,3226.8,2.45,0,1
10.99,31.87,31.87,31.87,0.08,0.24,0.24,0.24,97.91,0.3,2.25,1.57,2.38,2.47,2.24,65.08,1.51,46.14,3,340,93.44,62.86,1.18,34.71,1964,13.46,0.79,32100,45000,64800,32700,114,193,290,176,252,26.6,20.3,12.9,0,0,0.75,77.78,52.07,79.81,90.54,12.7,951.5,0,0,2
6.07,8.38,11.6,14.41,0.37,0.51,0.71,0.88,91.11,1.1,3.8,2.78,2.63,2.84,2.09,77.23,1.87,45.52,3,1479,95.64,71.39,1.15,21.23,1974,1.3,0.27,66000,87500,116600,50600,357,435,497,140,492,24.5,19.3,13.5,12,0,6.1,80.16,53.34,85.23,95.86,29.2,2939.4,0.55,0,1
8.13,14.73,21.77,27.82,0.58,1.05,1.56,1.99,88.88,0.86,3.24,2.33,2.43,2.63,1.97,75.88,0.96,45.4,3,1097,94.95,70.21,1.37,35.28,1957,0.97,0.31,135700,164000,197100,61400,467,600,702,235,680,29.1,22.4,14.3,28,0,7.16,65.75,60.29,86.18,90.2,34,1543.8,3.13,6,1
6.39,12.67,20.91,24,0.27,0.54,0.89,1.02,92.64,0.88,4.46,3.67,2.93,3.06,2.52,78.85,1.84,16.83,3,292,96.37,75.4,1.03,35.62,1976,0,0.16,63100,82700,114300,51200,386,477,589,203,607,24.7,20.1,12.3,0,0,4.25,54.63,50.32,69.13,90.54,21.5,1061.7,0.85,0,1
20.21,30.51,43.53,56.89,8.62,13.02,18.57,24.28,41.72,17.14,12.4,9.19,3,2.97,3.02,48.09,21.14,67.48,2,520,95.92,48.49,1.92,24.42,1954,2.04,0.46,184600,251600,335800,151200,501,620,734,233,672,30.1,25.7,11.5,0,0,42.67,40.75,44.59,82.46,84.95,4.3,8664.8,4.86,0,2
17.39,28.62,37,43.67,1.5,2.47,3.19,3.76,87.68,1.64,3.51,2.18,2.39,2.38,2.4,43.88,6.45,61.66,2,925,94.83,44.07,0.43,18.81,1969,1.64,0.35,196400,241100,303800,107400,425,546,761,336,599,35.1,26.2,10.8,116,1,8.62,59.95,29.02,53.42,91.05,9.6,4363.4,2.03,0,1
19.42,23.46,32.72,43.15,0.79,0.96,1.33,1.76,92.39,0.71,2.91,1.96,2.48,2.92,1.93,64.87,2.09,44.75,3,1262,93.3,54.96,0.08,10.54,1981,1.75,0,78700,95900,130500,51800,336,396,491,155,456,21.6,21.4,11.7,0,0,4.07,45.64,37.94,66.22,81.5,10.4,4219.2,0.03,0,1
8.33,18.1,26.15,35.06,0.12,0.25,0.37,0.49,96.25,0.31,4.71,3.97,3.17,3.24,2.61,90.63,1.8,24.65,3,254,96.87,88.63,1.57,28.35,1980,0.57,0.15,81900,96400,121800,39900,437,533,635,198,620,27.8,23.3,13.4,0,0,1.4,68.84,40.51,64.44,86.77,37.5,662.7,0.76,0,1
10.53,10.53,20.61,20.61,0.13,0.13,0.25,0.25,96.44,0.67,3.46,2.32,2.44,2.77,1.9,70.94,1.09,46.42,3,238,96.97,62.57,0,31.51,1964,2.63,0.11,41700,54500,71300,29600,201,274,340,139,330,22.8,18.4,12.8,2,0,1.21,80.92,51.42,78.23,92.55,10.6,1787.2,0.08,0,1
41.34,49.5,59.16,62.62,1.33,1.59,1.9,2.01,95.49,0.4,4.36,2.82,2.46,2.55,2.4,40.59,2.03,57.53,2,291,91.8,39.18,1.03,20.62,1957,4.57,0.03,39000,51800,68200,29200,202,318,441,239,350,35.1,20.3,13.2,0,0,3.21,81.26,25,36.47,92.02,6.2,2044.6,0.34,0,1
7.12,7.12,13.22,24.07,0.13,0.13,0.24,0.43,91.45,0.94,3.56,2.75,2.6,2.63,2.52,76.04,3.24,41.15,3,315,95.21,75.24,1.9,51.11,1957,3.72,0.67,33500,43000,57500,24000,250,292,351,101,402,23.5,16.1,12.3,0,0,1.79,73.78,63.81,89.36,96.22,5.4,3058,0,0,1
18.89,30.11,42.92,53.42,0.46,0.73,1.03,1.29,94.54,1.09,4.55,3.19,2.52,2.62,2.39,60.31,4.19,48.1,3,3087,89.81,58.12,4.11,46.58,1970,9.08,0.33,38500,56700,77900,39400,216,274,344,128,346,23.8,18,12.8,42,9,2.41,66.9,46.98,75.26,91.62,54.2,1297.6,0.13,5.47,2
18.72,28.07,36.68,45.89,0.7,1.05,1.37,1.72,92.82,0.73,6.13,4.02,2.55,2.58,2.53,44.52,5.32,57.54,2,9284,90.6,44.02,3.94,30.95,1958,10.51,0.35,60700,74500,97100,36400,276,361,438,162,438,28.5,23.4,13.5,253,29,3.74,45.69,39.31,62.4,71.19,55.7,4690.3,5.57,7.65,2
28.23,39.8,49.23,55.8,0.34,0.48,0.59,0.67,96.43,0.38,6.35,4.08,2.46,2.59,2.31,56.3,3.97,54.83,2,12254,89.59,53.39,7.24,43.07,1959,6.13,0.59,32800,44500,63600,30800,136,225,307,171,322,26.1,20.4,13.5,549,230,1.2,84.68,57.21,89.24,93.57,153.8,1728.9,3.56,3.68,2
0,9.59,9.59,9.59,0,0.06,0.06,0.06,97.84,0.37,5.54,3.81,2.51,2.42,2.64,59.48,4.17,41.2,3,458,90.78,61.56,1.75,59.83,1961,10.46,0.62,29000,41700,59700,30700,103,173,246,143,234,27.9,22.1,13.6,1,0,0.63,81.78,62.07,83.31,87.82,7.6,1532.4,0.62,0,2
8.37,17.3,24.61,32.84,0.38,0.79,1.12,1.5,84.37,2.39,5.22,4.04,2.9,3.07,2.69,57.22,5.98,35.33,3,1131,90.33,53.96,3.18,30.5,1982,5.7,0.07,55500,69800,89400,33900,268,346,424,156,446,23.7,24,13.8,0,0,4.56,60.11,35.37,52.2,88.66,19.8,1561.8,0.22,0,1
14.71,24.62,34.53,43.87,2.15,3.6,5.05,6.42,63.86,7.56,8.46,5.58,2.63,2.68,2.59,45.05,6.74,65.45,2,4896,91.44,44.15,13.77,46.18,1948,8.66,0.72,118500,145900,171000,52500,364,496,595,231,594,30.3,26.2,16.9,201,12,14.63,52.63,50.12,86.56,88.23,16.6,8545.4,6.39,6.17,2
17.09,17.09,20.6,20.6,0.3,0.3,0.36,0.36,95.82,0.35,2.47,1.82,2.63,2.82,2.25,72.54,0.75,42.58,3,137,96.87,67.79,0.73,27.01,1975,0.68,0.27,54700,67200,85800,31100,283,354,404,121,418,21,18.6,13.2,0,0,1.76,73.09,49.64,76.62,89.84,6.7,1693.4,0.12,0,1
13.83,18.44,20.75,24.21,0.83,1.11,1.25,1.46,92.87,0.96,2.85,2.1,2.54,2.82,1.86,78.78,0.78,43.59,3,385,94.1,71.01,1.04,12.99,1977,0.11,0,94800,162700,208100,113300,512,596,684,172,660,23.7,19.8,12.5,0,0,6.01,71.28,46.74,75.26,90.6,17,1015.5,0.3,0,1
3.72,5.32,10.95,16.56,1.03,1.47,3.03,4.58,61.38,3.21,4.72,3.98,2.77,2.78,2.69,96.12,1.32,16.48,3,88,97.9,96,0,37.5,1956,0.34,0,153400,199300,275600,122200,613,795,945,332,1001,32.4,20.7,12.3,0,0,27.64,62.33,69.38,96.23,97.17,2.8,4129.7,6.04,0,1
22.65,35.47,36.47,59.92,0.67,1.05,1.08,1.77,95.05,1.5,3.73,2.77,2.7,2.83,2.51,60.24,2.94,41.83,3,490,92.66,57.33,0.82,24.9,1981,6.14,0.24,70600,88300,114500,43900,353,418,476,123,520,25,22,12.2,24,0,2.96,52.76,34.36,61.52,76.54,12.8,1317.5,0.21,0,1
12.54,17.99,24.63,28.17,0.66,0.95,1.3,1.49,91.21,0.55,2.74,1.87,2.42,2.51,2.2,74.21,0.73,46.15,3,259,95.24,71.63,0.39,27.41,1971,0.66,0.26,98300,120700,154700,56400,454,578,663,209,664,23.7,21.8,13.2,0,2,5.29,52.6,43.35,78.31,83.85,17.2,743.7,0.29,0,1
8,20,20,20,0.04,0.09,0.09,0.09,97.62,0.14,2.97,2.12,2.49,2.75,2.02,70.38,1.25,47.61,3,158,96.33,63.51,0,17.72,1966,2.36,0.19,50700,62100,74100,23400,213,294,351,138,337,21.9,17.2,12.4,0,0,0.44,83.29,48.84,73.42,94.25,8.7,1307.3,0.78,0,1
6.08,6.08,15.34,18.38,0.14,0.14,0.35,0.42,95.78,0.35,2.96,2.04,2.52,2.72,2.18,67.12,1.4,37.72,3,655,94.74,62.06,1.22,27.18,1980,2.07,0.29,75700,96900,144900,69200,396,458,533,137,537,22.1,22,12.9,0,0,2.3,47.98,36.3,67.71,75.16,22.6,1333.6,0.35,0,1
2.79,13.95,13.95,20.93,0.03,0.16,0.16,0.25,94.95,0.46,2.66,1.77,2.35,2.53,1.89,77.18,1.3,45.62,3,397,94.99,71.62,1.01,37.78,1954,4.09,0.43,32300,43800,60700,28400,169,245,329,160,287,25.6,17.1,12.5,0,0,1.17,73.77,59.93,85.5,92.97,9.9,1849.7,0.83,0,1
26.77,38.39,47.42,66.13,0.75,1.07,1.32,1.84,94.01,1.58,5.51,3.8,2.51,2.47,2.6,67.8,4.86,44.42,3,572,88.22,68.91,1.75,54.2,1962,13.14,1.38,28700,43700,65400,36700,143,228,298,155,315,26.3,18,14.2,0,0,2.78,81.43,58.04,85.75,96.63,11.3,985.4,0.17,0,1
15.13,29.14,41.69,55.48,3.08,5.94,8.5,11.31,71.53,8.17,5.75,3.23,2.21,2.2,2.22,55.33,7.78,78.33,2,3067,80.38,55.57,3.46,29.74,1962,7.87,0.29,52100,66900,88300,36200,327,387,450,123,453,29.3,24,12.7,0,23,20.39,20.17,42.8,74.38,78.35,5.8,4911.3,2.12,0,2
1.12,3.85,14.26,22.28,0.04,0.15,0.54,0.85,92.08,0.71,3.59,2.97,2.84,2.93,2.3,88.96,0.58,21.42,3,206,96.52,86.34,0.49,43.69,1974,0.84,0.25,103300,130500,160100,56800,364,421,494,130,501,21.6,22.1,11.6,0,0,3.8,70.18,57.64,76.36,83.77,15.1,1087.2,0.42,0,1
2.97,5.64,13.95,19.14,0.06,0.11,0.28,0.38,94.16,0.74,6.47,4.28,2.51,2.64,2.32,62.85,3.14,51.04,2,1433,89.76,59.82,7.68,40.27,1954,8.2,0.33,33600,43700,57800,24200,207,272,342,135,363,25.9,18.1,14.4,0,0,1.99,67.64,57.65,87.23,92.92,20.3,1665.8,1.73,0,2
9.35,14.19,18.51,22.11,0.47,0.71,0.93,1.11,89.51,1.5,5.38,3.79,2.61,2.78,2.32,66.18,3.16,49.94,3,1278,95.9,61.99,2.74,28.48,1954,4.39,0.3,47100,58700,73000,25900,262,338,415,153,400,25.4,19.4,13,61,0,5.01,65.34,53.32,83,87.28,22.3,3599.2,1.99,5,1
14.85,24,34.78,43.89,2.26,3.65,5.29,6.68,80.21,2.11,4.01,3.32,2.98,3.17,2.4,80.83,1.62,28.07,4,466,92.01,76.17,0.21,20.6,1983,0.54,0.36,218900,282100,352300,133400,500,776,982,482,814,22.3,24.6,13.7,5,0,15.22,32.53,37.7,50.71,68.09,26.9,594.6,17.87,0,1
22.05,32.7,42.22,51.44,4.97,7.37,9.51,11.59,69.74,9.09,9.23,5.22,2.41,2.5,2.35,43.68,10.61,67.49,2,1878,94.82,42.17,0.53,17.52,1959,2.54,0.81,267500,346900,468300,200800,532,670,897,365,715,31.9,27.9,11.1,314,46,22.53,42.42,41.54,74.17,85.6,19.6,4371.2,3.95,3.62,2
10.57,18.78,24.03,42.28,0.47,0.83,1.06,1.87,91.31,1.97,16.69,12.64,3.25,3.34,3.11,60.6,11.29,46.19,3,1234,88,58.83,29.5,50.32,1955,15.23,0.63,40700,49900,60500,19800,265,357,447,182,453,35.1,22.3,13.3,51,0,4.42,67.35,57,93.88,95.17,6.4,4637.2,14.33,0,1
4.46,8.91,14.48,18.94,0.03,0.06,0.1,0.13,97.4,0.45,4.1,2.78,2.38,2.43,2.3,60.72,2.57,50.75,2,1585,93.2,59.44,6.5,51.74,1957,10.52,0.85,32500,47000,65800,33300,130,195,267,137,278,23.6,16.4,12.7,61,0,0.68,77.66,59.51,81.4,92.62,44.6,1189.2,2.1,0,1
6.38,6.38,15.6,15.6,0.05,0.05,0.13,0.13,97.62,0.14,3.9,2.56,2.38,2.45,2.25,65.28,1.11,49.01,3,491,93.33,63.26,2.44,52.55,1939,8.77,0.34,23300,32600,43100,19800,164,222,275,111,295,23.5,16.3,12.2,0,6,0.84,84.66,58.62,87.31,94.98,6.6,2530.4,0.12,0,1
11.5,19.93,30.07,37.23,1.77,3.06,4.62,5.72,75.29,5.43,9.12,7.78,3.34,3.31,3.45,79.5,8.53,22.8,3,294,96.29,80.15,0,12.24,1984,0.92,0.47,215400,276800,350200,134800,728,866,995,267,911,28.3,30.5,12.6,0,0,15.35,54.22,28.32,62.25,87.86,12.7,2007.4,0.23,0,1
24.49,27.55,34.18,34.18,0.39,0.44,0.54,0.54,97.57,0.08,2.27,1.43,2.2,2.35,2.03,58.19,1.54,63.38,2,667,89.35,54.55,0.9,19.94,1962,3.5,0.11,41800,54400,70600,28800,242,289,341,99,363,24.7,17.4,12.2,0,0,1.59,67.16,52.45,86.32,89.78,6.7,1839.1,0.61,0,2
24.67,30.5,40.32,44.83,0.42,0.52,0.68,0.76,96.12,0.41,6.57,3.71,2.26,2.32,2.22,43.88,5.37,64.61,2,2769,87.17,42.85,4.91,57.93,1951,12.67,1.06,32200,49000,74900,42700,124,217,317,193,300,29.3,19.9,12.9,89,21,1.69,71.35,50.51,81.19,88.83,20.4,2191.6,4,9.56,2
7.88,7.88,21,31.26,0.12,0.12,0.33,0.49,96.22,0.49,2.74,2.48,3.15,3.16,3.02,91.27,0.77,6.2,3,351,96.01,90.88,0.28,26.78,1977,0.38,0.41,78300,91200,110500,32200,369,469,616,247,607,23.9,21.4,11.7,0,0,1.55,57.97,47.99,82.2,84.94,14.9,1808.4,0.05,0,1
9.48,12.64,15.95,25.14,0.57,0.77,0.97,1.52,89.65,0.88,6.34,4.99,2.9,3.1,2.42,75.83,2,34.72,3,255,93.11,70.96,2.35,53.73,1962,1.33,0.62,126300,163500,209600,83300,453,585,681,228,651,24.9,22.5,13.8,10,0,6.04,75.48,59.11,79.21,92.25,45.6,252.4,2.54,0,1
12.47,19.66,27,34.88,1.99,3.14,4.31,5.57,80.97,3.45,4.72,3.39,2.59,2.81,2.09,74.83,1.86,37.99,3,435,97.15,68.89,1.38,44.6,1953,0.51,0.19,166400,202800,256900,90500,450,619,755,305,693,27.6,22.7,14.7,25,0,15.97,60.57,65.23,83.34,90.11,12.6,3115.4,7.75,4.21,1
21.14,27.82,36.47,43.12,2.02,2.66,3.49,4.13,89.66,1.67,3.66,2.39,2.5,2.76,2.15,63.59,2.2,47.56,3,819,94.53,57.62,0.37,5.62,1979,0.7,0.15,135800,168600,212100,76300,506,594,678,172,661,24.7,20.5,11.9,0,0,9.57,39.82,36.9,68.33,76.63,15,2393,4.89,0,1
11.29,20.56,31.37,39.33,1.2,2.18,3.33,4.18,86.06,2.27,3.23,2.41,2.52,2.73,2.11,71.65,1.54,36.25,3,164,97.05,66.11,1.22,32.32,1951,0.52,0.25,204600,250100,336800,132200,559,739,911,352,792,24.7,21.8,13.3,12,0,10.62,50.61,50.74,68.02,82.32,4.3,3651.4,7.11,0,1
28.28,36.6,43.65,50.68,6.05,7.83,9.34,10.84,77.95,3.08,3.99,2.05,2.17,2.48,1.93,49.39,2.28,62.26,2,996,96.07,43.11,0.6,32.73,1939,0.53,0.12,281100,377800,500001,218901,443,629,963,520,671,24.6,22.6,14.5,16,0,21.39,41.54,49.81,60.48,76.81,7,7778.6,28.71,2.86,1
14.81,25.48,28.82,31.53,0.55,0.95,1.08,1.18,95.35,0.61,4.76,3.61,2.75,2.9,2.14,84.94,0.65,25.61,3,950,86.4,80.61,9.47,82,1954,0.61,0.19,169500,203600,253400,83900,290,569,831,541,627,23.5,23.5,13,3,0,3.74,75.1,67.4,84.16,93.36,17.8,942.9,5.38,0,1
24.5,46.25,77.75,81,0.38,0.72,1.21,1.27,97.02,0.7,6.44,4.36,2.54,2.53,2.55,48.63,4.87,53.51,2,1177,89.25,48.8,3.91,28.46,1962,12.32,1.21,32900,52300,87200,54300,150,248,338,188,361,25.6,21.3,13.7,5,0,1.56,75.35,48.88,82.93,90.93,26.9,952.1,0.16,0,2
17.75,28.62,36.92,49.17,9.25,14.91,19.24,25.62,16.25,30.37,34.87,30.87,4.52,4.21,4.61,20.98,59.49,85.9,2,302,96.84,22.52,2.65,23.18,1960,10.34,0.89,127000,165200,214400,87400,450,542,638,188,605,32.3,29.7,11.7,0,0,52.1,38.62,41.95,86.67,88.58,2.6,16265.4,6.68,0,2
15.93,24.56,39.85,49.94,0.83,1.28,2.08,2.61,90.33,2.23,6.74,4.74,2.61,2.64,2.57,61.12,6.66,47.49,3,1266,89.86,60.46,4.19,43.52,1968,8.01,0.6,30900,47800,69300,38400,204,274,347,143,350,25,18.6,13.6,39,0,5.22,79.43,50.5,80.94,94.94,24.4,1236.1,0.41,0,2
12.77,25.84,36.13,40.35,1.36,2.74,3.83,4.28,86.64,1.28,3.49,2.5,2.61,2.83,2.22,68.68,2.39,55.06,2,505,94.43,63.25,0.4,42.97,1972,0.49,0.09,125600,148500,187600,62000,531,631,761,230,675,25.3,23,13.1,14,0,10.61,39.61,53.38,65.76,81.81,16.2,1378.1,9.47,0,1
8.8,24.8,24.8,28.8,0.1,0.27,0.27,0.31,95.17,0.7,3.36,2.32,2.53,2.81,1.96,74.79,1.27,46.35,3,281,94.1,67.43,1.42,36.3,1969,2.36,0.17,52100,65900,82300,30200,224,310,384,160,340,24.1,20.2,12.6,3,0,1.08,82.49,50.52,76.27,94.02,5.6,2059.4,0.46,0,1
5.03,7.91,13.69,20.98,0.32,0.51,0.88,1.35,93.27,0.52,3.7,2.56,2.48,2.71,2.06,71.3,2.03,48.33,3,227,95.59,65.36,0.88,14.1,1978,0.93,0,126000,156800,196500,70500,402,507,626,224,573,24.7,21.9,10.9,0,0,6.44,50.66,42.69,71.74,86.92,5.5,2241.3,6.84,0,1
7.45,8.84,13.34,25.65,0.16,0.19,0.28,0.54,95.61,0.62,3.73,2.55,2.41,2.55,1.9,82.6,0.78,39.64,3,487,95.84,77.96,1.64,34.09,1955,0.12,0.03,77400,100500,148300,70900,376,469,542,166,558,22.9,17.6,11.8,0,0,2.11,66.64,62.96,84.26,91.96,9.3,2921.9,1.54,0,1
10.59,20.26,28.77,40.26,2.06,3.94,5.59,7.83,76.26,4.14,7.91,6.43,3.07,3.18,2.73,77.87,5.68,25.83,3,612,96.6,75.15,0.16,13.56,1971,0.27,0.12,244000,287000,354200,110200,703,846,1001,298,893,28.5,22.3,11.8,0,3,19.44,43.27,56.39,81.78,89.24,9.2,5813.2,0.95,0,1
28.79,31.58,35.91,41.49,0.46,0.51,0.58,0.67,96.88,0.62,3.4,2.39,2.52,2.73,2.26,59.27,2.22,51.57,2,920,89.48,54.62,0.43,14.24,1979,3.39,0.22,67000,95900,135200,68200,331,413,492,161,478,22.7,22.4,12.8,0,0,1.61,59.79,38.41,62.91,76.88,26.4,760.1,0.11,0,1
7.98,15.97,25.63,31.93,0.14,0.27,0.43,0.54,96.07,0.52,4.29,2.63,2.3,2.43,2.16,55.2,1.74,51.41,2,630,90.55,52.32,3.65,37.46,1952,10.55,0.76,41500,57400,80000,38500,190,275,373,183,355,25.6,17.3,12.5,36,0,1.69,63.23,52.17,79.02,85.64,4.7,3009.6,2.03,0,1
9.59,20.55,32.42,38.58,0.29,0.61,0.96,1.15,93.5,1.29,5.17,3.77,2.59,2.55,2.66,66.41,6.68,46.58,3,512,91.28,67.38,2.93,30.27,1962,11.64,0.92,38700,51400,70100,31400,174,263,336,162,346,25.4,16.6,11.5,0,0,2.98,58.32,56.46,86.11,93.04,8.9,1653.5,0.49,13.97,2
8.15,12.5,12.5,29.62,0.21,0.32,0.32,0.75,93.38,0.67,3.5,2.17,2.27,2.55,1.9,63.14,0.7,37.67,3,317,95.18,56.05,0.95,43.53,1939,1.73,0.24,49700,70100,98200,48500,217,296,384,167,373,25,18.5,14.4,0,0,2.54,84.57,67.2,90.25,94.49,2.2,6527.6,1.72,0,1
64.29,67.39,67.39,67.39,1.46,1.53,1.53,1.53,95.18,1.44,5.67,3.83,2.55,2.64,2.46,51.23,4.96,48.61,3,514,90.95,49.49,1.56,31.91,1966,15.46,0.72,38700,53600,72700,34000,136,212,302,166,309,26,19.6,12.3,86,0,2.25,77.98,45.05,75.8,90.57,7.9,1793.9,0.77,0,2
14.46,25.29,34.98,42.72,2.24,3.92,5.42,6.62,63.37,7.91,12.41,10.04,3.27,3.19,3.36,55.58,14.19,43.51,3,255,97.39,56.81,1.57,20.78,1975,5.01,0.35,191200,243300,290500,99300,431,604,734,303,659,29.4,27.2,11.5,94,2,15.51,59.99,45.86,82.06,91.85,10.6,2962.6,1.37,0,2
1.92,16.92,26.92,26.92,0.05,0.42,0.67,0.67,85.78,2.15,7.8,5.16,2.6,2.87,2.21,65.74,2.48,45.18,3,185,95.53,59.69,4.86,29.73,1939,2.71,0.15,65700,81700,96100,30400,286,384,470,184,468,27.9,22.8,17,0,0,2.5,76.77,65.53,93.66,95.24,1.8,5793.4,3.07,0,2
11.08,17.8,20.86,28.35,1.5,2.41,2.83,3.85,83.69,2.46,3.11,2.08,2.26,2.26,2.26,78.26,2.67,69.64,2,2717,87.45,78.25,0.52,29.89,1976,1.46,0.3,67300,83000,99900,32600,461,538,662,201,627,28.2,23,13.6,0,0,13.56,15.74,51.34,77.11,81.07,9.2,4692.7,0.9,0,1
13.34,14.5,17.63,24.05,0.2,0.22,0.27,0.36,94.77,0.73,6.12,3.89,2.46,2.57,2.32,57.14,3.92,57.43,2,1249,92.2,54.64,6,41.15,1947,10.57,0.62,22500,32400,45000,22500,228,289,343,115,343,30.2,17,13.6,61,2,1.51,78.17,50.47,83.55,93.35,14.9,2704.3,1.17,0,1
25.78,35.35,40.62,44.14,1.43,1.97,2.26,2.46,83.02,3.65,7.65,5.43,2.65,2.71,2.54,63.29,7.07,51.58,2,428,94,61.78,1.87,44.16,1965,8.41,0.25,36900,47500,62900,26000,172,230,290,118,309,25,20,11.9,5,0,5.57,46.85,44.99,77.27,84.05,9.2,1996.5,0.45,0,1
32.94,40.53,45.36,50.33,11.56,14.22,15.92,17.66,59.46,10.01,2.05,1.19,2.1,2.16,2.02,59.99,4.06,76.35,2,1611,90.44,58.44,2.73,46.18,1965,0.47,0.37,218300,283000,372200,153900,436,702,1001,565,728,25,25.1,16,0,0,35.1,23.58,53.89,70.42,73.88,2.6,12212.6,20.57,0,1
8.62,10.13,10.13,11.42,0.19,0.22,0.22,0.25,96.12,0.28,3.69,2.85,2.61,2.67,2.32,82.54,1.17,33.7,3,260,96.86,80.41,1.15,33.85,1958,1.72,0.1,36900,56400,83400,46500,296,385,480,184,445,25.2,15.9,12.4,12,0,2.2,77.32,60.56,88.63,94.3,30.4,695.4,0.14,0,1
12.04,22.72,41.21,57.94,0.4,0.76,1.38,1.94,92.81,0.97,3.35,2.59,2.71,2.88,2.42,66.67,2.85,33.84,3,1220,93.27,62.76,1.15,25.49,1978,2.91,0.14,65500,82500,100700,35200,334,400,484,150,478,24,21.9,12.3,0,0,3.35,60.33,43.89,78.02,88.11,18.9,2430.4,0.08,0,1
8.47,19.14,29.33,42.82,0.34,0.78,1.19,1.74,90.83,1.2,5.07,4.49,3.22,3.17,3.47,81.92,3.94,5.86,3,325,95.03,83.23,1.23,36.92,1981,0.77,0.43,56000,64900,73500,17500,475,528,581,106,697,23.5,22.8,12.7,0,0,4.07,61.12,46.58,77.06,89.45,4.2,4728,0,0,1
4.06,4.75,8.35,10.98,0.25,0.29,0.51,0.67,88.64,1.77,3.86,2.59,2.46,2.69,2.14,63.15,1.47,49.29,3,1546,88.22,57.75,3.1,45.86,1939,1.89,0.64,142400,177100,239600,97200,329,501,616,287,571,26.4,25.7,15.9,45,0,6.09,77.67,65.13,90.84,94.78,26.9,1067.4,2.73,0,2
14.91,20.95,27.37,36.69,0.33,0.46,0.61,0.81,95.04,0.6,5.26,3.35,2.43,2.63,2.13,64.68,2.16,48.96,3,7539,90.23,59.63,5.49,31,1957,7.7,0.22,32600,47800,65400,32800,241,312,389,148,382,24.4,16.2,12,106,14,2.21,67.82,50.81,83.37,89.3,64.9,2666.3,2.15,5.54,1
6.11,6.11,6.11,6.11,0.07,0.07,0.07,0.07,96.83,0.33,3.64,2.95,2.94,3.06,2.43,85.17,1.33,28.32,3,276,93.39,82.03,1.09,56.52,1978,0.87,1.24,83200,99600,139100,55900,401,488,600,199,566,25.5,23,13.3,0,0,1.14,76.21,48.44,70.49,94.07,13.5,847.8,0.6,0,1
11.03,20.27,32.19,38.12,1.34,2.47,3.92,4.65,82.58,1.41,4.9,3.64,2.68,2.87,2.26,74.63,3.12,32.73,3,359,96.69,69.81,2.23,25.07,1964,0.93,0.29,185200,253900,333400,148200,523,631,802,279,702,28.6,22.6,10.5,0,0,12.19,43.01,48.71,73.31,84.79,11.4,2850.1,0.72,0,1
2.58,5.25,8.52,15.26,0.22,0.45,0.73,1.32,86.21,1.3,2.94,1.94,2.27,2.52,1.8,72.12,1.09,46.34,3,84,98.4,64.85,0,14.29,1957,0.66,0.11,62100,71800,88200,26100,297,351,394,97,380,22.9,16.6,13,0,0,8.62,73.92,70.12,95.24,97.04,4.4,2638.6,4.17,0,1
7.42,14.04,19.66,24.17,0.24,0.45,0.63,0.77,93.15,0.53,9.65,6.68,2.66,2.95,2.21,67.61,3.19,49.87,3,635,94.86,60.97,0.63,25.67,1972,3.32,0.33,59900,74900,94600,34700,290,339,389,99,392,21.8,20.6,11.7,0,7,3.19,70.36,49.65,86.55,90.82,9.9,3167.5,2.62,0,1
20.34,29.5,33.44,38.76,0.66,0.95,1.08,1.25,94.63,0.44,4.05,3.23,2.81,2.77,2.85,46.4,4.1,41.19,3,1036,90.49,47.11,0.97,30.02,1971,7.83,0.43,43100,55100,71200,28100,234,294,366,132,389,24.9,20.6,12.3,0,0,3.23,43.18,35.25,62.97,69.32,20.4,1429.9,0.6,0,2
5.7,7.62,13.45,18.93,0.39,0.52,0.91,1.28,88.91,1.26,2.63,1.76,2.38,2.58,2.04,67.93,1.04,53.55,2,1278,91.57,62.7,0.47,63.62,1954,1.92,0.52,118600,141700,169300,50700,308,428,522,214,511,24.6,24.2,14,5,0,6.77,73.23,57.8,87.32,92.62,41.2,817.2,0.77,0,1
1.36,2.92,22.61,39.57,0.05,0.1,0.79,1.38,93.78,1.16,4.38,3.2,2.63,2.79,2.3,70.69,2.15,30.53,3,441,92.61,66.55,1.81,26.98,1972,3.61,0.44,45400,62100,87700,42300,253,318,389,136,384,22.7,19.2,12.7,0,0,3.5,45.61,51.19,73.27,81.49,9.7,1516.1,0,0,1
9.68,17.4,24.02,36.08,0.2,0.35,0.49,0.73,95.9,0.35,4.08,3.45,2.99,3.04,2.83,75.72,2.26,19.29,3,1164,94.3,74.34,1.55,47.42,1978,2.25,0.24,54400,67700,84900,30500,283,385,472,189,482,24.8,20.7,11.5,0,0,2.03,49.29,43.75,71.49,82.53,41.8,1388.3,0.07,0,1
2,2,5.25,5.25,0.03,0.03,0.08,0.08,94.34,0.51,6.61,5.19,2.82,2.73,3.15,74.59,4.45,32.74,3,439,95.31,77.22,14.58,48.75,1960,5.83,0.12,27600,39800,59900,32300,219,308,367,148,423,35.1,15.9,13.2,0,0,1.59,73.72,62.54,92.24,96.03,32.5,774.3,0.91,0,1
7.18,8.83,11.43,14.3,0.16,0.2,0.26,0.32,94.1,0.79,5.45,3.55,2.44,2.56,2.29,60.01,1.56,46.63,3,3075,91.58,57.33,4.03,42.76,1943,7.08,0.41,26900,37700,52700,25800,165,233,295,130,298,26.7,16.9,12.4,38,0,2.24,78.22,57.76,90.77,95.19,21,4017,2.45,9.09,2
1.68,1.68,13.45,13.45,0.06,0.06,0.46,0.46,94.8,0.4,3.76,2.94,2.68,2.79,2.17,86.6,0.64,26.6,3,87,97.75,83.4,1.15,41.38,1960,1.64,0,64500,80700,98600,34100,252,311,365,113,372,20.3,16.6,10.8,0,0,3.46,74.18,67.27,90.94,95.5,7.3,1417.6,0.15,0,1
10.67,19.56,24.06,26.46,0.95,1.74,2.14,2.35,88.54,1.22,3.08,1.94,2.3,2.53,1.92,67.26,2.38,52.05,2,239,95.09,60.9,1.67,39.75,1953,1.04,0.51,264000,357300,481200,217200,502,640,794,292,692,24.6,23.9,11.4,0,0,8.88,54.34,56.52,89.29,93.27,3.1,3458.2,1.69,0,1
10.37,14.03,26.11,37.34,0.8,1.08,2.01,2.88,86.81,1.74,6.74,5.02,2.85,3.11,2.49,64.07,5.76,40.31,3,2203,91.92,58.83,10.62,36.5,1975,4.28,0.32,56600,74200,98900,42300,287,347,410,123,449,26.6,22,11.9,0,18,7.7,71.05,54.19,81.47,91.52,15.7,4596.3,2.15,5.17,2
31.21,41.72,51.7,56.99,2.53,3.38,4.19,4.62,90.11,1.31,2.25,1.29,2.18,2.38,2.01,50.35,2.29,55.41,2,1589,95.62,46.15,0.63,18.75,1969,1.64,0.3,95200,122700,166200,71000,376,480,624,248,521,31.9,21,11.6,213,29,8.1,25.58,30.96,54.51,69.28,23.4,3565.8,5.62,7.5,1
17.15,25.65,30.73,43.36,5.75,8.6,10.3,14.54,54.12,10.34,5.48,3.77,2.55,2.67,2.33,66.7,11.7,55.77,2,248,95.36,63.55,0.81,22.98,1956,4.38,2.06,84500,103700,133700,49200,368,423,503,135,491,29.1,23.6,12.6,0,0,33.53,27.86,48.26,79.77,82.01,3,4364.5,2.91,0,2
16.22,23.65,34.91,34.91,0.54,0.79,1.16,1.16,94.71,0.49,2.41,1.78,2.52,2.69,1.99,81.21,0.34,33.31,3,98,97.84,76.2,0,32.65,1975,0,0.18,80900,95900,120100,39200,303,432,520,217,500,21.9,19.4,11.3,0,0,3.33,65.42,47.25,65.61,81.32,13.7,973,0.58,0,1
13.77,26.91,34.65,47.57,3.24,6.34,8.16,11.2,41.77,18.13,16.06,13.53,3.46,3.3,3.66,53.59,23.46,52.07,2,96,98.05,56.19,5.21,38.54,1967,6.68,1.03,56500,69500,87200,30700,243,325,388,145,404,28,23.8,12.2,0,0,23.55,57.15,54.42,90.11,94.02,4.8,3528.7,0,0,2
23.06,28.12,31.75,37.28,0.73,0.88,1,1.17,93.8,0.51,3.91,2.91,2.61,2.67,2.51,64.47,2.5,33.51,3,830,90.2,63,0.72,34.1,1973,9.72,0.52,44500,64500,86300,41800,174,271,369,195,361,23.6,20,12.3,8,0,3.13,52.53,47.05,65.64,75.57,32.1,625.9,0.39,0,2
14.33,15.6,18.01,21.84,0.35,0.38,0.44,0.53,92.3,0.78,4.18,3.19,2.74,2.86,2.46,73.72,2.36,43.1,3,344,96.83,70.69,1.74,24.42,1971,2.87,0.36,50500,62000,74300,23800,282,338,396,114,432,23,15.3,12.4,2,0,2.43,66.47,57.27,77.55,92.13,21.6,1346.9,2.06,0,1
13.72,20.17,29.85,36.15,1.5,2.21,3.27,3.96,87.53,1.55,2.84,1.83,2.39,2.59,2.08,67.12,2.34,41.43,3,649,95.25,62.17,1.39,9.71,1968,0.53,0.04,185100,229400,288400,103300,574,696,896,322,759,27.9,25.9,11.5,3,22,10.96,52.54,45.39,70.64,87.27,7,4489.1,10.45,0,1
18.98,32.12,37.2,50,1.04,1.75,2.03,2.73,88.24,1.14,4.46,3.6,2.88,3.02,2.76,46.11,6.22,40.94,3,533,93.37,43.88,2.06,33.02,1981,3.76,0.35,51300,63300,77300,26000,253,353,439,186,436,26.7,25.2,13.9,0,0,5.46,27.95,23.03,38.34,44.07,12.8,1689.3,0.41,0,1
10.25,19.8,29.2,37.6,0.5,0.96,1.42,1.82,92.63,0.8,5.69,3.89,2.66,2.83,2.42,61.98,5.34,50.39,2,736,93.08,58.21,1.77,38.32,1975,4.85,2.49,88300,113500,144600,56300,448,587,736,288,653,23.9,20.3,11.6,12,0,4.85,34.5,41.77,72.14,82.02,2686.9,10,5.09,0,1
0,0,0,4.4,0,0,0,0.07,96.11,0.21,4.34,2.77,2.39,2.64,1.97,69.8,0.82,35.68,3,565,92.27,63.34,1.59,66.9,1939,3.58,1.04,22800,35000,58200,35400,146,232,319,173,270,25.8,16.9,14,0,1,1.51,91.93,65.32,93.79,96.99,4.4,3811.2,0.82,0,1
13.76,20.83,27.36,34.07,4.02,6.09,7.99,9.96,37.08,15,12.61,9.9,3.21,3.31,3.09,54.23,21.55,56.04,2,547,94.63,52.54,2.56,28.15,1971,5.57,0.38,63600,79100,98500,34900,257,350,443,186,431,31.1,21.4,12,53,0,29.22,49.48,47.88,78.47,88.36,6.5,4849.2,0.6,0,2
6.34,12.68,12.68,45.77,0.07,0.15,0.15,0.52,97.3,0.3,3.49,2.3,2.37,2.51,2.05,72.23,1.1,49.23,3,246,95.39,67.95,2.03,39.02,1939,4.56,0.41,26700,38900,54600,27900,169,232,292,123,294,22.7,16.4,13.2,0,0,1.15,82.45,54.82,81.51,93.19,9.2,1351.7,0.26,0,1
15.22,26.01,41.93,55.94,1.35,2.3,3.71,4.95,85.04,3.53,5.95,4.62,2.85,2.91,2.75,65.52,6.42,34.26,3,6402,90.8,64.24,1.27,29.83,1975,4.42,0.33,58200,73100,92900,34700,340,411,515,175,494,24.9,21.7,12.4,0,0,8.84,57.09,45.93,79.08,89.29,59.4,3040.6,2.11,3.7,1
8.83,12.94,18.79,27.62,0.16,0.24,0.35,0.52,95.97,0.54,3.86,2.71,2.54,2.71,2.2,70.08,1.39,42.12,3,765,96.38,65.56,4.05,31.76,1962,2.7,0.26,45100,56000,70500,25400,259,327,392,133,408,24.1,17,12.7,32,0,1.87,77.83,53.81,85.29,92.06,24.4,2139.5,1.14,0,1
21.87,28.13,31.19,33.33,0.79,1.02,1.13,1.21,94.42,0.38,3.87,2.92,2.74,3.05,1.99,79.19,0.6,31.86,3,319,95.31,71.23,3.13,15.99,1967,0.32,0.06,136300,168400,202500,66200,499,550,613,114,615,23.9,21.2,11.2,0,0,3.62,70.08,59.28,75.84,88.66,12.3,1464.3,2.69,0,1
8.63,13.35,22.3,35.41,0.18,0.27,0.45,0.72,95.46,0.78,3.09,1.89,2.19,2.33,2.01,60.24,1.56,52.43,2,2686,90.96,56.64,2.08,42.52,1958,4.94,0.44,40000,57000,86100,46100,187,283,366,179,365,26.3,21.3,14,175,18,2.03,62,49.78,77.41,85.12,36.2,1701.7,2.66,0,2
35,35,35,35,0.09,0.09,0.09,0.09,97.55,0.53,3.89,2.79,2.53,2.59,2.46,58.75,3.03,50.11,2,391,94.07,57.57,1.53,26.6,1962,13.56,0.2,36500,50800,68400,31900,154,263,344,190,317,25.3,18.4,12.5,0,0,0.25,84.16,50.76,82.62,93.85,5.9,2697.9,0,0,1
10.29,18.9,21.53,39.95,0.25,0.46,0.53,0.97,84.46,1.95,5.71,4.37,2.82,2.91,2.67,66.21,6.82,39.15,3,750,88.81,64.25,7.73,54.93,1973,7.96,0.6,39700,52200,66800,27100,234,297,385,151,371,22.3,17.7,13.6,0,0,2.44,74.21,50.21,84.89,95.31,10.1,1703.8,0,0,1
13.29,26.24,36.15,46.62,0.46,0.92,1.26,1.63,94.03,0.87,3.27,2.56,2.75,3.06,1.99,79.15,0.47,31.52,3,534,94.46,71.23,0,12.73,1977,0.42,0.11,108000,142500,189300,81300,398,480,603,205,560,23,18.7,11.1,0,0,3.5,49.86,39.93,56.53,77.29,13,1945.1,0.27,0,1
8.3,12.63,22.92,32.5,1.22,1.85,3.36,4.77,80.34,1.9,6.49,4.78,2.81,2.97,2.5,70.48,6.23,37.13,3,400,97.09,66.72,1.25,17.5,1963,0.76,0.26,223900,266800,314100,90200,640,749,924,284,839,28.2,25.3,11.7,3,0,14.67,59.21,55.34,76.23,92.43,13.1,2877.3,8.6,0,2
0.5,3.08,4.24,5.32,0.02,0.12,0.16,0.21,92.01,0.66,4.59,3.12,2.5,2.67,2.09,74.96,1.57,45.14,3,503,96.08,70.03,2.98,39.56,1946,2.4,0.27,38600,49400,63500,24900,274,347,407,133,412,24.8,15.7,14.8,0,0,3.89,77.77,65.25,93.54,96.15,5.5,5625.1,1.75,0,1
1.73,1.73,3.86,8.11,0.09,0.09,0.21,0.45,89.35,0.66,4.58,3.77,2.93,3.02,2.2,91.75,0.84,23.78,3,234,95.2,89.02,0,61.97,1962,0,0.23,130200,154200,185200,55000,264,475,653,389,635,24,22.5,12.4,0,0,5.49,78.86,70.54,93.1,97.91,21.2,647.3,0.39,0,1
0,3.23,12.26,19.35,0,0.04,0.14,0.22,96.94,0.55,3.06,2.06,2.39,2.61,2.06,66.32,1.29,53.95,2,269,95.33,60.86,0.37,19.33,1960,2.53,0.3,47800,57200,68100,20300,297,373,436,139,433,22,16.6,11.8,0,0,1.16,75.33,50.73,86.44,94.24,4.3,3118.1,1.2,0,1
20.36,27.99,32.78,37.28,0.25,0.34,0.4,0.45,96.98,0.38,2.79,1.7,2.21,2.36,2.02,60.75,1.08,53.61,2,3255,87.8,57.07,4.02,58.99,1945,10.5,0.53,33400,46700,67200,33800,169,235,296,127,311,30.9,17.2,12.1,68,6,1.22,74.83,53.71,77.93,89.1,15.4,3553,1.64,11.88,1
7.8,18.23,25.9,34.34,1.18,2.76,3.92,5.2,74.65,4.19,5.59,3.87,2.55,2.85,2.21,59.51,4.13,59.62,2,684,95.13,53.25,3.22,30.12,1950,1.09,0.54,135900,163800,187300,51400,453,551,655,202,615,24.2,24.5,15.9,0,0,15.13,69.88,65.14,86.22,94.23,3.5,9872.2,8.86,0,1
31.25,31.25,31.25,52.5,0.22,0.22,0.22,0.37,96.82,0.31,2.74,1.98,2.49,2.62,2.34,57.49,2.01,46.92,3,322,92.85,54.68,5.9,35.09,1968,12.09,0.51,50000,63600,82000,32000,194,282,352,158,340,24.9,18.6,11.7,0,0,0.7,79.22,44.19,70.52,90.28,4.7,2430.6,0.12,0,2
5.09,9.03,11.43,13.31,0.15,0.27,0.34,0.4,89.85,1.37,6.45,4.4,2.52,2.57,2.43,65.86,1.89,41.22,3,3763,90.77,64.62,10.44,52.38,1943,7.32,0.71,20400,31000,42700,22300,141,204,273,132,300,33.8,18.8,14.5,113,0,3,73.15,64.66,91.47,95.15,34.8,2747.9,2.43,0,2
6.28,8.46,10.55,17.42,0.15,0.2,0.25,0.42,92.18,0.76,3.62,2.47,2.44,2.6,2.17,67.9,1.79,42.88,3,1616,92.61,63.86,1.3,35.58,1961,3.54,0.21,55200,68700,87500,32300,227,316,390,163,365,25,20.3,11.7,45,2,2.39,36.14,47.51,75.02,80.54,19.5,2569.3,0.35,0,1
2.86,6.04,9.56,12.68,0.19,0.41,0.65,0.86,89.87,0.57,2.96,2.38,2.8,2.86,2.31,91.24,0.45,27.97,3,194,97.59,89.4,0,41.75,1972,0.37,0.05,154400,184800,231500,77100,567,698,872,305,836,23.6,22.7,12.4,0,0,6.82,60.37,55.26,85.34,91.71,29,762.4,2.44,0,1
3.05,3.05,8.4,8.4,0.03,0.03,0.07,0.07,98.04,0.31,3.56,2.44,2.42,2.48,2.32,64.27,2.07,56.01,2,413,93.82,62.71,4.6,48.91,1948,12.92,0.79,28000,37000,50300,22300,175,229,277,102,304,23.1,14.9,12.8,6,0,0.84,75.13,56.01,86.51,94.18,7.7,2014.2,0.67,0,1
18,18,18,18,0.08,0.08,0.08,0.08,98.11,0.13,2.58,1.68,2.35,2.59,1.97,67.78,1.02,44.73,3,227,95.29,61.63,2.2,47.58,1957,5,0.58,33400,45300,65100,31700,165,219,279,114,264,22.3,16.9,12.2,0,0,0.45,76.74,52.09,77.35,91.25,10.4,1067,0.48,0,1
5.19,5.19,17.76,32.14,0.17,0.17,0.56,1.02,92.6,0.95,4.16,2.93,2.53,2.67,2.35,61.55,1.44,44.19,3,454,93.15,58.47,5.73,37.44,1939,4.07,0.54,68800,88900,114900,46100,297,433,522,225,489,29.2,22.7,15.3,12,1,3.18,61.75,58.66,82.66,93.79,3.3,4716,1.19,0,1
4.79,5.41,10.2,11.52,0.17,0.19,0.36,0.41,89.27,0.92,4.05,2.92,2.52,2.6,2.18,83.39,1.19,33.34,3,517,96.02,80.82,3.68,42.94,1952,1.63,0.33,50600,58500,68600,18000,290,352,405,115,408,23.6,20.7,13.4,0,0,3.55,80.91,72.54,95.04,97.73,7.5,4237.5,6.27,0,1
25.3,34.44,43.71,57.72,1.14,1.55,1.96,2.59,93.1,0.86,4.24,2.53,2.36,2.75,2.05,51.85,3.08,70.51,2,585,93.14,44.47,1.88,30.26,1971,3.19,0.14,65900,80700,95500,29600,427,477,531,104,531,24.9,23,16.5,0,0,4.49,51.71,45.26,76.15,84.49,4.1,4583.1,13,0,2
7.82,14.76,26.08,34.63,1.12,2.12,3.74,4.97,79.67,3.5,8.11,5.58,2.67,2.99,2.14,69.57,4.88,46.83,3,294,96.28,62.04,1.02,30.95,1950,2.58,0.63,117300,139700,163100,45800,385,501,598,213,546,24.2,25.1,18.5,0,0,14.34,58.73,62.88,83.65,91.87,2.7,7422.5,9.49,0,1
3.11,3.11,23.6,23.6,0.04,0.04,0.32,0.32,96.6,0.58,4.3,2.94,2.49,2.57,2.37,62.27,2.21,42.87,3,284,94.3,60.33,3.52,44.37,1964,8.09,0.68,63000,81000,105400,42400,252,336,417,165,411,22.9,21.9,11.7,0,0,1.36,72.3,52.55,78.6,91.72,9.6,1238.5,1.27,0,1
24.98,37.02,48.48,59.78,1.53,2.27,2.98,3.67,90.54,1.77,5.42,2.76,2.19,2.41,1.97,54.71,3.56,64.91,2,11984,93.06,49.69,6.3,27.06,1939,3.82,0.65,58500,71700,93200,34700,305,390,492,187,424,28.4,20.7,13,1052,28,6.14,61.6,43.87,76.04,85.24,56.9,6472.9,16.42,2.11,2
32.48,39.22,46.45,51.1,0.82,0.99,1.17,1.29,93.9,0.55,3.73,2.49,2.56,2.81,2.18,66.21,2.87,48.84,3,448,96.11,60.24,0.45,28.35,1965,3.01,0.1,50100,62000,75700,25600,229,310,380,151,343,33.6,17.8,11.9,50,0,2.53,47.41,43.03,60.97,79.66,10.4,3093.5,1.3,0,1
26.75,28.81,31.69,36.21,1.37,1.47,1.62,1.85,93.43,0.96,3.13,2.4,2.62,2.74,2,87.81,0.48,25.82,3,99,98.21,84.01,0,20.2,1943,0.22,0.34,92700,120000,160500,67800,469,553,598,129,605,22.3,21.1,14.1,0,0,5.11,61.4,61.04,80.36,87.27,2.2,6430,2.4,0,1
42.24,52.28,60.75,66.52,1.75,2.17,2.52,2.76,93.51,0.81,3.24,1.43,2.23,2.58,2.02,42.78,3,63.14,2,1229,91.62,36.98,0.98,20.91,1976,4.53,0.18,59900,80900,111000,51100,215,290,392,177,358,35.1,16.7,11.8,0,0,4.15,50.77,27.25,41.99,70.6,33.7,1004.9,0.1,0,1
13.42,20.96,32.03,40.94,0.85,1.34,2.04,2.61,84.27,2.65,10.61,6.75,2.65,2.83,2.43,59.28,6.52,57.58,2,866,87.19,55.52,9.58,53.35,1958,8.21,1.21,60400,74200,91600,31200,395,525,618,223,625,28,23.6,17.9,0,0,6.37,58.96,52.3,82.43,89.02,6,2663.9,14.26,0,2
20.24,38.69,42.26,51.79,0.12,0.23,0.25,0.3,97.91,0.27,3.29,2.38,2.48,2.54,2.38,62.81,2.32,45.19,3,875,92.79,61.29,2.63,29.14,1966,8.89,0.52,42900,61500,84500,41600,188,303,381,193,379,23.3,17.7,12.4,0,0,0.59,75.93,51.23,81.13,87.4,30.5,937.6,0.05,0,2
0,4.39,4.39,9.65,0,0.05,0.05,0.11,96.48,0.23,1.96,1.35,2.33,2.43,2.18,63.42,1.82,53.15,2,227,94.97,60.91,0.44,36.12,1964,5.52,0.15,46000,62100,83500,37500,162,271,333,171,362,24.9,17.2,13.7,0,0,1.09,79.19,56.79,85.42,92.54,7.3,1422.8,0.27,0,2
22.67,30.77,33.54,37.41,0.94,1.28,1.4,1.56,92.71,0.62,3.5,2.19,2.29,2.52,2.14,44.17,1.87,57.58,2,800,94.83,40.24,3.5,25,1945,4.5,0.25,88700,113500,148600,59900,331,435,573,242,493,30.1,21.9,12.8,78,1,4.16,51.62,35.91,63.02,74.96,10.9,3580.2,3.37,2.2,1
23.12,30.93,37.83,50.07,3.1,4.15,5.08,6.73,77.2,6.6,8.45,6.13,2.81,2.75,2.88,50.72,10.88,50.63,2,757,94.29,51.86,0.26,17.17,1969,4.54,0.35,122500,144600,172100,49600,377,463,579,202,514,28.7,24.3,11.6,21,119,13.43,46.28,35.92,74,84.82,11.6,3233.3,0.41,0,1
16.46,26.82,41.39,53.7,4.81,7.84,12.1,15.69,57.92,10.36,8.45,5.85,2.7,2.71,2.69,46.79,17.7,69.6,2,911,95.21,46.62,0.99,11.96,1959,2.46,0.59,165700,200200,244500,78800,497,592,699,202,646,28.5,21.7,10.9,0,0,29.22,41.82,53.58,87.43,90.1,5.5,9109.5,3.69,0,2
11.69,18.06,23.13,33.07,1.18,1.82,2.33,3.33,87.87,1.53,3.64,2.69,2.75,3,2.19,75.47,1.67,32.33,3,686,94.93,69.16,0.15,9.04,1981,0.12,0.12,255600,316500,389700,134100,727,861,1001,274,903,25.5,28.1,12.1,0,0,10.06,49.99,38.79,57.39,82.56,11.8,2992.8,1.9,0,1
24.2,41.76,57.31,60.11,0.33,0.57,0.78,0.82,95.25,0.49,10.45,6.92,2.67,2.66,2.67,51.71,8.54,48.94,3,2479,88.53,51.88,7.87,50.63,1963,10.28,0.7,30700,50100,82700,52000,99,203,299,200,300,30.5,22.3,13,20,2,1.37,78.72,51.67,82.34,92.06,27.1,2025.3,3.79,4.8,2
31.57,40.06,51.28,60.1,0.91,1.15,1.47,1.72,95.08,0.44,2.18,1.37,2.23,2.37,2.09,53.42,1.38,48.33,3,721,92.23,50.29,0.83,27.32,1971,5.97,0.42,45300,62000,89200,43900,188,246,315,127,317,26.3,17.9,11.8,0,0,2.87,68.69,36.93,61.48,88.19,21.3,1022.8,0.12,0,1
18.12,21.6,25.44,30.31,0.27,0.32,0.38,0.45,93.32,1.17,4.9,3.63,2.59,2.62,2.55,61.53,4.68,43.19,3,1146,86.57,60.86,19.11,52.18,1959,7.47,0.18,28500,40600,61200,32700,161,261,319,158,336,25.4,17.1,13.4,12,0,1.48,64.58,58.69,86,93.58,22.2,873,0,0,2
18.82,27.97,37.24,49.59,2.52,3.74,4.98,6.63,78.45,4.34,8.2,6.66,3.13,3.2,2.97,71.83,9.03,36.39,3,2448,89.97,70.28,0.78,20.22,1986,2.27,0.22,129100,149700,176100,47000,428,524,635,207,580,28.4,28.3,11.8,0,0,13.36,55.92,21.79,76.97,87.89,80.4,856.1,0.89,0,2
18.12,27.16,36.53,50.61,10.34,15.49,20.84,28.86,16.05,36.78,26.17,20.87,3.78,3.78,3.78,30.42,45.97,86.6,1,388,95.87,30.43,1.8,17.27,1957,6.04,0.87,136200,171200,206800,70600,425,514,617,192,548,31.5,32.7,12.4,190,0,57.03,33.52,39.72,82.84,85.61,2.7,12958.1,9.79,0,2
6.06,11.48,15.79,22.33,0.2,0.38,0.52,0.74,88.67,1.53,9.42,6.57,2.72,2.7,2.74,51.82,5.89,48.81,3,417,94.16,52.1,22.06,61.39,1950,11.23,0.49,34400,53500,74900,40500,188,342,424,236,424,27.9,18.7,14.1,17,0,3.31,68.86,57.32,90.17,94.34,6.4,2937.8,3.8,0,2
3.65,9.59,23.29,23.29,0.07,0.2,0.48,0.48,95.08,0.62,4.39,3.47,2.86,3.11,2.31,74.59,1,33.91,3,115,97,68.58,0,20.87,1978,0.35,0.42,131100,160600,195600,64500,403,510,600,197,628,23.8,24.7,11.4,0,0,2.03,81.88,59.03,84.26,92.12,15,717.3,1.04,0,1
18.42,29.07,38.27,46.41,2.88,4.55,5.99,7.26,75.82,6.2,7.88,5.79,2.72,2.62,2.85,56.36,9.61,57.93,2,4368,91.45,58.43,0.46,16.76,1978,3.51,0.37,124900,170200,222900,98000,506,599,698,192,651,31.9,28.7,11.6,46,792,15.65,36.37,31.62,61.84,78.79,42.1,3047.5,4.03,6.52,2
32.1,32.1,58.02,58.02,0.19,0.19,0.35,0.35,97.28,0.5,9.15,6.62,2.74,2.77,2.7,52.89,7.3,46.72,3,439,91.55,52.19,8.43,42.6,1968,16.63,1.91,27700,40200,56200,28500,99,170,232,133,278,33.5,22.5,16.2,2,0,0.61,78.13,55.58,88.39,94.89,14.3,934.3,0.33,0,2
16.01,20.28,24.91,31.32,0.17,0.22,0.27,0.34,95.97,0.31,4.34,2.89,2.39,2.41,2.34,64.93,2.74,51.69,2,1447,87.72,64.32,2.7,56.67,1959,11.38,0.56,27100,40200,59500,32400,152,236,300,148,322,28.3,19.5,13,8,9,1.08,70.57,49.52,76.38,91.42,43.3,601,0.1,0,1
9.61,16.38,22.94,32.26,0.96,1.63,2.28,3.21,78.54,3.49,7.54,5.86,2.98,3.03,2.9,61.09,8.65,39.9,3,966,92.07,60.04,1.04,34.47,1977,3.69,0.07,131800,165400,201000,69200,402,527,656,254,598,26.8,27.2,11.7,11,0,9.95,60.77,39.4,58.93,90.99,9.9,3378.8,0.5,0,2
22.52,30.17,40.02,44.08,1.41,1.89,2.5,2.76,92.21,0.73,4.82,3.01,2.4,2.66,2.03,65.16,2.07,51.9,2,1150,93.51,58.75,5.48,34.26,1948,1.67,0.86,49200,75200,134200,85000,331,400,475,144,488,26.7,19.1,12,11,2,6.26,59.85,57.9,72.93,88.27,6.1,6580.3,4.92,0,2
15.5,19.5,30.5,42,0.24,0.3,0.47,0.65,96.68,0.42,1.5,0.57,2.12,2.34,2.01,37.48,2.12,68.37,2,481,89.39,34.07,0.42,35.76,1975,1.75,0.13,63400,85100,117600,54200,252,325,423,171,383,35.1,21.4,11.8,20,0,1.55,61,21.52,33.09,84.93,5.7,2272.2,0.33,0,1
21.19,33.8,46.28,56.23,4.43,7.06,9.67,11.75,49.12,13.83,10.19,7.17,2.83,2.86,2.81,32.41,10.41,55.93,2,2645,90.17,32.04,5.33,30.74,1943,10.11,1.91,106300,129600,152400,46100,302,470,561,259,559,31.6,23.7,15.1,57,25,20.9,56.65,45.68,78,82.34,7.2,9727.2,2.67,9.09,2
18.29,25.46,31.95,42.8,1.83,2.55,3.2,4.28,81.69,4.08,6.19,4.23,2.64,2.73,2.55,51.89,4.36,50.71,2,685,92.77,50.22,1.61,32.99,1945,4.33,0.56,94800,118400,144200,49400,390,500,595,205,578,31.5,23.5,15,127,2,10,71.87,52.35,80.71,90.9,5.1,4708.8,3.1,0,1
14.01,26.06,39.26,52.72,1.09,2.02,3.04,4.08,87.1,2.24,3.75,2.45,2.46,2.78,2.2,51.24,4.43,54.01,2,1661,90.3,45.34,0.42,13.73,1978,6.24,0.11,60600,76300,96900,36300,335,402,500,165,455,22,21.1,11.5,0,0,7.75,49.64,35.88,63.66,82.13,16.6,2295.9,0.2,0,1
17.52,27.84,38.1,49.57,3.66,5.82,7.96,10.36,70.8,6.53,9.09,5.7,2.61,2.71,2.53,50.04,10.47,59.71,2,25626,94.06,48.3,1.94,14.52,1970,2.34,0.65,140400,189400,275700,135300,437,560,711,274,602,29.8,25.3,11.4,2846,2101,20.9,35.27,37.92,71.41,79.65,335.7,3308.5,4.41,3.58,2
11.63,25.58,25.58,39.53,0.04,0.09,0.09,0.13,97.45,0.06,4.16,2.78,2.4,2.45,2.31,67,1.8,49.44,3,450,91.28,65.66,1.33,35.11,1965,7.75,0.15,30000,42300,59500,29500,152,214,277,125,326,23.4,20,12.6,0,0,0.34,77.45,50.79,79.49,91.74,9.9,1279.8,0.11,0,1
0,3.66,3.66,20.12,0,0.05,0.05,0.27,97.33,0.22,3.57,2.7,2.61,2.68,2.27,84.88,0.96,35.87,3,293,93.86,82.64,4.1,53.58,1961,1.07,0.61,32400,49000,68000,35600,205,276,366,161,352,22.6,16.3,13.1,0,0,1.32,90.53,67.55,88.37,94.64,48.3,256.2,0.23,0,1
5.34,11.97,14.32,15.81,0.1,0.22,0.27,0.3,94.53,1.12,5.06,3.62,2.65,2.87,2.29,67.4,2.44,40.89,3,1044,89.88,62.27,1.63,22.32,1969,3.21,0.18,49600,62500,77700,28100,268,328,392,124,391,24.6,17.2,11.5,0,0,1.87,57.3,49.65,77.57,86.23,15.3,1634.8,0.79,0,1
8.9,16.06,24.61,35.06,0.83,1.5,2.3,3.28,52.7,7.13,9.73,6.9,2.8,3.01,2.55,58.04,10.44,54.54,2,38653,89.42,53.99,6.94,37.87,1969,8.01,0.7,35700,49700,74600,38900,232,308,393,161,369,25.3,20.9,12.7,698,44,9.35,69.25,51.62,83.78,90.95,345,2712.7,5,1.97,2
16.1,25.04,33.98,44.13,2.71,4.22,5.73,7.44,70.88,7.42,12.29,7.65,2.67,2.94,2.47,45.76,8.78,63.87,2,107865,90.48,41.48,12.57,39.66,1944,7.82,1.01,59000,78700,110400,51400,277,377,490,213,445,27.3,21.1,13.7,5180,1584,16.85,59.85,54.96,89.95,91.3,233,11945.9,29.94,1.27,1
4.59,16.61,16.61,16.61,0.11,0.39,0.39,0.39,96.12,0.23,4.3,2.93,2.41,2.54,2.14,71.96,1.34,45.78,3,446,91.45,68.38,1.79,55.83,1953,2.72,0,49500,63100,81600,32100,297,369,434,137,441,25,17.6,13.4,0,0,2.37,78.44,50.4,79.02,91.35,6,1995.8,0.73,0,1
5.49,7.03,10.11,13.19,0.17,0.22,0.32,0.42,92.04,0.7,5.07,3.94,2.84,3.01,2.47,71.98,2.18,36.41,3,346,93.52,67.77,2.6,56.65,1961,2.32,0.21,100500,117200,140900,40400,315,425,506,191,517,24.7,24.6,13.4,0,0,3.17,66.84,58.75,81.44,92.72,43.8,328,0.45,0,1
15.21,27.64,38.33,46.33,1.49,2.71,3.75,4.54,87.71,2.74,4.73,3.12,2.44,2.47,2.41,58.49,4.29,50.71,2,2018,95.77,57.87,0.79,13.23,1973,1.62,0.12,158900,193800,248600,89700,476,579,718,242,638,30.5,24.9,11.3,219,33,9.79,57.69,40,74.39,90.03,34.9,3245.3,2.34,5.43,1
19.62,30.1,41.65,52.96,3.75,5.76,7.97,10.14,72.74,9.4,9.86,7.79,3.07,3.02,3.16,64.15,9.76,40.9,3,364,97.35,65.21,0.27,10.71,1972,0.88,0.28,200500,255800,296700,96200,636,735,906,270,799,26.7,22.5,10.9,10,0,19.14,45.61,50.98,77.9,88.64,6.8,6042.6,1.35,0,1
5.68,6.25,10.28,17.86,0.34,0.38,0.62,1.07,91.47,0.65,4.1,3.59,2.92,2.98,2.32,93.29,0.5,12.93,3,315,97.43,91.54,0.63,19.05,1964,0,0.29,94700,121900,168000,73300,522,668,862,340,781,23.9,20.5,12.1,0,0,6,68.33,59.89,72.47,89.99,27.8,1265.5,1.14,0,1
0,0,0,0,0,0,0,0,96.74,0.21,3.18,2.43,2.58,2.65,2.28,83.25,1.86,38.1,3,151,96.4,81.04,1.99,36.42,1968,1.71,0,54500,72100,90800,36300,283,375,453,170,431,22.3,17.2,12.4,0,0,1.26,83.62,55.57,68.52,94.61,34.5,303.2,0,0,1
11.14,24.26,33.91,41.83,0.32,0.69,0.97,1.2,90.42,1.05,5.31,4.02,2.67,2.62,2.79,71.71,4.53,45.01,3,664,88.83,72.99,6.63,61.9,1959,8.64,0.81,35500,47300,63100,27600,238,310,377,139,403,26,18.2,13.1,0,0,2.86,74.01,59.54,89.33,95.23,14.8,956.1,0,0,1
7.86,10.7,15.19,20.14,0.91,1.24,1.76,2.33,57,6.42,10.43,7.35,2.78,2.97,2.63,48.49,7.76,57.03,2,1362,89.9,45.41,11.01,61.67,1945,11.07,1.11,32500,42600,55400,22900,141,208,274,133,286,25,15.9,12.8,0,5,11.56,60.92,66.23,92.98,93.49,12.4,2731.5,4.07,0,2
15.81,19.37,38.74,41.5,0.13,0.15,0.31,0.33,97.33,0.44,5.34,3.65,2.47,2.51,2.42,58.6,4.07,49.95,3,1838,87.16,57.72,3.26,43.31,1964,8.1,0.96,30400,46000,70000,39600,187,275,356,169,361,26.1,19,13.5,3,4,0.8,58.07,51.28,79.42,86.21,21.8,1451.3,0.11,0,2
16.2,31.54,43.25,53.98,3.67,7.15,9.8,12.23,67.26,7.6,9.8,7.75,3.08,3.1,3.05,56.56,14.13,45.01,3,990,95.73,56.17,0.4,8.89,1963,1.68,0.56,176600,206000,238300,61700,596,675,808,212,727,28.5,23.5,11.2,6,8,22.65,46.97,47.59,72.75,88.83,11,6257.6,1.64,0,1
0,0,16.87,34.94,0,0,0.14,0.29,97.96,0.01,3.32,2.48,2.66,2.92,2.02,77.71,1.05,40.51,3,107,97.28,70.68,1.87,20.56,1968,0.92,0.28,53500,68900,89900,36400,278,356,416,138,393,24.3,17,11.7,0,1,0.82,78.49,52.56,65.02,92.69,4.1,2487.5,0.69,0,1
1.31,3.54,3.54,5.04,0.07,0.18,0.18,0.25,93.01,0.68,1.72,1.31,2.05,2.04,2.1,79.24,1.44,56.6,2,1810,73.9,79.73,0.88,43.59,1979,3.7,0.16,114300,168200,225100,110800,240,364,513,273,434,25.6,23.7,11.5,0,0,4.93,14.53,41.11,58.03,66.03,14.6,736.1,0,6.91,1
6.15,23.08,23.08,23.08,0.08,0.28,0.28,0.28,97.36,0.37,3.4,2.21,2.33,2.45,2.1,68.52,0.92,50.13,2,301,93.51,65.07,1.66,38.87,1953,6.55,0.41,25100,36700,54300,29200,159,221,288,129,287,24.8,17.3,13.1,0,0,1.22,83.62,54.06,79.17,92.54,5.7,1857.4,0.38,0,1
10.49,15.86,21.75,26.59,3.83,5.78,7.93,9.69,6.15,29.78,17.76,14.71,3.5,3.63,3.32,59.5,22.15,52.44,2,490,92.29,57.34,6.53,44.9,1971,17.01,2.41,30900,42500,59000,28100,111,178,256,145,239,27.3,23.1,13.6,1,10,36.45,53.29,63.18,84.05,91.07,4.9,4190.5,1.25,0,2
15.08,25.16,34.33,42.9,0.28,0.46,0.63,0.79,96,0.4,5.14,2.88,2.25,2.39,2.12,49.25,3.06,57.24,2,8804,90.65,46.3,10.89,40.3,1953,8.45,0.6,47700,66600,98200,50500,232,333,424,192,413,27.5,21.4,14.5,287,3,1.83,70.47,49.59,77.75,89.86,62.3,3259.7,12.86,4.64,2
5.64,10.77,16.03,21.66,0.83,1.59,2.37,3.2,79.31,2.71,3.9,2.88,2.57,2.72,2.06,81.56,1.07,36.04,3,452,97.66,76.95,2.88,50.44,1951,0.64,0.23,152500,175600,200300,47800,437,549,694,257,630,26.4,23.4,16,15,0,14.78,68.69,71.3,82.42,95.77,9.4,5298.9,5.66,5.26,1
21.69,25.58,33.38,39.35,0.83,0.98,1.28,1.51,94.36,0.71,3.18,2.51,2.86,3.02,2.22,84.32,0.84,36.27,3,614,91.86,79.8,0,25.9,1982,0.09,0.19,85100,109700,143000,57900,509,615,696,187,668,24.1,22.1,11.7,0,0,3.84,60.93,41.43,56.17,82.61,36.3,553.6,1.39,0,1
6.52,11.13,18.14,20.1,0.29,0.49,0.79,0.88,94.07,0.5,4.35,2.97,2.53,2.87,2.01,68.39,2.64,47.18,3,1404,95.93,60.21,2.49,21.51,1964,2.05,0.17,50900,63400,74600,23700,402,457,516,114,512,24.2,16.2,12.7,0,0,4.38,75.32,54.96,88.29,94.46,21.2,3996.4,0.47,0,1
1.87,8.07,9.22,14.55,0.06,0.28,0.32,0.5,92.95,0.58,3.15,2.35,2.56,2.76,2,79.69,1.21,40.62,3,292,96.35,73.96,0.68,43.49,1969,1.09,0.15,62700,83800,110800,48100,277,376,450,173,426,22.9,19.1,12,0,0,3.45,74.96,57.51,85.58,93.38,37.1,541.7,0.66,0,1
0,12.71,12.71,12.71,0,0.23,0.23,0.23,93.63,0.56,3.35,2.57,2.63,2.68,2.46,77.59,2.88,38.79,3,309,94.11,76.1,1.94,55.99,1964,3.42,0,36300,54600,79300,43000,237,282,339,102,386,22.6,15.3,11.3,0,0,1.82,72.52,62.71,90.14,96.85,9.4,1373.8,0.35,0,1
13.39,19.24,22.07,29.61,0.72,1.03,1.19,1.59,93.08,0.81,2.44,1.76,2.45,2.6,1.84,85.54,0.83,33.13,3,259,96.96,80.73,1.54,35.14,1963,0.33,0.06,87100,109100,141900,54800,386,486,639,253,522,25.7,18.3,11.7,40,0,5.38,66.02,61.61,86.72,91.95,10.6,1979.1,3.91,0,1
5.17,10.24,14.19,19.17,0.3,0.6,0.83,1.12,90.08,0.84,2.45,1.93,2.63,2.74,1.99,88.4,0.38,22.04,3,168,97.49,84.71,1.79,42.26,1963,0.12,0.61,99400,129300,171100,71700,250,447,597,347,501,25.5,20.9,12.7,0,0,5.83,73.29,63.49,85.52,91.03,17.8,1027.8,1.09,0,1
15.62,22.89,33.47,40.49,4.32,6.33,9.26,11.2,57.93,8.54,13.53,9.94,3.06,3.19,2.76,72.28,14.5,49.88,3,228,96.63,69.28,2.63,12.28,1966,1.9,0.28,138500,173300,234300,95800,435,604,753,318,665,29.2,26.4,12.3,0,0,27.66,47.03,52.26,88.4,91.23,7.5,2768.7,3.15,0,2
37.5,41.96,51.79,58.33,1.11,1.24,1.53,1.72,88.7,1.17,3.49,2.27,2.43,2.62,2.19,59.28,3.06,48.38,3,589,87.66,54.85,2.38,35.48,1969,5.83,0.98,44800,57400,77200,32400,204,269,346,142,329,29,21.1,12.3,0,0,2.96,68.39,37.55,59.09,89.07,5.1,2214.5,0,0,1
14.17,24.17,29.17,29.17,0.16,0.27,0.33,0.33,97.26,0.16,2.85,1.84,2.3,2.31,2.27,57.1,2.63,56.13,2,492,90.35,56.63,1.22,28.46,1959,7.31,0.37,43900,58600,73800,29900,241,297,340,99,381,25.6,17.3,12.1,0,0,1.13,72.22,52.58,72.78,91.59,5,2102.5,1.24,0,2
9.17,14.65,21.14,30.77,1.41,2.26,3.26,4.74,81.01,2.72,3.95,3.53,3.02,3.01,3.19,94.72,0.93,7.34,3,121,98.64,95.01,0,31.4,1958,0,0.36,198400,245300,349700,151300,747,1001,1001,254,1001,24.6,20.9,13.1,0,0,15.42,56.01,72.64,86.16,91.96,14.4,1850.4,6.69,0,1
5.54,21.78,23.17,24.75,0.23,0.9,0.96,1.03,94.4,0.23,4.64,3.71,2.89,3.1,2.35,77.05,0.95,33.4,3,254,94.3,71.79,0,25.2,1972,1.14,0.67,134400,167600,196700,62300,515,565,644,129,697,27.5,23.6,13.2,0,0,4.15,74.34,50.52,71.45,87.78,14.3,852.9,2.15,0,1
19.25,27.81,31.02,39.04,0.27,0.39,0.43,0.54,95.41,0.65,25.59,22.31,3.88,4,3.39,81.8,7.3,25.53,3,84,97.63,79.16,10.71,48.81,1971,3.32,0.53,53200,66400,84000,30800,241,289,377,136,382,24.2,22.6,11.9,0,0,1.38,77.97,60.12,86.38,92,7.1,1897,1.66,0,1
3.5,5.5,8.75,12.75,0.11,0.18,0.28,0.41,95.38,0.27,4.28,3.22,2.45,2.43,2.51,73.47,2.3,48.96,3,392,92.73,74.05,0.26,35.71,1975,1.86,0.11,93400,120800,157900,64500,379,500,610,231,581,26.7,22.9,11,0,0,3.18,12.95,39.77,65.91,67.04,34.8,361.5,0.28,0,1
22.06,29.07,34.14,37.65,1.42,1.88,2.2,2.43,89.12,1.73,6.23,3.52,2.33,2.56,2.16,45.25,2.72,53.58,2,6557,90.83,41.06,4.36,28.21,1939,8.54,0.5,52400,67600,86800,34400,264,347,424,160,409,29.6,20.1,14.7,405,52,6.45,72.43,46.42,78.94,88.4,26,6300.5,10.98,7.59,2
20.07,28.81,41.31,47.62,4.45,6.38,9.15,10.55,73.34,3.22,3.16,2.26,2.6,2.76,2.33,66.82,3.72,39.03,3,697,95.66,62.97,0.43,18.94,1969,0.09,0.14,319800,414300,500001,180201,784,934,1001,217,957,24.1,23.6,11.4,0,0,22.15,40.02,47.31,74.32,83.27,10.7,3771.4,1.7,0,1
13.99,22.07,30.53,39.58,2.63,4.15,5.74,7.45,70.22,8.24,7.43,5.47,2.81,2.86,2.74,53.58,10.34,50.77,2,711,95.38,52.53,3.66,17.3,1976,2.93,0.4,95600,123300,150400,54800,332,406,484,152,460,27.7,23.2,11.9,81,0,18.82,57.63,38.46,71.92,90.89,9.9,4248.7,0.47,0,2
25.73,39.28,51.45,63.51,9.31,14.21,18.61,22.98,37.54,21.03,14.27,10.36,3.06,3.28,2.98,30.05,16.89,69.23,2,884,95.49,28.08,2.26,46.49,1944,12.7,1.43,126800,165100,198500,71700,310,443,582,272,532,28,27.2,14.9,12,11,36.18,38.42,51.08,79.28,83.92,3.2,18056.6,12.48,6.77,2
8.82,8.82,8.82,23.53,0.23,0.23,0.23,0.63,95.55,0.09,3.98,2.78,2.54,2.76,2.09,72.72,1.2,40.77,3,87,97.86,66.94,1.15,27.59,1952,1.81,0.15,44000,54800,69700,25700,233,305,367,134,359,23.1,18.8,13.7,0,0,2.66,76.55,54.58,82.29,92.72,4.5,2287.1,0,0,1
19.38,30.95,43.7,51.84,2.74,4.37,6.18,7.33,81.55,3.08,5.13,3.63,2.63,2.68,2.55,62.06,5.23,42.88,3,1775,95.94,60.94,0.68,12.51,1967,1.32,0.09,157900,195300,249900,92000,529,618,758,229,677,29.1,24.4,11.5,47,6,14.13,50.29,44.79,72.77,86.89,30.5,3646.5,10.08,5.52,1
16.61,26.04,36.19,46.66,2.55,4,5.55,7.16,60.57,9.74,9.35,5.67,2.55,2.76,2.49,25.54,9.2,73.14,2,4634,91.74,23.61,6.24,25.51,1949,14.47,1.42,107100,133800,161300,54200,318,443,528,210,504,29.1,23.9,14.8,701,26,15.34,43.76,44.91,79.37,82.12,17.9,7794.8,17.32,11.96,2
8.06,15.55,18.81,23.42,0.32,0.62,0.75,0.93,93.95,0.51,2.54,1.77,2.39,2.61,1.88,76.06,0.55,42.09,3,263,95.38,69.56,0.76,25.1,1972,0.18,0.14,74700,97400,132200,57500,410,473,525,115,535,24.3,18.9,11.8,0,0,3.96,78.76,55.3,81.18,89.95,21.4,614.6,1.16,0,1
7.87,28.09,42.7,49.44,0.06,0.2,0.31,0.35,97.59,0.14,2.55,1.72,2.31,2.39,2.21,59.96,1.33,48.89,3,315,93.95,58.1,0.95,36.19,1964,9.11,0.12,39900,54500,74400,34500,160,253,313,153,297,25.5,18.9,11.8,0,0,0.72,79.94,48.73,74.06,91.74,5.8,2154.8,0.39,0,2
14.3,21.45,30.86,40.36,0.81,1.21,1.74,2.28,91.2,1.37,3.78,2.48,2.47,2.64,2.21,62.93,2.91,51.55,2,10758,89.23,58.69,2.77,34.71,1977,2.78,0.17,65000,80200,96100,31100,313,393,498,185,455,24.7,22.7,11.8,43,2,5.64,33.94,40.07,60.26,78.38,137.3,1617.6,4.03,5.91,2
9.68,14.33,19.21,26.96,0.49,0.72,0.97,1.35,92.33,0.57,3.46,2.77,2.82,2.95,2.1,88.95,0.38,23.55,3,250,97.09,85.17,0.8,30.4,1965,0.12,0.13,166500,203000,267000,100500,443,619,788,345,696,27.3,22.9,12.6,0,0,5.03,60.95,59.44,82.13,89.93,34.1,753.4,1.27,0,1
15.77,17.8,19.57,21.7,0.89,1.01,1.11,1.23,95.05,0.34,1.69,1.02,2.19,2.35,1.74,79.19,0.29,37.87,3,644,93.4,73.75,0.47,18.32,1952,0.26,0.22,107700,156000,242800,135100,582,695,874,292,773,21.8,18.1,12.6,0,0,5.65,62.1,53.73,79.7,88.33,5,4038.2,0.39,0,1
8.24,26.22,29.21,33.71,0.17,0.54,0.6,0.7,95.01,0.38,3.32,2.7,2.82,2.87,2.63,81.23,0.95,28.14,3,124,97.33,79.84,1.61,29.84,1978,2.01,0.37,75500,93500,118800,43300,229,353,446,217,453,26.4,21.6,10.9,0,0,2.08,80.73,48.87,83.48,91.97,19.6,661.1,0.32,0,1
6.39,9.52,12.91,19.82,0.43,0.64,0.87,1.34,92.51,0.38,1.42,0.86,2.04,2.13,1.74,80.83,0.5,60.23,2,1220,82.01,77.58,2.87,28.28,1970,0.11,0,94400,128200,200500,106100,483,558,745,262,648,27.6,20.1,13.4,0,0,6.76,16.44,57.81,79.19,83.32,3.4,3308.9,0,0,1
11.46,15.02,22.84,30.6,0.56,0.74,1.12,1.5,90.48,0.92,5.22,3.69,2.5,2.34,2.78,59.29,6.08,70.3,2,8819,70.5,63.37,6.12,30.84,1974,5.87,2.17,52800,69300,92900,40100,303,370,439,136,422,26.2,24.8,13.4,0,6,4.91,38.92,32.92,47.99,74.27,3569.8,16.3,0.4,0,2
16.83,18.1,22.86,22.86,0.54,0.58,0.73,0.73,95.58,0.35,2.32,1.73,2.52,2.7,1.63,89.08,0.05,20.6,3,259,96.81,83.15,0.77,35.14,1959,0.1,0.37,141600,190800,287800,146200,326,418,516,190,474,22.2,15.3,11.3,0,0,3.18,62.83,61.35,87.54,91.42,12,1646.4,0,0,1
40,40,40,40,0.08,0.08,0.08,0.08,97.41,0.18,4.99,3.54,2.53,2.57,2.44,67.27,3.56,44.58,3,363,91.76,66.08,4.41,43.53,1963,11.77,0.64,31000,43900,67000,36000,123,205,268,145,307,27.4,19.9,13.8,0,0,0.19,84.58,61.44,86.54,93.2,5.8,1790.4,0.21,0,1
10.16,11.15,40.98,51.48,0.12,0.13,0.47,0.59,96.74,0.45,3.1,2.01,2.44,2.65,2.19,59.73,1.96,47.81,3,702,93.08,55.06,0.57,25.07,1975,6.27,0.27,46500,63100,83800,37300,186,264,329,143,354,28.8,19,13,0,0,1.15,68.57,37.98,62.23,88.85,24.9,1061.6,0.17,0,1
0,0,11.84,27.43,0,0,0.5,1.17,93.82,0.73,6.74,4.85,2.75,2.82,2.58,72.68,4.2,51.88,2,495,93.64,70.9,2.02,34.75,1952,4.53,2.49,30400,36100,42600,12200,311,377,440,129,457,26.6,17,13.5,0,0,4.25,73.92,61.29,82.96,94.99,2.9,6866.8,0.68,0,1
4.97,9.9,16.61,21.53,0.43,0.86,1.44,1.87,76.38,4.39,5.13,3.43,2.48,2.65,2.31,52.41,3.31,58.77,2,4041,91.44,49.02,7,36.35,1953,5.26,0.5,107000,131800,155700,48700,286,404,505,219,492,26.8,23.2,13.9,98,7,8.68,66.6,55.75,85.71,91.74,29.6,3682.4,3.18,8.89,1
7.62,16.3,25.72,26.86,0.89,1.91,3.01,3.14,84.23,1.61,4.73,3.23,2.53,2.95,1.8,73.9,1.03,41.55,3,169,96.03,63.36,1.78,11.83,1955,0.12,0,184700,217600,255700,71000,587,721,884,297,796,29.9,23.2,16.3,0,0,11.69,48.73,64.93,85.97,89.47,2.4,4347.4,10.27,0,1
8.35,8.35,8.35,18.89,0.27,0.27,0.27,0.61,94.56,0.33,4.04,3.34,2.93,3.07,2.23,86.99,1.52,23.91,3,193,97.34,82.9,1.04,21.24,1968,1.02,0.26,59400,75900,103200,43800,328,381,460,132,448,20.5,20,11.5,0,0,3.25,75.14,64.79,85.03,92.7,47.1,445.5,0.7,0,1
5.9,8.05,9.27,10.48,0.52,0.71,0.82,0.93,86.34,1.58,4.32,3.38,2.8,2.97,2.19,82.89,1.1,32.58,3,268,96.44,78.16,3.36,42.91,1958,0.85,0.52,130500,157800,193600,63100,338,489,597,259,562,24.2,21.8,13.4,0,0,8.86,71.08,64.57,80.12,95.32,30.2,677.2,0.76,0,1
13.15,20.07,20.07,26.3,0.19,0.29,0.29,0.38,96.72,0.46,4.62,3.21,2.48,2.54,2.38,67.6,2.84,37.26,3,794,90.71,66.18,3.02,37.78,1968,6.41,0.02,51700,82900,123500,71800,194,320,449,255,418,26.2,20.1,12.7,38,0,1.45,46.4,47.37,70.9,76.83,14.1,1409.8,0,0,1
21.92,21.92,31.51,31.51,0.14,0.14,0.2,0.2,97.27,0,3.02,2.47,2.74,2.81,2.52,78.06,2.05,28.68,3,203,95.48,76.16,1.48,38.92,1970,4.17,0.13,43300,55400,70200,26900,216,265,317,101,346,20.4,16.4,11.2,0,0,0.62,75.17,61.35,89.62,93.07,11.8,995.2,0.19,0,2
5.88,7.03,8.32,9.47,0.2,0.24,0.29,0.33,95.21,0.15,4.46,3.33,2.71,2.83,2.18,85.63,0.75,34.92,3,532,93.26,82.13,3.57,53.38,1961,0.5,0.3,147000,190800,260200,113200,530,650,746,216,702,28.5,24.6,15.8,0,0,3.44,75.72,66.57,87.61,96.63,31.7,638.3,2.08,0,1
4.94,11.15,15.52,16.9,0.23,0.51,0.71,0.77,92.73,0.65,3.73,2.83,2.69,2.77,2.55,68.76,2.99,34.74,3,496,93.44,66.93,0.4,13.71,1982,1.18,0.21,137100,176800,224900,87800,434,565,694,260,653,28,25.7,12.5,0,0,4.57,59.63,32.26,53.88,88.4,13.1,1456.9,1.17,0,1
13.72,24.87,33.79,33.79,0.27,0.49,0.67,0.67,96.09,0.66,4.04,2.76,2.46,2.58,2.34,54.38,3.55,52.1,2,536,95.65,51.92,6.53,21.27,1969,5.63,0.28,40800,52000,65800,25000,254,316,379,125,396,25.4,17.6,13.2,8,2,1.98,51.2,41.78,73.6,87.95,11.9,2476.6,0.34,0,1
5.93,7.94,8.86,9.32,0.16,0.22,0.24,0.26,95.25,0.44,3.93,3.16,2.82,2.89,2.41,87.93,0.71,20.8,3,442,97.43,85.88,1.81,23.3,1969,0.77,0.2,68100,89800,118100,50000,403,470,542,139,558,24.5,19.6,12.3,0,0,2.74,74.38,57.1,81.13,93.6,27.7,1707.4,0.4,0,1
8,15.53,18.08,23.64,0.27,0.52,0.6,0.78,90.25,1.51,5.57,4,2.67,2.78,2.48,65.7,2.49,47.68,3,510,94.98,63.15,5.88,44.31,1957,5.13,0.98,50800,70500,94700,43900,246,403,479,233,478,27.4,20.5,13.8,45,0,3.32,70.48,60.6,87.01,92.35,43.9,592.4,1.56,0,2
11.62,19.54,33.53,42.42,0.9,1.51,2.59,3.27,89.35,2.3,6.22,3.92,2.44,2.58,2.29,55.67,4.94,53.5,2,5208,93.07,52.71,8.06,30.15,1955,4.53,0.48,51500,66200,87800,36300,264,350,432,168,413,28.1,21.1,13.2,391,17,7.71,48.55,46.27,77.36,85.37,49.8,3549.2,3.88,4.33,2
4.79,8.05,13.41,13.41,0.19,0.32,0.54,0.54,94.63,0.09,3.88,3.29,3.01,3.14,2.17,90.42,0.35,21.19,3,129,97.08,86.72,0.78,20.93,1964,0.21,0.18,162700,187400,231400,68700,472,613,693,221,684,28.1,22.2,13.3,0,0,4.04,68.37,64.9,85.23,93.22,19.4,666.9,2.5,0,1
51.98,64.23,72.13,76.48,0.57,0.7,0.78,0.83,97.25,0.42,2.99,2.07,2.46,2.58,2.29,62.75,2.24,45.3,3,1561,92.01,59.93,2.24,36.13,1973,8.75,0.41,41700,58900,84200,42500,204,274,336,132,344,26.7,18.7,12.8,2,0,1.09,68.56,44.6,72.63,87.66,75.9,612.9,0.13,0,1
17.23,25.28,38.62,50.03,3.55,5.21,7.96,10.32,84.62,2.05,4.69,2.96,2.33,2.32,2.35,57.49,7.13,75.47,2,5143,80.43,57.89,0.64,28.6,1976,3.3,0.03,71300,93500,130200,58900,443,496,570,127,575,32.2,23.7,12.5,0,1,20.62,25.29,39.06,71.72,76.43,7.6,6533.6,3.3,0,2
13.58,16.6,25.1,29.22,0.49,0.59,0.9,1.04,94.11,0.37,2.53,1.98,2.68,2.79,2.22,85.27,0.73,29.21,3,354,95.51,82.18,0,25.42,1972,0.4,0.39,83800,113400,150600,66800,408,456,507,99,539,21.6,19.1,10.9,0,0,3.58,69.22,53.75,71.41,86.92,18.4,1107.2,0.34,0,1
28.06,29.78,32.02,33.99,0.62,0.65,0.7,0.75,94.35,0.42,2.91,1.91,2.39,2.68,1.95,67.51,1.62,51.4,2,1075,92.85,60.19,1.21,42.51,1965,2.06,0.18,43100,56200,72000,28900,205,279,350,145,322,25.5,20.9,12.8,30,0,2.2,71.48,50.09,75.54,88.13,13.7,2514.9,0.36,0,1
27.37,27.37,31.58,35.79,0.19,0.19,0.22,0.25,97.96,0.43,3.42,2.41,2.43,2.51,2.25,70,2.13,44.52,3,455,92.18,67.61,1.1,46.15,1967,8,0.93,36700,56000,84200,47500,119,204,273,154,310,27.2,16.2,13.4,0,0,0.7,82.48,56.1,85.68,94.43,23.7,571.7,0.51,0,2
5.93,12.22,35.74,39.81,0.1,0.21,0.61,0.68,95.88,0.25,2.81,1.83,2.41,2.73,1.88,70.54,0.79,45.92,3,694,94.92,62.22,2.74,15.56,1976,0.62,0.2,67900,90400,121600,53700,401,456,545,144,526,22.7,19.6,12.8,0,0,1.7,64.82,34.98,66.79,81.08,18.6,1708.2,1.6,0,1
28.4,39.97,44.93,55.07,3.25,4.57,5.14,6.3,83.15,3.74,5.61,3.7,2.45,2.78,2.14,55.95,4.11,56.46,2,307,93.67,49.47,3.58,25.08,1951,3.63,0.25,135300,160900,185800,50500,537,616,689,152,680,27.3,23,17.2,23,39,11.44,56.92,57.01,77.18,86.62,2.4,4755.5,3.16,0,1
0,5.47,14.84,22.27,0,0.08,0.22,0.33,92.84,1.35,5.35,3.41,2.48,2.77,2.03,68.35,3.02,50.18,2,307,95.6,61.29,0.98,26.06,1966,5,0.39,46400,57800,73300,26900,194,279,363,169,306,28.5,19.8,12.2,0,0,1.46,78.38,49.45,73.89,91.39,11,1588.8,0.62,0,1
18.21,28.14,35.97,41.26,0.68,1.05,1.34,1.54,92.7,1.23,3.07,1.76,2.19,2.36,2,56,2.41,60.97,2,1656,88.89,51.83,0.97,29.71,1957,4.35,0.34,61800,72800,88700,26900,280,367,472,192,424,25.8,22.6,12.6,0,0,3.74,48.11,44.36,68.48,88.3,6.8,4344.6,4.4,0,2
15.74,28.51,39.96,48.24,2.8,5.07,7.11,8.59,76.68,2.6,4.39,3.33,2.73,2.94,2.3,72.09,3.33,45.82,3,1061,96.77,66.9,0.94,28.18,1967,0.48,0.21,153700,186200,239300,85600,552,642,738,186,700,23,22.7,14,110,0,17.8,54.31,56.5,74.34,85.09,31.3,2836.3,10.02,3.95,1
15.2,20.42,24.29,28.46,0.82,1.1,1.31,1.53,92.8,1.2,2.19,1.44,2.26,2.25,2.28,62.87,1.8,59.98,2,637,89.59,63.19,0.47,11.46,1973,4.58,0.65,55000,67000,83500,28500,334,383,438,104,468,26.9,20.4,11.7,0,0,5.38,25.02,49.33,75.77,80.35,3.7,3402.9,0.6,0,1
12.95,24.11,30.61,34.91,2.38,4.43,5.63,6.42,77.42,2.75,5.78,5.03,3.07,3.07,3.04,91.16,1.32,14.06,3,116,98.53,91.08,0,11.21,1957,0.26,0.08,206000,246200,305200,99200,674,958,1001,327,1001,23.9,21.5,13.4,19,0,18.36,44.33,72.67,87.43,90.41,10.9,2308.3,5.73,0,1
7.73,14.97,25.17,27.95,0.54,1.05,1.77,1.96,93.06,0.39,3.36,2.86,3,3.07,2.34,92.59,0.23,10.07,4,113,97.68,90.51,0,44.25,1965,0.15,0.21,222200,294500,394700,172500,221,602,1001,780,632,27.2,21.3,14,0,0,7.03,56.07,68.35,83.3,90.62,25.2,568.7,2.12,0,1
4.64,4.64,7.32,13.75,0.07,0.07,0.11,0.21,94.82,0.4,3.63,2.68,2.62,2.73,2.44,66.42,2.01,37.35,3,662,95.5,63.81,0.76,28.85,1973,3.41,0.06,61800,73400,91300,29500,278,348,432,154,400,24.2,21.8,12.2,40,1,1.5,39.35,46.09,75.48,85.63,22.2,1685.9,0,0,1
10.06,22.08,24.51,26.62,0.3,0.65,0.72,0.78,90.68,0.58,2.96,2.01,2.47,2.53,2.38,61.62,1.26,45.65,3,486,94.07,60.17,2.47,50.21,1966,1.08,0.6,89400,117300,158400,69000,328,430,546,218,478,26.9,22.8,12.4,14,0,2.95,43.95,39.26,54.36,66.1,48.5,431.3,0.26,0,1
7.13,9.74,17.91,17.91,0.39,0.53,0.98,0.98,90.93,0.11,2.64,1.87,2.45,2.63,2.18,63.79,1.96,54.02,2,287,93.49,59.38,0.35,35.89,1956,4.63,0.97,38100,51700,67800,29700,264,321,373,109,370,29.8,19.6,14.3,1,2,5.45,75.16,48.18,85.17,89.98,78.5,134.4,0.13,0,1
5.93,11.86,24.58,34.32,0.12,0.24,0.49,0.69,96.71,0.39,3.64,2.96,2.92,3.05,2.12,89.35,1.22,28.27,3,233,94.52,85.36,0.43,25.75,1981,0.42,0.12,99100,124400,160800,61700,388,446,543,155,508,25,23.8,13.2,0,0,2.01,65,44.49,54.2,85.58,21.3,550.5,0.74,0,1
16.07,28.29,35.81,53.1,2.68,4.73,5.98,8.87,75.23,5.25,11.23,9.49,3.39,3.43,3.31,66.37,9.86,27.77,3,336,95.22,65.58,13.1,14.58,1980,3.93,0.54,126600,140300,158500,31900,419,521,704,285,610,32.7,27.3,11.6,0,0,16.7,48.13,29.61,55.21,83.9,3.7,6151.3,1.95,0,1
10.58,17.59,21.2,25.04,0.84,1.4,1.69,1.99,84.37,1.79,3.24,2.15,2.38,2.77,1.81,69.01,1.38,55.79,2,877,93.8,59.32,0.23,17.9,1967,1.06,0.12,106500,129200,154900,48400,330,470,572,242,526,26.6,21.5,14.6,0,0,7.95,77.45,64.58,89.7,91.93,5.9,5456.7,2.38,0,1
12.64,17.6,17.6,30.72,0.43,0.6,0.6,1.04,94.85,0.4,2.8,1.68,2.2,2.42,1.99,54.53,1.14,48.69,3,437,94.32,49.68,2.06,22.65,1947,3.83,0.39,55400,77900,114100,58700,252,333,408,156,391,24.4,20.1,12.4,62,0,3.39,67.78,43.96,70.68,82.82,5.6,3278.3,0.5,0,1
12.27,18.68,28.13,34.21,0.78,1.19,1.79,2.18,89.9,1.4,5.02,3.58,2.68,3.05,2.11,68.26,2.55,50.08,2,1749,92.3,59.83,0.51,9.43,1971,0.9,0.31,96700,117400,146700,50000,439,538,635,196,623,25.3,23.8,14.1,0,0,6.37,74.45,54.19,73.69,89.76,20.7,2745.7,4.26,0,1
18.47,29.69,42.88,52.41,3.91,6.28,9.07,11.08,68.39,6.2,8.54,5.97,2.75,2.82,2.67,52.92,11,56.35,2,2099,95.03,51.52,1.29,16.06,1963,2.23,0.39,154900,184500,227400,72500,527,629,737,210,688,28.8,24.1,11.5,144,17,21.15,50.95,45.41,77.47,88.86,45,2476.9,8,7.45,2
25.11,34.59,51.71,54.22,0.64,0.88,1.32,1.38,95.81,0.55,2.78,2.13,2.5,2.68,2.2,68.09,1.44,44.82,3,377,96.88,63.73,1.86,38.99,1960,1.33,0.16,43100,56600,73800,30700,211,276,337,126,329,28.5,14.8,11.9,0,0,2.55,77.61,44.2,65.6,92.13,29.5,1163.8,0.29,0,1
7.64,11.8,22.92,31.15,0.82,1.26,2.45,3.32,86.18,1.44,5.62,4.79,3.03,3.06,2.77,91.6,1.42,15.98,3,118,98.27,90.81,3.39,47.46,1957,0.52,0.19,139800,162900,187700,47900,520,680,866,346,734,26.7,23.8,14.5,0,0,10.67,67.15,71.8,85.5,94.41,8.7,2365.9,2.88,0,1
17.71,26.99,35.37,42.55,2.25,3.43,4.5,5.41,82.86,3.8,4.19,2.67,2.39,2.61,2,70.44,2.78,57.32,2,530,95.92,64.61,0.57,19.62,1975,0.44,0.08,92400,113400,142900,50500,514,599,713,199,679,24.8,23.3,12,0,0,12.72,66.08,40.96,80.37,87.5,8.4,3567.6,2.84,0,1
0,9.66,18.18,18.18,0,0.14,0.26,0.26,90.81,1.17,3.71,2.4,2.32,2.5,2.05,65.09,0.82,39.93,3,417,92.6,60.48,11.27,70.5,1939,2.61,1.31,30900,44000,62700,31800,154,209,268,114,285,26.8,16,14.8,0,0,1.43,90.41,70.44,92.47,95.42,3.6,3376.7,2.83,0,1
17.18,26.64,43.38,54.15,0.71,1.11,1.8,2.25,94.42,0.84,1.75,0.87,2.04,2.44,1.82,42.08,2.47,72.06,2,599,93.01,35.17,0,29.55,1968,1.3,0.09,70800,86700,109400,38600,402,493,584,182,520,24.7,19.8,11.8,0,0,4.16,65.97,38.42,72.39,86.06,4.2,3905.1,3.36,0,1
19.1,31.13,35.43,44.3,3.57,5.82,6.62,8.28,70.61,7.98,4.76,3.6,2.69,2.76,2.51,73.17,3.27,37.01,3,185,96.49,71.28,3.24,43.24,1950,0.87,0.53,113500,142100,167600,54100,462,578,649,187,611,27.4,21.9,16.2,4,0,18.7,63.72,68.56,86.31,90.87,2.9,4687.1,3.4,0,1
11.43,14.26,19.29,23.35,1.07,1.33,1.8,2.18,85.73,1.3,4.77,4.32,3.27,3.29,2.8,95.34,0.52,19.32,4,344,95.95,94.56,2.33,69.19,1979,0.45,0.27,195600,245200,318700,123100,613,823,1001,388,1001,30.6,24.6,15.1,98,0,9.32,37.48,65.12,73.73,83.32,31.7,882.6,13.08,0,1
13.72,23.87,37.18,42.81,1.37,2.38,3.71,4.27,88.7,1.52,5.96,3.55,2.36,2.47,2.29,42.07,4.6,59.36,2,1238,90.56,40.2,10.1,44.83,1939,10.8,0.2,101200,128700,156700,55500,344,459,559,215,522,28.1,21,15.4,37,0,9.98,70.79,51.04,84.46,91.89,5.3,5410.8,7.52,3.6,2
10.34,23.75,35.25,48.08,0.46,1.06,1.57,2.15,91.44,2.01,8.19,6.12,2.72,2.6,2.91,57.68,7.98,56.87,2,854,83.26,60.47,1.87,36.77,1973,16.44,0.12,31300,42300,56200,24900,160,238,316,156,326,26.5,18.7,13.7,0,0,4.47,46.05,53.21,82.84,87.44,8.3,1407.6,1.84,0,2
16.16,26.14,35.39,43.34,4,6.47,8.76,10.73,51.23,13.11,14.75,11.77,3.22,3.01,3.51,54.75,20.85,58.03,2,398,95.06,58.56,1.26,17.09,1965,4.25,0.53,165700,203600,246600,80900,408,552,666,258,617,30.8,24.8,11.1,0,0,24.76,52.53,48.82,85.66,92.34,4.8,5260.7,0.63,0,2
12.73,17.82,31.09,39.47,1,1.39,2.43,3.09,89.85,1.09,3.38,1.99,2.27,2.53,2.03,53.97,3.76,59.27,2,1024,94.68,48.52,1.27,23.44,1971,3.22,0.12,81900,106300,140100,58200,359,440,531,172,489,24.4,20,11.9,94,5,7.82,49.72,43.3,78.74,85.47,16.8,2476.7,5.02,0,2
2.21,3.21,7.23,17.87,0.07,0.09,0.21,0.53,92.91,0.21,3.07,2.38,2.67,2.75,2.45,74.36,0.81,40.9,3,922,87.26,72.11,1.74,59.44,1966,1.33,0,135500,168800,231900,96400,436,606,784,348,714,27.3,24.2,14.1,0,0,2.96,37.26,56.6,77.89,80.03,24,701.1,1.11,0,1
37.04,37.04,37.04,37.04,0.21,0.21,0.21,0.21,95.95,0.42,5.26,3.5,2.43,2.39,2.47,48.73,2.94,45.81,3,460,92.07,49.55,0.65,40.22,1961,9.89,0.86,37400,51600,71400,34000,139,232,315,176,346,30.8,23.1,15.9,59,4,0.57,75.22,49.16,72.06,87.36,4.7,3043.4,0.12,0,2
16.85,26.72,33.76,40.71,2.55,4.04,5.11,6.16,81.28,3.12,5.25,3.23,2.42,2.81,2.1,53.22,2.76,57.72,2,995,95.42,45.94,2.21,27.94,1950,1.69,0.59,165600,191100,230700,65100,482,633,800,318,707,25.3,21,13,74,3,15.13,63.39,51.87,75.43,83.34,13.2,4399.8,5.88,2.1,1
2.58,4.13,7.36,10.67,0.16,0.25,0.44,0.64,88.38,1.06,3.48,2.75,2.78,2.88,2.33,83.7,0.9,33.08,3,484,96.6,80.58,1.45,36.57,1966,0.86,0.08,146600,178500,224600,78000,359,517,649,290,593,22.9,21.4,12.9,0,0,6.03,70.17,64.94,88.01,94.88,37.3,1033,0.46,0,1
24.12,35.71,44.64,53.96,4.76,7.06,8.82,10.66,71.75,8.48,9.51,6.41,2.68,2.65,2.72,46.36,11.95,67.05,2,702,94.97,46.99,2.28,18.95,1957,2.82,0.7,175500,234900,316600,141100,472,590,700,228,654,28.6,24.7,11.2,0,0,19.76,49.88,44.42,83.84,88.35,13.8,2582.4,3.44,0,2
11.55,16.97,29.45,35.28,0.46,0.67,1.16,1.4,93.86,0.63,4.12,2.56,2.2,2.29,2.09,59.41,3.75,65.15,2,1811,85.8,57.18,1.66,33.19,1971,8.08,0.55,46000,60700,82300,36300,221,311,406,185,380,28.7,21.7,11.4,27,3,3.96,38.21,46.5,77.55,83.09,12.6,1957.3,0.49,0,2
27.96,40.89,48.91,61.57,0.89,1.31,1.56,1.97,94,1.75,6.69,4.49,2.55,2.57,2.54,49.94,6.29,59.01,2,2298,85.34,49.67,8.53,30.24,1960,9.26,1,50500,64500,81800,31300,295,369,442,147,461,27.6,20.4,12.5,0,4,3.19,65.33,47.41,79.21,85.3,14.3,2413.2,16.19,0,2
21.34,27.23,37.61,48.05,0.69,0.88,1.22,1.55,91.96,1.2,6.57,4.5,2.55,2.65,2.42,62.15,4.55,49.86,3,5664,88.45,60.01,7.34,53.67,1962,8.1,0.66,28800,44500,68800,40000,200,275,355,155,370,26.7,17.7,13.5,124,51,3.23,70.49,54.5,84.45,94.09,82.9,1378.4,1.4,3.2,2
6.17,10.49,15.43,19.75,0.09,0.15,0.22,0.28,97.13,0.37,25.88,22.41,3.81,3.93,3.16,87.17,3.84,20.4,3,71,97.7,84.52,0,26.76,1976,0.5,0.36,75000,90500,113600,38600,275,359,441,166,434,23.4,20.5,11.3,0,0,1.41,73.3,55.53,79.31,90.7,6.4,1804.8,3.47,0,1
8.86,18.02,24.74,29.83,0.95,1.93,2.66,3.2,81.89,2.04,3.21,2.16,2.43,2.61,2.17,63.84,2.03,51.49,2,931,95.62,59.52,2.04,24.7,1958,2.04,0.39,126200,146200,172100,45900,370,511,608,238,574,25.5,21.9,13.4,199,0,10.74,60.56,58.46,87.56,91.58,18.7,2702.4,5.95,6.31,1
0,13.89,13.89,13.89,0,0.05,0.05,0.05,96.13,0.24,3.59,2.49,2.48,2.69,2,75.14,0.84,39.16,3,225,94.59,69.19,0.44,37.33,1964,2.03,0.77,44600,60000,83700,39100,209,266,319,110,332,18.4,16.1,11.8,0,0,0.36,85.06,61.29,85.38,93.98,8.6,1162.5,0.58,0,1
7.96,13.03,25.72,33.22,0.56,0.91,1.8,2.33,88.66,0.97,4.32,3.33,2.76,2.69,2.95,73.97,1.91,38.38,3,237,94.9,75.66,1.27,38.4,1977,0.79,0.13,131400,167400,209400,78000,572,742,924,352,838,23.9,25.7,12.5,0,0,7.01,50.32,43.38,65.14,76.11,16.2,764.2,3.02,0,1
10.17,69.49,69.49,69.49,0.05,0.35,0.35,0.35,98.36,0.33,2.63,1.88,2.45,2.51,2.31,70.9,2.03,42.41,3,461,91.2,69.17,0.87,46.42,1967,10.74,0.67,31200,46400,68100,36900,118,187,260,142,287,23.8,18.8,13.3,0,0,0.5,75.13,56.5,87.94,92.02,56,211.5,0.25,0,1
16.46,24.45,37.46,50.31,0.58,0.86,1.32,1.78,91.32,1.65,6.44,4.75,2.66,2.62,2.74,62.8,5.57,48.25,3,1065,86.13,63.85,1.78,51.27,1969,12.21,1.26,30000,42300,58100,28100,205,287,360,155,367,27.3,18.9,14.5,1,0,3.54,81.01,48.75,78.41,95.21,17.9,1005.5,0.14,0,2
34.17,37.5,37.5,42.08,0.46,0.51,0.51,0.57,97.94,0.55,2.73,2.06,2.63,2.89,2.16,70.25,1.22,44.11,3,478,93.29,63.86,0.21,25.94,1975,5.08,0.32,57300,94900,140700,83400,284,390,459,175,474,24.2,19.9,12.6,14,0,1.36,66.21,41.81,64.06,86.43,9,1972.2,0.06,0,2
7.95,18.7,29.8,35.46,1.07,2.51,4,4.76,72.76,7.33,7.43,6.17,3.04,3.02,3.09,65.93,9.81,33.7,3,151,95.75,66.48,0,9.93,1974,2.59,0.34,111700,139500,168900,57200,387,484,598,211,542,25.4,23.7,11.3,0,0,13.42,56.81,51.43,77.9,92.6,3.9,2642.5,0.15,0,1
16,34.44,40.78,47.56,1.17,2.52,2.98,3.47,87.83,3.22,5.41,3.4,2.43,2.47,2.4,44.29,5.92,61.64,2,284,94.41,43.59,7.04,25.35,1962,6.67,0,57300,71700,90700,33400,257,315,396,139,379,28.3,18.4,11.1,240,20,7.3,55.92,43.88,67.57,89.27,3.6,3393.2,0.22,0,2
14.23,14.23,16.57,23,0.3,0.3,0.35,0.49,96.75,0.37,3.52,2.68,2.71,2.95,2.04,79.92,1.45,39.29,3,393,95.77,73.3,0.76,15.52,1965,0.42,0.05,76500,87900,99200,22700,415,508,612,197,545,25.9,20.4,12.5,0,0,2.11,72.83,57.95,80.53,90.9,8.4,2896.5,2.21,0,1
4.22,15.96,23.8,38.55,0.09,0.34,0.5,0.81,96.43,0.23,3.04,2.27,2.57,2.74,2.15,75.79,0.8,34.66,3,181,97.09,71.14,1.1,24.86,1959,2.1,0,51400,68300,94600,43200,251,312,381,130,392,24.4,17.1,12,0,0,2.11,74.35,54.22,77.76,93.13,8.7,1805.8,0.27,0,1
15.64,21.18,28.38,36.89,0.74,1,1.34,1.74,89.06,1.88,7.89,4.98,2.53,2.69,2.41,47.45,4.39,56.2,2,13664,94.62,44.77,11.21,35.5,1949,5.49,0.8,41000,53500,66700,25700,265,342,424,159,418,28,20.6,14.2,512,54,4.72,68.96,50.45,85.91,91.28,99.4,6317.6,11.14,2.36,2
12.13,28.01,34.03,49.03,1,2.31,2.8,4.04,82.28,3.75,4.82,3.36,2.62,2.77,2.51,48.16,6.71,60.93,2,2284,83.21,45.7,0.61,17.95,1981,9.22,0.54,59300,74400,91300,32000,390,444,506,116,531,27.5,22.1,12.1,0,0,8.23,23.38,29.8,48.49,61.71,12.9,2336.7,0.35,0,2
19,21.5,42,51.5,0.35,0.4,0.78,0.96,97.07,0.54,4.24,2.81,2.36,2.39,2.3,72.26,1.9,46.92,3,419,91.13,71.44,0.48,47.26,1949,9.41,0.23,24000,35600,50100,26100,160,214,272,112,289,21.9,17.6,11.8,7,0,1.86,66.7,54.4,84.5,90.76,6.4,1678.2,0.16,0,1
14.78,17.24,27.09,30.54,0.57,0.66,1.04,1.17,68.94,5.41,6.43,4.8,2.69,2.67,2.74,70.51,6.1,41.22,3,594,86.83,71.07,3.7,72.73,1962,10.98,0.49,30700,42900,60800,30100,133,210,286,153,274,23.1,17.1,11.7,0,0,3.83,53.35,58.97,84.74,91.2,8.5,1244.1,0.28,0,1
13.47,17.67,24.71,30.25,1.09,1.43,2,2.45,90.71,0.78,2.15,1.27,2.29,2.5,1.95,68.11,1.37,48.27,3,703,95.22,62.52,1.28,21.48,1956,0.36,0.17,416600,500001,500001,83401,755,1001,1001,246,1001,22.8,24.5,11.1,0,1,8.1,46.8,52.54,82.73,88.2,4.1,7874,0.88,0,1
5.76,9.83,12.53,17.65,0.78,1.33,1.7,2.39,84.55,1.68,0.96,0.61,1.94,1.91,2.08,76.73,1.51,81.47,2,3235,87.62,78.25,0.4,31.93,1978,0.86,0.16,63000,77600,99100,36100,496,557,644,148,633,29.3,23.3,12.4,0,1,13.55,8.6,47.15,72.91,77.64,11.9,3765.3,0.69,0,1
0,0,0,0,0,0,0,0,97.43,0.3,4.28,3.33,2.71,2.79,2.38,83.05,2.39,41.24,3,184,96.8,80.68,2.72,47.28,1961,3.33,0.66,31800,43300,57400,25600,169,260,335,166,318,31.5,17.3,13.3,0,0,0.59,86.14,58.83,92.43,96.45,24.7,620.3,0.45,0,1
7.2,10.44,12.85,24.37,0.27,0.39,0.48,0.92,93.25,0.57,3.94,3.2,2.97,3.08,2.44,85.71,0.78,34.54,3,476,93.99,82.58,1.68,33.82,1978,0.36,0.15,117300,139700,167300,50000,588,702,850,262,840,24.1,24.1,13.5,0,0,3.75,34.33,51.02,74.65,77,33.8,655.4,0.4,0,1
8.37,9.89,12.24,21.84,0.98,1.16,1.43,2.56,86.9,1.62,3.81,3.13,2.8,2.77,2.97,84.51,2.94,39.97,3,810,86.47,85.43,0.12,19.14,1983,1.68,0.3,75500,91100,112200,36700,551,605,687,136,719,27,23.2,12.9,0,0,11.71,24.1,35.15,66.44,74.82,9.1,1599,0.12,0,1
24.25,35.15,35.15,50.95,0.36,0.53,0.53,0.76,96.48,0.42,2.66,1.74,2.3,2.4,2.15,63.82,1.23,42.79,3,571,94.29,61.24,1.4,49.04,1958,8.16,0.42,46200,62700,85300,39100,208,284,357,149,359,24.1,17,12.6,30,0,1.5,71.49,49.22,69.15,86.45,20.5,1194.9,0.18,0,1
32.25,42.38,54.02,61.87,1.68,2.21,2.82,3.23,93.06,1.38,3.58,2.36,2.45,2.73,1.89,73.95,1.87,45.32,3,1048,96.38,66.23,1.24,25.76,1966,2.05,0.33,59000,71900,94600,35600,300,387,462,162,416,23.6,18.6,11.7,60,4,5.22,62.35,46.25,73.07,84.27,30.5,2318.3,3.66,0,1
8.78,13.01,16.29,23.11,0.78,1.16,1.45,2.06,88.59,0.95,5.02,4.03,2.86,2.99,2.21,87.57,0.95,34.04,3,466,94.63,83.87,2.79,41.2,1975,0,0.31,163200,204500,243900,80700,598,691,903,305,758,27.3,24,13.4,9,0,8.9,46.37,55.07,70.13,85.71,39.9,619,8.96,0,1
2.58,4.44,6.73,10.46,0.13,0.22,0.34,0.53,94.98,0.58,3.65,2.47,2.48,2.73,1.8,80.86,1.28,38.99,3,103,98.18,73.61,0,21.36,1957,1.24,0.23,61200,72300,87800,26600,334,453,539,205,502,24.5,19,13.9,0,0,5.03,76.97,61.66,87.63,95.27,2.3,6085.1,0.53,0,1
20.31,25.78,25.78,25.78,0.22,0.28,0.28,0.28,96.83,0.11,3.63,2.36,2.4,2.58,2,73.93,0.79,43.38,3,435,91.74,68.8,0.69,47.59,1945,2.3,0.32,27500,36500,49600,22100,161,227,290,129,303,25.9,18.5,15.5,12,0,1.08,65.35,64.44,84.86,89.83,6.9,1717.7,0.34,0,1
14.43,24.15,37.59,47.78,2.89,4.84,7.54,9.58,73.29,3.75,6.14,4.7,2.86,3,2.6,67.72,6.89,38.82,3,2202,96.47,64.56,0.68,10.4,1973,0.63,0.19,212900,264300,341300,128400,610,732,902,292,795,27,25.8,11.4,68,12,20.06,50.11,44.56,70.25,87.42,79.8,2172.1,4.68,3.64,1
11.08,21.52,36.39,45.87,0.63,1.23,2.08,2.62,91.3,0.97,2.3,1.67,2.59,2.78,2.19,72.45,1.11,36.1,3,1100,93.89,67.38,0.18,16.45,1982,0.8,0.07,85800,108800,143000,57200,393,448,531,138,538,21.6,21.9,12.3,0,0,5.72,37.5,31.75,56.87,67.07,32.3,1358.5,0.18,0,1
27.42,33.95,36.96,46.99,0.7,0.87,0.95,1.21,95.58,0.46,3.53,3.5,2.55,2.57,2.54,38.17,1.92,51.65,2,410,94.2,37.88,0.98,36.1,1964,4.35,0.41,43100,59700,81800,38700,252,352,491,239,408,35.1,19.5,12.3,11,0,2.57,79.04,23.42,37.94,92.2,7.5,3108,1.01,0,1
20.41,25.42,29.85,38.05,5.84,7.28,8.54,10.89,59.14,7.97,5.08,3.37,2.51,2.85,2.29,44.14,5.7,66.47,2,407,91.31,38.84,0.25,34.4,1953,2.59,0.21,153200,184000,225300,72100,451,613,722,271,659,29.3,24.2,18.2,0,0,28.62,51.84,57.06,74.43,87.27,0.9,12274.7,23.57,0,1
11.73,20.33,27.48,37.09,1.35,2.34,3.16,4.26,82.81,1.68,3.85,2.89,2.74,2.9,2.25,79.17,1.57,36.7,3,554,94.44,74.64,1.44,34.3,1979,0.36,0.17,151900,182600,237100,85200,602,727,887,285,849,24.3,24.2,14,0,0,11.5,49.64,48.98,70.86,82.33,42.4,607.7,6.38,0,1
16.42,25.11,37.54,47.69,1.24,1.9,2.83,3.6,78.43,4.8,11.32,7.53,2.76,2.89,2.63,53.46,7.97,49.34,3,2834,91.56,51.11,25.69,56.92,1939,10.69,0.99,52500,71300,90700,38200,252,387,495,243,451,26.9,21.1,15.2,367,8,7.55,63.07,59.35,88.32,92.39,7.9,11185.6,10.27,5.59,2
16.75,30.39,40.59,49.94,3.38,6.13,8.18,10.07,77.42,5.08,5.47,3.03,2.13,2.1,2.17,57.97,7.37,67.07,2,11895,61.02,58.87,0.35,17.7,1973,3.03,0.46,103800,141200,212000,108200,405,498,622,217,563,32.3,27.2,13.9,38,2,20.16,30.24,42.14,65.1,84.11,79.3,506.7,3.07,0,2
13.49,15.44,19.79,21.29,0.27,0.31,0.39,0.42,95.12,1,3.41,2.15,2.3,2.46,2.02,67.39,0.96,51.26,2,1050,92.67,62.98,2.38,46.1,1948,4.93,0.25,26500,37100,54000,27500,164,220,280,116,296,27.1,16.5,13.2,19,0,1.99,76.98,52.16,79.68,91.33,17.5,1917.3,1.06,0,1
10.42,18.89,27.4,33.92,0.74,1.33,1.94,2.4,86.18,2.48,7.55,5.99,3.02,3.06,2.96,59.45,7.42,41.49,3,541,96.13,58.64,1.48,23.11,1976,3.79,0.49,112600,140500,169600,57000,403,473,580,177,542,25.5,25.3,12.1,8,0,7.06,61.94,38.83,67.55,91.46,9.1,4462.9,0,0,2
1.9,3.16,5.38,7.12,0.04,0.07,0.13,0.17,96.06,0.3,3.44,2.73,2.71,2.88,2.04,84.65,0.98,25.43,3,226,97.75,79.61,1.33,25.66,1962,0.22,0.14,75700,87600,99500,23800,369,443,528,159,507,24.4,19.8,13.5,0,0,2.35,82.88,64.45,77.01,95.45,34.5,778.5,0.78,0,1
0,0,0,0,0,0,0,0,95.24,0.25,4.23,2.86,2.44,2.6,2.02,78.07,1.66,45.61,3,179,96.09,73.44,3.35,42.46,1954,3.48,1.22,31100,42400,57600,26500,151,228,315,164,285,26.3,17.1,12.2,26,0,1.35,81.6,59.31,87.01,94.33,36.5,298.2,1.49,0,1
55.88,61.18,67.06,70.59,0.95,1.04,1.14,1.2,95.94,0.67,4.06,2.35,2.32,2.68,2.02,52.96,2.5,53.3,2,153,95.54,45.95,0.65,37.91,1965,4.03,0,39800,51600,69400,29600,181,244,316,135,286,33.2,20.5,12.1,0,0,1.69,57.8,26.93,42.29,76.89,3.2,3131.7,0,0,1
0,13.85,13.85,52.31,0,0.07,0.07,0.28,96.4,0.36,6.31,4.55,2.59,2.68,2.44,65.13,3.15,46.13,3,420,91.58,62.92,8.81,35.71,1957,5.06,0.4,34900,50500,70800,35900,122,209,288,166,314,26.3,20.3,13.6,0,5,0.53,87.16,60.27,90.55,93.78,3.5,3509.8,2.63,0,2
0,0,0,3.17,0,0,0,0.17,86.25,2.28,4.9,3.82,2.8,2.94,2.2,84.94,1.47,33.68,3,929,84.2,80.86,3.88,82.13,1962,0.28,0.65,116000,149600,197100,81100,332,460,549,217,515,23.1,20.1,14.9,0,0,5.46,81.22,74.79,94.42,96.61,51.9,267.1,0.55,0,1
22.52,37.94,45.53,57.53,4.66,7.86,9.43,11.92,64.65,10.37,15.39,12.18,3.29,3.17,3.49,59.1,17.76,47.22,3,377,95.77,61.41,2.39,12.47,1964,4.31,0.47,111700,134700,156100,44400,484,545,677,193,613,33.6,24.5,11.7,25,20,20.71,50.27,43.39,59.77,89.3,5.2,5434.6,1.8,0,2
0,0,19.07,35.05,0,0,0.27,0.49,97.39,0.25,2.1,1.45,2.4,2.68,1.93,70.38,0.95,38.78,3,153,97.39,63.08,0,15.69,1966,1.54,0,59700,76900,96500,36800,282,336,392,110,404,21.5,18.3,11.4,0,0,1.4,73.33,53.36,85.26,93.52,11.3,1230,1.32,0,1
14.2,22.38,30.12,36.55,3.54,5.57,7.5,9.1,50.69,18.56,17.99,14.82,3.45,3.26,3.76,58.67,22.82,51.63,2,128,96.37,62.09,0.78,21.09,1968,4.2,0.8,158200,189700,230900,72700,401,561,724,323,649,31.6,25.3,11.2,0,0,24.87,54.69,50.82,84.01,92.29,2.7,4383,0.37,0,2
9.16,19.08,37.4,41.22,0.11,0.22,0.44,0.48,96.96,0.82,4.64,3.45,2.59,2.66,2.47,68.4,3.35,39.47,3,216,95.18,66.76,4.17,44.91,1974,8.98,0.09,40800,53900,72200,31400,240,285,339,99,377,25.4,20.5,12.1,0,0,1.16,41.88,42.61,72.06,77.89,15.2,741.8,0.43,0,1
12.57,16.93,26.65,28.97,0.69,0.93,1.46,1.59,90.06,1.32,3.06,1.95,2.36,2.66,1.94,65.42,1.5,52.67,2,618,94.89,57.95,1.46,31.23,1955,2.18,0.16,104400,130800,164100,59700,363,458,539,176,495,25.2,20.5,13.1,8,0,5.49,75.33,57.88,90.51,93.38,17.4,1586.6,2.01,0,2
23.98,36.96,48.35,57.55,2.33,3.59,4.69,5.58,87.49,2.55,8.96,4.6,2.26,2.5,2.12,42.91,8.25,67.33,2,28855,89.64,38.9,17.4,44.05,1947,4.22,0.81,86700,123900,258700,172000,317,441,618,301,479,25.4,20.5,12.8,4682,131,9.7,39.34,53.49,76.61,76.61,63.6,9538.9,37.3,4.39,2
11.3,19.24,27.88,38.14,0.87,1.49,2.16,2.95,86.4,2.29,5.58,4.36,2.89,2.96,2.76,65.89,4.93,35.84,3,1572,93.16,64.33,1.21,11.32,1975,2.24,0.09,123300,156900,197500,74200,467,565,692,225,635,30.4,25.8,11.8,48,26,7.74,61.11,41.64,76.27,90.72,20.3,3065.6,2.14,0,2
8.09,8.91,15.02,22.44,0.1,0.11,0.18,0.28,91.41,0.67,3.19,2.2,2.48,2.84,1.94,69.32,1.38,45.97,3,723,96.39,60.72,0.28,24.76,1971,2.22,0.28,55600,67900,85000,29400,244,316,383,139,347,23.3,20.5,12,49,2,1.23,78.91,51.2,77.75,93.49,25.2,1953.7,0.13,0,1
5.42,6.19,8.98,12.38,0.3,0.35,0.5,0.69,91.78,0.71,3.46,2.88,2.83,2.89,2.25,92.45,0.38,13.09,3,147,96.39,90.49,1.36,36.73,1960,0,0.22,174800,228000,327500,152700,454,594,779,325,708,31.3,20.2,13.4,0,0,5.57,58.14,69.96,85.05,92.29,60.2,192.4,2.98,0,1
0,0,4.57,4.57,0,0,0.04,0.04,97.03,0.23,3.08,2.34,2.62,2.8,2.28,70.24,1.3,38.33,3,208,96.96,65.76,1.92,35.1,1964,3.75,0.12,53300,73400,94500,41200,251,328,384,133,405,24.5,16.9,11.7,0,0,0.98,71.96,51.08,86.32,92.69,9.8,1816.4,1.2,0,1
2.54,2.54,5.43,12.32,0.05,0.05,0.12,0.26,96.33,0.16,4.53,3.17,2.52,2.59,2.42,61.02,3.01,37.22,3,635,88.7,59.35,1.89,45.2,1968,11.73,0.36,38600,52500,71300,32700,128,199,311,183,286,22.9,19.6,13.4,0,0,2.14,57.65,49.18,74.46,80.74,17.2,753.2,0.13,0,2
5.14,8.29,12.38,30.64,0.11,0.18,0.28,0.68,94.01,0.75,20.78,18.22,3.83,4.07,2.93,83.74,6.88,28.39,3,497,95.73,78.77,1.21,37.42,1979,1.46,0.04,55100,67600,83600,28500,273,330,410,137,401,25.7,22.2,13.4,0,0,2.22,74.18,54.33,88.21,92.8,27.8,1542.4,2.13,0,1
15.33,20.68,28.99,37.23,1.63,2.2,3.08,3.96,83.77,2.29,5.14,3.7,2.62,2.83,2.21,71.04,3.13,44.96,3,366,96.34,65.72,5.74,40.44,1952,1.82,0.18,127400,151100,173000,45600,450,558,646,196,611,25.6,24.6,17,0,3,10.64,66,64.92,83.55,93.49,4.1,6127.2,7.62,0,1
16.36,24.97,26.83,29.33,1.41,2.15,2.31,2.53,88.2,1.44,6.52,3.5,2.19,2.43,1.98,52.64,3.29,61.58,2,429,91.61,47.49,10.72,55.71,1946,4.27,0.43,114500,155400,190600,76100,445,581,728,283,644,27.3,23.4,19.2,0,6,8.62,59.04,58.95,86.39,91.17,1.9,5733.1,8.71,0,1
16.05,25.38,28.86,35.5,1.71,2.7,3.07,3.78,88.21,1.16,3.76,2.93,2.66,2.83,2.02,84.42,0.46,21.06,3,291,96.06,79.46,0.69,39.52,1963,0.23,0.09,225400,297900,378000,152600,701,809,985,284,887,24.7,21.4,13.1,49,0,10.65,46.84,59.42,76.27,84.59,16.3,1220.4,6.12,0,1
16.78,25.87,35.29,43.52,4.02,6.21,8.46,10.44,70.41,6.8,5.48,3.38,2.36,2.47,2.24,55.57,7.12,59.47,2,1448,96.08,53.17,0.83,17.06,1957,0.81,0.2,274200,349800,462200,188000,608,738,939,331,788,28.2,25.9,11.1,297,136,23.99,45.57,50.37,77.79,88.59,12.6,6758.9,6.79,5.41,1
4.79,4.79,4.79,4.79,0.06,0.06,0.06,0.06,97.31,0.39,4.97,4.12,2.94,3,2.51,89.98,1.3,21.43,3,181,97.8,88.24,3.31,42.54,1964,1.39,0.12,55600,71200,92700,37100,251,352,434,183,440,21.5,16.3,12.7,0,0,1.23,19.68,62.52,77.64,81.01,40.5,586.4,0.57,0,1
9.36,16.04,31.55,33.42,0.13,0.23,0.44,0.47,96.2,0.27,4.98,3.36,2.42,2.45,2.38,61.06,2.87,46.68,3,1293,89.31,60.43,4.02,47.72,1958,9.26,0.58,30000,49700,75700,45700,115,198,290,175,301,24.9,20.1,13.5,21,10,1.4,73.73,54.49,80.92,87.35,20.9,1272.1,0.73,0,2
10.72,16.29,21.58,29.73,0.82,1.24,1.65,2.27,82.1,3.48,3.71,2.62,2.54,2.75,2.26,62.33,2.28,52.13,2,699,95.5,57.56,0.72,35.34,1960,1.52,0.68,112800,137200,165600,52800,341,462,559,218,524,24.8,22.6,13.9,13,0,7.63,70.06,54.85,82.47,89.53,29.9,1275.1,0.74,0,1
33.16,40.31,43.88,43.88,0.43,0.52,0.57,0.57,96.81,0.17,3.25,2.42,2.52,2.58,2.39,71.23,2.91,41.18,3,404,93.64,69.62,1.24,44.06,1968,8.37,0.19,40700,61200,85700,45000,164,248,312,148,334,22,17.5,12.5,0,0,1.29,74.47,58.12,79.59,90.83,10.3,1479.3,0,0,1
9.08,34.01,37.97,41.35,0.86,3.23,3.61,3.93,88.4,1.02,3.15,2.65,2.83,2.87,2.42,92.42,0.39,12.34,3,112,97.17,91.15,0,36.61,1950,0.1,0.1,213600,255500,302600,89000,735,930,1001,266,1001,29.1,23.3,15,0,0,9.51,43.35,72.01,84.73,89.1,2.8,3858.7,13.55,0,1
10.5,16.97,22.71,30.19,1.75,2.84,3.79,5.04,78.29,3.75,3.3,1.91,2.3,2.45,2.17,48.89,1.35,60.9,2,558,96.22,45.85,1.25,39.43,1939,0.66,0.21,168100,196700,242300,74200,516,722,896,380,813,23.5,19.8,14.5,0,0,16.71,58.53,56.97,77.6,85.98,4.3,7816.8,16.45,0,2
24.9,32.53,49.81,60.99,1.82,2.38,3.65,4.47,84.39,3.9,8.47,6.19,2.78,2.85,2.68,60.74,5.91,45.58,3,215,94.7,59.27,3.26,39.07,1956,4.4,0.59,110600,137600,166700,56100,420,589,712,292,663,29.4,24.7,14.7,0,0,7.33,61.96,57.45,79.74,86.13,2.1,5191.4,5.05,0,2
23,30.25,42.45,52.1,3.2,4.21,5.91,7.25,81.86,1.23,2.83,1.79,2.46,2.59,2.38,42.81,5.51,53.15,2,356,98.05,40.77,1.69,13.76,1973,0.84,0.09,150600,191300,244100,93500,449,547,686,237,588,35.1,22,11.1,0,0,13.92,51.48,26.95,46,84.33,8.7,5282.2,3.34,0,1
17.82,22.31,29.56,36.35,1.95,2.43,3.23,3.97,89.77,1.07,3.69,3.02,2.82,2.87,2.49,87.3,0.48,13.64,4,254,96.18,85.64,1.57,36.61,1950,0.09,0.33,329400,462500,500001,170601,699,1001,1001,302,1001,23.7,22,12,10,0,10.9,32.48,63.72,80.6,81.13,13.3,1366.4,24.42,0,1
0,14.63,14.63,14.63,0,0.04,0.04,0.04,80.64,2.02,6.72,4.86,2.69,2.61,2.8,58.99,6.27,46.61,3,695,88.01,60.67,3.74,64.89,1957,13.3,0.99,26300,41300,62500,36200,107,160,214,107,244,31.4,21.5,14.5,0,0,0.29,93.14,58.98,92.19,97.69,4.7,2957.5,0.98,0,2
18.18,27.69,36.14,50.37,7.99,12.16,15.88,22.13,32.36,25.73,32.47,27.81,4.29,4.38,4.2,49.23,46.84,77.12,2,367,97.47,48.17,5.18,24.52,1954,7.16,1.2,107100,136000,162600,55500,419,502,607,188,553,32.3,29.3,12.2,57,0,43.94,40.2,51,88.63,90.12,5,12310.2,6.21,0,2
19.01,27.83,40.6,47.56,3.2,4.68,6.83,8,79.15,2.6,4.16,2.21,2.1,2.43,1.85,50.3,4.55,68.18,2,2282,95.01,43.59,4.86,46.76,1939,1.51,0.46,179300,261000,375800,196500,303,392,521,218,426,27.1,25,12.3,496,269,16.82,42.16,44.38,65.17,85.85,10.8,9483.4,16.28,14.04,2
13.7,21.92,34.25,34.25,0.09,0.14,0.22,0.22,94.16,1.14,3.93,2.49,2.33,2.32,2.33,44.77,2.45,58.01,2,519,90.13,44.86,5.97,54.53,1953,14.71,0.11,42800,60200,82600,39800,152,221,300,148,321,24.3,19.3,14.5,0,0,0.63,83.41,59.28,89.23,94.54,6.8,1682.7,0.52,0,2
19.87,36.66,47.69,59.91,0.67,1.24,1.62,2.03,94.19,1.19,7.82,4.47,2.4,2.56,2.27,46.02,6.49,63.74,2,27002,85.22,43.1,12.77,34.35,1958,9.05,0.76,46700,71200,151000,104300,198,342,464,266,422,28.7,22.6,14.7,2431,60,3.39,66.91,49.85,77.51,86.94,136.5,2886,20.4,5.8,2
8.16,16.32,19.62,27.43,0.12,0.24,0.29,0.41,96.41,0.33,4.54,3.73,3.04,3.09,2.6,91.59,2.46,29.9,3,351,97.34,90.16,0.57,20.23,1977,0.52,0.05,68000,80600,94300,26300,405,491,587,182,539,27,21,11.6,0,1,1.48,78.41,54.4,75.49,94.4,35,1114,2.07,0,1
13.71,25.04,31.3,33.25,0.56,1.01,1.27,1.35,89.93,1.07,9.42,7.55,3.11,3.33,2.63,73.77,4.95,34.14,3,1274,88.04,68.94,0.86,26.77,1986,1.74,0.11,83000,108500,141900,58900,345,412,515,170,478,24.1,25.4,13.2,0,0,4.05,34.46,20.41,61.82,66.22,28.1,1037.8,0.47,0,1
12.44,16.89,24.3,34.96,0.67,0.92,1.32,1.89,90.99,1.17,4.88,3.51,2.64,2.94,2.17,67.39,3.26,48.67,3,219,95.31,60.4,1.37,35.62,1963,2.11,0.28,89900,117800,147600,57700,442,475,518,76,523,23.1,21.6,14.2,53,0,5.42,56.86,56.52,84,92.47,14,892.5,3.49,0,1
7.41,12.72,18.34,23.96,1.55,2.66,3.83,5,60.47,10.41,4.7,3.24,2.51,2.74,2.34,47.81,2.84,48.26,3,2972,92.88,43.84,8.38,42.83,1939,3.91,0.52,90900,115900,141800,50900,191,313,422,231,404,27.2,22.3,14.5,83,15,20.88,68.17,60.73,91.19,93.47,20.9,4790,3.47,5.91,2
2.69,14.8,14.8,22.87,0.06,0.31,0.31,0.47,95.67,0.41,3.71,2.98,2.73,2.78,2.42,88.56,0.99,21.69,3,171,95.61,87.08,1.75,33.92,1964,0.91,0.49,60300,78000,99800,39500,229,304,377,148,380,26.9,16.7,11.9,0,0,2.07,74.38,61.85,87.54,94.48,26.8,402.5,0.26,0,1
18.05,30.03,40.56,53.61,4.11,6.84,9.24,12.21,62.94,11.91,14.6,11.53,3.28,3.25,3.34,57.91,16.44,50.67,2,2259,94.69,58.59,1.37,15.1,1973,5.37,0.37,114400,143200,170700,56300,454,562,682,228,629,29.8,25.7,11.6,145,37,22.77,51.82,39.68,63.07,88.83,38.1,3498.5,0.91,10.5,2
15.55,26.82,39.92,51.07,1.09,1.89,2.81,3.59,83.96,3.25,6.35,4.81,2.86,2.96,2.66,69.93,6.23,44.13,3,3477,90.06,67.7,1.35,26.32,1983,4.66,0.31,75800,90300,110900,35100,356,437,540,184,517,25.6,24.2,12.3,0,14,7.04,31.99,32.91,70.36,73.81,49.3,1837.6,0.69,0,1
16.23,24.61,33.1,39.97,3.95,5.99,8.06,9.73,61.48,7.9,3.99,2.64,2.44,2.58,2.34,45.11,3.62,68.8,2,512,95.53,42.64,0.78,45.31,1941,1.98,0.59,147100,172900,199100,52000,413,544,648,235,615,24.4,27.3,19.3,0,0,24.34,60.24,59.86,80.98,90.31,2.2,12109,4.68,0,1
17.92,20.06,24.61,47.23,0.63,0.71,0.87,1.66,90.34,2.11,3.71,2.66,2.48,2.51,2.41,75.55,3.32,48.44,3,1516,84,74.82,3.17,68.21,1956,8.88,1,22200,36300,57500,35300,175,249,327,152,342,25.5,17.7,12.7,0,0,3.52,65.48,57.65,82.64,93.14,9,2207.9,0.07,0,1
19.41,28.7,38.97,49.51,2.64,3.9,5.29,6.72,83.65,3.04,5.15,3.19,2.43,2.85,2.1,50.86,2.59,60.99,2,1296,94.42,43.25,2.08,26.16,1939,1.61,0.26,139100,162900,187900,48800,393,575,711,318,651,26.7,22.1,14.7,128,4,13.58,74.16,57.97,81.99,91.11,5.3,10219.2,24.37,3.42,2
10.31,15.45,22.67,28.61,0.84,1.26,1.85,2.34,89.99,1.24,2.71,1.68,2.17,2.25,2.04,64.08,2.15,69.5,2,9695,81.99,61.78,1.11,27.45,1972,5.04,0.16,61700,82100,116700,55000,319,396,498,179,464,28.1,23.1,11.9,217,36,8.18,19.78,46.11,72.93,77.26,25.8,3833,1.55,3.57,2
33.63,35.71,50.6,53.27,0.7,0.75,1.06,1.12,95.76,0.57,4.36,2.56,2.32,2.49,2.21,42.78,2.99,61.19,2,690,89.51,39.86,0.58,37.25,1970,12.99,0.24,43900,65700,97600,53700,185,265,353,168,341,26.5,19.3,11.9,0,219,2.1,73.09,38.34,68.22,90.29,15.3,1045.2,0.72,0,2
20.24,23.48,33.6,38.6,0.44,0.51,0.73,0.83,95.95,0.3,2.72,1.95,2.41,2.48,2.24,73.43,1.4,36.97,3,1895,88.09,71.42,2.69,57.99,1962,5.32,0.28,34200,55300,83800,49600,201,273,349,148,365,24.7,16.2,11.3,0,0,2.16,52.46,51.64,77.74,86.38,21.9,1567.1,0.05,0,1
6.46,12.39,14.31,17.8,0.15,0.29,0.34,0.42,95.11,0.52,6.01,4.54,2.77,2.93,2.23,82.15,1.8,34.86,3,318,96.42,77.8,4.09,21.07,1965,0.96,0.23,73500,88600,107500,34000,379,438,537,158,543,25.5,21.3,14,0,0,2.37,50.98,64.75,80.6,91.13,18.1,1332.2,3.28,0,1
2.2,3.1,5.17,5.17,0.23,0.32,0.53,0.53,88.84,0.76,2.49,1.44,1.9,1.89,2.21,94.45,0.58,82.54,2,2278,89.04,95.24,0.61,58.47,1976,0.59,0.08,67300,92500,126000,58700,269,587,944,675,783,35.1,27.3,16.2,0,0,10.22,50.18,63.63,74.31,89.78,85.6,420.4,1.29,0,1
0,1.7,3.18,10.19,0,0.07,0.14,0.44,92.31,0.7,5.28,4.54,3.09,3.2,2.25,92.02,1.7,14.1,3,49,98.58,89.01,2.04,30.61,1973,2.61,0,70700,88400,111700,41000,342,391,442,100,436,25.1,16.5,12.2,0,0,4.31,49.96,60.07,77.11,78.66,5.8,1887.2,3.71,0,1
4.4,7.2,12.29,16.88,0.44,0.71,1.22,1.67,84.93,1.66,5.05,3.92,2.87,3.15,1.88,85.29,1.78,30.83,3,1482,96.5,77.56,0.61,20.24,1973,0.54,0.16,82000,97000,115600,33600,418,478,554,136,533,23.5,18.3,13.1,30,0,9.89,77.36,61.03,82.99,95.76,38,3103.2,0.45,5.62,1
1.27,1.85,4.54,7.38,0.08,0.11,0.28,0.45,90.87,0.74,3.25,2.47,2.55,2.65,1.86,90.63,1.18,23.62,3,203,98.34,87.19,0,33.99,1955,0.77,0.18,56100,67400,82200,26100,388,447,538,150,492,25.1,15.9,13.8,0,1,6.1,76.25,72.91,95.35,97.56,7.3,4282.6,0.88,0,1
0,0,0,11.34,0,0,0,0.18,95.64,0.37,4.04,3.35,2.86,2.93,2.28,91.07,0.48,21.53,3,151,97.27,88.82,1.32,44.37,1963,0.13,0.25,63300,86800,128400,65100,324,426,496,172,548,24.4,20.8,13.2,0,0,1.59,80.75,62.56,87.34,90.61,16.6,937.4,3.39,0,1
19.31,30.12,40.45,48.7,1.08,1.68,2.26,2.72,91.15,1.9,4.87,3.16,2.41,2.53,2.27,57.36,3.98,51.94,2,1665,96.09,54.7,1.92,18.32,1968,4.69,0.41,46400,60300,80900,34500,257,325,398,141,387,25.9,20.4,13.7,178,19,5.59,45.29,38.87,67.48,83.36,43,2504.8,2.57,10.95,1
10.34,11.63,14.7,19.71,0.26,0.29,0.37,0.49,93.38,0.6,3.92,2.51,2.32,2.49,2.05,64.84,1,39.43,3,769,93.22,60.33,2.21,56.83,1939,2.91,0.31,29800,43900,67600,37800,179,242,312,133,306,24.1,19.3,14.6,0,0,2.5,88.85,69.51,90.66,95.63,6.2,3994.6,1.43,0,1
18.93,27.69,32.05,36.54,0.58,0.85,0.98,1.12,94.04,0.88,4.84,3.17,2.42,2.57,2.22,62.16,1.56,44.95,3,6449,93.31,58.74,5.21,37.42,1949,4.98,0.3,32500,43800,59500,27000,191,281,361,170,360,28.4,19.8,13.1,123,19,3.05,71.89,54.94,87.13,94.03,64.4,3461.4,3.24,6.93,1
10.89,18.2,26.02,33.07,1.31,2.19,3.13,3.98,78.06,3.7,4.31,2.84,2.42,2.68,2.24,44.91,2.99,59.69,2,1159,95.62,40.55,3.8,45.56,1940,2.62,0.43,128700,168500,209800,81100,290,413,549,259,479,22.4,21.9,14.5,0,5,12.03,71.88,68.49,91.58,93.45,5.8,10545.1,17.23,4.73,1
20.04,33.76,45.57,54.84,2.77,4.67,6.3,7.58,79.37,5.45,6.97,4.47,2.53,2.81,2.29,51.31,4.28,62.17,2,3116,91.01,46.2,4.72,28.34,1939,5.22,0.71,115100,139200,163600,48500,310,507,633,323,574,29.4,24.3,14.9,202,164,13.83,73.81,55.72,83.6,90.25,11.2,7251.7,8.92,3.95,2
9.06,19.8,29.75,35.97,0.6,1.31,1.96,2.37,91.94,0.73,3.42,2.69,2.69,2.83,2.17,82.25,0.37,25.94,3,224,96.21,77.97,1.79,37.5,1956,0.11,0.14,234600,310600,441000,206400,545,811,1001,456,877,25.4,19.5,12.7,0,0,6.59,56.25,58.21,79.61,89.28,25.8,661.4,5.9,0,1
10.53,19.36,29.5,37.8,1.29,2.36,3.6,4.62,81.6,1.96,4.47,3.37,2.68,2.86,2.21,77.7,2.32,42.2,3,1025,97.03,72.9,2.05,33.07,1958,0.99,0.2,134900,160000,182900,48000,538,633,745,207,693,25.1,23,15.5,43,0,12.22,65.6,66.03,80.75,91.7,23.9,3898.9,6.92,3.47,1
21.8,34.01,42.25,53.34,4.14,6.46,8.02,10.13,71.6,6.54,7.5,5.15,2.67,2.72,2.63,40.38,14.08,71.3,2,1212,94.97,39.56,1.57,14.69,1961,3.5,0.71,160100,195200,240600,80500,477,581,702,225,630,27.5,25,10.7,0,0,18.99,49.71,41.27,82.98,88.15,6.3,9811.9,2.49,0,2
1.98,5.84,8.59,11.34,0.16,0.46,0.68,0.9,85.16,1.43,3.45,2.72,2.65,2.85,1.75,87.57,0.42,29.85,3,115,97.96,81.26,0.87,45.22,1958,0.11,0.28,164500,197800,244900,80400,651,676,706,55,726,24.7,23.1,15,0,0,7.96,74.48,75.7,89.91,96.35,4.5,3249.7,4.19,0,1
7.79,11.78,18.67,26.85,1.55,2.34,3.72,5.34,23.83,19.62,16.52,13.11,3.26,3.28,3.23,62.9,23.68,68.17,2,2260,74.47,62.59,18.5,17.04,1973,13.37,1.49,22600,35700,55700,33100,124,199,299,175,248,24.1,21,13.2,0,0,19.9,62.36,63.25,88.34,93.6,8.7,2515.8,0.4,0,1
13.17,18.98,31.28,43.33,1.21,1.75,2.88,3.99,85.09,2.11,6.53,5.55,3.12,3.13,3.08,86.7,2.84,21.19,3,393,96.19,86.53,1.02,11.45,1975,0.17,0.1,87900,107100,125700,37800,622,744,884,262,891,24.6,22.7,12.8,0,0,9.21,67.73,47.01,81.47,88.8,7,4411.6,2.98,0,1
7.73,10.39,16.97,28.34,1.15,1.55,2.53,4.22,80.28,2.84,7.98,5.93,2.8,2.88,2.56,76.01,5.19,30.41,3,459,95.95,73.79,0.44,8.71,1955,0.46,0.11,40400,48000,59100,18700,393,456,539,146,567,24.6,18.6,14.1,0,0,14.91,63.23,58.68,74.44,93.5,5.2,5867.1,1.59,0,1
13.54,18.7,27.95,33.99,1.09,1.51,2.25,2.74,87.64,1.09,5.28,4.13,2.86,2.99,2.32,84.19,2.02,34.28,3,265,95.71,80.47,6.42,44.91,1965,0.88,0.15,126800,157700,185400,58600,529,630,792,263,718,26.9,24.5,16.5,13,0,8.06,49.92,61.79,75.5,87.23,5.8,2957.6,12.82,0,1
12.25,25.93,32.76,52.14,0.37,0.79,1,1.59,86.92,1.19,3.78,2.47,2.34,2.33,2.36,64.86,3.53,49.65,3,359,87.66,65.22,1.11,62.12,1963,10.26,0.45,26200,38800,53900,27700,140,215,279,139,325,24.8,21.9,13.7,0,0,3.05,75.97,34.42,47.14,92.7,8.5,1349.5,0,0,1
0,0,0,32.1,0,0,0,0.21,97.93,0.45,4.86,3.41,2.5,2.6,2.33,64.91,3.82,46.9,3,442,91.85,62.41,2.49,54.98,1961,10.36,0.94,34000,51600,73800,39800,112,162,249,137,251,27,18.3,12.1,0,0,0.65,83.16,56.48,85.34,93.85,18.5,677.8,0,0,2
9,13.73,19.14,24.93,1.15,1.75,2.44,3.18,86.89,1.29,2.93,2.36,2.7,2.79,2.24,85.05,0.41,24.71,3,326,96.99,82.04,0,37.42,1956,0.1,0.06,223600,282800,377300,153700,634,902,1001,367,953,26,21.5,13.3,8,0,12.77,55.24,66.07,85.41,89.3,17,1705.3,4.91,0,1
12.93,14.35,26.57,34.1,0.5,0.56,1.04,1.33,94.11,0.84,4.27,2.93,2.44,2.61,2.18,66.13,1.85,39.49,3,710,94.88,61.96,1.97,49.15,1961,2.3,0.12,51300,69200,97000,45700,241,293,355,114,382,19.2,14.7,11.4,0,4,3.9,38.93,47.87,76.74,84.94,33.2,973.3,6.79,0,1
10.57,19.47,25.36,36.73,0.68,1.26,1.64,2.37,90.02,1.86,4.05,3,2.65,2.75,2.46,68.47,3.7,41.99,3,1183,93.35,65.99,1.52,17.67,1979,2.64,0.31,115600,158500,205200,89600,397,522,660,263,600,28.9,24.6,11.5,129,11,6.46,56.78,35.65,53.08,87.98,31,1443.7,0.93,0,1
12.09,20.03,27.31,37.25,3.54,5.87,8,10.91,35.92,14.38,20.77,17.29,3.67,3.75,3.46,71.81,25.88,57.33,2,314,98.08,70.15,1.27,27.07,1956,3.75,0.17,135500,165000,191100,55600,446,561,695,249,613,28.6,24.6,11,23,0,29.3,56,61.7,91.97,93.83,8.3,7160.8,3.56,0,2
2.39,3.1,5.82,11.45,0.21,0.28,0.52,1.02,85.71,1.47,2.76,1.85,2.43,2.64,1.95,75.31,0.96,48.91,3,363,95.13,69.23,0.28,22.59,1963,1.03,0.27,127000,150500,176100,49100,373,466,587,214,534,24.4,22.6,14.5,10,0,8.89,68.05,64.16,91.31,94.47,10.1,1723.4,0.26,0,1
11.87,16.3,26.27,28.32,0.38,0.52,0.85,0.91,93.66,0.51,3.1,2.23,2.58,2.76,2.06,78.8,0.82,34.9,3,640,91.85,73.48,0.47,20.31,1967,0.24,0.08,65200,84700,111300,46100,329,434,530,201,507,23.2,18.9,12.8,0,0,3.22,71.02,58.88,78.77,85.75,24.6,799.4,2.81,0,1
15.62,23.3,35,38.92,0.99,1.48,2.22,2.47,91.14,1.19,3.97,2.67,2.44,2.65,2.22,54.86,3.16,50.66,2,359,95.56,50.45,1.39,12.53,1974,1.88,0.24,60500,71700,88600,28100,327,400,511,184,473,25.9,20.8,12.3,0,0,6.34,41.67,39.2,64.94,80.08,10.5,1840.3,2.35,0,1
0,0,4.55,17.42,0,0,0.03,0.1,97.86,0.37,7,4.6,2.51,2.58,2.44,54.05,5.72,47.91,3,763,92.29,52.71,3.15,34.86,1964,11.82,1.45,32500,44900,61200,28700,147,238,333,186,328,26.4,18.4,13.3,12,0,0.55,72.04,53.4,82.97,89.77,11.9,2004,0.33,0,1
10.43,18.7,20,22.83,0.31,0.56,0.59,0.68,93.24,0.58,3.84,2.85,2.66,2.65,2.68,53.23,4.92,54.48,2,556,90.98,53.48,2.34,37.23,1965,9.02,0.71,37200,47900,59000,21800,270,338,398,128,403,22.9,15.5,13.6,0,0,2.97,61.55,42.49,77.21,86.28,5.1,3057.7,0.42,0,1
20.67,31.69,41.23,46.7,2.42,3.71,4.82,5.46,83.72,3.32,3.6,2.35,2.44,2.76,2.08,60.65,2.61,48.76,3,1289,95.12,53.73,1.47,20.64,1962,2.03,0.49,157800,184700,232400,74600,415,626,757,342,695,25.7,21.4,13.6,92,0,11.7,62.45,55.47,78.51,87.73,26,2497.3,2.81,5.56,2
7.67,15.65,15.65,15.65,0.19,0.39,0.39,0.39,95.9,0.26,2.58,1.75,2.45,2.66,2.02,73.74,1.11,52.43,2,371,93.06,68.04,0.54,31.27,1964,2.32,0.11,123800,154000,198700,74900,413,539,662,249,608,27.7,25.5,15,0,0,2.51,34.25,47.47,70.87,74.7,20.3,613.3,0.42,0,1
17.01,20.07,30.16,35.83,2.23,2.63,3.95,4.69,85.7,2,3.63,2.04,2.25,2.54,2.05,45.67,3.85,67.15,2,417,94.2,40.4,0.72,14.39,1960,1.79,0.19,295400,357300,436600,141200,611,754,954,343,800,25.3,27.6,10.7,0,0,13.09,44.5,39.12,80.62,85.31,5.7,2648.4,0.72,0,1
18.59,26.66,42.14,55.34,0.72,1.03,1.62,2.13,92.84,1.42,5.42,2.98,2.34,2.53,2.21,45.15,4.56,58.77,2,947,92.27,41.77,3.48,44.03,1972,10.3,0.59,37200,59100,85100,47900,210,284,366,156,346,35.1,20.3,13.7,29,0,3.85,73.88,33.41,57.24,92.9,25.8,1194.9,0.21,0,2
24.97,38.1,56.31,67.81,1.78,2.71,4.01,4.83,88.3,2.06,4.73,2.56,2.31,2.67,2.08,45.21,4.48,59.48,2,3072,89.33,39.11,2.28,40.3,1975,6.85,0.47,58000,77300,101800,43800,295,362,446,151,423,33.8,22.8,12.9,0,0,7.13,58.13,31.72,56.46,85.88,54.5,1215.2,0.14,0,2
38.12,38.12,38.12,38.12,0.46,0.46,0.46,0.46,97.79,0.17,3.56,2.56,2.49,2.55,2.38,64.9,2.69,48.35,3,427,92.36,63.34,2.11,53.4,1972,8.02,1,39700,53000,71100,31400,205,282,360,155,356,26.5,20.5,12.6,6,0,1.2,61.95,47.03,76,90.2,9,1470.3,0.07,0,1
8.64,14.51,20.63,33.08,0.65,1.1,1.56,2.5,71.73,5.69,6.67,4.88,2.71,2.85,2.48,64.59,8.12,49.93,3,4925,86.95,61.34,6.01,49.87,1965,11.25,0.79,29000,43700,64700,35700,183,241,327,144,313,22.7,18.7,12.8,59,0,7.55,70.48,49.45,83.35,94.7,36.6,2448.1,0.02,3.47,2
6.33,8.43,15.66,35.24,0.18,0.24,0.45,1.02,75.43,3.5,7.01,5.05,2.69,2.68,2.72,65.9,7.08,54.39,2,590,87.52,66.16,3.9,62.71,1963,12.18,0.63,30500,45800,67800,37300,165,252,315,150,322,26.7,19.9,13.5,0,0,2.89,87.24,58.22,86.5,97.07,11.1,1029.1,0.65,0,2
25.32,36.36,46.8,57.48,5.1,7.32,9.42,11.57,72.86,9.23,9.01,6.84,2.9,2.87,2.95,60.64,9.62,45.24,3,1227,96.77,61.28,1.3,14.26,1968,1.77,0.36,202200,248700,320700,118500,591,706,875,284,766,28.6,24.1,11.2,159,11,20.13,46.54,43.08,80.08,88.5,24.2,4577.2,2.59,5.96,1
2.91,12.79,12.79,25,0.02,0.1,0.1,0.19,97.68,0.4,3.94,2.52,2.29,2.31,2.26,57.23,1.43,50.67,2,1091,89.86,56.67,3.94,55,1939,13.53,0.52,22000,32800,48400,26400,131,203,268,137,263,29.8,16.9,13.2,0,0,0.76,76.66,52.17,86.83,92.69,11.2,2032.3,0,0,2
12.81,12.81,23.12,25.35,0.31,0.31,0.56,0.62,95.1,0.54,4.86,3.41,2.62,2.79,2.39,59.84,3.81,45.36,3,196,96.55,56.11,2.04,24.49,1968,2.66,0.18,48900,61200,73500,24600,294,368,442,148,438,24.7,21.1,13.8,0,0,2.44,54.65,45.1,75.46,86.1,4.9,3024.3,2.52,4.49,1
52.48,52.48,52.48,52.48,0.5,0.5,0.5,0.5,97.31,0.26,4.51,3.2,2.55,2.73,2.14,74.13,1.66,45.25,3,239,94.49,69.16,1.67,28.87,1960,1.68,0.39,50800,63600,83000,32200,218,286,357,139,378,21.9,19.7,11.7,0,0,0.94,85.3,53.15,80.28,93.95,7,1519.6,0.29,0,1
14.75,26.86,38.27,50.89,1.84,3.35,4.77,6.34,84.28,2.96,4.15,2.47,2.35,2.51,2.2,50.33,5.93,59.79,2,554,96.51,47.03,4.51,13.18,1967,0.61,0.21,229700,276700,339900,110200,583,688,858,275,743,27.2,23.6,11.9,0,0,12.47,51.64,41.46,79.61,88.72,5.8,6202.3,2.38,0,1
31.16,36.68,44.22,57.79,0.31,0.37,0.44,0.58,97.18,0.5,3.49,2.31,2.32,2.4,2.16,71.19,1.7,53.59,2,898,90.36,69,2,47.66,1953,8.63,0.55,24400,37200,54200,29800,164,224,286,122,321,26.5,18.1,13.4,0,0,1.01,75.17,54.11,78.3,91.38,11.6,1701,0.27,0,1
4.18,7.31,8.14,9.39,0.2,0.35,0.39,0.45,90.03,1.62,4.43,2.78,2.35,2.46,2.23,53.38,3.15,55.45,2,415,91.04,50.9,4.58,36.39,1939,8.56,1.08,40400,54400,72800,32400,200,261,346,146,297,23.7,17.2,13.4,15,0,4.76,46.01,47.61,70.32,78.91,6,1691.7,0.81,0,1
0,5.23,7.56,16.28,0,0.17,0.24,0.51,94.65,0.66,5.34,3.56,2.5,2.78,2.07,67.35,2.19,43.97,3,180,95.85,60.51,8.89,40.56,1943,2.84,0.14,72600,90600,116500,43900,147,346,461,314,412,29.5,22.5,14.9,0,0,3.15,59.36,61.21,81.1,92.14,2.2,5058.5,4.06,0,1
26.3,35.38,41.28,46.55,3.87,5.2,6.07,6.85,79.91,2.65,3.24,1.96,2.26,2.36,2.2,37.39,4.25,66.36,2,804,94.04,35.76,0.62,10.2,1965,0.95,0.07,203200,266600,359500,156300,546,654,809,263,709,28.8,26.7,11.3,0,9,14.71,34.98,31.76,52.98,64.21,8.7,3667.8,2.65,0,2
35.61,37.56,37.56,55.12,0.53,0.56,0.56,0.82,95.34,0.8,6.45,4.24,2.42,2.35,2.49,53.77,4.59,45.58,3,415,91.35,55.21,2.89,28.67,1963,12.64,1.92,43700,60100,81900,38200,126,212,297,171,311,24.1,15,12.4,0,0,1.49,74.01,42.05,68.87,89.14,7.7,1792.7,0,0,2
8.56,22.21,28.17,33.91,0.6,1.55,1.96,2.36,83.49,2.71,6.15,4.38,2.68,2.81,2.49,62.42,4.24,46.54,3,318,93.69,59.52,4.4,48.74,1943,6.97,0,101100,119500,142000,40900,300,440,554,254,501,27.1,24.8,15.3,48,0,6.97,76.87,55.49,78.8,93.03,4.9,2699.3,4.14,0,2
14.44,25.15,33.26,43.13,1.73,3.02,3.99,5.17,77.08,5.87,10.51,7.64,2.9,3.05,2.67,64.53,7.64,47.93,3,1911,94.64,61.42,6.96,23.55,1960,6.59,0.37,60900,81900,112600,51700,329,425,527,198,499,25.8,21.4,13.1,232,5,11.99,63.68,46.29,77.32,88.54,34.7,2870.1,3.37,0,1
25.27,30.04,34.07,36.26,0.29,0.35,0.39,0.42,96.19,0.72,4.65,3.07,2.43,2.68,2.15,57.17,2.69,60.08,2,571,94.43,51.73,0.35,34.85,1939,6.17,0.39,42200,51800,64400,22200,225,273,326,101,318,24.7,20,12.1,70,0,1.15,66.98,53.59,89.23,94.42,3.2,7380.6,4.33,0,1
14,18.65,21.39,25.78,1.65,2.2,2.52,3.04,84.05,2.13,4.85,3.28,2.54,2.79,2.21,62.69,1.16,49.95,3,821,96.38,57.1,0.97,38,1939,0.86,0.27,156600,182400,218900,62300,403,579,723,320,665,25.4,23.1,14.1,21,0,11.8,74.67,63.07,85.45,90.38,8.4,6809.5,16.88,5.08,2
15.04,23.76,26.67,30.09,0.67,1.06,1.19,1.34,93.58,0.22,3,2.15,2.59,2.76,2.04,81.6,0.74,24.25,3,207,95.83,76.65,1.45,37.2,1942,0.15,0,87100,119000,195700,108600,320,406,515,195,487,24.4,18.1,12.9,0,0,4.47,68.31,56.9,79.33,89.82,2.5,5142.2,2.83,0,1
14,28.7,40.9,53.56,3.06,6.26,8.93,11.69,56.68,15.56,14.88,11.42,3.15,2.97,3.34,47.63,18.9,55.72,2,371,96.11,50.63,7.28,25.34,1970,6.31,1.27,53200,69400,92900,39700,257,327,399,142,412,29.2,20.8,12.3,35,3,21.81,56.22,47.75,83.09,93.07,10.7,2741.7,0,0,2
1.74,3.47,7.2,8.44,0.04,0.08,0.16,0.19,93.62,0.41,3.16,2.12,2.38,2.56,1.84,80.57,1.12,46.93,3,727,91.1,74.88,2.34,62.17,1952,3.54,0.94,26800,38000,52600,25800,127,189,273,146,236,26.5,15.9,12.6,27,0,2.23,82,64.75,88.21,94.85,188.2,95.9,0.8,0,1
8.41,9.72,11.03,13.27,0.32,0.36,0.41,0.5,94.15,0.34,4.18,3.28,2.81,2.94,2.38,80.71,1.31,46.64,3,211,95.65,77.2,0.95,52.61,1968,0.71,0.58,118600,143500,169000,50400,255,479,624,369,574,22.8,22.6,13.2,0,0,3.75,72.56,55.33,72.14,89.52,29.7,479.7,2.89,0,1
11.58,14.79,20.69,33.55,0.38,0.49,0.68,1.1,94.92,0.78,2.87,2.08,2.58,2.75,2.24,71.84,2.15,44.85,3,509,95.54,67.5,0.59,14.34,1966,1.22,0.16,72700,86000,98900,26200,406,463,553,147,485,25.4,17.8,10.8,0,0,3.29,74.45,57.77,74.45,92.36,10.5,2704.8,3.46,0,1
0,10.53,16.67,16.67,0,0.19,0.3,0.3,94.64,0.45,2.62,1.94,2.62,2.73,2.26,80.04,0.42,34.54,3,649,87.96,76.8,2.16,74.73,1970,0.44,1,102700,135500,181500,78800,453,566,660,207,676,24.7,22.5,11.6,0,0,1.82,65.3,50.73,79.16,85.97,49.4,253.3,0.31,0,1
12.06,22.15,30.65,40.42,1.34,2.47,3.42,4.51,80.92,2.69,7.16,5.63,3.01,3.17,2.62,74.1,5.5,33.67,3,2732,92.49,70.28,0.88,13.69,1982,1.28,0.16,147800,182800,247700,99900,541,644,793,252,708,28.2,26.9,11.8,0,33,11.15,55.65,36.97,62.98,89.32,39.2,2589.1,0.51,0,1
11.42,16.05,21.3,34.26,0.19,0.27,0.36,0.58,96.02,0.48,4.68,3.79,2.89,2.92,2.76,84.31,2.47,28.11,3,171,97.46,83.56,5.85,42.11,1965,2.88,0.52,41000,53700,68000,27000,279,340,399,120,450,23.1,18.1,13,0,0,1.7,68.11,60.19,90.67,94.16,9.2,2078.7,0.39,0,1
5.43,24.03,31.78,31.78,0.03,0.14,0.19,0.19,97.5,0.12,2.9,2.01,2.37,2.44,2.28,59.44,2.18,52.03,2,533,94.24,57.74,0.56,30.21,1966,12.51,0.36,32400,43500,63200,30800,137,206,265,128,278,23.3,19.7,12.6,24,0,0.6,77.1,52.95,84.37,93.64,16.4,1302.4,0,0,1
18.71,22.9,23.43,26.92,0.48,0.59,0.61,0.7,88.42,1.24,6.56,4.51,2.61,2.77,2.39,61.75,3.53,49.55,3,363,95.37,58.22,3.31,31.96,1947,10.78,0.6,32200,44200,64000,31800,257,325,386,129,374,28.9,16.7,13.1,41,2,2.59,68.14,45.19,78.47,89.07,7.2,3089.6,0.49,0,1
16.25,21.14,27.67,32.97,2.68,3.48,4.56,5.43,75.05,3.92,6.68,4.51,2.51,2.63,2.17,77.88,2.99,39.71,3,1487,95.97,74.37,1.75,24.08,1948,1.19,0.51,53200,69600,93400,40200,293,388,497,204,465,26.2,16.9,13.3,14,12,16.46,65.71,63.29,88.65,92.85,25.2,3536.9,1.59,4.55,1
6.78,6.78,11.86,32.2,0.07,0.07,0.12,0.32,96.5,0.22,3.61,2.42,2.42,2.58,2.17,65.69,0.53,36.06,3,574,89.47,61.64,1.57,67.77,1939,5.78,0.37,20200,30200,44200,24000,160,202,263,103,306,26.5,16.8,12.9,0,0,0.99,88.48,60.55,88.42,94.32,4.7,2553.6,0.54,0,1
3.79,7.59,12.64,13.33,0.24,0.47,0.79,0.83,90.88,0.87,4.39,3.19,2.63,2.89,2.05,76.07,1.58,40.15,3,162,96.97,69.32,0,30.86,1968,0.27,0,65400,77800,93500,28100,315,415,473,158,462,24.8,18.4,13.2,0,0,6.26,80.92,64.97,88.85,97.07,4.3,3202.5,0.58,0,1
0,2.95,8.23,9.92,0,0.09,0.26,0.32,94.54,0.58,3.39,2.64,2.64,2.84,2.01,82.39,0.81,29.15,3,131,97.7,76.8,0.76,38.93,1965,0.89,0.19,65600,84100,104900,39300,232,369,434,202,447,25.5,18.4,11.5,0,0,3.16,73.68,64.07,91.01,96.12,14,1063.3,0.78,0,1
0,0,17.39,26.09,0,0,0.12,0.18,97.34,0.52,6.93,4.98,2.67,2.73,2.58,61.71,5.3,41.01,3,150,96.1,60.3,0,36.67,1971,8.92,1.33,33000,41500,59400,26400,103,192,260,157,277,26.5,21.9,15.3,0,0,0.69,86.08,58.57,88.88,94.2,7.4,1359.8,0.26,0,2
11.41,19.79,27.9,35.26,0.4,0.69,0.97,1.22,93.55,0.69,4.63,3.19,2.54,2.66,2.36,64.77,4.33,45.81,3,27428,90.37,61.98,6.87,35.74,1969,6.15,0.4,45700,64000,89900,44200,266,355,441,175,431,25.6,20.6,12.4,665,155,3.46,46.39,46.33,75.84,81.96,801.7,839.4,2.65,3.05,2
9.38,9.38,15.1,20.83,0.29,0.29,0.46,0.63,93.69,0.37,2.3,1.77,2.6,2.74,2.16,81.19,0.5,29.14,3,256,96.56,77.32,0,28.52,1967,0.26,0.16,79200,101800,132900,53700,381,455,511,130,517,26.6,19.4,11.7,0,0,3.05,79.92,60.21,85.46,91.62,18.9,1000.4,0.83,0,1
9.64,9.64,15.06,15.06,0.14,0.14,0.21,0.21,96.93,0.39,4.43,3.34,2.64,2.74,2.44,69.67,2.09,42.4,3,176,96.02,67.12,1.14,43.18,1959,4.57,0.63,42300,57400,79100,36800,254,323,380,126,403,22.2,16.2,12.1,0,0,1.42,76.22,51.27,79.75,92.56,6.4,1832.9,0,0,1
0,0.98,8.79,16.61,0,0.02,0.2,0.37,95.63,0.43,3.1,2.74,3.02,3.04,2.88,88.1,1.34,14.54,3,305,93.64,87.52,1.64,44.26,1983,1.18,0.04,80700,115800,160200,79500,378,447,574,196,580,26.2,23.1,12.5,0,0,2.24,52.12,36.42,68.61,81.78,19,721.2,0.09,0,1
24.99,42.59,50.11,60.16,5.45,9.29,10.94,13.13,60.28,16.07,14.03,9.89,2.91,2.77,3.04,45.03,17.57,61.77,2,856,88.88,47.37,5.84,35.98,1964,12.69,0.87,33900,44100,56600,22700,178,228,281,103,284,27.7,18.5,12.4,60,13,21.82,39.42,34.23,59.74,75.41,23.6,860.9,1.54,0,2
15.23,24.57,36.81,47.18,6.89,11.12,16.66,21.35,42.27,9.08,15.28,11.5,3.15,3.26,3,60.09,19.82,56.96,2,1152,96.18,58.1,1.3,18.06,1961,0.85,0.48,224500,272100,324000,99500,582,674,853,271,734,27.9,24.7,11.5,121,60,45.25,38.49,50.79,65.03,86.82,7.8,11859.1,19.13,0,1
9.63,15.9,23.82,30.43,0.74,1.21,1.82,2.32,80.72,3.84,5.28,3.59,2.54,2.7,2.39,51.35,3.59,54.28,2,1302,92.19,48.27,6.99,37.63,1939,4.78,0.7,102000,124000,148200,46200,281,431,522,241,521,27.4,22.3,14.1,19,24,7.63,71.89,51.77,81.19,89.83,28.8,1432.3,1.65,0,2
21.31,34.17,45.48,48.88,4.2,6.74,8.97,9.64,50.08,14.53,12.96,10.58,3.21,3.06,3.4,53.25,19.34,59.41,2,140,97.02,55.86,2.86,30.71,1968,4.72,0.4,56800,71300,89400,32600,237,316,383,146,386,28.9,23.5,12.1,0,0,19.71,58.4,50.64,85.92,92.46,3.9,3760.7,0,0,2
6.6,11.49,23.62,36.17,0.41,0.71,1.46,2.24,90.37,1.23,4.54,3.38,2.71,2.98,2.12,75.19,0.72,36.84,3,380,95.41,68.33,0.53,34.47,1967,0.29,0.07,172500,231300,322400,149900,423,647,846,423,734,25.4,22.9,14.2,0,0,6.19,72.2,57.78,77.44,88.92,27.6,824.9,2.06,0,1
0,0,0,37.88,0,0,0,0.16,97.93,0.4,2.64,2.1,2.62,2.64,2.5,85.15,1.43,36.06,3,216,96.38,84.43,2.31,46.3,1964,1.76,0.5,41000,54200,69900,28900,244,308,344,100,407,21.8,17.8,12.9,0,0,0.43,87.1,67.63,93.52,96.38,9,1705.4,0.07,0,1
6.94,12.92,20.9,30.05,0.82,1.53,2.48,3.56,80.98,2.32,6.37,4.88,2.82,2.89,2.62,76.75,5,41.33,3,373,96.64,74.99,2.95,24.4,1973,0.79,0.2,193500,255400,332200,138700,482,614,723,241,675,27.5,26.5,12.4,0,0,11.85,53.69,50.17,87.22,93.99,8.1,3827.7,1.75,0,1
3.8,12.03,24.68,56.33,0.02,0.06,0.13,0.29,97.89,0.28,4.03,2.87,2.56,2.68,2.36,64.1,2.95,41.58,3,630,94.89,61.08,1.59,41.11,1969,6.92,0.28,45700,62400,87600,41900,175,264,328,153,337,22.8,18.1,12.6,25,1,0.51,75.42,48.7,77.96,89.72,53,579.1,0.1,0,1
0,6.86,28.43,52.94,0,0.07,0.28,0.52,94.33,0.43,4.05,2.92,2.57,2.52,2.65,63.81,3.57,48.03,3,885,81.92,64.94,6.78,57.63,1971,12.49,0.84,16900,35500,58800,41900,148,195,247,99,303,22.4,20.1,13.3,6,0,0.98,62.23,44.46,71.53,87.53,11.7,893.1,0,0,1
16.83,21.4,29.22,37.84,2.21,2.81,3.83,4.96,72.29,5.21,6.57,5.14,2.87,2.95,2.69,72.64,4.29,40.48,3,210,96.92,70.82,6.19,51.9,1955,2.61,0.4,126600,148500,169200,42600,325,530,630,305,587,25.2,23.3,14.9,0,0,13.11,67.56,65.87,82.28,93.1,4.5,4209.8,3.92,0,1
2.65,8.55,8.55,23.6,0.08,0.27,0.27,0.74,56.84,6.74,9.85,7.31,2.8,2.74,2.98,75.5,10.79,45.59,3,511,88.22,77.04,3.33,57.53,1958,18.97,2.26,17200,33900,53700,36500,153,211,273,120,306,30,18.3,13.5,0,0,3.14,87.02,63.39,87.1,97,4.8,2242.5,0,0,2
21.29,43.84,53.97,67.33,0.96,1.97,2.43,3.03,84.61,3.47,7.2,5.13,2.64,2.68,2.59,55.87,7.35,53.18,2,943,88.96,55,4.24,39.34,1971,13.77,1.16,42200,70200,107600,65400,287,357,421,134,435,27.6,24,14.1,21,0,4.5,69.61,40.44,70.43,89.71,46,462.7,0.15,0,2
51.56,51.56,51.56,57.81,0.31,0.31,0.31,0.35,96.46,0.64,4.16,2.77,2.47,2.68,2.12,68.11,1.64,43.06,3,232,94.79,62.77,12.07,56.47,1939,5.07,1.91,42400,55000,71000,28600,207,288,361,154,357,27.3,20.9,13.5,87,0,0.6,91.15,55.75,90.57,96.91,2.5,4299,1.71,0,1
7.64,7.64,7.64,7.64,0.12,0.12,0.12,0.12,96.03,0.22,3.14,2.21,2.46,2.57,2.21,72.69,0.8,38.09,3,360,95,69.54,3.89,48.33,1952,5.6,0.56,34100,46400,64800,30700,182,236,292,110,332,25.1,18.4,12,0,0,1.6,78.04,57.03,87.23,93.53,16.4,1049,0.07,0,1
5.21,5.58,11.8,13.4,0.28,0.3,0.63,0.71,92.22,0.67,6.18,5.29,3.17,3.26,2.16,94.07,0.36,16.04,4,381,96.68,91.32,0.52,28.87,1976,0.05,0.1,157800,195500,235600,77800,651,814,1001,350,992,32,22.2,12.2,0,0,5.31,74.19,62.79,81.3,91.29,26.8,1322.9,3.63,0,1
12.28,12.28,12.28,12.28,0.05,0.05,0.05,0.05,96.55,0.31,14.51,10.04,2.94,3.01,2.9,37.77,8.63,54.96,2,457,90.46,36.87,15.97,51.2,1951,23.88,1.84,14999,19600,29200,14201,189,262,319,130,333,35.1,22.3,16.6,12,0,0.44,59.58,45.33,87.72,91.27,4.6,2813.4,2.6,0,1
12.68,12.68,12.68,12.68,0.07,0.07,0.07,0.07,98.03,0.37,5.12,3.72,2.63,2.72,2.48,65.64,4.63,41.25,3,559,89.76,63.5,1.43,44.19,1971,12.11,2.49,35400,51000,80900,45500,99,169,254,155,258,22.8,17.1,13.2,0,0,0.54,65.92,54.56,78.98,86.16,61.6,214.7,0.15,0,2
4.56,6.62,9.44,14.97,0.12,0.18,0.26,0.41,95.43,0.44,4.75,3.19,2.51,2.63,2.37,57.04,2.17,53.31,2,868,93.81,54.51,5.3,34.1,1946,8.59,0.48,29900,41400,60100,30200,240,316,384,144,387,31.7,18.6,15,3,0,2.74,83.68,51.52,87.26,94.46,8.3,4061.5,0.97,0,1
19.91,28.91,37.65,44.38,2.52,3.67,4.77,5.63,83.53,3.78,4.27,2.92,2.47,2.52,2.39,63.5,4.11,49.28,3,2240,91.78,62.24,0.54,12.68,1980,0.8,0.23,195500,255900,332200,136700,573,711,910,337,774,28.9,27.4,11.6,5,936,12.68,38.71,31.55,65.03,80.74,39,1617.6,2.72,0,1
19.34,32.48,42.41,48.55,2.11,3.54,4.62,5.29,83.97,4.69,5.33,3.74,2.53,2.54,2.53,60.12,5.72,50.36,2,1008,95.96,59.99,1.39,37.6,1966,1.62,0.13,140400,175000,229700,89300,465,572,689,224,641,30,23.9,11.5,57,1,10.89,57.98,45.79,76.55,90.85,18.1,3425.8,1.59,0,2
30.02,50.77,58.83,70.58,1.61,2.72,3.15,3.78,91.68,3.07,4.49,3,2.42,2.47,2.38,46.51,4.28,57.92,2,822,91.4,45.67,1.34,23.97,1970,14.37,0.49,44000,67500,117300,73300,209,294,365,156,355,22.3,16.7,12.5,49,1,5.36,62.52,43.73,74.58,82.78,18.6,1167.7,0.16,0,2
14,20.33,25.96,35.17,0.33,0.48,0.61,0.83,95.5,0.67,4.71,3.32,2.58,2.65,2.47,61.84,2.41,47.15,3,726,94.83,60.18,3.86,46.28,1950,8.13,0.46,29700,37900,49000,19300,229,293,358,129,381,28.8,16.1,13.3,12,0,2.35,65.65,53.08,84.15,88.06,16.8,2121.7,1.05,0,1
15.53,15.53,25,25,0.16,0.16,0.25,0.25,97.23,0.34,2.3,1.46,2.26,2.42,2.08,57.57,1.8,55.42,2,843,92.9,53.86,2.49,27.16,1964,9.31,0.24,45400,61500,78600,33200,213,282,340,127,345,23.5,16.1,11.6,0,0,1.02,80.56,49.11,78.77,91.68,15.1,1720.6,0.6,0,2
4.35,9.37,16.51,20.13,0.19,0.41,0.73,0.89,90.06,0.95,3.59,2.4,2.44,2.58,2.29,55.74,2.01,51.83,2,1454,91.17,52.73,1.31,49.31,1942,3.67,0.33,103400,126200,156000,52600,302,444,542,240,524,26.9,24,13.9,13,10,4.42,63.18,53.01,84.31,88.63,29.4,1273.7,0.86,0,1
14.65,22.29,35.39,47.08,3.77,5.73,9.1,12.11,66.13,4.96,7.54,6.35,3.18,3.21,2.97,86.61,5.87,28.13,3,763,95.68,85.7,0.39,20.97,1979,0.3,0.22,211600,272900,361300,149700,748,888,1001,253,940,28.7,27.6,11.5,0,0,25.72,47.24,40.48,75.28,87.72,15.6,3433.5,0.89,0,1
44.14,60.36,67.12,70.27,0.9,1.23,1.37,1.43,93.65,1.21,9.85,7.32,2.96,3.13,2.61,70.15,4.39,43.82,3,833,81.12,66.18,1.68,57.74,1981,4.16,0,41800,58000,73100,31300,196,260,337,141,354,21.7,20.5,11.9,15,1,2.04,28.42,35.02,65.32,74.13,10,1092.9,1.96,0,1
18.35,31.73,44.74,56.77,4.52,7.82,11.03,13.99,58.75,8.13,10.91,7.14,2.73,3.01,2.61,32.71,11.36,68.06,2,8342,90.8,29.62,9.39,39.85,1939,9.27,1.2,91800,127700,164400,72600,325,464,601,276,527,25.6,24.6,16,466,267,24.65,47.8,57.32,81.75,84.39,15.4,14826.6,37.29,5.34,2
6.09,15.99,20.05,30.46,0.1,0.25,0.31,0.48,96.38,0.44,3.23,2.19,2.4,2.54,2.08,72.45,1.27,45.61,3,656,93.83,68.28,1.52,51.37,1953,3.16,0.56,29500,43500,59700,30200,192,250,299,107,327,23.4,17,12.8,10,0,1.56,79.93,58.48,84.11,93.9,15.6,1608.9,0.49,0,1
27.92,35,37.08,55.42,0.35,0.44,0.46,0.69,97.18,0.26,2.17,1.49,2.35,2.46,2.16,67.19,1.09,44.84,3,562,93.21,64.23,0.89,37.19,1964,6.72,0.81,45300,64900,89900,44600,145,230,305,160,305,25.6,18.2,12.1,0,0,1.25,67.34,48.93,76.94,85.44,14,1375.9,0.18,0,2
14.73,18.06,21.4,26.77,0.62,0.76,0.89,1.12,94.02,0.66,2.88,1.79,2.21,2.3,2.04,69.48,2.29,46.92,3,831,91.74,66.88,1.93,21.9,1961,2.37,0.16,91300,138600,233200,141900,340,435,595,255,512,29.2,20.6,11.8,9,3,4.18,27.47,48.88,71.27,81.18,7.2,3087.5,1.58,0,2
22.86,35.71,50.91,70.1,2.33,3.63,5.18,7.13,83.02,6.18,7.11,5.11,2.68,2.73,2.63,47.85,9.55,54.64,2,1484,87.1,46.91,4.58,41.24,1974,11.3,0.98,42300,59600,83700,41400,223,287,367,144,369,24.1,20.5,13.7,11,0,10.17,66.37,43.21,75.71,92.1,21.7,1272.4,0.61,0,2
29.11,35.4,46.12,52.09,1.44,1.76,2.29,2.58,90.36,2.21,4.17,2.82,2.47,2.65,2.18,66.1,1.96,46.54,3,885,95.7,61.63,1.02,46.21,1947,2.92,0.64,43000,53500,67600,24600,226,290,359,133,364,23,18.6,13.3,16,0,4.96,81.05,56.52,87.7,93.57,13.7,3624.5,2.26,0,1
7.83,14.53,18.02,21.32,0.3,0.55,0.68,0.8,91.07,1.34,5.87,4.12,2.62,2.73,2.45,62.2,3.23,47.58,3,1389,95.81,59.62,6.26,38.66,1945,5.27,0.3,42300,52300,65200,22900,244,307,374,130,383,27.2,18.2,13.1,17,5,3.77,71.17,57.15,89.22,92.69,16,5270.5,3.41,5.94,2
17.07,21.65,27.76,33.68,1.26,1.59,2.04,2.48,75.86,5.53,6.87,4.63,2.6,2.69,2.5,51.19,4.13,52.81,2,3551,94.21,49.37,3.21,30.86,1948,5.49,0.64,86000,105500,125600,39600,240,418,526,286,495,29.5,21.3,13.5,421,7,7.37,62.38,54.45,85.21,88,33.3,4719.9,5.37,0.44,1
6.8,21.67,32.72,51.16,0.26,0.83,1.25,1.96,93.75,1.45,4.41,3.17,2.48,2.49,2.47,53.69,4.49,48.58,3,1133,95.84,53.47,2.38,24.36,1974,3.06,0.45,74900,95300,124300,49400,304,373,465,161,439,29.3,21.9,11.3,302,282,3.83,59.04,34.92,68.14,88.76,53.1,1252.4,0.86,0,2
9.7,12.39,22.4,35.41,0.27,0.35,0.63,1,87.17,1.45,4.71,3.19,2.45,2.57,2.32,55.45,4.85,55.35,2,2565,87.62,52.91,1.6,32.9,1970,12.31,0.32,36500,55800,79100,42600,211,283,350,139,354,25.2,19.1,13.2,54,0,2.82,72.14,45.27,78.02,92.63,44.5,1035.9,0.09,0,2
10.25,18.96,32.02,41.01,0.6,1.11,1.87,2.39,92.1,1.58,4.91,3.98,2.89,3.08,2.1,85.52,0.8,24.55,3,215,95.07,80.11,0,38.6,1974,0.72,0.53,139100,179900,235000,95900,538,653,808,270,769,24.4,22.1,13.1,0,0,5.84,72.36,56.05,79.38,88.3,8.4,1445.4,3.35,0,1
16.26,22.66,27.59,30.54,0.21,0.3,0.36,0.4,92.99,0.25,3.07,1.97,2.33,2.64,1.88,66.79,1.31,51.31,2,537,92.03,58.79,2.79,55.68,1962,3.05,0.52,35000,47100,60200,25200,183,252,316,133,287,24.8,19.9,12.6,2,1,1.3,73.27,52.92,79.68,90.77,11.5,1351.2,0.72,0,1
3.18,6.87,12.9,28.98,0.13,0.28,0.53,1.19,94.23,0.59,4.73,3.6,2.7,2.9,1.83,87.81,0.4,24.38,3,307,93.68,81.98,0.33,30.94,1974,0.33,0.47,160200,217500,272700,112500,356,652,1001,645,763,28.9,22.8,12.7,18,0,4.11,62.99,53.2,74.64,85.89,16.1,901.4,1.99,0,1
9.69,16.29,20.62,24.12,0.32,0.54,0.68,0.8,96.55,0.44,5.3,3.99,2.74,3.1,2.04,74.69,0.86,42.78,3,215,96.07,65.96,1.4,35.35,1963,0.48,0.15,146500,170700,209100,62600,481,601,700,219,665,24,20.5,13.1,0,0,3.31,79.37,67.13,82.8,92.43,20.8,703.5,4.71,0,1
9.56,11.03,21.69,27.94,0.13,0.15,0.29,0.38,95.25,0.64,12.03,6.71,2.44,3.03,2.15,41.6,4.77,53.65,2,1129,87.68,33.59,38.71,61.12,1939,11.56,0.56,14999,19500,28600,13601,184,235,280,96,285,35.1,19.1,15.2,15,0,1.35,62.96,55.38,94.26,95.88,3.1,6524.3,20.94,4.95,1
9.86,15.29,21.68,29.73,1.34,2.07,2.94,4.03,79.46,2.75,4.89,3.56,2.61,2.73,2.12,83.53,2.51,38.89,3,519,97.47,79.79,1.54,23.89,1961,0.8,0.04,104700,130000,155700,51000,454,529,609,155,577,25,20.1,11.8,0,0,13.54,71.4,63.68,92.32,94.71,14.7,3618.6,7.06,0,1
0,0,19.4,32.84,0,0,0.1,0.16,98.52,0.37,3.16,2.47,2.71,2.78,2.59,65.06,2.67,39.52,3,273,94.77,63.45,0.37,45.42,1976,9.12,0.4,44100,54500,72200,28100,223,290,352,129,374,25.6,21.7,12.6,0,0,0.49,81.91,46.44,72.92,91.79,6.4,2128.1,0,0,1
14.11,26.54,36.76,52.73,2.45,4.61,6.39,9.16,80.73,3.85,6.13,3.22,2.17,2.22,2.12,55.54,8.23,74.76,2,14828,81.75,54.4,3.45,35.8,1964,7.18,0.58,65800,99200,188200,122400,346,420,526,180,486,29.3,24.1,13.7,231,436,17.38,26.09,47.93,78.42,83.17,32.5,4597.3,4.7,10.55,2
17.12,58.11,66.67,66.67,0.37,1.25,1.44,1.44,94.37,0.6,3.72,2.07,2.3,2.54,2.06,54.96,1.96,52.68,2,302,92.3,49.7,0.66,29.47,1971,5.06,0.2,43700,61000,81400,37700,164,224,293,129,299,29,17.9,12,0,0,2.16,59.8,35.05,57.62,77.56,7,1475.7,0.26,0,1
5.4,5.4,5.4,7.08,0.27,0.27,0.27,0.36,89.93,0.69,3.34,2.6,2.65,2.77,1.89,90.76,0.19,20.72,3,142,96.78,87.01,0,19.72,1969,0.14,0.16,111900,144400,190800,78900,488,612,870,382,708,27.1,20.7,12.1,0,0,5.02,73.9,59.99,83.95,92.78,20.3,581.7,3.52,0,1
23.39,31.44,36.39,45.57,2.66,3.58,4.14,5.19,83.27,3.27,6.65,4.48,2.51,2.62,2.4,51.32,4.35,64.44,2,723,91.39,49.17,1.52,46.2,1956,3.39,0.3,138500,164400,190900,52400,452,590,710,258,662,29.6,24.6,13.4,52,0,11.38,71.27,52.14,81.67,91.09,4.5,4359.5,11.22,0,2
14.11,18.51,26.52,30,1.01,1.32,1.89,2.14,88.48,0.94,4.23,3.31,2.74,2.91,2.56,56.35,4.08,47.67,3,1090,86.79,53.16,0.46,31.1,1979,8.38,0.25,53500,65000,75000,21500,238,288,360,122,372,24.4,22.2,10.8,0,0,7.13,29.52,34.24,55.57,60.24,10.7,1847.9,0.17,0,1
3.44,3.44,11.88,14.84,0.17,0.17,0.6,0.75,91.13,0.91,3.5,2.86,2.8,2.89,2.08,91.45,0.45,20.34,3,157,96.61,88.49,0.64,35.03,1962,0.36,0,141200,177700,225500,84300,181,364,535,354,463,24.1,20,12.3,0,0,5.07,66.02,69.9,88.58,91.39,23,548.8,1.33,0,1
4.82,6.14,9.87,29.17,0.21,0.27,0.43,1.26,84.66,1.3,3.73,2.96,2.73,2.8,2.59,69.28,4.68,32.46,3,281,93.15,67.55,0,44.13,1976,5.76,0.81,46800,64900,88200,41400,253,324,385,132,397,27.7,20.1,12.5,5,0,4.31,49.87,46.49,58.69,86.7,23.2,454.6,0.09,0,1
3.93,9.97,16.01,24.67,0.14,0.36,0.58,0.9,91.03,0.9,5.99,4.49,2.75,2.95,2.4,68.14,2.53,31.66,3,613,94.13,63.51,0.33,40.13,1967,2.98,0.14,62900,71500,85800,22900,304,379,517,213,431,25.2,21.9,12.4,0,0,3.65,50.02,54.2,76.32,91.17,7.2,3762.5,2.47,0,1
23.39,33.07,41.34,55.51,2.48,3.51,4.39,5.9,88.56,2.81,4.73,3.06,2.5,2.7,2.3,53.49,4.88,56.17,2,540,95.45,49.48,1.11,8.52,1970,2.69,0.05,97600,122400,149600,52000,402,468,548,146,529,28.3,20.6,11.5,5,0,10.62,49.32,36.51,61.35,82.99,7.2,3976.6,6.41,0,1
0.73,4.01,5.29,5.84,0.02,0.1,0.13,0.15,95.85,0.3,5.71,4.75,2.98,3.06,2.54,87.71,1.29,20.11,3,153,97.91,85.6,1.96,28.1,1972,1.41,0.3,63600,78400,97100,33500,279,331,434,155,403,23.3,20.1,12.4,0,0,2.54,72.07,60.81,75.48,93.2,24.2,889.4,1.06,0,1
17.21,29.03,43.81,55.64,1.29,2.18,3.28,4.17,88.93,2.15,3.96,3.22,2.89,3.08,2.45,74.62,2.72,24.08,3,3018,93.63,70.1,0.8,37.08,1981,1.92,0.14,86900,114100,150900,64000,416,503,634,218,586,23.3,22.6,12,6,0,7.5,39.18,40.12,56.28,77.36,68.6,1875.4,1.22,2.35,1
11.42,21.68,34.54,43.99,0.81,1.54,2.45,3.12,92.43,0.77,2.84,1.67,2.28,2.47,2.04,59.88,2.13,54.5,2,850,95.29,55.24,1.41,8.94,1975,0.51,0,123100,160200,210900,87800,465,559,673,208,630,24.6,20.9,11.7,0,0,7.08,44.67,41.06,73.18,81.08,11.1,3612.2,6.17,0,1
7.12,10.96,16.4,19.96,0.27,0.42,0.62,0.76,93.5,0.72,2.88,1.98,2.43,2.78,1.78,74.21,0.85,41.42,3,516,96.74,64.8,0.58,18.22,1970,0.78,0.18,58700,73500,96400,37700,351,402,454,103,445,23.2,16.3,12.5,7,0,3.8,79.72,56.83,85.01,93.17,25.5,1475.7,0.08,0,1
10,13.15,25.13,33.66,2.29,3.01,5.75,7.7,70.11,4.94,9.53,5.76,2.52,2.73,2.19,65.94,8.67,53.15,2,217,95.01,60.86,11.98,30.41,1958,2.76,0.25,77600,106700,146500,68900,338,421,506,168,485,29.4,22.9,14.5,0,0,22.88,36.65,57.52,84.66,86.69,2.4,4371.4,7.6,0,2
18.54,32.23,41.56,52.24,1.19,2.06,2.66,3.34,88.6,3.08,5.49,3.47,2.38,2.47,2.26,58.7,4.27,54.81,2,737,93.08,56.59,3.93,45.18,1951,6.03,0.46,38300,50800,69000,30700,189,259,335,146,315,25.6,17.5,11.7,75,11,6.42,50.22,43.15,70.2,82.63,10.7,2482,1.34,0,2
17.45,27.83,33.44,41.53,2.83,4.52,5.43,6.74,77.67,4.6,4.84,3.54,2.62,2.82,2.18,74.26,3.08,40.67,3,668,96.81,69.07,0.45,11.98,1966,0.99,0.25,128700,155100,185800,57100,509,564,633,124,615,24.3,19.3,11.5,13,0,16.23,66.03,57.08,85.49,89.16,10.7,4985.9,6.7,0,1
15.64,25.34,42.58,67.81,0.79,1.28,2.14,3.41,88.15,2.75,8.8,7.21,3.13,3.16,3.1,59.2,9.98,42.73,3,724,88.4,58.71,6.08,33.7,1971,9.86,1.25,40400,48800,60500,20100,309,383,446,137,474,26.7,19.8,13.9,0,0,5.03,70.86,45.81,86.59,93.31,8.3,2086,1.05,0,2
6.16,17.1,24.65,28.63,0.09,0.24,0.34,0.4,97.44,0.23,2.5,1.7,2.28,2.38,2.11,65.64,1.23,45.94,3,1113,93.35,62.91,1.89,44.38,1959,7.72,0.21,37500,55400,88000,50500,151,231,312,161,297,23.6,17,12.4,37,2,1.38,59.04,55.89,81.06,88.68,33.5,1084.5,0.05,0,1
6.24,10.76,20.17,32.57,0.6,1.04,1.94,3.13,88.21,1.12,4.38,3.39,2.75,2.87,2.26,83.32,0.99,30.62,3,395,96.14,79.72,0,33.42,1963,0.33,0,140100,168600,202900,62800,492,656,734,242,719,24.8,23.4,12.8,218,0,9.62,54.97,56.18,86.81,89.47,30.7,906.1,2.96,0,1
8.05,8.05,15.9,16.48,0.2,0.2,0.39,0.4,95.59,0.38,5.38,4.04,2.84,3.02,2.23,82.26,0.94,34.95,3,1320,85.13,77.39,5.68,70.83,1963,0.21,0.23,144500,177000,225900,81400,501,634,746,245,710,29,22.7,14.8,37,1,2.41,77.22,62.02,82.59,93.18,29.5,730.2,2.37,0,1
12.94,18.2,27.71,37.56,0.48,0.67,1.03,1.39,92.49,1.43,6.61,4.41,2.58,2.62,2.52,57.29,5.97,54.14,2,1715,87.6,56.31,3.21,29.04,1974,8.16,0.3,46400,59300,74100,27700,275,381,455,180,458,27.1,22,13.2,53,16,3.7,43.39,46.34,71.64,83.46,17.9,1806.1,0.75,10.7,2
12.61,20.38,29.85,47.71,1.21,1.96,2.87,4.59,60.98,7.72,9.8,7.52,2.94,2.92,2.97,54.83,13.65,53.37,2,616,91.7,55.23,5.19,61.2,1972,12.95,0.66,38400,53100,68600,30200,222,286,354,132,375,24.8,18.6,13.9,3,0,9.63,76.54,51,84.36,94.63,11.7,1725.6,0.08,0,2
15.31,20.07,26.57,37.05,1.77,2.32,3.08,4.29,84.66,2.98,8.63,6.62,2.84,2.85,2.82,72.34,5.07,41.38,3,622,96.68,72.17,0,19.13,1975,0.52,0.03,210800,249500,298300,87500,655,765,952,297,845,29.4,25.5,12,0,1,11.59,43.88,47.18,74.95,89.59,19.1,2737.8,0.22,0,1
24.76,35.39,44.91,56.13,1.67,2.39,3.04,3.8,89.3,1.93,4.84,2.45,2.38,2.49,2.33,34.31,4.73,58.4,2,787,95.17,32.86,1.14,23.38,1971,3.26,0.23,82400,106100,132500,50100,296,402,512,216,456,35.1,23.5,11.7,72,55,6.76,64.52,23.36,51.71,91.12,23.3,1723.7,1.34,0,1
2.77,4,4.55,7.44,0.12,0.17,0.19,0.32,93.76,0.16,5.45,4.64,3.15,3.2,2.67,91.4,1.28,31.2,3,1840,78.53,89.85,0.71,78.59,1973,0.16,0.36,129600,153200,185200,55600,544,675,826,282,812,24.1,25.6,14.3,1,0,4.25,66.1,60.41,73.07,94.68,70.8,299.6,1.32,0,1
13.46,24.01,37.73,37.73,0.1,0.19,0.29,0.29,96.51,0.58,5.35,3.79,2.58,2.63,2.52,53.63,4.22,48.63,3,1302,93.55,52.64,1.84,27.65,1967,8.66,0.65,42000,60300,86600,44600,153,234,326,173,364,25.4,19.2,14.7,16,0,0.77,81.38,52.11,76.76,90.57,25.9,1893.2,0.56,3.54,2
0,0,10.61,10.61,0,0,0.06,0.06,79.97,1.12,7.76,5.78,2.74,2.69,2.86,66.24,5.05,40.92,3,476,89.36,67.57,6.51,57.77,1961,11.45,0.13,27900,42300,59900,32000,105,165,244,139,260,28,20.4,15.7,0,0,0.58,88.74,60.5,87.17,96.91,10.6,1070.5,0.36,0,2
11.02,14.96,19.16,19.16,0.14,0.19,0.25,0.25,96.31,0.24,5.55,3.58,2.44,2.58,2.25,60.72,2.11,50.29,2,1357,89.89,57.48,0.81,46.06,1944,7.5,0.25,38200,48800,65300,27100,206,273,337,131,340,24.4,16.8,12.9,36,0,1.28,78.92,55.09,87.56,94.12,10.4,2862.4,0.29,0,1
23.9,30.75,37.04,41.29,1.42,1.83,2.2,2.45,90.32,1.21,4.07,2.42,2.25,2.49,2.07,48.99,1.37,53.42,2,2009,91.84,44.42,4.03,43.4,1939,7.18,0.83,57200,71500,93700,36500,246,316,381,135,361,29.3,19.7,13.3,80,4,5.94,74.57,51.42,82.92,92.67,10.8,4928.8,6.28,4.41,1
17.81,32.88,42.47,46.58,0.11,0.2,0.26,0.29,97.71,0.35,2.13,1.44,2.3,2.37,2.17,67.34,1.05,48.53,3,893,91.9,65.33,3.25,47.82,1953,7.89,0.45,30900,43800,63100,32200,129,218,282,153,288,24.3,15.2,11.9,18,0,0.62,72.14,60.11,85.13,90.78,11.1,2121.2,0.37,0,1
3.03,7.01,13.96,19.08,0.22,0.51,1.01,1.37,89.83,0.76,6.38,5.29,3.05,3.17,2.09,92.65,1.11,26.43,3,150,97.94,89.24,2.67,38,1963,0.63,0.08,140500,164600,187500,47000,237,328,740,503,412,32.2,22.6,13.3,33,0,7.2,54.84,72.3,84.68,91.05,5.8,3769.2,12.04,0,1
16.19,19.95,23.32,32.05,0.39,0.48,0.56,0.77,95.17,0.57,4.14,2.94,2.54,2.59,2.46,64.16,3.69,42.62,3,2456,89.25,62.98,1.59,43.65,1966,5.52,0.38,35700,48300,68200,32500,247,300,366,119,388,24.5,19.3,11.4,27,0,2.39,59.37,51.19,82.27,87.63,25.4,2058.1,0.02,8.79,1
6.17,6.17,9.88,47.74,0.06,0.06,0.09,0.46,96.65,0.55,5.45,3.86,2.55,2.62,2.48,56.47,4.73,50.57,2,1068,90.12,55.09,2.34,33.15,1964,8.87,0.49,31900,46900,66400,34500,99,196,296,197,290,26.5,17.9,12.7,0,0,0.96,53.48,57.5,83.27,87.97,21.1,1197.4,0.82,0,2
4.26,4.26,7.75,7.75,0.05,0.05,0.08,0.08,93.57,0.4,2.09,1.55,2.45,2.52,2.14,83.28,0.79,41.79,3,310,96.88,80.87,2.26,45.48,1954,1.07,0.27,39200,49100,61400,22200,112,198,332,220,276,25.8,19.1,13.6,0,0,1.09,92.8,78.56,96.59,97.85,14.7,1611.7,7.98,0,1
1.28,3.85,9.49,9.49,0.02,0.05,0.13,0.13,93.4,0.56,3.94,2.38,2.22,2.37,2.07,51.16,1.2,52.11,2,2131,85.47,47.73,0.89,53.59,1939,8.99,1.09,17700,26600,36700,19000,117,169,224,107,239,26.3,17.2,13.6,59,0,1.39,91.03,66.38,92.71,96.74,6.1,4642.6,4.6,0,2
16.22,22.24,31.61,57.36,0.68,0.93,1.33,2.41,91.42,2.08,4.34,2.98,2.44,2.39,2.52,61.46,3.81,53.23,2,725,88.71,62.73,5.38,53.66,1960,12.39,0.73,27300,41200,60300,33000,141,235,303,162,317,26.4,21.1,13.9,4,0,4.19,72.67,52.18,80.72,92.62,14,1021.8,0.2,0,1
8.79,18.27,19.09,20.74,0.36,0.75,0.78,0.85,96.06,0.42,3.69,2.38,2.34,2.43,2.21,62.4,2.32,47.98,3,473,93.96,60.14,2.33,22.62,1957,3.93,0.57,53600,69600,92500,38900,224,308,381,157,372,27,18.4,12.1,35,1,4.11,52.98,47.83,75.64,84.42,10.1,1748.6,2.51,0,1
13.18,26.13,40.07,53.38,1.68,3.32,5.1,6.79,78.75,5.4,7.88,5.73,2.79,2.81,2.76,58.9,8.57,44.52,3,2920,95.2,58.46,1.2,14.76,1974,2.34,0.49,101600,130700,164500,62900,362,448,550,188,517,29.1,23.5,11.6,210,38,12.72,58.07,38.24,69.84,90.43,31.3,5268.3,0.9,7.37,2
0,14.17,14.17,14.17,0,0.11,0.11,0.11,97.65,0.24,2.54,1.76,2.31,2.42,2.05,73.03,1.51,44.16,3,251,96.34,69.67,1.99,31.47,1959,3.42,0.52,40600,48300,57200,16600,224,269,309,85,324,25.8,15.1,11.4,0,0,0.77,85.48,64.51,93.76,95.23,4.8,3217.7,3.07,0,2
11.49,11.49,17.57,17.57,0.15,0.15,0.24,0.24,91.75,0.52,3.19,2.29,2.49,2.61,2.13,78.87,0.72,34.51,3,238,94.56,75.3,5.88,67.65,1939,1.38,0.39,40400,57000,84200,43800,174,238,322,148,318,25.7,18.5,13.6,0,0,1.35,91.43,73.23,93.79,96.62,13.5,814.9,2.17,0,1
12.56,18.62,27.18,42.46,0.97,1.44,2.1,3.27,80.17,3.13,5.77,3.49,2.37,2.47,2.29,43.84,6.1,69.03,2,6741,78.18,41.96,7.57,44.43,1959,10.76,0.78,39900,57200,83900,44000,211,309,399,188,381,27.1,20.7,14.6,106,37,7.71,67.04,48.74,80.57,91.87,47.8,1235.1,3.27,4.29,2
3.62,8.64,11.79,12.66,0.16,0.38,0.52,0.55,93.45,0.63,3.19,2.18,2.43,2.64,1.98,74.03,1.72,47.07,3,702,95.19,68.12,6.27,31.48,1967,2.7,0.31,41500,58300,74200,32700,306,374,438,132,432,24,15.4,12,0,0,4.38,74.06,59.37,90.92,95.85,24.6,1387.2,0.29,0,1
12.59,18.36,24.34,30.19,2.01,2.93,3.88,4.82,81.1,1.93,3.32,2.77,2.76,2.81,2.28,91.24,1.45,13.56,4,265,97.43,89.43,1.13,40.38,1964,0.09,0.07,471200,500001,500001,28801,544,994,1001,457,1001,25.4,23.5,10.6,0,0,15.96,42.16,61.74,86.66,92.11,12.4,2262.3,0.85,0,1
1.93,6.38,11.31,13,0.09,0.31,0.55,0.64,95.16,0.58,4.39,3.06,2.56,2.65,2.05,88.12,1.3,31.45,3,118,98.25,85.18,0,32.2,1947,0.23,0,54700,65100,74200,19500,351,435,550,199,490,24.8,18.8,13.7,0,0,4.9,76.34,64.42,87.55,95.46,2.7,6235.3,0.86,0,1
4.64,12.1,14.25,19.23,0.37,0.97,1.14,1.54,85.96,0.75,3.57,2.28,2.3,2.42,2.12,63.37,2.11,43.32,3,2473,65.92,60.32,0.57,62.96,1952,1.28,0,106000,137700,187100,81100,452,580,680,228,652,28.9,22.8,16.3,0,0,8.03,45.5,61.34,85.42,90.1,2.2,4955.4,12.79,0,1
11.85,19.78,28.43,35.15,0.92,1.54,2.22,2.74,86.8,2.75,5.45,4.21,2.82,2.88,2.73,65.71,4.87,35.67,3,1033,95.63,64.48,0.48,26.82,1977,1.85,0.2,122800,147900,180700,57900,456,561,686,230,629,27.3,25.6,12.5,0,0,7.8,51.78,35.46,60.8,85.94,23.5,3047.4,1.2,0,1
54.92,69.81,79.3,82.35,5.11,6.5,7.38,7.66,89.61,1.44,2.53,1.58,2.36,2.6,2.17,48.57,3.17,57.19,2,445,97.23,44.1,2.92,26.74,1965,1.47,0.32,59000,72500,95800,36800,265,357,435,170,404,30,18,11.5,22,0,9.31,58.79,27.29,44.45,77.8,20.4,2318.1,8.04,0,1
8.9,23.86,39.31,46.35,0.71,1.91,3.14,3.7,85.95,2.21,5.88,3.28,2.26,2.34,2.21,40.33,6.11,72.63,2,563,88.7,38.91,3.02,27.71,1961,7.08,0.22,40100,48000,58900,18800,219,264,317,98,326,24.1,21.5,12.1,0,14,7.99,63.04,40.26,81.56,86.82,4.6,2184.9,5.08,0,2
17.86,18.69,23.81,25.36,0.76,0.79,1.01,1.07,94.85,0.39,3.45,2.66,2.73,2.85,2.11,87.86,0.6,29.07,3,584,92.48,84.29,1.2,73.29,1970,0.32,0,181200,228200,293700,112500,502,640,825,323,752,26.4,22.4,13.3,0,0,4.23,62.82,63.12,86.89,90.68,48.9,406.2,1.09,0,1
2.22,4.35,8.62,11.33,0.11,0.21,0.41,0.54,92.61,0.77,5.06,3.83,2.73,2.93,2.05,83.29,0.88,38.95,3,242,97.46,77.75,0.83,39.26,1955,0.37,0.25,143500,166700,196500,53000,258,524,668,410,598,25.2,20.6,14,3,0,4.77,87.51,74.48,86.7,97.59,11.4,2244.1,6.27,0,1
27.26,41.56,55.32,66.07,4.41,6.73,8.96,10.69,81.13,4.98,4.71,2.22,2.04,2.09,2.01,41.45,5,71.17,2,4972,91.46,40.48,0.58,10.12,1963,2.21,0.34,161400,228600,327700,166300,570,667,825,255,701,25.4,22.2,12,381,2,16.19,22.05,36.8,54.42,66.59,15.8,7028,18.15,10.12,2
18.37,23.13,26.53,56.46,0.24,0.3,0.35,0.74,96.24,0.5,3.46,2.46,2.49,2.51,2.45,67.99,2.68,41.18,3,286,93.94,67.44,2.45,33.22,1963,5.75,0.13,45800,56900,72400,26600,236,322,391,155,430,24.1,18.6,13.4,0,0,1.32,74.05,55.75,78.94,91.55,9.2,1217.1,1.42,0,2
21.96,31.78,38.08,50.12,1.16,1.68,2.01,2.65,92.89,1.71,3.67,2.51,2.5,2.61,2.37,57.57,1.51,43.91,3,652,90.68,55.12,0.31,31.44,1981,2.63,0.13,129200,161100,202500,73300,511,622,695,184,696,26.5,26.9,14.4,6,0,5.28,45.28,30.42,58.8,73.12,12,1355.1,0.68,5.03,1
9.25,21.18,32.17,43.97,0.3,0.68,1.03,1.41,92.88,1.07,4.15,3.64,3.08,3.07,3.13,87.75,2.67,10.84,3,592,92.74,87.95,2.03,53.21,1984,0.98,0.11,75900,88700,105200,29300,384,531,654,270,682,23.6,24.2,12.1,0,0,3.2,61.81,36.41,73.04,89.38,19.4,1200.5,1.23,0,1
15.27,20.44,27.11,34.97,1.61,2.15,2.85,3.68,84.75,2.36,4.41,3.12,2.55,2.85,1.94,75.24,1.37,47.35,3,407,96.3,67.33,1.23,42.51,1946,0.54,0.05,160200,186600,222600,62400,469,583,692,223,650,24.2,23.2,16.6,0,0,10.51,71.03,69.35,85.84,93.72,3.5,7771.9,8.7,0,1
13.26,32.6,34.25,41.71,0.41,1,1.05,1.28,94.32,1.25,4.48,3.08,2.49,2.53,2.44,54.03,5.2,55.85,2,235,95.18,53.12,6.38,42.55,1953,8.48,1.44,36200,48400,67100,30900,202,266,327,125,317,25,15.9,12,3,0,3.06,52.72,46.15,78.41,86.6,8,1477.5,0.34,0,2
6.83,14.74,26.98,35.84,1.25,2.7,4.93,6.55,18.22,20.26,24.21,21.16,3.83,3.75,4.04,70.41,29.78,59.3,2,951,77.62,71.95,6.62,20.61,1973,17.51,2.07,18800,29700,43700,24900,99,151,228,129,207,30,21.9,12.2,0,0,18.14,66.81,66.12,85.46,92.69,4.6,2764.9,0.57,0,1
13.61,19.12,27.78,37.18,2.42,3.4,4.94,6.62,78.06,3.32,4.61,2.82,2.28,2.39,2.07,67.94,5.94,69,2,10399,83.57,64.68,1.7,31.78,1966,4.01,0.32,64600,82100,114900,50300,361,446,584,223,523,30.7,23,13.5,90,98,17.8,22.95,49.56,75.31,83.24,28.2,4308.2,2,14.39,2
21.56,28.9,34.34,37.55,0.99,1.32,1.57,1.72,91.54,0.95,4.68,2.74,2.27,2.52,2.01,57.85,1.95,54.95,2,16676,90.2,52.25,13.33,51.04,1939,2.92,0.58,28400,41200,58500,30100,195,298,395,200,368,28.7,19.2,14.3,693,67,4.58,80.11,60.22,87.29,92.38,57.6,6417.5,22.57,8.62,2
1.64,2.4,5.43,9.41,0.2,0.3,0.67,1.16,81.39,2.31,2.53,1.81,2.42,2.56,1.88,84.09,0.47,37.93,3,320,97.03,79.48,0.31,26.56,1958,0.52,0.06,154500,185400,240200,85700,285,558,655,370,606,27.3,21.7,13,23,0,12.34,67.3,71.43,93.86,95.63,12.8,1997.9,3.82,0,1
21.89,50.59,54.14,55.62,0.4,0.92,0.98,1.01,96.48,0.55,4.42,3.17,2.62,2.96,2.19,63.38,1.59,46.91,3,343,95.32,56.21,0,9.91,1972,1.54,0.11,57100,69700,88500,31400,290,356,400,110,411,24.5,16.2,11.6,0,2,1.81,67.38,46.8,66.38,85.88,8.6,2168.6,2.13,0,1
5.99,11.61,15.36,15.36,0.11,0.21,0.28,0.28,95.83,0.21,2.38,1.61,2.3,2.54,1.7,78.91,0.36,39.38,3,188,97.04,71.5,1.6,19.68,1954,1.12,0,60700,72800,93100,32400,278,348,552,274,373,26.3,19.4,13.3,0,0,1.85,85.23,69.47,93.17,95.42,3.4,4243.8,13.53,0,1
10.68,16.65,25.51,32.02,2.03,3.17,4.86,6.1,71.84,3.97,3.93,2.71,2.44,2.65,2.11,66.1,2.13,51.65,2,958,96.81,60.81,0.42,41.54,1947,1.54,0.19,159600,185000,223700,64100,387,537,674,287,613,24,23.4,14.3,2,0,19.04,63.44,67.63,84.15,93.35,11.7,6124.7,5.66,9.86,1
4.54,9.52,13.68,19.48,0.13,0.28,0.4,0.57,94.16,0.61,4.98,3.77,2.78,2.92,2.39,77.2,1.44,41.15,3,3783,80.76,73.49,4.86,66.22,1971,1.1,0.2,124400,146500,178900,54500,410,584,722,312,677,29.1,24.6,15.5,3,3,2.95,80.25,58.1,82.9,93.73,100,456.3,2.33,0,2
39.32,49.02,55.36,63.53,1.75,2.18,2.46,2.82,91.23,0.93,3.36,2.07,2.44,2.69,2.16,58.03,2.02,48.09,3,1668,95.28,52.68,0.84,25.54,1974,2.39,0.31,68900,85000,104500,35600,309,376,459,150,422,30.8,21.7,13,32,10,4.44,36.08,32.29,58.56,75.49,42.7,2056.4,1.34,0,1
0,0.96,1.59,7.96,0,0.05,0.08,0.42,83.67,0.83,2.89,2.13,2.54,2.81,2.05,71.39,0.72,43.11,3,243,96.66,64.52,1.23,39.09,1957,0.92,0.08,120500,154000,198600,78100,268,406,525,257,472,25.8,21.1,12.3,0,0,5.22,77.69,65.26,92.14,94.33,18.9,955.7,1.15,0,1
18.06,27.35,38,56.9,8.74,13.24,18.39,27.53,27.96,24.51,23.14,19.12,3.72,3.47,3.96,46.02,35.92,69.7,2,433,96.94,49.32,2.77,32.56,1957,3.2,0.99,149800,193900,242800,93000,465,581,697,232,648,30.7,24.8,11.8,0,3,48.39,38.8,44.96,83.32,85.84,5.3,9728.3,5.62,0,2
39.31,42.52,48.57,51.9,2.04,2.21,2.52,2.69,94.78,0.5,2.42,1.43,2.22,2.45,1.98,56.82,1.88,56.37,2,351,95.13,51.58,0.28,21.08,1965,4.35,0.65,84200,111100,150100,65900,252,352,446,194,400,29.9,23.3,13.2,0,2,5.19,30.74,36.56,62.41,75.02,6.6,2464.2,1.12,0,1
11.92,20.12,31.37,44.62,2.86,4.82,7.52,10.69,71.14,4.07,7.22,5.1,2.61,2.64,2.39,87.49,6.35,44.16,3,251,93.59,86.36,0,36.65,1953,0.76,0.66,80900,104900,150800,69900,357,490,654,297,597,29.2,23.6,13.2,0,0,23.96,29.29,53.22,82.67,86.48,2.6,3896.4,2.87,0,2
20.29,34.58,45.17,55.63,3.37,5.74,7.5,9.24,79.46,4.61,3.61,1.88,2.14,2.16,2.13,49.64,6.27,78.2,2,1778,87.19,49.29,2.08,23.96,1971,5.69,0.32,71400,89200,113000,41600,410,471,546,136,541,27.7,22.8,13,0,0,16.61,22.18,37.35,71.74,77.38,6.6,3993.6,2.92,0,2
13.33,13.33,13.33,13.33,0.06,0.06,0.06,0.06,98.01,0.64,3.35,2.39,2.42,2.46,2.35,66.24,1.89,55.29,2,539,93.12,65.29,4.45,49.35,1950,11.41,0.46,18700,27400,40200,21500,153,202,256,103,279,25.8,16,13.7,8,0,0.42,72.03,59.11,89.57,95.15,5.9,2994.8,0.35,0,1
12.86,15.08,23.5,37.04,0.88,1.03,1.61,2.53,63.22,6.55,10.32,7.68,2.85,2.82,2.89,59.83,11.36,50.7,2,772,90.53,60.47,7.38,51.55,1962,14.49,0.49,27300,40900,63300,36000,188,255,326,138,326,25,19.4,12.8,0,0,6.89,76.31,50.27,77.25,92.09,13.5,1608.4,0,0,1
1.65,2.26,4.94,10.91,0.05,0.07,0.15,0.34,91.09,0.5,4.39,2.98,2.48,2.65,2.25,60.53,1.78,49.41,3,2025,75.31,56.57,0.35,45.93,1951,7.74,0.39,86600,108500,147100,60500,337,438,530,193,501,28,22.8,14.7,0,0,3.09,60.06,52.89,80.46,88.15,21,748.6,0.39,0,2
13.39,17.45,27.43,30.18,0.46,0.6,0.95,1.04,94.92,0.7,4.69,3.71,2.86,3.06,2.22,81.15,0.89,33.41,3,286,96.28,75.74,1.05,30.42,1966,0.2,0.21,144400,167900,198200,53800,352,501,663,311,562,24.7,23.8,14.1,0,0,3.45,72.12,54.47,73.19,87.63,27.7,797.5,5.15,0,1
21.18,22.59,22.59,27.29,0.43,0.46,0.46,0.55,95.38,0.7,4.14,2.22,2.12,2.44,1.88,48.54,1.23,62.26,2,1525,86.57,42.12,7.74,47.02,1941,2.1,0.98,30200,41400,59700,29500,259,324,396,137,392,27,20.5,13.5,0,0,2.02,81.27,54.98,89.72,93.7,2.4,8836.4,28.6,0,2
14.51,15.36,19.39,30.08,1.7,1.8,2.27,3.52,29.62,13,13.17,10.57,3.16,3.25,2.89,76.95,12.05,46.57,3,657,85.18,74.78,11.11,66.67,1959,12.08,0.52,16600,27400,42200,25600,129,202,285,156,271,27.4,17.7,14.1,6,0,11.71,79.55,64.4,87.32,95.73,7.5,1599.8,5.97,0,1
29.38,31.45,34.52,38.09,0.66,0.71,0.78,0.86,95,0.91,4.3,2.9,2.45,2.58,2.24,66.12,2.19,48.68,3,1795,92.28,62.89,14.82,48.52,1950,6.92,0.27,26100,39300,62600,36500,242,307,382,140,381,30.3,16.9,13.8,120,0,2.25,71.14,50.61,83.84,91.25,44.3,1207.3,1.4,12.73,1
25.26,33.06,41.27,57.07,1.13,1.48,1.85,2.56,88.97,1.49,12.54,10.15,3.22,3.35,3.07,56.93,6.47,39.93,3,348,94.66,54.82,1.44,28.74,1972,5.17,0.2,51000,59600,70700,19700,246,316,414,168,382,22.4,22.1,11.9,0,0,4.49,49.58,40.97,58.16,69.6,7.7,2775.1,0.68,0,1
12.32,24.26,35.26,52.09,1.75,3.44,5,7.39,83.56,4.1,6.25,3.63,2.17,2.14,2.23,62.26,7.58,75.84,2,10562,75.28,63.26,1.08,27.4,1972,6.32,0.28,67100,99300,168200,101100,374,470,595,221,542,29.3,23.5,12.9,11,64,14.18,26.12,49.14,79.45,84.32,21.1,3435.7,3.53,12.6,2
10,15.29,15.29,18.82,0.15,0.22,0.22,0.28,95.53,0.21,4.23,3.55,2.91,2.95,2.7,84.67,0.96,22.05,3,107,97.38,83.48,1.87,38.32,1974,0.91,0.61,84500,104700,132800,48300,305,391,484,179,492,21.6,20.5,11.3,0,0,1.46,82.73,57.74,84.51,93.04,20.8,559.7,0.33,0,1
11.66,14.91,21.22,23.9,0.37,0.48,0.68,0.76,94.93,0.64,4.91,4.18,3.07,3.14,2.62,89.53,0.6,18.41,3,214,96.13,87.7,2.34,55.61,1969,0.3,0.47,165000,211500,265700,100700,364,578,865,501,691,22.3,22,13.6,0,0,3.19,71.86,66.16,86.86,91.93,31.7,516.9,0.64,0,1
21.78,31.5,35.43,45.41,0.53,0.76,0.86,1.1,94.97,0.46,3.86,2.66,2.46,2.77,2.17,54.46,2.66,48.4,3,382,94.37,48.35,5.76,17.54,1961,1.61,0.22,50900,62300,72800,21900,355,405,460,105,452,23.2,23,13.5,0,1,2.42,65.79,60.87,94.76,97.23,4.1,3797.3,9.94,0,2
13.4,22.34,27.01,41.32,0.69,1.14,1.38,2.12,82.23,3.23,6.17,4.51,2.72,2.87,2.56,55.05,7.55,53.29,2,1028,87.14,52.25,1.36,57.59,1974,9.41,0.45,42200,54900,70000,27800,261,314,380,119,391,23.4,18.7,13.2,0,0,5.12,66.19,47.06,74.52,92.22,19,1013.5,0.31,0,1
9.91,18.57,31.92,42.24,0.63,1.18,2.03,2.69,91.77,1.66,4.28,2.67,2.38,2.5,2.28,47.76,4.72,61.72,2,2116,93.13,45.55,2.55,20.94,1964,4.57,0.35,76700,98000,134700,58000,327,418,503,176,484,25.7,21.4,13.2,215,10,6.37,53.59,39.72,73.66,84.32,31,2259.7,3.64,8.05,1
15.51,26.08,38.59,51.8,1.51,2.54,3.76,5.04,88.5,1.7,3.25,2.1,2.39,2.74,2.09,53.75,2.76,53.51,2,1983,91.77,46.98,0.35,4.99,1977,1.57,0.18,73500,89800,113500,40000,379,455,555,176,508,24.5,20.7,13.5,0,2,9.74,39.12,33.22,60.14,77.03,14.3,3722.8,5.08,0,1
15.49,25.35,30.99,40.14,0.2,0.32,0.39,0.51,97.24,0.19,2.57,1.69,2.38,2.59,2.12,59.78,1.26,50.16,2,205,95.58,54.83,1.46,36.59,1959,8.56,0.67,42700,55900,73200,30500,168,268,335,167,333,24.8,16.1,13,12,0,1.27,81.53,49.67,78.55,92.42,5.1,2176.8,0.56,0,1
21.34,25,32.32,35.98,0.24,0.28,0.36,0.4,97.29,0.16,3.78,3.21,2.94,2.99,2.69,84.15,2.19,23.99,3,223,95.66,82.71,0,21.97,1979,2.11,1.15,61400,76800,92300,30900,185,311,385,200,422,21.2,16.9,11.9,0,0,1.11,68.17,43.46,62.31,85,19.5,754.6,0.14,0,1
0,0,0,21.74,0,0,0,0.09,98.33,0.36,3.54,2.61,2.57,2.69,2.37,64.38,2.99,53.87,2,196,95.74,61.39,1.53,48.47,1960,9.01,0.98,37000,47600,63800,26800,209,285,340,131,366,23.4,15.6,11.9,9,0,0.39,85.06,52.69,86.15,94.65,4.2,2790.9,0.25,0,1
10.89,13.88,15.19,23.21,0.86,1.1,1.21,1.84,87.89,1.36,4.46,3.35,2.67,2.87,2.08,80.43,0.94,39.74,3,117,97.12,74.87,0.85,51.28,1957,0.23,0,156800,178600,201100,44300,549,701,834,285,779,29.2,24.7,14.8,0,0,7.93,69.92,65.34,85.94,95.46,3.1,3428,3.17,0,1
17.13,28.24,39.39,56.49,0.71,1.16,1.62,2.33,85.96,2.42,5.22,3.62,2.54,2.65,2.36,65.29,5.01,48.5,3,7455,89.13,62.6,3.51,43.45,1962,9.04,0.38,34000,50700,71800,37800,231,291,375,144,348,24.7,19.9,12.8,269,23,4.12,66.51,48.34,72.04,91.98,91.1,1730.1,0.85,16,2
4.59,9.55,17.9,23.94,0.2,0.42,0.78,1.05,89.68,0.84,3.13,2.05,2.29,2.55,1.82,71.09,0.9,43.66,3,286,96.53,63.68,1.4,25.87,1954,0.5,0.13,75800,92800,117300,41500,350,451,530,180,511,27.2,20.9,13.4,0,0,4.38,78.95,62.09,76.31,93.17,4.5,4154.3,1.67,0,1
19.53,31.58,42.45,54.2,3.3,5.34,7.18,9.17,63.69,7.75,11.45,8.23,2.96,3.16,2.74,55.57,15.68,62.4,2,1301,91.19,52,3.07,12.91,1978,6.25,0.53,76100,98500,125600,49500,387,484,556,169,534,29.4,25.2,12.1,100,9,16.91,57.47,37.98,64.85,88.29,14.6,2746,0.62,0,2
4.45,8.05,15.85,26.8,0.16,0.29,0.57,0.97,93.47,0.57,5.61,4.43,2.88,3.16,2.05,81.96,0.93,29.02,3,461,96.91,74.63,0.43,14.97,1965,0.31,0.17,112200,138800,177300,65100,477,581,685,208,656,25.2,23.3,12.8,9,0,3.6,68.58,59.6,83.38,89.88,20.1,2142.8,3.54,0,1
8.45,24.65,28.87,28.87,0.11,0.31,0.36,0.36,98.26,0.17,3.21,2.38,2.53,2.7,2.12,75.63,1.81,33.3,3,463,90.5,70.85,0.22,42.55,1980,2.81,0.49,61100,76300,99600,38500,300,364,455,155,436,20.5,19,11.8,0,0,1.26,59.63,47.23,65.69,83.94,11.4,987.9,0.09,0,1
3.64,5.58,8.13,9.1,0.12,0.18,0.26,0.29,94.55,0.55,4.42,3.48,2.9,3,2.58,78.65,2.3,38.65,3,678,92.93,76,1.18,34.07,1978,2,0.15,73900,90600,113700,39800,409,467,541,132,527,22.6,19.9,13.7,0,0,3.18,79.75,46.93,77.91,90.99,28.9,896.1,0.29,0,1
3.85,11.14,16.78,21.46,0.22,0.65,0.97,1.24,93.03,0.27,3.97,3.33,2.92,3.01,2.27,90.42,0.36,17.79,4,309,96.51,87.68,0.65,26.54,1974,0.23,0.09,173100,216800,274800,101700,691,740,897,206,874,22.8,23.1,13,0,0,5.79,36.91,57.42,71.56,77.12,18.6,1349.9,7.7,0,1
22.85,35.18,50.05,65.42,6.97,10.72,15.26,19.94,60.56,13.28,13.64,10.69,3.17,3.02,3.38,56.84,18.4,46.76,3,1446,96.86,59.6,1.31,12.93,1963,2.19,0.49,169900,199700,236600,66700,582,694,852,270,745,32.2,24.1,10.9,47,15,30.48,40.42,45.29,76.93,85.64,18.6,7697.5,2.96,3.57,2
8.33,17.71,24.59,27.4,0.87,1.85,2.56,2.85,86.63,1.8,4.16,3.4,2.84,2.9,2.45,87.5,1.19,22.27,3,465,96.04,85.53,0.65,51.4,1966,0.45,0.2,170400,226600,289400,119000,617,757,948,331,912,24.3,21.8,12.4,35,0,10.42,56.51,60.73,74.76,89.1,33.6,967.1,2.18,0,1
19.65,30.19,39.5,49.06,8.72,13.4,17.53,21.78,25.13,29.07,27.91,22.97,3.96,3.76,4.21,51.74,38.97,68.83,2,161,97.22,54.61,1.86,19.88,1955,5.63,1.29,127700,157000,186100,58400,409,519,658,249,576,28.1,27.6,11.8,0,1,44.39,44.34,52.02,87.33,89.02,2.5,9119.5,5.34,0,2
11.17,16.99,23.32,29.52,0.83,1.26,1.73,2.19,90.5,0.56,4.07,2.67,2.44,2.82,1.78,73.06,0.62,38.8,3,749,92.92,63.1,0.13,37.92,1958,0.43,0.27,167500,266700,389800,222300,581,670,802,221,735,29,19.9,13.8,0,0,7.43,53.53,49.29,61.61,77.89,14.3,2013.5,13.16,0,1
5.08,5.08,5.08,11.02,0.02,0.02,0.02,0.05,98.37,0.22,2.89,2.01,2.41,2.53,2.23,61.31,2.19,57.53,2,807,92.89,58.26,0.62,39.16,1963,9.59,0.38,34300,50200,70800,36500,189,257,313,124,315,24.4,16.1,12.7,14,0,0.45,75.04,47.98,85.87,91.25,13.5,1922.4,0.69,0,2
13.4,19.85,21.13,35.82,0.22,0.33,0.35,0.6,95.63,0.5,4.28,3,2.45,2.52,2.35,60.95,1.3,45.98,3,669,93.01,59.26,7.17,51.72,1947,7.78,0.38,27300,40100,57300,30000,164,223,293,129,315,27.5,18.3,13.5,26,0,1.66,78.66,55.85,85.04,94.15,8.5,2733.9,0.15,0,2
12.71,16.59,22.02,30.55,0.9,1.17,1.56,2.16,90.5,1.08,4.3,3.34,2.8,3.07,1.98,82,0.58,28.03,3,477,95.62,74.58,0.84,24.32,1961,0.43,0.31,201400,254800,332600,131200,357,594,794,437,659,26.4,22,13.9,0,0,7.07,64.87,68.34,80.57,90.94,32.1,907.4,2.64,0,1
13.65,27.23,42.14,59.27,3.09,6.16,9.53,13.41,63.46,11.42,14.25,10.19,3,2.87,3.12,46.39,16.76,57.29,2,3731,94.86,48.48,4.77,19.46,1970,4.84,0.68,77600,107200,145000,67400,319,404,495,176,476,29.5,22.2,11.8,514,60,22.62,53.77,43.67,78.27,89.39,54.5,3873.4,2,7.85,2
6.92,12.46,28.37,28.37,0.15,0.28,0.63,0.63,95.34,0,3.44,2.65,2.73,2.85,2.28,82,1.15,44.68,3,679,86.94,78.48,2.5,77.03,1971,1.31,2.64,87900,111900,144000,56100,371,483,571,200,570,22.9,22,11.8,0,1,2.22,75.79,59.4,87.63,92.3,48.4,269.2,0.21,0,1
9.63,16.1,23.16,27.05,0.64,1.07,1.54,1.8,91.62,1.16,5.41,3.5,2.54,2.65,2.3,71.03,2.69,47.87,3,349,96.58,68.07,1.72,35.82,1944,3.51,0.21,32000,38400,47200,15200,340,407,466,126,467,25,17.4,14.4,0,0,6.66,76.06,55.42,80.86,93.83,4,6246,1.64,0,1
9.82,13.45,16,27.64,0.22,0.3,0.36,0.63,94.93,0.84,2.64,1.84,2.47,2.65,2.2,63.67,1.35,40.78,3,153,96.97,59.24,0.65,24.18,1954,1.92,0.38,63200,79200,97800,34600,281,352,414,133,430,23.3,22.2,12.6,0,0,2.27,83.66,51.82,86.79,94.22,3.7,3253.5,0.09,0,1
13.02,13.02,13.02,13.02,0.28,0.28,0.28,0.28,93.12,0.79,4.75,3.3,2.5,2.58,2.39,59.58,3.06,41.68,3,257,92.97,57.75,9.73,45.91,1946,11.94,0.38,22500,31700,43700,21200,154,235,296,142,290,28.9,14.5,13.7,0,0,2.14,67.22,51.67,74.01,91.41,4.4,2310.8,0.27,0,1
10.99,15.6,31.91,38.3,0.17,0.25,0.51,0.61,95.46,0.79,3.55,2.59,2.54,2.68,2.16,76.54,1.07,36.36,3,330,95.37,72.46,0.61,20,1966,0.52,0.1,75200,89600,109900,34700,371,421,475,104,499,19.5,15.9,11.3,0,0,1.59,73.51,57.56,82.5,92.44,15,1181.8,0.56,0,2
9.08,11.55,13.9,14.24,0.31,0.39,0.47,0.48,92.87,0.43,3.1,1.95,2.2,2.25,2.12,65.93,2.56,59.55,2,1914,85.71,64.6,0.89,26.49,1974,7.46,0.47,71500,94600,133400,61900,281,356,458,177,423,30.7,23,12.2,14,0,3.38,25.02,38.2,61.48,74.12,33.5,788.7,0,0,1
15.48,24.19,37.29,49.85,6.17,9.64,14.87,19.88,31.76,24.15,21.46,17.77,3.64,3.65,3.63,53.51,33.13,56.91,2,246,96.2,53.38,2.03,24.8,1965,8.68,1.79,53600,65400,79600,26000,221,305,374,153,374,26.5,22.8,11.6,0,0,39.87,45.9,51.54,80.87,90.85,8.8,2572.6,0.35,0,2
17.49,17.49,20.63,53.81,0.23,0.23,0.27,0.71,96.95,0.24,4.04,2.85,2.47,2.61,2.22,66.8,2.6,42.27,3,609,91.62,63.06,2.3,22.33,1967,6.98,0.71,42800,60000,87300,44500,152,232,308,156,316,22.1,16.8,12.5,0,1,1.33,75.19,52.81,79.66,89.73,31,544.4,0.08,0,1
6.18,6.18,12.55,13.67,0.17,0.17,0.34,0.37,93.83,0.63,4.51,3.42,2.75,3.07,2.13,73.41,1.74,39.63,3,182,97.49,65.73,0,24.73,1972,1.03,0.26,67900,81100,93800,25900,385,462,556,171,514,22.8,19.5,13,0,0,2.74,81.22,59.29,87.82,94.57,29.7,658.1,1.3,0,1
4.27,4.27,18.34,41.96,0.08,0.08,0.35,0.79,96.28,0.53,2.05,1.42,2.3,2.4,2.14,64.31,1.04,50.62,2,522,94.58,61.62,1.15,23.56,1959,2.37,0.27,43800,55200,70600,26800,289,339,397,108,429,22.7,18.1,12,0,0,1.89,61.01,52.06,82.96,85.77,8.7,2436.6,0.07,0,1
4.69,7.6,11.32,14.01,0.32,0.52,0.77,0.96,91.31,1,3.95,3.19,2.77,2.87,1.99,92.04,1.07,18.11,3,725,98.02,88.93,1.1,24.41,1962,0.45,0.06,77600,94800,123900,46300,390,531,623,233,606,26.7,17.7,12.5,0,0,6.82,76.3,65.28,90.06,96.11,37,2725.1,0.73,8.84,1
10.69,13.15,23.71,39.91,0.6,0.73,1.32,2.22,92.15,2.06,5.13,3.11,2.35,2.4,2.29,51.82,5.09,60.11,2,644,94.53,50.72,5.59,31.37,1949,4.47,1,64800,82100,105400,40600,260,340,427,167,393,30.1,21.3,12,173,27,5.61,60.94,45.73,76.34,90.29,9.8,2757.7,1.16,0,2
23.45,36.61,45.49,56.63,4.03,6.29,7.81,9.73,76.25,7.66,8.85,6.26,2.73,2.68,2.79,50.88,10.22,59.37,2,2773,93.4,51.91,0.87,18.57,1977,2.65,0.56,138900,169500,223400,84500,481,570,664,183,621,30.7,27.2,11.6,134,19,17.17,40.99,30.71,74.85,82.76,36.9,2942.1,2.05,0,2
6.4,11.5,14.21,17.57,0.49,0.87,1.08,1.34,92.8,0.95,1.31,0.8,2.01,2.03,1.97,68.87,1.3,62.67,2,2245,72.84,68.23,0.18,16.75,1971,2.24,0,91400,127000,174700,83300,374,475,628,254,549,25.4,19.1,12.9,0,3,7.61,14.2,49.31,69.49,76.14,5.1,2382.7,0.18,0,2
6.8,15.19,22,25.28,0.42,0.93,1.35,1.55,90.02,1.79,3.99,2.85,2.48,2.5,2.46,68.6,3.86,44.13,3,335,94.47,68.24,0.3,29.55,1973,0.89,0.38,158100,207700,279000,120900,431,513,663,232,568,31.7,27.4,10.7,0,0,6.13,56.45,46.42,73.89,94.18,5.9,2451.9,0.73,0,2
23.23,25.12,28.51,34.4,1.65,1.79,2.03,2.44,89.56,1.34,2.95,1.56,2.12,2.61,1.69,58.06,0.54,57.04,2,161,97.6,47.19,0,28.57,1939,0.24,0.21,88200,113000,154300,66100,384,450,590,206,495,25.2,20.5,13.2,0,0,7.11,62.25,47.96,79.53,88.71,1.7,8505.7,6.03,0,1
18.94,27.73,31.67,35,0.98,1.43,1.64,1.81,90.15,1.95,6.58,5.37,3.05,2.98,3.34,80.63,4.96,21.36,3,246,94.46,82.33,1.63,25.61,1979,5.08,0.14,53100,64700,84200,31100,336,423,502,166,557,24,21.4,11.5,0,0,5.17,38.7,52.39,78.87,84.8,9.3,1366.9,0.18,0,2
11.31,15.66,20.62,22.65,1.11,1.53,2.02,2.22,89.87,1.09,1.56,0.73,1.86,1.83,1.95,74.71,1.29,72.82,2,1037,92.8,75.87,0.1,34.62,1965,0.53,0,268600,353600,435700,167100,598,790,1001,403,821,24.5,22.6,11.9,0,2,9.8,37.02,56.45,70.07,89.45,12.1,2067.4,1.08,0,1
8.07,13.18,18.04,27,0.36,0.59,0.81,1.22,90.65,1.14,4.54,3.17,2.55,2.67,2.4,56.03,2.18,44.91,3,907,94.56,53.4,0.77,29.22,1948,5.26,0.6,53300,69200,89700,36400,247,325,393,146,393,27.3,19.2,14.6,3,0,4.5,69.31,49.85,74.2,82.72,77.6,571.3,1.5,0,1
4.31,6.03,9.2,11.78,0.08,0.11,0.17,0.22,95.85,0.46,3.52,2.2,2.25,2.31,2.17,63.13,1.63,48.48,3,1069,88.01,61.65,3.93,65.86,1953,8.12,0.38,36100,50800,71900,35800,164,239,317,153,312,28.6,19.8,12,9,0,1.9,78.34,59.55,85.47,92.28,9.3,1963.1,0.06,0,2
23.9,36.72,48.3,60.67,6.8,10.44,13.73,17.25,62.62,13.98,12,8.86,2.99,2.98,3.01,49.03,15.8,57.01,2,5589,94,49.23,0.79,13.38,1968,2.58,0.4,179900,218700,272300,92400,571,661,771,200,712,29.3,24.2,11.2,457,41,28.43,40.57,40.71,74.6,85.09,45.9,5807.6,3.86,0,1
18.19,29.24,36.45,42.57,3.29,5.29,6.6,7.71,79.29,3.01,4.4,3.25,2.61,2.75,2.28,74.7,2.65,43.09,3,1352,95.83,70.99,1.55,38.17,1954,0.94,0.26,226700,292200,385700,159000,459,633,907,448,698,23.8,22.8,15.7,527,0,18.11,65.94,62.92,80.4,90.63,31.6,2651.1,19.89,0,1
31.14,34.89,40.32,48.41,1.64,1.84,2.12,2.55,88.6,1.11,3.84,3.05,2.78,2.94,2.48,70.43,2.98,32.3,3,823,90.82,66.74,4.5,28.68,1971,3.73,0.27,55400,76100,104800,49400,298,364,444,146,438,19.4,16.9,11.5,0,0,5.27,60.84,46.67,76.99,89.21,14.3,1593.2,0,0,1
17.26,27.44,37.41,48.55,6.48,10.3,14.05,18.23,40.6,20.54,24.16,18.8,3.64,3.47,3.77,40.34,34.24,77.69,2,733,94.66,42.35,2.18,14.87,1965,6,1.08,116600,147200,184700,68100,477,593,687,210,654,30.5,25.4,11.4,0,2,37.55,44.87,40.17,86.79,90.07,4.9,9784.3,3.53,0,2
20.06,23.5,23.5,30.66,0.35,0.41,0.41,0.53,96.34,0.41,2.75,1.72,2.23,2.33,2.05,67.8,0.95,50.25,2,1281,87.14,64.91,4.92,67.14,1945,8.34,0.34,29100,42500,60600,31500,152,208,281,129,299,29.9,17.5,13.1,33,0,1.73,79.7,60.5,83.3,92.84,7.8,2592.4,0.77,0,1
12.42,17.81,31.78,36.68,1.03,1.48,2.64,3.05,52.93,8.81,11.22,8.83,3.02,3,3.06,65.7,13.42,45.8,3,604,88.82,66.15,4.14,43.38,1966,17.33,0.13,29000,42100,62200,33200,166,241,314,148,313,24.3,18.1,12.2,28,0,8.3,73.33,51.84,82.85,93.45,5.8,2544,0,0,1
15.49,16.19,22.27,28.17,0.58,0.6,0.83,1.05,94.65,0.46,2.15,1.42,2.3,2.5,1.66,82.99,0.41,41,3,1123,94.65,76.38,0,26.09,1965,0.24,0.15,118900,156700,227100,108200,538,634,797,259,654,27.4,20.3,11.7,0,0,3.71,61.19,57.52,85.6,90.57,16.3,2825.1,4.32,0,1
9.48,10.89,10.89,12.9,0.24,0.28,0.28,0.33,94.1,0.49,4.1,2.88,2.6,2.88,1.94,77.48,1.53,45.42,3,231,96.98,69.85,1.73,30.3,1968,1.27,0.26,79900,101300,132200,52300,430,481,537,107,548,23.8,20.7,13.6,7,0,2.56,60.88,57.69,81.26,92.54,16.5,1176.9,2.69,0,1
7.83,9.38,10.82,19.04,0.68,0.81,0.93,1.64,83.1,1.42,2.92,1.96,2.39,2.65,2.1,57.62,1.63,59.74,2,675,92.2,51.8,1.04,34.52,1941,4.62,1.04,92100,112100,136400,44300,238,390,488,250,440,25.7,22.3,13.6,3,0,8.64,75.37,52.42,86.8,93.28,23,875.4,0.32,0,2
4.03,6.59,7.87,13.27,0.22,0.36,0.43,0.73,89.89,1.79,3.77,2.76,2.67,3,2.01,74.58,1.35,47.31,3,287,96.27,66.28,1.05,16.38,1977,1.01,0.09,80200,101600,134300,54100,380,425,476,96,493,21.5,18.7,11.4,0,0,5.49,56.37,42.23,80.13,82.07,13.4,1482.1,2.22,0,1
22.04,25.88,55.91,69.33,0.46,0.54,1.17,1.45,96.44,0.68,4.49,3.48,2.7,2.76,2.6,68.49,4.01,38.69,3,397,93.11,67.2,2.77,39.55,1975,10.78,0.36,35800,44500,65100,29300,157,224,284,127,283,24.5,21.7,12.9,8,6,2.1,68.1,44.89,70.48,85.69,15.2,986.5,0,0,1
18.09,33.67,38.19,38.19,0.17,0.33,0.37,0.37,97.28,0.43,5.04,3.68,2.63,2.65,2.59,66.43,1.64,41.16,3,281,96.5,65.88,1.42,33.45,1948,8.18,0.2,36000,46200,61800,25800,217,280,332,115,374,24.1,16.3,13.1,0,0,0.97,83.68,55.68,88.16,93.89,7.7,2686,0.27,0,1
6.32,8.07,17.54,26.32,0.08,0.1,0.22,0.33,96.54,0.29,3.95,3.08,2.85,3.03,2.31,79.42,1.82,40.35,3,346,95.75,74.64,1.16,29.77,1975,0.4,0.15,76500,93400,121200,44700,431,502,604,173,545,25.3,21.5,12.2,0,0,1.27,81.49,49.99,74.32,93.74,29.7,757.1,2.11,0,1
4.18,5.41,10.81,18.18,0.17,0.22,0.44,0.74,94.69,0.15,3.89,3.03,2.77,2.86,2.24,87.76,1.13,32.67,3,260,93.32,84.84,6.54,70,1958,1.02,1.16,118200,148400,184700,66500,351,513,693,342,617,26.4,24.1,12,0,0,4.04,66.98,60,74.19,94.37,39.1,257.5,0.98,0,1
21.13,28.87,36.96,45.37,2.57,3.51,4.49,5.51,84.92,3.84,4.05,2.77,2.46,2.51,2.38,59.8,5.2,52.31,2,2025,89.19,58.59,0,16.54,1974,1.17,0.28,238200,308500,414900,176700,614,721,913,299,774,30.5,28.1,11.8,14,0,12.15,44.8,33.85,71.37,86.1,18.1,2271.2,1.11,0,1
16.28,26.31,34.34,45.31,1.45,2.34,3.06,4.03,82.56,3.45,3.89,2.37,2.34,2.59,2.13,50.91,2.2,61.48,2,1355,92.1,46.03,0.89,41.99,1939,2.7,0.65,137900,163600,192900,55000,373,539,667,294,608,27.2,24.2,14.2,77,3,8.9,75.34,52.77,82.74,90.75,8.4,4539,7.36,0,1
10.25,15.77,26.07,32.43,0.42,0.64,1.06,1.32,92.84,0.89,3.22,2.14,2.38,2.54,2.13,64.6,1.97,47.08,3,4021,92.78,60.5,0.7,22.33,1970,2.4,0.1,77200,91400,111800,34600,336,407,495,159,465,24.5,21.3,11.9,69,0,4.07,44.46,49.04,71.05,87.33,42.3,2992.1,3.66,3.14,1
16.93,26.03,33.06,48.59,10.11,15.55,19.74,29.02,26.73,34.27,11.24,7.37,2.7,2.86,2.61,35.11,26.86,82.86,1,14298,90.11,33.09,9.76,31.22,1962,9.93,1.44,60000,79200,101000,41000,255,346,438,183,404,32.7,24.3,13.2,896,268,59.72,24.12,45.67,80.02,81.34,36.9,9728.3,13.15,5.41,2
4.12,6.22,12.24,17.33,0.38,0.58,1.13,1.61,87.12,1.17,5.58,4.76,3.13,3.17,2.54,94.59,0.64,28.86,4,539,94.03,93.36,1.48,34.88,1976,0.65,0.13,177700,220300,275100,97400,426,644,865,439,742,33.5,24.9,17.3,3,0,9.26,36.34,61.22,71.17,82.98,31.7,842.5,14.67,0,1
22.33,35.21,39.64,39.64,0.74,1.17,1.31,1.31,93.37,0.5,3.25,2.07,2.55,2.65,2.42,60.14,1.13,43.47,3,2363,71.2,57.88,1.44,77.15,1971,1.63,0.24,130700,167100,237500,106800,454,584,720,266,670,30.3,23.3,13.5,0,0,3.32,60.94,47.28,66.65,82.41,14.7,1022.4,0.99,0,1
13.1,13.1,28.57,36.9,0.07,0.07,0.15,0.19,97.4,0.5,7.36,5.31,2.67,2.61,2.73,46.92,6.05,44.89,3,412,93.51,48.05,3.88,32.04,1968,14.34,0.39,44000,63700,91200,47200,232,321,382,150,418,26.6,18.5,13.5,21,2,0.52,75.25,48.11,79.94,89.36,14.4,1123.1,0.2,0,2
8.59,13.82,26.36,50.06,0.41,0.65,1.25,2.37,78.45,3.29,6.88,4.99,2.71,2.76,2.65,53.31,9.19,54.19,2,1540,81.19,52.32,2.66,52.66,1970,14.37,0.28,38200,57300,75000,36800,210,280,354,144,356,23.5,16.2,13.4,0,0,4.71,74,47.84,77.88,90.39,7.6,2387,0.03,0,2
0,7.98,18.31,19.72,0,0.1,0.24,0.26,93.85,0.46,3.23,2.45,2.61,2.71,2.31,76.03,2.43,39.41,3,286,95.6,72.98,4.55,45.8,1964,2.49,0.37,35200,45400,61100,25900,254,304,364,110,388,21.3,16.1,12.2,0,0,1.32,73.08,63.23,89.07,94.77,5.2,3142.9,0,0,1
5.08,21.59,43.49,48.89,0.14,0.62,1.24,1.4,90.82,2.52,8.45,5.84,2.68,2.85,2.5,54.04,3.46,38.83,3,313,92.87,50.74,19.81,54.95,1939,6.42,0.25,49700,67300,86600,36900,226,359,461,235,435,28.1,23.3,14.5,60,0,2.85,82.53,59.46,91.36,94.97,1.9,5750.2,4.79,0,2
20.08,28.03,40.16,49.3,0.65,0.9,1.29,1.58,95.58,0.41,2.37,1.34,2.36,2.97,1.97,49.12,1.39,58.82,2,286,95.72,39.01,0,15.03,1975,0.73,0.46,78200,95200,125000,46800,390,446,490,100,468,22,22,11.7,0,0,3.21,69.68,34.51,72.1,88.52,36.2,432.5,3.04,0,1
7.8,22.94,34.86,52.06,0.28,0.83,1.27,1.89,93.86,0.28,4.26,3.21,2.73,2.84,2.45,74,1.58,29.45,3,156,96.34,71.06,2.56,40.38,1974,0.63,0.14,88800,111200,136200,47400,427,494,583,156,632,26.1,24.7,14,0,0,3.63,72.7,53.09,77.55,89.05,9.1,1322,2.16,0,1
12.37,21.28,30.85,42.41,0.68,1.18,1.71,2.35,74.7,2.62,4.5,2.94,2.46,2.66,2.2,61.91,4.91,50.61,2,13052,92.18,57.33,2.06,19.49,1971,6.53,0.27,67000,85900,112100,45100,280,353,443,163,402,27.3,22.1,12.2,258,112,5.54,45.11,45.25,75.35,81.89,137,2809,2.01,7.51,2
11.75,15.82,19.45,25.97,0.83,1.12,1.38,1.84,91.39,0.67,2.24,1.56,2.4,2.48,2.16,76.59,1.32,50.05,2,2614,78.52,74.01,0.23,27.96,1980,0.82,0.21,94600,137700,213500,118900,522,620,790,268,724,26.7,22.3,12.8,0,1,7.08,22.06,39.34,69.14,76.37,27.2,843.4,0.36,0,1
17.43,24.2,26.23,28.37,1.7,2.35,2.55,2.76,84.35,3.65,4.07,3.01,2.68,2.93,2.26,68.01,1.35,44.59,3,457,95.35,62.09,1.31,24.51,1962,1.52,0.14,137000,162000,190300,53300,338,493,630,292,553,25,23,15.1,23,0,9.72,68.28,59.71,77.73,89.66,15.1,1676.4,0.97,0,1
10.67,14.94,19.49,24.04,0.49,0.69,0.9,1.11,91.65,1.18,3.46,2.01,2.29,2.44,2.17,46.13,3.51,58.81,2,229,96.37,43.17,0.44,18.78,1966,3.57,0.89,72800,91400,122100,49300,275,382,476,201,430,35.1,20.3,11.6,0,3,4.63,61.19,33.1,60.23,90.63,8.4,1816.1,1.2,0,1
14.53,24.84,37.04,47.2,4.7,8.04,11.98,15.27,55.15,7.75,13.51,11.25,3.39,3.41,3.36,67.71,15.01,42.03,3,558,96.57,67.41,0.72,34.41,1975,1.26,0.39,178400,229300,276300,97900,598,703,867,269,768,27.6,25.6,11.9,0,6,32.35,46.09,50.13,76.59,88.73,19.4,2766.7,6.89,0,1
10.2,45.89,54.67,66.29,0.16,0.73,0.87,1.06,96.75,0.9,5.12,3.75,2.63,2.71,2.49,63.14,5.01,43.08,3,708,92.09,61.12,4.66,41.53,1970,8.94,0.64,40700,59800,82600,41900,125,214,313,188,313,24.9,15.5,13.3,53,0,1.6,78.17,54.77,84.11,91.39,46.6,474.8,0.28,0,2
8.7,17.27,25.19,32.71,0.65,1.3,1.9,2.46,85.99,2.1,3.04,1.95,2.31,2.55,2.07,55.94,1.49,57.31,2,1281,92.92,50.74,1.25,34.04,1964,2.25,0.17,126900,157000,191800,64900,338,500,653,315,576,24.6,22.3,13.2,96,0,7.53,59.47,47.92,69.03,82.93,42.4,1009.2,2.1,0,1
24.62,28.27,41.83,43.84,1.2,1.37,2.03,2.13,92.7,1.43,2.84,2.39,2.95,3.13,2.19,85.73,0.24,21.7,4,396,93.31,80.73,1.26,28.03,1985,0.16,0.24,142800,181600,246600,103800,491,637,749,258,712,19.6,22.5,11.5,0,0,4.86,53.52,26.75,57.21,73.72,18.4,891.7,0.04,0,1
13.99,23.76,35.14,45.98,2.34,3.97,5.87,7.68,79.43,2.95,4.31,3,2.59,3,2.01,67.36,2.41,50.64,2,591,96.88,58.06,0.85,28.76,1964,1.17,0.91,163400,207100,264300,100900,615,651,733,118,698,24.2,21.6,13,0,0,16.7,54.88,59.66,75.91,87.64,24.8,1958.2,3.03,0,1
21.99,26.75,33.53,37.25,5.11,6.21,7.79,8.66,72.12,3.77,3.88,3.23,2.76,2.79,2.62,82.69,2.73,21.64,3,525,96.61,81.73,1.14,21.52,1966,0.08,0.03,448500,500001,500001,51501,905,1001,1001,96,1001,26.6,21.8,11.5,0,0,23.24,37.83,61.98,84.57,87.89,14.2,2942.9,0.81,0,1
4.46,7.85,12.76,16.06,0.43,0.75,1.22,1.53,88.26,1.88,1.65,0.95,1.96,1.96,1.96,71.28,1.65,77.25,2,1204,82.99,71.28,0.58,27.41,1960,3.85,0.1,40800,50200,64900,24100,281,345,407,126,427,30,22.7,12.2,0,0,9.56,17.99,52.35,76.22,80.9,2.9,3988.8,1.51,0,2
8.91,10.69,10.69,14.85,0.32,0.39,0.39,0.54,93.57,0.75,3.36,2.28,2.45,2.61,2.24,61.59,1.75,54.53,2,618,90.08,57.9,2.27,36.41,1951,10.71,0.74,65900,83400,99800,33900,265,376,460,195,430,28,25.8,15.1,6,0,3.63,59.56,47.31,81.66,85.46,44.7,311.1,0.37,0,1
11.3,21.25,30.88,36.26,0.54,1.01,1.47,1.73,92.81,1.24,3.56,2.06,2.22,2.32,2.13,45.27,3.51,63.52,2,887,95.78,43.14,2.14,17.25,1961,4.89,0.42,47100,61300,82600,35500,269,332,389,120,393,27.2,18.1,11.7,185,23,4.77,33.21,40.77,72.92,79.06,14.6,3167.2,4.38,0,2
22.28,40.08,50.08,58.66,3.35,6.03,7.54,8.83,81.35,6.18,12.9,9.47,3.02,3.23,2.8,54.49,10.44,49.08,3,917,94.29,50.98,5.56,39.48,1948,7.43,0.68,107800,141400,174800,67000,443,558,658,215,627,27,25,15.2,4,16,15.06,50.04,56.58,79.36,88.3,6.3,7442.1,7.17,6.35,2
5.37,5.37,5.37,10.54,0.17,0.17,0.17,0.33,94.61,0.48,3.27,2.47,2.54,2.47,2.8,76.28,2,46.75,3,845,87.73,78.47,1.18,36.33,1981,4.17,0.26,52000,62700,74700,22700,338,389,454,116,496,26.4,23.6,12.1,0,0,3.16,23.54,39.41,68.07,74.72,7.5,2031.9,0.15,0,2
5.98,10.51,12.32,13.04,0.21,0.37,0.44,0.46,95.17,0.36,4.09,3.17,2.74,2.8,2.43,85.57,0.88,33.78,3,1679,76.8,83.73,1.19,19.06,1978,0.18,0.17,132800,160100,202800,70000,463,634,761,298,764,28.5,24.9,15.6,0,0,3.56,69.63,47.15,70.76,87.52,44.6,347.3,0.94,0,1
15.93,24.78,30.17,36.21,1.05,1.64,2,2.4,80.65,2.6,5.28,2.99,2.29,2.41,2.22,38.86,4.5,62.46,2,1258,89.49,36.91,5.01,28.7,1939,6.34,0.53,105500,131600,162900,57400,319,455,549,230,526,27.7,27.2,14.6,30,1,6.62,45.15,41.52,68.42,73.59,5.7,4972.5,2.88,0,2
16.46,27.54,40.06,51.91,3.95,6.62,9.63,12.47,67.85,7,6.59,4.88,2.77,2.85,2.63,65.56,9.41,54.62,2,493,95.73,63.74,2.64,27.38,1954,2.02,0.41,203700,255900,314100,110400,504,641,830,326,716,29,23.1,11.6,0,0,24.03,49.88,57.27,87.66,90.2,4.2,7483.2,2.93,0,1
0,15.2,26.4,33.6,0,0.17,0.3,0.38,96.86,0.51,3.18,2.58,2.84,2.95,2.41,82.26,2.17,27.71,3,135,96.63,79.1,2.22,53.33,1977,0.72,0.17,60900,77800,96100,35200,187,252,413,226,428,26.9,16.9,13.2,4,0,1.13,67.78,53.17,72.07,89.17,12.2,905.6,0,0,1
20.07,30.01,35.67,40.02,4.25,6.35,7.54,8.46,61.86,9.2,6.62,3.87,2.3,2.38,2.21,54.08,3.67,63.4,2,793,90.89,52.28,10.72,64.44,1939,10.19,1.38,14999,21000,28200,13201,178,235,286,108,320,30.1,14.5,13.4,0,0,21.15,64.68,59.37,86.41,92.27,2.2,8412.1,3.94,0,1
7.73,8.7,20.52,25.89,0.66,0.74,1.75,2.21,89.85,0.86,4.35,3.58,2.91,2.95,2.45,92.11,0.48,21.75,3,200,94.93,90.65,1,35.5,1975,0.32,0,193700,239500,292200,98500,478,642,989,511,947,24.7,23.7,14.9,3,0,8.55,56.45,55.02,67.82,87.16,21,518.8,1.91,0,1
35.32,46.26,53.36,60.08,1.56,2.04,2.35,2.65,93.23,0.55,3,3.14,2.68,2.84,2.46,60.18,3.68,41.77,3,116,95.37,56.73,2.59,42.24,1966,0.38,0.04,154600,180600,226000,71400,304,453,802,498,493,35.1,24,11.9,0,0,4.41,25.41,25.81,31.99,60.23,23.2,509.3,2.49,0,1
0,2.85,2.85,2.85,0,0.12,0.12,0.12,91.42,0.48,3.7,3,2.78,2.91,1.87,91.2,0.54,25.73,3,126,97.37,86.9,1.59,43.65,1958,0,0,125800,148900,188600,62800,143,316,492,349,368,23.6,22.2,12.6,0,0,4.2,77,68.43,93.23,94.76,13.4,995,0.56,0,1
5.58,9.99,21.07,24.73,0.51,0.92,1.94,2.27,86.4,2.04,4.2,3.32,2.76,2.94,2.14,81.95,1.16,33.13,3,188,96.18,76.78,0,29.79,1957,0.55,0.33,136100,160100,186600,50500,475,573,698,223,644,24.1,24.4,16.4,0,0,9.2,66.56,69.16,81.89,95.02,3.6,3599.6,2.16,0,1
3.43,6.37,11.76,14.22,0.06,0.12,0.22,0.27,94.8,0.66,3.48,2.23,2.33,2.62,1.78,73.37,0.54,48.57,3,158,96.69,65.22,0.63,38.61,1945,0.61,0,43200,52100,63000,19800,273,322,371,98,382,27,20.3,14.7,5,0,1.88,90.4,66.53,94.07,95.54,1.5,7221.1,18.13,0,1
13.18,23.09,30.95,45.38,1.26,2.21,2.96,4.34,85.41,1.91,5.43,4.74,3.12,3.1,3.23,82.47,3.79,10.02,3,802,93.5,83.04,1.12,40.65,1978,0.46,0.39,60900,79000,109600,48700,456,544,628,172,706,22.6,21.7,12.4,0,0,9.56,54.32,45.31,63.01,89.19,24,1505.1,1.1,0,1
12.67,22.95,33.11,43.45,2.66,4.82,6.95,9.12,69.73,5.1,9.84,7.97,3.15,3.11,3.23,71.41,9.62,30.82,3,269,97.81,72.18,0,6.69,1970,0.83,0.44,187600,225500,268700,81100,605,728,898,293,793,29.8,24.8,11.3,32,0,20.99,52.02,51.63,75.8,90.92,14.5,2617.6,3.49,0,2
15.91,15.91,23.48,30.3,0.15,0.15,0.23,0.29,97.61,0.56,1.92,1.24,2.22,2.3,2.06,69.54,0.47,48.6,3,514,92.26,67.16,1.95,44.94,1953,4.28,0.38,47500,61100,78800,31300,211,276,346,135,350,23.1,15.7,11.4,6,0,0.97,79.27,59.3,87.59,93.21,5.4,2517.5,1.83,0,1
19.26,31.01,42.47,53.56,4.34,6.98,9.56,12.06,72.86,4.55,5.4,3.35,2.42,2.56,2.28,51.74,8.4,59.72,2,2493,95.09,48.9,0.24,9.39,1967,0.82,0.29,259000,332700,407600,148600,624,728,905,281,784,25.3,22.6,10.9,0,0,22.51,38.84,44.71,72.49,83.33,22.7,5167.9,2.58,3.48,1
5.54,7.12,9.93,21.44,0.15,0.19,0.27,0.58,94.69,0.7,4.78,3.14,2.34,2.38,2.29,58.08,5.19,54.84,2,2085,89.3,57.17,3.31,35.88,1974,7.77,0.45,43800,62900,89100,45300,190,294,387,197,392,26.4,21.5,12.6,39,0,2.71,44.47,46.16,73.34,83.65,29.9,1406.2,0.14,8.4,2
11.42,24.4,31.71,37.53,1.27,2.72,3.54,4.18,87.06,1.59,3.54,2.54,2.5,2.58,2.19,82.93,1.18,44.2,3,449,93.81,80.53,1.78,13.14,1980,0.63,0.1,198100,275600,381500,183400,698,895,1001,303,943,24.6,26.9,13.5,1,0,11.15,46.39,43.55,74.39,83.65,26.9,666.1,5.52,0,1
11.18,19.07,26.55,31.29,0.7,1.2,1.67,1.97,91.55,0.96,2.64,1.66,2.24,2.39,1.97,68.4,1.45,48.82,3,11445,83.42,64.14,0.08,23.68,1977,1.24,0.12,84800,115200,174600,89800,433,525,644,211,597,27.4,23,11.7,0,0,6.28,17.1,41.15,70.8,72.76,191,681,1.1,5.2,1
10.15,17.95,20.17,24.5,0.64,1.13,1.27,1.54,91.71,1.29,5.44,4.58,3,3.1,2.17,91.56,0.7,23.15,3,104,97.63,88.34,2.88,35.58,1957,0.16,0.25,170600,204800,247100,76500,360,613,807,447,734,28.6,24,14.9,0,0,6.29,69.31,74.42,84.47,96.53,7.3,1760.6,2.88,0,1
13.33,19.26,27.82,43.63,0.84,1.22,1.76,2.76,79.29,4.04,5.85,4.21,2.67,2.86,2.37,66.76,6.17,44.47,3,5284,86.26,62.49,4.14,35.75,1972,8.02,0.4,39100,62300,90800,51700,214,285,388,174,368,22.6,20.1,12.8,60,6,6.33,67.66,44.82,75.44,91.46,68.2,1311.3,0.11,2.61,1
11.43,16.69,25.51,34.81,1.07,1.56,2.39,3.26,86.57,1.21,3.92,2.65,2.6,2.97,1.78,78.56,1.15,42.35,3,798,91.94,68.75,0.25,44.99,1981,0.43,0.26,121900,176700,261400,139500,505,566,657,152,640,25.1,24.2,13.1,0,0,9.37,36.24,41.85,66.65,79.76,12,2043.5,11.32,0,1
18.92,43.24,47.03,47.03,0.29,0.66,0.72,0.72,96.75,0.18,3.59,3.17,3.03,3.04,2.93,84.76,0.74,11.3,3,245,94.15,84.24,0,19.59,1978,0.43,0.36,82900,96500,120200,37300,433,491,586,153,616,26.6,21.6,12.8,0,0,1.53,51.27,54.29,72.28,83.26,9.5,1277.9,0,0,1
6.06,10.44,15.44,25.83,1.29,2.21,3.28,5.48,26.26,15.46,14.02,11.23,3.23,3.3,3.11,62.84,17.36,49.67,3,1226,88.53,61.47,5.87,48.86,1968,11.89,1.51,27200,43600,61800,34600,147,240,334,187,319,27.7,20.2,12.8,0,0,21.25,62.7,58.92,81.31,91.35,15.3,2007.4,0.53,0,1
19.94,30.92,33.82,39.6,0.57,0.88,0.97,1.13,92.62,1.23,8.56,6.59,2.78,2.87,2.54,75.12,2.33,33.84,3,206,95.42,72.71,0,36.89,1965,2.71,0,55300,71500,93200,37900,267,313,367,100,377,22.6,20,11.3,0,0,2.87,66.61,55.42,79.91,89.5,3.2,3745.4,2.3,0,1
8.45,18.31,18.31,19.72,0.04,0.1,0.1,0.1,93.99,0.04,14.7,11.67,3.15,3.31,2.88,66.54,5.98,37.1,3,294,93.25,63.39,1.02,28.23,1972,5.86,0,54200,68200,87600,33400,202,269,338,136,341,28.1,20.2,12.4,6,0,0.53,72.05,48.95,64.01,84.28,11.6,1160.5,0.16,0,1
1.43,4.39,16.81,19.58,0.07,0.22,0.83,0.96,83.09,1.28,2.9,1.84,2.29,2.54,1.96,62.8,1.24,56.5,2,716,92.52,56.64,0.7,45.95,1954,4.12,1.11,63400,79500,97500,34100,259,342,415,156,386,26.2,20,13.5,0,0,4.91,76.46,56.77,84.22,91.75,57.4,371.7,0.39,0,1
12.05,15.17,21.52,28.12,1.25,1.57,2.23,2.91,86.54,1.99,2.28,1.32,2.16,2.3,2.04,50.82,2.59,62.58,2,574,92.75,47.78,0.52,15.33,1954,0.64,0.48,205300,262000,335900,130600,560,670,892,332,730,30.7,26.5,12.2,0,0,10.35,47.74,49.82,72.94,86.74,2.9,5596.2,1.75,0,1
16.84,24.18,30.54,37.28,0.78,1.12,1.42,1.73,69.31,4.88,8.93,4.13,2.4,2.91,2.17,38.29,8.08,70.26,2,1074,90.17,31.6,1.86,26.82,1975,5.38,0.6,39700,58200,85500,45800,271,337,415,144,398,35.1,20.6,13.5,12,1,4.65,71.31,28.03,47.87,93.05,18.1,1591.5,2.35,0,1
10.72,20.04,30.23,50.79,0.39,0.73,1.1,1.85,91.13,1.53,5.27,4.58,3.02,3,3.08,77.17,5.32,25.74,3,387,92.99,77.58,1.81,40.05,1981,5.6,0.23,57900,78800,111800,53900,284,349,479,195,491,26.5,24.1,13.3,0,0,3.63,63.18,38.61,70.27,86.94,40.1,389.2,0,0,2
0.61,13.78,20.81,23.27,0.03,0.76,1.14,1.28,93.66,0.51,4.44,3.68,2.94,3,2.45,90.68,0.68,19.22,3,396,94.5,88.82,1.26,41.67,1964,0.46,0.15,181400,228500,295200,113800,410,626,902,492,820,28.3,24.2,14.1,0,0,5.48,52.25,59.71,84.36,88.58,59.8,347.3,0.94,0,1
16.52,25,31.25,49.33,0.41,0.62,0.77,1.22,88.25,1.67,7.6,5.73,2.75,2.73,2.8,58.9,6.66,48.27,3,661,90.53,59.51,3.48,38.88,1963,11.27,0.14,42400,61900,87400,45000,238,337,403,165,421,26.5,20.7,14.4,0,0,2.47,77.25,48.84,76.69,92.76,32.3,562.6,0.22,0,2
1.85,4.76,4.76,4.76,0.05,0.13,0.13,0.13,88.39,1.48,6.89,5.24,2.86,2.84,2.93,75.75,5.28,48.83,3,240,95.26,76.3,9.58,54.17,1956,5.03,0.14,28100,36400,45500,17400,226,278,328,102,399,23.6,14.6,13.7,0,0,2.74,66.36,59.77,85.98,92.72,8.6,1617.7,0.8,0,2
18.02,25.49,30.64,37.19,1.56,2.21,2.65,3.22,88.63,1.69,4.95,3.37,2.66,2.81,2.48,58.9,4,47.93,3,506,96.36,55.84,0.2,12.85,1978,1.23,0.64,153700,184000,226800,73100,538,634,760,222,694,30.5,27.9,12.5,12,2,8.66,58.69,33.52,63.81,88.94,6.6,5470.8,2.85,0,2
4.43,8.29,10.98,14.26,0.24,0.44,0.59,0.76,91.34,1.08,4.72,3.91,3.03,3.09,2.6,89.02,1.12,25.3,3,294,95.58,87.2,1.02,18.71,1977,0.82,0.08,109000,132600,167000,58000,466,536,625,159,607,21.4,23.9,12.3,0,0,5.36,75.92,45.2,69.05,93.82,14.5,1335,6.95,0,1
14.28,17.45,21.96,30.93,0.71,0.86,1.09,1.53,93.21,0.98,3.56,2.29,2.43,2.53,2.34,50.8,4.24,60.13,2,620,95.56,48.78,2.74,15.48,1971,4.46,0.04,75200,91500,119000,43800,321,398,470,149,467,24.5,19.9,12,7,5,4.95,50.36,36.99,72.72,85.32,20.4,1622,3.3,0,1
13.3,18.37,36.7,53.76,0.63,0.87,1.74,2.55,89.57,2.34,4.25,2.99,2.61,2.91,2.29,57.74,4.74,46.59,3,2041,89.65,51.87,0.15,24.4,1982,4.37,0.06,65400,81600,96800,31400,352,406,491,139,486,23.8,23.1,13.2,0,0,4.76,50.16,32.41,55.33,81.64,37.3,1246.5,0.18,0,1
15.56,26.61,30.29,39.83,0.42,0.71,0.81,1.07,94.86,0.91,4.55,3.08,2.54,2.62,2.47,50.71,4.96,58.46,2,674,96.28,49.29,2.23,17.21,1969,5.24,0.29,40100,51000,65300,25200,292,362,424,132,423,28.3,20.2,13.4,50,5,2.67,50.07,37.26,74.78,85.24,13.9,3210,4.04,0,1
16.55,22.96,31,38.69,0.96,1.33,1.79,2.24,79.52,4.14,5.48,3.9,2.63,2.74,2.5,56.3,5.75,43.33,3,588,89.8,54.08,0.85,40.14,1977,7.65,0.29,48700,67900,90300,41600,206,280,368,162,369,24,22.7,14.8,0,0,5.78,69.09,40.9,66.91,90.23,13.9,1065,0.26,0,1
5.55,8.77,12.98,12.98,0.19,0.31,0.46,0.46,95.37,0.61,5.34,4.29,2.84,2.93,2.26,89.08,2.57,22.82,3,161,98.58,86.29,1.24,31.68,1956,0.93,0,50800,59700,69100,18300,353,414,477,124,470,26.3,16.5,12.4,0,0,3.51,78.96,71.01,93.46,96.7,6.1,5244.7,0.26,0,1
8.09,12.9,15.17,21.99,0.69,1.1,1.29,1.88,91.54,0.88,4.66,3.61,2.84,3.05,2.22,80.43,1.2,34.18,3,224,96.5,74.98,1.34,28.12,1969,0.65,0.11,168600,207700,257900,89300,475,634,793,318,762,26,23.5,14.3,0,0,8.53,48.78,59.53,84.85,86.89,17.4,1008.2,2.52,0,1
2.95,7.07,8.06,21.81,0.03,0.07,0.08,0.23,96.7,0.5,3.71,2.67,2.5,2.65,2.26,65.38,2.01,41.07,3,1506,92.7,61.73,1.79,32.07,1969,4.98,0.41,48000,66000,92800,44800,193,277,344,151,351,22.6,16.1,11.8,9,0,1.04,69.2,47.3,76.45,86.06,48.9,996.4,0.18,0,1
20.71,22.65,24.92,33.01,0.37,0.4,0.44,0.59,96.94,0.4,4.29,2.75,2.33,2.45,2.21,53.37,2.85,52.11,2,760,90.53,50.78,4.87,39.34,1964,11.76,0.31,41900,55600,74500,32600,141,234,326,185,335,26.8,21.9,13.4,0,2,1.78,70.68,49.06,76.84,85.4,10.6,1639.9,0.35,0,2
17.33,26.03,37.64,43.18,0.67,1.01,1.46,1.68,94.33,0.7,3.68,2.56,2.46,2.64,2.21,63.99,2.74,41,3,4769,92.97,59.76,1.36,21.74,1968,4.74,0.25,58000,78200,109200,51200,258,329,412,154,405,23.3,16.4,11.7,296,39,3.89,54.34,49.73,76.06,82.45,170.3,938.2,0.06,4.96,2
5.6,7.84,10.24,13.6,0.05,0.07,0.1,0.13,97.01,0.24,3.85,2.58,2.42,2.56,2.17,68.98,2.06,50.61,2,1986,93.16,65.42,7.75,50.2,1955,4.04,0.33,27900,39800,56100,28200,191,250,305,114,326,25.6,16.2,13.5,9,4,0.94,78.16,56.66,87.62,93.38,62.7,1059.3,1.37,4.35,2
40.14,51.61,51.61,51.61,0.78,1,1,1,96.23,0.38,1.18,0.73,2.11,2.23,1.96,60.03,1.04,50.27,2,367,93.38,56.96,1.09,28.88,1965,5.27,0.34,39400,56600,79600,40200,148,206,260,112,265,27.1,18.5,14.1,0,0,1.93,58.09,38.18,58.82,79.47,7.7,1886,0.37,0,1
19.75,26.47,32.23,36.24,1.25,1.67,2.04,2.29,91.38,1.04,3.3,2.1,2.32,2.44,2.15,61.09,2.73,52.29,2,3005,89.29,58.08,2.5,29.68,1974,5.4,0.13,50900,65100,86300,35400,317,391,460,143,467,27.7,20.6,11.8,75,10,6.32,25.04,41.11,66.69,74.18,29.7,2006.1,0.14,0,2
14.93,41.29,44.28,44.28,0.19,0.53,0.57,0.57,96.58,0.32,4.02,2.96,2.63,2.8,2.07,81,0.98,34.17,3,268,95.66,75.95,1.12,30.22,1959,0.98,0.08,58600,71300,92300,33700,284,344,414,130,433,21.9,16.3,11.7,0,0,1.29,80.12,61.39,88.49,94.79,8.7,1780.8,1.02,0,1
17.37,29.01,36.93,45.03,6.1,10.19,12.97,15.81,42.77,23.31,18.71,14.02,3.24,2.87,3.58,42.35,26.49,71.81,2,472,95.24,47.82,3.39,40.89,1971,3.39,1.03,146300,185000,233500,87200,401,557,690,289,625,30.3,27.2,11.9,124,25,35.11,48.17,43.75,82.04,90.61,6.1,5071.6,1.96,0,2
10.44,10.44,13.63,16.81,0.16,0.16,0.2,0.25,95.26,0.51,4.68,3.14,2.49,2.73,2.08,68.6,1.35,44.13,3,539,96.45,62.46,1.48,39.52,1953,2.24,0.35,40500,51700,68700,28200,236,320,387,151,378,25,19.6,12.9,5,0,1.5,85.35,55.55,85.67,94.77,13.2,2855.3,0.7,0,1
17.13,22.05,25.65,29.47,2.09,2.69,3.13,3.6,85.06,1.78,4.09,3.4,2.81,2.89,2.28,88.21,1.07,24.66,3,1152,94.35,85.5,0.69,36.02,1975,0.34,0.26,124900,164000,221000,96100,698,857,1000,302,907,24,20.7,12.5,0,0,12.19,65.83,53.25,80.49,89.24,28.3,1926.1,0.26,0,1
23.06,28.84,40.63,49,5.61,7.01,9.88,11.91,70.58,4.74,3.79,3.03,2.79,2.86,2.48,82.6,1.93,23.68,3,174,96.45,80.44,0,44.25,1947,0.4,0.59,247600,353200,500001,252401,668,899,1001,333,961,28,21.8,14.1,0,0,24.31,28.67,67.6,82.55,86.11,4.8,2789.5,12.25,0,1
7.27,13.37,21.59,32.31,0.99,1.81,2.93,4.38,91.07,0.54,4.44,3.28,2.53,2.69,1.96,82.79,1.57,36.97,3,264,96.59,77.79,3.03,50.76,1963,0.28,0.09,131600,162100,197800,66200,326,613,755,429,673,28.7,22.7,13.3,0,0,13.55,51.24,59.13,91.47,92.87,27,722.9,5.62,0,1
0,0,8.89,8.89,0,0,0.06,0.06,95.83,0.5,4.81,3.32,2.48,2.43,2.58,64.57,3.94,47.65,3,786,87.86,65.92,4.33,64.38,1956,12.25,0.97,19200,33000,49500,30300,108,151,205,97,234,33.6,23.3,14.6,0,0,0.63,75.49,63.03,90.59,94.98,9.8,1456,0,0,2
11.36,12.41,18.36,27.8,0.65,0.71,1.05,1.59,84.04,1.17,3.93,3.17,2.87,2.95,2.71,67.41,3.17,21.41,3,174,95.26,65.6,0,47.7,1977,1.23,0,53300,63600,74800,21500,314,401,473,159,485,21.5,20.5,16.9,0,0,5.71,47.54,50.28,75.55,84.89,4.9,2064,0.29,0,1
12.58,18.75,26.39,31.88,0.59,0.88,1.24,1.5,90.83,0.9,3.85,2.63,2.5,2.66,2.3,58.29,2.92,46.72,3,13794,89.08,54.72,1.28,35.47,1973,4.06,0.17,64300,81500,102300,38000,285,358,447,162,412,25.9,22.4,12.2,273,24,4.72,29.51,39.09,66.46,71.5,140.9,2032,1.32,0,1
1.15,6.44,7.59,17.24,0.05,0.25,0.3,0.68,92.92,1.45,7.65,5.61,2.85,3.07,2.52,63.74,4.88,56.89,2,395,90.57,59.12,8.35,58.23,1952,3.48,0.62,90500,112100,134500,44000,364,516,625,261,606,29.7,26.7,18.8,122,1,3.93,66.93,55.83,78.44,92.53,1.1,9947,11,0,2
38.52,53.6,64.34,70.29,3.52,4.89,5.87,6.41,86.48,1.02,3.41,1.47,2.31,2.86,2.13,29.68,6.01,70.3,2,1967,90.09,23.97,0.86,46.72,1977,2.77,0.12,62200,79500,107000,44800,287,356,427,140,428,35.1,21.2,11.8,0,0,9.13,56.56,16.95,31.37,83.92,30.5,1719.2,3.98,0,1
6.04,7.5,14.17,18.65,0.46,0.57,1.08,1.43,90.81,0.4,5.28,4.19,2.81,2.96,1.83,91.26,0.32,23.99,3,107,97.65,86.59,2.8,48.6,1956,0,0,191700,241200,331900,140200,288,509,688,400,525,27.6,22.5,13.5,0,0,7.65,75.79,76.57,88.66,97.1,11.4,1104.7,7.52,0,1
7.46,9.22,12.27,13.84,0.32,0.4,0.53,0.6,94.81,0.7,2.95,2.26,2.64,2.84,1.75,88.01,0.66,32.55,3,396,95.7,81.93,0.25,19.19,1971,0.2,0.09,95400,127200,185400,90000,438,479,525,87,517,25,18.2,14.5,0,0,4.31,73.18,55.97,85.18,93.96,16.5,1433.9,0.25,0,1
17.13,24.3,33.82,43.19,0.58,0.82,1.14,1.46,91.3,0.46,4.24,3.74,3.1,2.97,3.16,28.55,4.24,43.18,3,435,92.86,29.84,0.23,41.38,1969,7.31,0.66,53700,63700,73900,20200,313,364,423,110,399,23,23.7,11.6,0,0,3.37,22.45,15.1,30.33,40.4,15.4,1316.1,0.65,0,1
18.82,23.53,34.35,56.94,1.02,1.28,1.86,3.09,88.07,2.85,4.72,3.44,2.55,2.58,2.47,74.1,4.7,50.24,2,860,87.54,73.22,5,61.16,1956,9.19,0.83,23700,36300,57300,33600,177,238,309,132,325,26,16.3,12.1,0,0,5.42,59.3,56.25,79.91,91.91,9,1748.7,0,0,1
17.53,20.78,26.62,35.71,0.24,0.28,0.36,0.49,96.29,0.85,3.98,2.85,2.67,2.89,2.18,74.73,1.85,47.72,3,264,94.1,69.04,0.38,26.89,1976,1.8,0.16,75700,90100,110600,34900,352,457,544,192,500,24.2,21.8,12.8,0,0,1.36,77.17,42.33,62.65,90.59,14.2,799.1,0.75,0,1
3.32,9.54,9.54,9.54,0.05,0.15,0.15,0.15,93.74,0.59,4.3,2.94,2.42,2.65,1.98,71.56,0.7,38.8,3,311,95.07,65.31,2.89,49.52,1939,1.08,0.29,54200,72900,98700,44500,204,279,360,156,344,20.8,18.3,14.5,0,0,1.56,90.59,72.55,92.44,96.43,9.1,1700.3,1.93,0,1
3.72,5.95,9.67,9.67,0.08,0.13,0.21,0.21,92.93,0.71,8.4,5.73,2.66,2.71,2.58,59.52,5.4,50.91,2,429,91.42,58.36,13.05,50.35,1949,11.18,0.26,17900,25500,34900,17000,209,271,330,121,358,34.6,16.6,15.4,0,0,2.21,69.21,59.01,93.62,95.9,2.8,4356.2,2.94,0,1
28.72,32.66,39.09,42.19,0.42,0.48,0.57,0.62,96.5,0.69,4.58,3.22,2.52,2.77,2.02,72.8,1.28,43.34,3,940,95.8,66.11,3.94,42.23,1952,2.37,0.18,38800,51600,67400,28600,195,255,330,135,315,24.2,16.1,12.1,79,84,1.46,77.04,56.88,84.39,89.32,23.9,2409,1.1,0,1
11.31,15.16,19.79,24.92,0.69,0.92,1.2,1.51,90.82,1.05,6.21,4.29,2.65,2.97,2.15,68.44,1.58,44.98,3,620,95.6,61.1,2.26,30.32,1956,0.76,0.26,151100,172600,198200,47100,514,651,768,254,710,24,22,12.6,0,0,6.07,81.77,63.18,88.94,93.35,13.1,2735.6,3.86,0,1
12.58,19.08,26.22,39.19,1.57,2.38,3.26,4.88,77.44,5.35,8.33,6.75,3.04,3,3.1,64,10.72,41.58,3,494,94.56,64.76,0.4,17,1978,1.08,0.45,100400,127700,149500,49100,326,421,497,171,475,29.2,24.8,12.6,4,0,12.45,59.96,34.52,67.36,92.59,5.8,4562.1,0.3,0,2
7.39,11.88,19.06,30.7,0.39,0.62,1,1.62,58.01,5.4,8.4,6.2,2.83,2.98,2.64,59.5,9.39,51.02,2,10737,89.28,56.59,7.5,39.87,1968,9.23,0.74,40100,56500,77300,37200,230,305,392,162,373,25.7,21.3,12.6,107,11,5.26,74.24,49.89,82.45,92.82,139.8,1841.2,1.86,6.27,2
15.56,26.73,35.36,36.21,0.9,1.55,2.05,2.1,92.56,1.02,5.59,4.6,2.84,2.95,2.1,90.94,0.33,15.01,4,194,95.67,87.77,0,40.72,1939,0,0.16,330700,483500,500001,169301,545,681,1001,456,705,20.2,18,13.6,0,0,5.81,55.62,61.86,84.06,86.65,4,3074.2,26.56,0,1
1.91,3.18,8.27,11.03,0.1,0.17,0.44,0.58,93.17,0.53,3.21,2.37,2.49,2.54,2.21,86.24,0.62,32.69,3,401,94.55,84.5,2.99,55.11,1957,0.39,0.2,127200,159700,204600,77400,421,570,695,274,656,24.7,21.2,11.9,22,0,5.26,62.25,65.22,89.02,93.29,33.9,528.4,0.79,0,1
13.08,17.25,23.92,29.21,1.14,1.5,2.08,2.54,88.12,2.2,4.79,3.44,2.66,2.74,2.49,69.01,3.18,38.4,3,484,97.07,66.91,0.83,23.76,1971,0.98,0.23,168400,204000,252000,83600,491,641,806,315,709,28.2,24.9,11.7,68,24,8.71,60.22,47.18,71.98,92.72,12.8,3386.4,4.26,0,1
2.45,4.9,8.96,17.33,0.13,0.27,0.49,0.95,88.57,0.93,3.35,2.37,2.52,2.71,2.21,66.28,1.3,44.73,3,2051,80.51,61.56,0.49,65.92,1962,1.39,0.19,119700,150400,205400,85700,330,449,567,237,543,27.4,22,12.8,12,0,5.48,57.92,54.66,78.88,80.08,31.2,693,0.45,0,1
20,36.76,36.76,38.92,0.48,0.88,0.88,0.93,94.89,0.71,3.39,2.02,2.17,2.23,2.1,55.25,1.51,34.93,3,11806,37.47,53.73,0.18,70.51,1965,2.57,0.58,130600,176700,263700,133100,433,533,636,203,632,26.7,26,15.6,0,0,2.39,35.21,43.36,64.1,80.2,7.2,2164.1,2.8,0,1
4.13,37.16,40.83,40.83,0.08,0.73,0.8,0.8,94.44,0.31,1.56,1.09,2.38,2.6,1.89,75.28,0.53,37.93,3,196,95.98,68.85,0,27.55,1954,0.15,0.45,81300,101700,131800,50500,328,412,516,188,481,25.3,21.3,11.9,0,0,1.95,84.13,62.88,87.42,93.22,3,3726.5,0.9,0,1
15.95,19.4,19.4,21.55,0.22,0.26,0.26,0.29,96.09,0.27,3.96,2.71,2.57,2.93,2.1,64.26,3.02,53.73,2,405,94.04,56.26,0.49,24.94,1969,2.25,0.12,66700,80000,94600,27900,356,418,494,138,446,26.6,19.1,11.8,21,0,1.35,76.87,47,74.93,92.27,6.8,2510.4,2.26,0,1
30.37,42.72,55.34,62.35,2.47,3.48,4.51,5.08,88.85,0.92,4.01,2.26,2.35,2.54,2.18,50.9,4.91,52.33,2,2684,92.24,47.1,5.55,33.01,1969,5.89,0.45,47800,63800,88800,41000,222,305,411,189,383,33.2,19.5,12.1,35,7,8.15,43.16,34,55.72,81.04,36.1,2347.4,2.7,8.33,2
12.16,18.42,26.13,34.31,1.69,2.56,3.64,4.78,85.15,1.91,2.99,2.12,2.5,2.63,2.16,76.31,2.45,48.78,3,2910,90.1,72.6,0.24,24.54,1978,0.62,0.18,93300,130100,172900,79600,530,617,735,205,705,27.1,23.2,12.5,0,0,13.92,20.85,40.63,70.21,77.34,22.5,2959.4,0.87,8.33,1
16.98,28.33,37.78,49.76,7.3,12.18,16.24,21.4,30.17,20.56,27.89,24.14,4.13,4.06,4.25,59.01,37.49,60.31,2,565,96.71,60.12,5.66,16.46,1964,5.61,0.73,122900,151100,179500,56600,470,588,697,227,648,30.8,25.2,11.2,0,3,43,44.74,46.7,87.39,89.69,6.8,10147.8,4.11,0,2
19.41,24.33,30.97,40.64,0.52,0.65,0.82,1.08,94.51,0.62,4.64,3.05,2.45,2.59,2.27,59.14,2.57,53.2,2,1628,91.5,55.94,1.17,24.82,1955,11.94,0.14,37700,49200,68200,30500,251,333,392,141,388,24.4,17,12,58,9,2.66,61.84,48.86,81.37,86.17,17.8,2457,1,0,1
16.36,27.88,37.43,49.06,2.53,4.31,5.79,7.59,74.97,5.97,10.38,7.53,2.92,3.05,2.75,58.86,10.82,47.14,3,4777,94.05,56.27,2.43,18.88,1969,3.63,0.33,105200,134800,170300,65100,419,512,629,210,575,29.6,23.9,11.3,174,12,15.48,50.09,40.25,68.49,89.05,80.5,2814.4,1.58,2.1,2
13.23,17.9,22.57,27.53,1.18,1.59,2,2.45,84.37,2.22,4.17,3.05,2.69,2.89,2.27,72.28,1.84,46.17,3,600,94.97,67.13,0.83,44.17,1963,0.86,0,121400,143100,169100,47700,359,478,578,219,578,23.9,24.3,14.4,9,0,8.88,69.5,55.79,81.98,91.38,17,1803.3,0.75,0,1
8.1,10.82,14.43,19.39,0.55,0.74,0.98,1.32,85.63,1.13,7.51,6.07,3.08,3.11,2.99,73.77,5.16,34.62,3,474,95.5,73.04,13.92,40.08,1968,3.95,0.41,80200,92900,111500,31300,396,442,533,137,520,26.2,22.7,13.9,13,0,6.81,43.12,54.97,72.42,81.19,64,489.9,1.11,0,1
4.95,11.26,18.74,24.27,0.45,1.03,1.71,2.21,86.14,1.54,3.9,2.67,2.43,2.66,1.91,75.66,1.16,45.27,3,222,95.02,69.04,0.9,31.08,1956,0.47,0,159000,194700,246200,87200,458,620,803,345,696,24.7,22,15.3,0,9,9.12,69.03,61.09,74.91,95.72,2.9,3962.3,6.07,0,1
15.71,18.32,43.98,47.64,0.18,0.2,0.49,0.53,96.72,0.59,4.53,3.07,2.49,2.72,1.94,76.62,1.83,44.27,3,226,96.59,70.06,2.21,37.61,1956,3.22,0.54,46000,58500,73400,27400,212,288,375,163,339,25.6,17.6,12.9,0,0,1.12,83.32,56.77,84.06,94.69,12,1425.5,0.88,0,1
2.13,4.37,4.67,5.54,0.06,0.12,0.13,0.15,82.6,2.69,6.54,4.77,2.69,2.76,2.58,62.67,3.45,40.24,3,1346,95.11,61.08,6.09,44.87,1956,8.66,0.32,40600,52300,69800,29200,202,278,338,136,363,27.5,16.9,12.8,20,5,2.76,70.47,60.39,90.71,93.94,24.9,2859,0.71,0,1
6.47,9.71,10.93,12.94,0.18,0.27,0.3,0.36,94.6,0.57,4.22,2.72,2.36,2.51,2.15,61.7,1.66,49.08,3,1712,92.19,58.03,7.48,44.86,1953,9.14,0.34,28800,42300,65200,36400,199,257,310,111,336,25.3,17,12.9,30,0,2.75,74.51,52.23,84.27,94.21,28.9,1749.7,1.27,0,2
0,0,4.06,26.25,0,0,0.12,0.8,93.91,0.76,6.03,5.13,2.97,3,2.75,91.92,2.08,31.21,3,118,96.75,91.26,5.08,41.53,1969,1.31,0.14,56200,79500,112900,56700,288,347,438,150,431,21.3,17.2,13.9,0,0,3.06,78.22,64.24,93.07,96.45,36.9,283.4,0,0,1
12.55,20.16,27.83,41.66,7.58,12.18,16.81,25.16,18.47,31.34,7.1,4.96,2.64,2.72,2.62,23.32,14.99,79.82,2,1375,91.29,22.66,3.93,32.51,1946,7.31,1.25,127100,162000,199800,72700,272,394,575,303,439,25.4,26.3,15,0,2,60.4,23.33,56.82,81.55,83.21,1.1,36199.2,25.05,5,1
17.05,19.76,26.74,29.1,0.59,0.68,0.93,1.01,92.92,0.74,3.85,2.68,2.47,2.57,2.35,56.3,3.06,44.17,3,2073,93.46,54.17,4.63,32.71,1969,6.64,0.42,49400,67900,94900,45500,212,309,383,171,405,27.2,22.6,14,102,29,3.46,55.65,46.81,72.3,78.5,42.1,1799.7,1.22,1.82,2
12.14,17.83,22.93,28.52,2.42,3.55,4.57,5.68,70.58,4.87,3.71,2.81,2.61,2.7,2.46,64.47,2.16,44.94,3,183,97.36,62.35,0.55,30.05,1950,1.17,0.26,164900,185600,210100,45200,404,542,723,319,623,23.3,22.6,17.5,0,0,19.92,59.34,66.93,84.7,91.94,2.8,6408.4,4.69,0,1
10.59,22.07,27.7,35.81,0.44,0.92,1.16,1.5,92.01,0.68,3.64,2.76,2.64,2.68,2.5,81.57,1.31,28.01,3,915,81.3,80.47,0.98,24.04,1969,0.7,0.35,92300,124500,164200,71900,336,436,584,248,523,25.8,22.5,12.8,0,0,4.19,59.87,57.83,74.94,79.42,32.3,327.8,2.26,0,1
11.3,35.15,35.15,48.12,0.25,0.77,0.77,1.05,95.17,0.86,5.14,3.64,2.55,2.71,2.25,68.82,2.64,46.31,3,291,93.53,64.75,0.69,26.46,1956,7.49,0.51,41800,56700,83100,41300,233,301,364,131,401,24.2,17.1,12.5,21,0,2.18,69.04,51.7,84.47,92.01,9.8,1122.4,0.35,0,1
10.44,18.68,25.45,37.77,0.73,1.3,1.77,2.62,89.3,2.51,5.2,3.46,2.5,2.67,2.27,60.74,4.84,50.33,2,282,96.07,56.85,2.13,23.05,1972,6.45,0.46,61700,78500,99300,37600,283,359,439,156,426,26.8,18.5,11.5,58,2,6.95,56.45,42.5,71.65,84.74,8.7,2020,0.35,0,1
21.43,27.5,33.99,45.48,0.36,0.46,0.57,0.77,95.97,0.7,3.49,2.26,2.42,2.74,1.97,66.14,1.59,52.48,2,1741,95.76,58.45,1.67,26.13,1965,3.4,0.23,46000,59000,78100,32100,256,336,407,151,380,24.7,20,12.6,107,18,1.69,65.17,47.84,76.45,85.5,44.9,2213.7,0.56,2.99,1
5,5,5,10,0.03,0.03,0.03,0.06,98.13,0.58,2.16,1.47,2.3,2.36,2.2,64.92,1.27,48.32,3,477,92.13,63.34,1.26,38.36,1963,10.48,0.53,33700,47700,68800,35100,127,203,262,135,266,24.7,17.2,12.3,2,0,0.59,75.67,55.46,86.89,92.3,11.4,1186.2,0.12,0,1
10.52,15.5,21.23,27.07,0.18,0.27,0.37,0.47,96.17,0.41,5.02,4.03,2.87,2.93,2.71,74.48,2.78,30.99,3,3777,93.22,72.96,8.05,32.14,1975,4.18,0.44,68200,88200,117100,48900,299,399,489,190,494,26.7,23.9,13.1,5,0,1.75,58.1,48.07,67.38,86.38,352.9,430.6,1.03,4.6,1
7.82,22.1,35.91,44.11,0.12,0.33,0.54,0.66,96.3,0.8,3.76,2.63,2.46,2.52,2.38,55.83,2.47,49.89,3,1879,93.61,54.45,3.67,28.37,1965,7.17,0.25,45500,65200,94800,49300,190,279,366,176,390,24.4,21.7,13.7,104,0,1.49,70.77,50.62,80.22,89.43,44.6,1559.7,2.69,0,2
7.32,12.09,16.76,19.35,0.45,0.74,1.03,1.19,79.38,1.94,4.7,3.46,2.6,2.68,2.46,65.7,4.15,40.35,3,1492,87.54,63.74,1.88,39.08,1969,8.75,0.31,43900,58200,74200,30300,229,296,377,148,364,25.3,21.2,11.5,0,0,6.14,31.32,43.08,64.24,68.88,17.7,1557,0.09,0,1
6.24,8.5,12.68,20.01,0.55,0.75,1.12,1.76,85.67,1.39,1.74,1.11,2.36,2.6,1.91,72.43,0.59,57,2,530,92.54,65.85,0.38,21.32,1972,0.58,0.2,144600,178100,225400,80800,628,706,824,196,788,24.8,21.6,11.8,8,0,8.81,61.86,52.61,78.57,88.51,13.9,1187.3,2.42,0,1
14.02,16.93,19.84,25.13,0.3,0.36,0.42,0.53,93.16,0.62,4.84,3.96,2.93,2.78,3.01,31.71,4.2,48.56,3,272,93.87,33.4,1.84,14.34,1965,7.1,0,51500,64700,77000,25500,245,307,391,146,353,21.1,19.1,13.2,0,0,2.12,21.38,16.67,30.21,32.83,11,1626,0,0,1
9.5,10.86,12.44,12.44,0.28,0.32,0.36,0.36,82.53,1.1,2.69,1.87,2.52,2.73,2.17,68.3,1.07,49.46,3,848,87.58,63.15,3.89,71.34,1958,3.03,1.05,88500,112300,145800,57300,336,437,527,191,506,25.5,23,14.6,0,0,2.91,71.81,54.49,80.25,89.44,39.9,380.7,0.83,0,1
1.94,2.24,6.57,9.48,0.21,0.24,0.71,1.03,82.06,2.27,4.05,3.39,2.72,2.73,2.55,96.59,0.37,5.89,3,47,98.97,96.36,2.13,46.81,1965,0.13,0.37,87600,105600,124800,37200,340,429,624,284,498,22.5,17.2,12.2,0,0,10.86,77.25,77.89,94.2,97.47,5.2,2394.1,2.54,0,1
11.07,17.14,22.14,24.49,0.2,0.31,0.39,0.44,95.75,0.41,2.69,1.64,2.21,2.39,1.98,60.01,1.07,50.44,2,2805,90.02,55.46,3.21,48.81,1951,8.29,0.4,43400,66100,96700,53300,166,261,355,189,329,24.7,15.9,11.4,156,14,1.78,77.11,56.53,84.22,90.86,30.5,1876.5,5.26,10.13,2
7.58,9.67,18.3,29.84,0.64,0.81,1.54,2.51,90.39,0.66,3.96,3.22,2.78,2.88,2.15,89.73,0.15,12.2,4,158,95.5,86.72,0.63,53.16,1956,0,0,361600,497900,500001,138401,475,989,1001,526,1001,27.8,20.1,13.4,0,0,8.41,54.68,66.94,80.7,91.8,17.6,578.6,7.26,0,1
4.21,6.84,6.84,6.84,0.06,0.1,0.1,0.1,96.91,0.48,4.08,3.18,2.68,2.68,2.69,84.47,1.75,33.79,3,198,95.99,84.53,9.09,34.85,1959,3.56,0.2,32300,44000,62500,30200,241,294,355,114,373,24.9,16.2,12.3,0,0,1.48,52.03,60.51,83.48,88.91,39.1,328.5,0.24,0,1
28.5,36.9,36.9,38.42,0.56,0.72,0.72,0.75,96.65,0.09,3.3,2.27,2.52,2.72,2.27,59.76,1.53,47.35,3,523,93.17,55.35,0.96,26.58,1965,7.22,0.25,50700,68100,90900,40200,257,331,404,147,423,24,18.4,12.3,0,0,1.96,72.21,43.13,71.03,88.22,10.8,1852,0.35,0,1
3.67,5.01,7.18,7.18,0.17,0.23,0.32,0.32,92.54,0.67,4.06,3.01,2.58,2.55,2.72,82.86,1.49,26.22,3,3183,61.64,83.73,0.41,45.77,1974,2.27,0.4,104800,132300,169800,65000,439,584,672,233,732,29.6,29,16.6,0,0,4.48,63.11,57.22,81.36,94.25,49.3,270.3,0.92,0,1
20.59,24.71,31.76,31.76,0.22,0.26,0.34,0.34,97.41,0.42,4.32,3.26,2.71,2.9,2.32,72.56,1.71,40.57,3,188,96.91,67.91,1.06,19.68,1968,1.61,0.33,54100,64400,73300,19200,306,358,408,102,394,21.1,15.7,12,0,0,1.06,64.59,54.35,76.32,88.27,8.6,1858,2.96,0,2
9.46,9.46,9.46,9.46,0.04,0.04,0.04,0.04,98.09,0.26,5.45,3.69,2.49,2.48,2.5,62.23,3.71,42.94,3,1000,88.45,62.36,4,53.2,1957,8.54,0.95,31200,45700,70000,38800,99,169,274,175,277,28.2,21,15.6,0,0,0.38,79.54,61.25,87.63,92.11,13.7,1422.1,0.85,0,1
6.06,6.06,9.64,11.29,0.18,0.18,0.29,0.34,96.31,0.3,5.28,4.28,2.9,3,2.15,91.36,0.89,29.24,3,111,97.34,88.34,4.5,24.32,1961,0.62,0,159900,190300,240300,80400,414,643,825,411,710,24.2,22.8,12.3,0,0,3.02,80.21,67.37,87.98,96.43,13.7,873.9,2.55,0,1
21.41,32.66,45.77,61.06,6.24,9.51,13.33,17.78,62.28,12.03,13.33,10.22,3.1,2.95,3.35,59.82,14.63,46.72,3,775,97,62.77,3.74,13.16,1967,1.12,0.33,188400,226100,277600,89200,600,690,873,273,736,31.1,22.7,11.4,0,2,29.13,39.71,48.31,77.57,86.87,10.4,7508.5,2.04,0,1
0,14.53,36.32,41.88,0,0.28,0.71,0.82,87.27,1.74,5.47,3.69,2.45,2.46,2.42,67.2,4.54,54.42,2,795,85.22,66.86,5.53,59.25,1957,11.17,1.56,21200,35800,56600,35400,147,214,289,142,319,24.9,19.1,14.5,0,0,1.95,78.41,57.68,80.46,95.59,8.4,1436.2,0.29,0,2
9.32,13.78,17.59,23.01,0.75,1.12,1.42,1.86,92.46,1.2,2.75,1.92,2.41,2.57,2.08,71.47,2,40.76,3,317,97.55,66.99,0,20.5,1968,0.86,0.29,119100,160100,225000,105900,411,476,579,168,534,26.7,19.1,11.1,10,0,8.1,49.88,52.93,71.87,88.87,7.6,4064.5,5.89,0,1
8.13,8.9,16.52,19.74,0.28,0.31,0.58,0.69,91.8,0.76,3.91,2.53,2.3,2.44,2.1,62.68,0.86,46.03,3,1017,89.83,59.1,9.83,65.88,1948,5.77,1.11,28500,44100,66600,38100,124,186,263,139,262,27.9,15.9,12.8,21,0,3.5,67.93,59.05,85.42,88.77,8.4,2634.1,1.01,0,2
21.24,23.01,32.08,33.41,0.32,0.35,0.49,0.51,96.07,0.41,7.15,4.88,2.57,2.65,2.46,59.21,4.77,43.04,3,716,93.93,57.39,2.23,44.69,1965,9.6,0.94,41500,59200,90400,48900,149,243,346,197,367,25.8,18.9,13.4,18,1,1.52,75.73,55.09,83.5,90.02,15.3,1951.1,1.24,0,2
11.41,19.03,27.44,37.04,1.96,3.28,4.72,6.38,69.45,5.65,11.59,9.44,3.27,3.34,3.12,69.36,11.75,38.59,3,501,96.9,67.89,1,10.98,1976,2.26,0.43,139400,172200,208400,69000,498,605,696,198,656,30.2,25.2,12.5,0,0,17.22,56.77,43.8,60.7,93.11,17.7,3379.5,0.53,0,2
5.68,8.88,17.9,26.49,0.29,0.45,0.91,1.35,90.54,1.84,5.37,3.73,2.57,2.79,2.23,65.06,1.21,43.67,3,243,94.73,59.86,6.58,51.44,1939,5.89,0.59,27800,39000,54400,26600,205,266,324,119,325,24.3,18.4,13,0,0,5.08,85.96,54.56,79.36,95.29,5.2,2575.8,0.77,0,1
8.21,16.71,25.5,35.37,0.11,0.22,0.34,0.47,96.02,0.65,5.65,4.04,2.62,2.64,2.59,56.28,4.27,50.04,2,3542,91.62,55.87,7.65,39.16,1958,9.86,0.47,53800,67400,86400,32600,235,327,399,164,416,28.3,22.9,13.6,3,16,1.34,65.45,53.77,78.73,89.2,34.3,3026.2,3.49,6.76,2
4,5.92,6.75,10.35,0.64,0.95,1.08,1.66,70.78,5.55,3.37,2.59,2.7,2.85,2.22,80.85,1.41,37.77,3,234,96.75,76.7,0.85,53.42,1960,1.57,0.26,104000,128300,157900,53900,325,443,554,229,522,25.1,19.5,13.9,0,0,16.07,72.71,69.07,92.99,95.27,28.1,669.1,0.2,0,1
6.64,13.06,21.08,27.28,1.66,3.26,5.27,6.81,74.58,2.84,2.18,1.09,1.79,1.71,1.96,63.69,4.73,89.98,2,7663,69.1,66.78,1,40.79,1971,3.89,0.34,59300,76600,114300,55000,328,431,571,243,517,34.9,25,13,0,0,24.98,14.64,56.43,74.88,83.03,4.4,7115.7,3.73,0,2
13.3,14.16,27.9,31.33,0.28,0.29,0.58,0.65,97.09,0.69,2.73,2.03,2.53,2.68,2.27,67.78,1.32,42.81,3,367,92.29,64.04,0.27,14.44,1974,2.59,0.46,66300,82800,103700,37400,350,404,467,117,489,22.7,21,13.4,0,0,2.08,68.91,46,71.73,86.86,14.1,793,0.69,0,2
12.38,22.46,29.71,37.42,0.19,0.34,0.45,0.57,96.32,0.51,6.24,4.31,2.59,2.68,2.47,62.01,4.57,40.37,3,6668,91.3,60.08,7.84,31.51,1967,5.46,0.43,44100,62200,87900,43800,184,294,381,197,381,24.8,19.6,12.8,109,5,1.51,72.25,49.5,79.33,87.25,139.8,1338,1.54,3.5,2
13.19,18.03,29.87,36.17,1.23,1.68,2.78,3.36,87.81,1.18,4.14,3.26,2.88,3.24,2,79.95,1.31,30.3,3,312,95.69,71.06,0.64,26.92,1971,0.51,0.23,201400,255800,339100,137700,611,676,735,124,710,24.2,23.9,12.9,0,0,9.3,52.23,55.46,78.27,85.01,21.7,919.5,1.93,0,1
14.73,20.1,29.77,35.71,1.33,1.82,2.69,3.23,87.01,1.69,2.89,1.71,2.23,2.37,2.1,51.24,4.4,59.77,2,948,96.08,48.24,0.42,11.18,1964,1.5,0.34,134000,163700,197000,63000,466,552,672,206,594,30.1,22.8,10.7,0,0,9.04,43.11,44.48,80.68,88.37,9.6,5541.4,2.79,0,1
17.52,25.84,32.36,42.84,6.84,10.09,12.63,16.73,31.36,17.82,13.84,10.83,3.17,3.2,3.15,48.8,22.78,64.86,2,575,97,48.35,2.26,25.22,1962,2.98,0.7,163700,213600,281300,117600,469,574,665,196,623,31.3,23,11,0,0,39.04,48.13,54.89,88.03,90,8.6,6964.9,5.98,0,2
5.04,5.86,5.86,13.68,0.15,0.17,0.17,0.4,95.63,0.41,3.74,3.09,2.86,3.01,2.01,89.21,0.74,23.76,3,407,96.64,84.63,0.25,10.32,1968,0.29,0.07,81000,96700,119700,38700,510,575,645,135,631,20.9,20.9,12.7,0,0,2.89,79.09,62.05,72.57,93.7,38.2,880.1,0.76,0,1
10.93,42.62,53.55,57.38,0.2,0.78,0.98,1.05,95.97,0.7,3.45,2.23,2.3,2.41,2.16,57.37,2.58,49.06,3,287,92.33,54.7,1.74,45.99,1967,13.64,0.62,34900,49600,70600,35700,131,199,276,145,274,27.9,19,12.8,24,0,1.83,71.08,41.27,62.43,86.7,7.2,1397.8,0.62,0,1
9.13,16.91,28.62,32.95,0.56,1.04,1.75,2.02,91.46,0.65,3.78,2.67,2.57,2.84,1.93,77.78,0.9,43.98,3,753,92.51,70.39,0.93,47.41,1963,0.42,0.4,135600,166000,215200,79600,477,599,682,205,658,25.9,23.2,14.2,0,0,6.12,72.44,61.93,83.29,90.75,21.5,1124.1,0.54,0,1
1.23,2.18,5.03,10.03,0.14,0.25,0.58,1.16,76.85,4.18,3.6,2.84,2.73,2.88,2.12,84.49,1.22,32.77,3,799,92,80.04,1.38,57.32,1964,0.89,0.38,114700,149100,196400,81700,182,320,521,339,380,28,22.3,13.8,0,0,11.6,74.24,62.78,87.96,95.97,63.7,427.4,0.78,0,1
10.32,15.72,19.68,28.49,0.96,1.47,1.84,2.66,91.26,0.48,4.26,3.31,2.72,2.84,2.26,82.78,0.4,17.99,4,354,94.84,79.24,0.28,48.02,1959,0.52,0.45,400500,500001,500001,99501,714,1001,1001,287,1001,24.4,22.5,13.3,0,0,9.34,26.78,59.86,79.97,80.96,22.9,779.2,17.42,0,1
0,0,0,9.03,0,0,0,0.16,94.56,0.83,16.35,13.15,3.14,3.31,2.66,78.8,3.85,29.02,3,275,94.72,74.9,1.82,37.82,1962,3.29,0.13,54600,66300,81600,27000,204,270,333,129,353,19.2,16.8,11.6,20,0,1.77,68.58,60.89,83.74,92.67,12.9,1211.2,0.66,0,1
17.46,22.84,31.47,36.21,0.27,0.35,0.48,0.55,96.7,0.79,2.97,2.05,2.41,2.56,2.23,58.41,2.31,49.64,3,1054,91.92,55.06,0.28,19.92,1969,8.66,0.37,41500,60900,85400,43900,178,247,314,136,319,24.8,20,12.9,2,0,1.53,63.19,47.33,77.47,84.41,20.5,1477.2,0.05,0,2
21.1,31.46,39.57,52.06,3.96,5.9,7.42,9.76,69.34,11.27,9.71,6.72,2.74,2.56,2.97,52.86,12.04,62.07,2,505,90.75,56.52,0.59,24.16,1972,3.17,0.44,239100,284400,348400,109300,537,707,902,365,759,30.6,26.6,11.5,67,0,18.75,49.81,46.04,76.28,88.04,2.8,4902.6,2.94,0,1
13.08,24.21,35.89,44.78,3.45,6.4,9.48,11.83,52.85,16.42,15.8,11.97,3.21,3.12,3.28,44.98,22.21,58.77,2,1217,96.48,46.25,0.99,14.05,1970,3.97,0.73,132400,161500,194000,61600,434,528,647,213,580,28.3,24.4,11.2,68,86,26.42,49.63,41.54,79.66,89.25,19.3,5637.3,2.28,8.33,2
17.81,23.39,36.27,48.28,0.75,0.98,1.52,2.02,90.64,0.6,3.81,3.16,2.92,2.96,2.74,81.79,2.85,19.75,3,417,90.1,80.61,0.96,20.38,1987,3.16,0.52,78800,92800,113800,35000,357,484,565,208,570,28.2,23.8,12.1,0,0,4.19,33.19,20.73,38.17,65.39,13.9,801,0,0,2
28.55,42.21,48.43,55.56,10.99,16.24,18.64,21.38,52.64,10.7,4.37,2.98,2.52,2.87,2.29,43.87,6.77,64.29,2,272,95.5,38.43,0.37,41.18,1957,0.83,0,172800,208500,249900,77100,500,649,846,346,711,27.5,24.8,14.7,0,0,38.48,38.02,55.44,71.13,76.96,1.3,11613.9,16.57,0,1
25.23,35.91,52.33,59.47,3.81,5.42,7.89,8.97,82.59,1.53,1.83,0.95,2.08,2.53,1.79,47.77,1.98,76.88,2,929,88.02,39.34,0.22,22.82,1982,0.53,0.19,157500,211100,271500,114000,603,647,731,128,727,23.8,25.6,14.3,0,0,15.08,38.77,22.34,41.09,65.59,12.4,1141.9,9.49,0,1
13.54,17.6,22.14,27.9,0.24,0.31,0.39,0.49,92.48,0.62,7.11,4.87,2.61,2.69,2.51,59.24,4.17,47.02,3,1807,93.54,57.55,13.12,46.93,1944,9.02,0.82,22500,32800,44500,22000,208,267,323,115,343,35.1,17,14.8,38,1,1.77,74.5,58.48,89.99,94.47,18.1,3846.4,1.63,9.84,1
12.34,20.29,31.66,40.52,2.23,3.67,5.73,7.34,75.03,2.48,9.13,6.77,2.85,2.95,2.68,64.16,9.25,47.35,3,2519,93.69,61.88,2.02,26.36,1965,3.05,0.22,105900,140600,186200,80300,383,511,629,246,578,28,25.5,12.1,47,9,18.1,46.72,43.03,65.04,86.92,31.3,3488.3,3.7,11.45,2
12.04,13.27,26.54,39.56,0.47,0.51,1.03,1.53,71.16,4.49,6.5,4.79,2.73,2.66,2.83,60.48,7.94,49.96,3,331,91.99,61.97,4.53,57.4,1960,12.15,1.16,30100,47400,71300,41200,177,236,304,127,317,25.5,20.1,13.7,0,0,3.88,87.16,54.85,90.03,98.19,5.9,1777.9,0,0,2
19.79,27.97,36.57,46.02,1.81,2.56,3.34,4.21,85.62,2.71,7.29,5.43,2.83,2.89,2.72,64.36,6.6,40.64,3,3316,90.84,62.94,1.72,18.06,1980,2.46,0.48,107100,133700,163700,56600,448,542,649,201,610,27.6,24.4,11.7,49,0,9.15,50.43,32.03,74.4,86.2,92,1057.6,1.04,0,2
21.21,27.61,31.65,36.2,0.77,1,1.14,1.31,81.59,2.6,7.85,5.87,2.83,2.77,2.91,57.72,7.91,53.73,2,672,89.52,58.9,4.46,48.21,1959,9.68,0.9,45900,56800,69000,23100,256,335,405,149,408,32.9,22.6,13.5,39,0,3.61,60.85,54.75,82.23,93,20.7,795.8,3.77,0,2
8.88,14.58,18.91,28.93,0.22,0.37,0.47,0.73,96.25,0.58,4.28,2.76,2.34,2.4,2.28,55.05,3.51,57.1,2,335,95.52,53.72,1.79,30.45,1964,6.96,0.59,52000,66600,87700,35700,268,332,394,126,403,31.5,22.8,14.1,79,0,2.51,34.52,37.92,72.84,81.33,6.7,2614.8,0,0,1
10.8,18.58,25.25,39.06,1.82,3.13,4.25,6.58,17.83,18.4,19.12,15.7,3.48,3.46,3.51,66.89,22.87,58.49,2,784,88.02,67.22,10.59,40.43,1967,23.63,2.71,20100,30000,44000,23900,104,193,275,171,244,27.2,20.7,12.2,0,0,16.84,70.93,64.36,88.43,94.4,9.4,2144.6,0.32,0,1
0,5.16,6.74,10.11,0,0.26,0.35,0.52,93.88,0.84,5.96,4.42,2.76,3.01,2.04,81.5,0.76,34.97,3,184,97.29,74.91,5.43,35.33,1962,0,0,167800,204100,262800,95000,305,620,743,438,690,24,20.2,12.8,0,0,5.13,82.1,69.85,86.35,95.53,19.6,944.5,9.12,0,1
7.57,7.57,7.57,13.88,0.17,0.17,0.17,0.31,93.11,0.42,3.72,3.11,2.81,2.88,2.09,93.36,0.7,16.31,3,92,98.19,91.09,1.09,53.26,1958,1.01,0.16,56600,73900,101800,45200,260,316,378,118,396,22.6,20.5,12.6,0,0,2.27,78.11,70.62,92.64,95.51,21.9,639.9,0,0,1
18.84,24.38,38.87,41.35,0.18,0.23,0.36,0.38,96.85,0.55,3.22,2.07,2.3,2.47,2.06,63.31,2.05,59.88,2,5240,90.99,58.98,4.83,44.58,1952,6.69,0.23,33300,45500,62000,28700,202,264,336,134,340,25.8,17.9,12.8,79,4,0.93,69.11,53.99,85.31,91.43,42.2,2993.9,1.64,3.29,2
14.06,33.87,43.66,56.99,0.75,1.81,2.33,3.04,90.06,2.54,6.29,4.16,2.49,2.6,2.36,55.24,5.55,52.75,2,3479,89.41,52.8,3.85,43.49,1966,9.56,0.51,38500,60000,89300,50800,225,300,374,149,366,26.9,18.8,13.2,10,4,5.34,72.84,48.43,77.43,92.79,41.1,1836.7,0.33,4.35,2
16.66,24.82,32.79,46.56,4.29,6.38,8.44,11.98,67.55,7.6,5.49,3.31,2.36,2.53,2.22,48.89,9.74,73.03,2,1941,95.29,45.7,1.24,21.17,1953,1.5,0.58,209400,262500,340800,131400,506,612,762,256,677,28.4,24.1,11.5,46,1,25.73,39.46,48,83.78,87.55,18,5210.5,3.23,5.48,1
4.01,7.41,9.26,16.05,0.03,0.05,0.07,0.12,97.67,0.39,3.7,2.49,2.44,2.56,2.28,59.6,1.46,48.85,3,1165,93.86,56.75,1.89,35.02,1955,7.37,0.46,36600,49500,68900,32300,204,269,347,143,351,26.5,17.1,12.2,1,0,0.73,80.08,51.69,86,93.12,18.7,2376.3,0.49,0,2
14.67,29.12,36.34,48.76,0.38,0.75,0.94,1.26,90.55,1.18,7.08,4.66,2.48,2.49,2.47,51.18,8.22,59.78,2,1371,82.83,50.98,12.04,56.46,1957,10.7,0.81,40200,52200,69600,29400,188,257,313,125,340,34.4,21,12.5,0,0,2.57,81.35,55.97,85.26,95.44,3.6,4722.3,3.82,0,2
16.26,23.04,29.99,43.09,8.35,11.82,15.39,22.11,39.58,18.15,3.61,1.56,1.85,2.04,1.77,31.48,15.45,91.61,1,13108,79,28.5,1.72,23.72,1961,9.01,0.88,123800,191300,322000,198200,296,379,508,212,427,35.1,25.2,13.7,61,20,51.31,11.48,38.19,71.29,73.61,7.3,12711.2,14.84,5.75,2
14.41,26.33,39.52,47.36,1.84,3.37,5.06,6.06,79.37,3.26,5.8,4.27,2.73,2.89,2.48,63.96,6.44,46.8,3,1419,94.21,60.34,0.7,11.49,1974,2.15,0.29,160100,226500,297100,137000,496,562,656,160,615,28.4,24.8,11.4,22,30,12.8,50.38,42.64,67.17,88.7,15.6,4053.1,0.96,0,2
1.62,4.22,4.22,5.84,0.04,0.12,0.12,0.16,92.27,0.48,3.59,2.45,2.43,2.59,2.11,71.66,1.31,42.98,3,198,95.91,67.23,1.52,34.85,1953,3.96,0.78,31700,43300,59200,27500,209,273,329,120,348,22.7,16,14.1,0,0,2.72,77.75,71.14,90.67,96.55,5,2265.9,0.37,0,1
19.24,26.11,33.13,37.61,0.2,0.28,0.35,0.4,97.08,0.44,7,4.79,2.57,2.64,2.48,61.96,5.1,46.25,3,11828,86.48,60.5,17.65,54.06,1964,6.45,0.76,35600,54800,79400,43800,180,269,346,166,351,28.1,20.7,13.5,115,14,1.06,73.93,56.29,86.49,92.37,102.2,1943.4,3.38,10.93,2
7.13,12.48,20.03,22.09,0.28,0.48,0.78,0.86,94.12,0.85,4.67,3.77,2.93,3.08,2.61,71.38,2.58,40.11,3,327,95.16,67.87,1.22,21.71,1973,2.52,0.59,59300,76000,94500,35200,319,397,450,131,444,23.3,16.6,13.8,9,0,3.88,78.57,55.37,90.66,94.66,23.3,808.6,0.21,0,1
46.16,55.73,65.88,67.89,2.78,3.35,3.96,4.08,92.29,0.64,2.68,1.65,2.25,2.45,2.08,52.09,2.75,53.2,2,548,90.66,47.99,0.36,35.04,1967,5.15,0.29,36600,49500,68900,32300,168,232,315,147,295,26.6,16.8,11.6,0,0,6.01,58.99,33.05,52.35,78.33,8.3,1691.1,0.11,0,1
11.08,19.34,26.12,37.3,4.37,7.62,10.29,14.7,43.75,15.02,5.85,3.6,2.45,2.73,2.32,34.88,7.1,66.58,2,528,90.54,31.24,1.7,55.68,1939,4.91,0.54,154400,215800,290000,135600,340,475,704,364,518,23.4,25.3,19.3,24,0,39.42,35.95,54.85,76.53,81.05,0.9,14029.2,37.01,0,1
18.27,25.46,32.08,40.66,1.28,1.78,2.24,2.84,84.94,1.75,3.68,2.49,2.53,2.74,2.25,62.46,1.59,51.12,2,2332,93.01,57.71,0.73,25.51,1969,3.73,0.3,116000,138800,166100,50100,440,574,686,246,645,26,23.2,14.8,26,2,7,37.01,47.72,71.02,73.34,32,2486.9,1.16,5.06,1
23.52,37.43,48.61,58.67,0.62,0.99,1.28,1.55,95.54,0.84,3.41,2.17,2.33,2.49,2.15,57.33,2.37,50.51,2,5506,93.15,53.67,6.57,29.48,1967,4.26,0.3,59400,78500,113200,53800,273,358,438,165,437,24.9,21.1,12.9,132,2,2.64,64.42,44.82,74.82,85.38,82.7,2220.1,1.57,3.19,2
0,9.52,11.9,35.71,0,0.04,0.05,0.14,98.58,0.32,2.91,1.9,2.29,2.36,2.19,58.97,1.39,52.62,2,376,91.88,57.22,0.53,46.01,1959,10.45,0.67,26900,40900,61800,34900,137,197,245,108,247,25.5,16.1,12.1,6,0,0.39,80.01,53.86,86.1,94.01,10,1074.2,1.05,0,1
0,5.91,5.91,5.91,0,0.12,0.12,0.12,94.88,0.41,2.89,1.77,2.35,2.62,2.07,56.39,0.97,51.54,2,304,93.56,50.51,0.99,47.37,1958,2.65,0.57,65800,84800,113900,48100,312,386,455,143,456,26.2,20.1,12.1,0,0,2.05,81.21,48.62,75.68,92.55,4.8,2250.7,0.64,0,1
36.89,54.64,67.3,72.32,4,5.92,7.29,7.83,88.3,1,2.06,1.02,2.37,2.58,2.28,34.37,1.83,52.12,2,682,94.25,31.6,0.59,23.46,1975,2.67,0.34,73700,94300,127300,53600,307,365,451,144,417,35.1,18.6,11,0,0,10.81,37.19,18.33,31.15,69.3,19.4,1779.3,6.36,0,1
14.97,21.58,27.95,35.52,0.29,0.41,0.53,0.68,95.61,0.55,5,3.25,2.46,2.67,2.18,61.69,2.47,52.98,2,28233,91.3,56.84,11.69,34.66,1962,5.6,0.33,39200,61100,88800,49600,262,343,428,166,409,24.3,17.6,12.3,563,137,1.91,69.53,47.61,82.54,90.9,380,1952.4,3.23,4.27,2
0,14.67,14.67,14.67,0,0.1,0.1,0.1,96.47,0.11,4.19,2.75,2.35,2.41,2.24,66.1,1.02,42.83,3,272,94.44,64.4,0.74,56.62,1940,3.05,0.59,31800,43800,57700,25900,185,236,287,102,335,24.8,17.9,14.2,0,0,0.68,89.03,65.27,88.99,95.65,3.2,3421.4,0.24,0,1
8.75,13.33,13.33,24.58,0.11,0.17,0.17,0.3,94.45,1.03,3.21,2.25,2.54,2.78,1.9,79.57,1.18,36.74,3,196,97.41,72.69,0.51,31.12,1961,3.1,0.44,50600,63800,79200,28600,212,280,341,129,326,21.8,16.9,12.3,0,0,1.24,76.34,53.88,79.26,90.92,9.9,1954.9,0.33,0,1
14.39,21.52,29.23,36.28,3.21,4.8,6.52,8.09,61.07,6.83,8.11,5.92,2.79,2.92,2.64,55.86,10.86,56.75,2,2025,95.94,53.29,1.04,10.81,1970,1.96,0.34,129400,164000,209700,80300,446,540,651,205,592,29.5,24.7,11.3,0,14,22.31,38.69,43.07,78.69,85.13,30,4500.6,4.49,0,2
8.59,9.56,16.05,23.99,0.3,0.33,0.55,0.83,92.61,0.8,4.53,3.31,2.65,3.03,1.97,73.66,1.91,40.41,3,176,97.45,64.53,0.57,26.7,1964,1.4,0,53400,64600,74300,20900,375,456,510,135,478,18.3,16.7,12,0,0,3.44,67.2,58.19,87.67,89.28,9,1983.6,4.31,0,1
12.03,16.67,23.08,30.97,0.86,1.2,1.66,2.22,89.54,0.56,3.96,3.2,2.86,2.95,2.19,90.48,0.67,23.61,3,415,92.25,87.59,1.45,35.18,1969,0.32,0.11,181000,226800,295600,114600,614,767,930,316,880,24.6,24.4,13.9,5,0,7.18,36.74,54.82,78.05,80.04,20.5,687.9,1.89,0,1
18.99,29.19,35.98,46.43,2.16,3.32,4.09,5.28,80.14,3.9,8.02,5.99,2.83,2.83,2.82,60.79,8.58,47.58,3,1386,91.13,60.76,2.09,23.81,1983,4.54,0.2,82800,102800,125000,42200,367,443,537,170,508,29.8,26.2,12.1,20,104,11.35,47.75,28.85,56.09,84.71,43.3,938.5,0.18,0,2
16.99,19.89,25.83,32.32,0.5,0.59,0.77,0.96,95.91,0.23,2.92,1.96,2.38,2.72,1.95,63.72,1.29,49.98,3,315,96.61,55.76,3.49,34.6,1963,2.06,0.09,55100,71700,96500,41400,277,358,424,147,431,25.7,17.5,12.1,1,0,2.97,58.25,43.68,70.37,81.02,10.5,2321.6,1.34,0,1
15.14,31.4,38.15,49.1,1.7,3.52,4.27,5.5,82.56,2.58,10.55,5.59,2.37,2.9,2.21,28.17,9.95,74.6,1,821,89.33,23.05,5.6,25.94,1955,9.69,0.23,80300,102900,135100,54800,343,502,596,253,537,31.9,27.9,15.6,27,1,11.2,53.75,47.41,82.93,88.69,1.5,11323.1,8.57,0,2
5.68,10.11,14.32,17.05,0.17,0.3,0.42,0.5,94.31,1.16,3.97,2.9,2.6,2.61,2.57,65.68,1.02,37.93,3,3101,65.54,65.34,0.84,27.86,1962,1.05,0.33,123400,153900,195800,72400,406,548,663,257,610,27.7,23.9,14.7,0,0,2.96,66.42,50.1,68.44,84.72,42.4,379.1,1.49,0,1
10.21,21.53,28.41,35.92,0.6,1.26,1.66,2.1,92.9,0.67,2.5,1.9,2.57,2.68,1.97,87.52,0.24,30.9,3,343,93.99,83.73,0,35.86,1973,0.5,0.11,186000,253700,361200,175200,647,765,959,312,864,26.9,23.6,13.4,0,0,5.83,45.16,53.59,77.17,80.75,24,581.6,1.4,0,1
9.59,17.81,17.81,17.81,0.04,0.07,0.07,0.07,97.12,0.82,9.41,7.36,2.97,2.99,2.89,77.98,6.4,33.61,3,623,90.57,77.4,10.43,60.67,1964,11.05,0.47,32500,43100,58900,26400,150,212,275,125,300,28.6,21.3,14.3,0,0,0.41,76.23,70.75,93.55,95.47,25.9,687.6,0.29,0,2
15.07,20.74,25.1,30.72,1.01,1.39,1.68,2.06,92.24,0.86,3.65,2.5,2.5,2.77,1.97,73.89,0.82,40.15,3,636,94.97,66.78,0.47,21.86,1954,0.28,0.24,160400,187600,234400,74000,504,717,858,354,800,23.8,21.9,13.3,0,0,6.69,68.71,61.45,80.71,89.57,15.6,1952,7.12,0,1
4.58,9.61,13.5,19.22,0.14,0.3,0.42,0.6,71.17,3.91,8.2,6.35,2.89,2.91,2.85,71.91,8.82,43.7,3,639,87.91,71.47,3.91,50.86,1966,12.7,0.68,26600,42300,66500,39900,171,245,324,153,314,27.9,19.7,13,0,0,3.12,81.05,51.45,81.54,96.45,10.2,1368.5,0.33,0,1
14.58,14.58,14.58,17.36,0.1,0.1,0.1,0.12,97.03,0.43,2.61,1.82,2.43,2.61,2.18,62.57,1.97,43.97,3,631,92.71,58.21,0.63,30.9,1975,10.26,0.36,40800,54200,76000,35200,173,239,295,122,335,25.8,20.9,13,0,0,0.68,60.87,39.19,64.6,83.54,26.6,799.8,0.36,0,1
10.92,16.64,22.39,27.98,0.45,0.69,0.93,1.16,88.89,1.98,7.77,4.85,2.48,2.65,2.32,51.24,2.89,54.91,2,24524,89.07,47.93,16.23,52.12,1939,8.97,0.75,30200,40900,53700,23500,161,237,306,145,322,29.3,19.3,13.6,589,105,4.15,67.87,59,92.11,94.64,79.8,6336.3,14.25,3.35,2
13.65,18.53,23.63,27.62,0.31,0.42,0.54,0.63,81.47,1.72,4.91,3.41,2.5,2.58,2.36,66.74,3.73,51.39,2,2538,93.79,64.81,8.2,52.92,1957,6.42,0.29,36300,48700,66200,29900,172,250,325,153,303,28.1,20.8,12.7,92,56,2.26,68.27,56.18,85.83,92.32,37.2,2651.9,1.11,2.99,2
19.22,28.99,33.88,35.83,0.32,0.48,0.57,0.6,97.1,0.51,3.45,2.63,2.74,2.86,2.22,83.92,1.49,41.51,3,237,96.58,80.21,1.27,29.11,1977,0.34,0.07,71600,88400,108400,36800,352,399,499,147,442,23.8,22.1,12.3,0,0,1.67,77.94,45.08,58.37,91.73,10.3,1791.2,1.92,0,1
18.48,29.18,42.02,54.75,4.24,6.7,9.65,12.57,69.77,5.24,6.08,3.82,2.49,2.65,2.35,50.13,9.29,57.35,2,1328,96.49,47.07,1.81,14.31,1964,0.64,0.27,224200,270400,323900,99700,608,737,913,305,779,25.8,22.5,11.3,114,0,22.97,43.7,44.67,74.36,83.76,19,4937.4,2.44,4.17,1
45.66,63.58,69.91,79.62,1.58,2.21,2.42,2.76,94.43,1.13,3.9,2.86,2.48,2.63,2.27,60.71,2.29,50.13,2,755,96.46,57.2,0.66,25.56,1958,1.95,0.54,40500,52900,69200,28700,210,283,360,150,351,27.5,18.3,13.3,9,4,3.47,73.02,43,67.46,87.13,24.9,2212.3,1.37,0,1
25.5,39.17,49.81,64.14,12.97,19.93,25.34,32.63,30.78,31.63,32.29,25.02,4,3.78,4.2,45.66,38.13,66.27,2,3362,95.52,48.29,3.24,14.66,1968,4.46,0.81,153600,185400,228000,74400,564,679,842,278,736,31.2,26,11.4,181,255,50.88,33.1,40.29,76.77,81.95,28.1,10468.4,8.61,5.76,2
4.97,7.08,9.75,10.21,0.22,0.32,0.44,0.46,94.01,0.89,2.89,2.2,2.41,2.4,2.45,73.75,2.63,43.09,3,2926,77.22,74.19,0.17,23.48,1979,3.53,0.25,65800,83500,110400,44600,324,403,520,196,484,26.2,22.8,11.4,0,0,4.46,11.14,37.35,56.85,61.8,44.6,546.4,0.36,0,1
5.84,5.84,10.95,27.01,0.05,0.05,0.09,0.22,97.82,0.2,3.92,3.19,2.65,2.92,2.1,74.35,1.42,38.8,3,164,97.24,67.58,1.22,25,1970,1.35,0,51000,63200,82000,31000,253,356,425,172,410,22.1,20.3,13.3,0,0,0.83,83.16,50.93,80.16,92.6,8.6,1920.5,0.87,0,1
15.65,16.99,22.8,33.01,1.35,1.47,1.97,2.85,90.33,0.93,3.27,2.8,2.95,3.07,2.08,91.35,0.57,17.92,3,107,98,87.74,1.87,31.78,1963,0.15,0,169300,214800,282200,112900,213,551,743,530,634,24.5,22.4,14.1,0,0,8.65,68.2,65,82.75,92.7,24.1,642.6,10.34,0,1
15.35,28.78,43.94,50.71,1.47,2.76,4.21,4.86,84.51,3.89,5.78,4.65,2.97,3.11,2.72,66.56,4.8,37.2,3,1529,85.66,63.59,0.26,12.69,1987,1.48,0,158200,192300,251100,92900,507,600,742,235,657,27.6,29.3,12.4,0,0,9.59,51.31,11.83,27.95,81.49,27.4,990,0,0,1
4.73,4.73,37.87,42.6,0.04,0.04,0.35,0.4,97.4,0.24,3.7,2.75,2.55,2.55,2.55,71.84,2.46,42.7,3,668,91.23,71.84,5.24,56.29,1963,7.96,0.34,33300,45800,68500,35200,182,240,303,121,333,26.8,21.5,12.9,0,0,0.94,70.67,54.92,80.64,94.12,18.9,957.5,0.05,0,1
4.65,10.25,12.16,13.33,0.13,0.29,0.34,0.38,94.54,0.52,3.21,2.05,2.32,2.61,1.89,66.92,1.26,55.44,2,705,97.44,59.4,0.43,29.79,1951,1.12,0.47,53500,63100,73200,19700,323,391,465,142,446,23.5,21.6,14.9,0,0,2.82,84.64,58.44,88.83,96.2,11.7,5385.8,4.14,10,1
7.26,9.51,12.54,27.34,0.54,0.71,0.94,2.05,86.25,1.96,3.91,2.65,2.49,2.52,2.42,65.77,2.82,40.51,3,540,93.32,64.82,0.93,18.15,1975,1.81,0,62600,75800,91800,29200,390,466,536,146,547,26.6,21.1,12,0,0,7.5,22.13,45.52,61.66,78.45,6.3,3005.6,0.34,0,1
0,0,0,4.7,0,0,0,0.04,97.9,0.16,3.55,2.67,2.56,2.57,2.55,70.39,2.85,44.88,3,460,93.83,70.21,4.35,41.74,1964,8.34,0.66,37700,53800,72500,34800,171,237,312,141,373,26.4,17.4,13.4,0,0,0.82,73.63,55.82,80.92,90.98,16.2,1120.4,0.07,0,1
9.84,15.36,23.6,31.44,1.6,2.5,3.84,5.11,81.51,1.89,3.07,2.13,2.43,2.47,2.29,76.93,3.27,63.12,2,2981,89.82,75.57,0.17,24.52,1978,0.86,0.17,75400,89100,105800,30400,479,562,668,189,651,27.8,24.1,13.7,0,0,16.26,18.78,43.42,72.33,78.1,18.9,3415,1.13,5.6,1
17.27,26.02,35.35,44.33,1.03,1.56,2.12,2.66,85.56,2.47,6.23,4.5,2.73,2.89,2.48,65.58,6.15,48.69,3,7549,87.67,62.1,0.29,24.8,1979,5.96,0.28,66900,84900,105800,38900,307,370,456,149,439,28.3,23.2,12.2,7,44,5.99,33.04,39.78,77.1,79.31,54.1,2738.2,1.6,10.33,2
14.74,31.44,51.15,55.6,0.29,0.63,1.02,1.11,96.05,0.81,2.96,1.85,2.28,2.4,2.15,54.57,2.33,56.88,2,901,92.91,51.84,1.55,27.97,1967,6.96,0.43,45300,66900,106600,61300,227,301,372,145,384,21.5,20.3,12.5,27,0,1.99,70.53,46.63,70.24,83.65,21,1345.1,0.35,0,2
23.53,31.14,35.64,41.52,0.26,0.35,0.4,0.46,97.1,0.4,4.93,3.59,2.59,2.69,2.44,61.56,5.08,45.87,3,1279,88.43,59.28,3.36,40.81,1965,9.9,0.6,38000,49100,69300,31300,201,265,312,111,333,25.7,16.5,13.1,23,20,1.12,69.76,57.89,87.6,90.96,15.7,1645.8,0.19,0,2
22.81,28.06,36.16,46.54,1.72,2.11,2.72,3.51,78.67,2.96,8.08,5.87,2.79,2.82,2.74,53.65,9.85,51.1,2,858,89.92,52.92,2.56,21.91,1966,10.08,0.89,61500,71900,89300,27800,308,393,487,179,464,27.3,19.8,11.5,32,8,7.54,45.05,41.6,71.93,80.06,23.7,904.6,1.25,0,2
19.83,35.51,41.72,48.15,0.47,0.84,0.99,1.14,95.89,0.6,3.82,3.1,2.85,2.86,2.83,71.02,1.4,18.87,3,797,94.43,70.79,0.63,13.43,1970,0.87,0.28,54700,65900,82500,27800,348,439,523,175,556,22.2,17.6,11.7,0,0,2.37,57.48,50.55,76.85,83.45,21.4,1809.9,1.67,0,1
11.68,22.63,39.52,57.25,1.33,2.58,4.52,6.54,82.8,3.44,3.61,2.73,2.69,2.86,2.43,64.55,4.9,38.28,3,2540,92.3,60.67,2.28,15.98,1981,2.85,0.23,81400,99700,126600,45200,380,466,589,209,542,23.4,22.7,13,0,0,11.42,44.14,37.31,57.07,82.42,36,2281.5,1.44,2.61,1
15.32,26.55,33.47,46.75,1.84,3.19,4.02,5.61,69.92,7.48,10.16,7.99,3.04,2.96,3.14,55.53,12.01,46.43,3,457,95.96,56.97,1.97,30.63,1971,5.74,0.54,55600,70300,91500,35900,252,336,418,166,427,29.7,23.5,12.3,23,0,12,64.47,43.24,79.96,92.43,14.8,2253.3,0.21,0,2
12.41,20.06,29.47,36.54,0.65,1.05,1.54,1.91,92.07,0.73,4.8,3.65,2.82,2.9,2.67,64.46,2.48,33.3,3,11471,92.2,62.49,0.68,28.06,1978,2.5,0.31,78800,96500,134000,55200,420,484,556,136,577,27,24.9,12.2,297,0,5.22,35.64,35.82,59.94,70.96,257.3,1527.9,0.75,7.87,1
8.97,15.96,33.36,40.43,0.27,0.48,1,1.22,95.46,0.57,4.54,3.29,2.6,2.64,2.54,57.98,3.77,42.51,3,1365,92.45,57.06,1.1,24.84,1970,6.14,0.34,43100,56000,71700,28600,250,323,395,145,405,23.4,16.8,11.1,9,0,3.01,53.64,47.14,71.16,79.95,17.3,2528.7,0.03,0,1
19.12,34.22,43.88,48.92,1.4,2.5,3.21,3.57,88.67,1.82,4.71,3.65,2.8,2.82,2.76,71.35,2.65,25.89,3,315,93.6,70.93,0.95,36.19,1978,2.32,0.06,68700,85700,105500,36800,421,521,690,269,667,29.3,22.6,12.5,0,0,7.31,24.17,40.75,62.71,77.15,5.4,2451.4,0,0,1
18.14,30.29,40.15,50.93,1.56,2.61,3.46,4.38,81.26,3.86,7.37,4.96,2.62,2.76,2.42,62.27,7.26,52.01,2,52115,87.65,59.12,3.78,26.56,1973,7.07,0.41,59500,77100,105200,45700,305,374,467,162,442,27.3,23,13.1,1710,276,8.61,33.98,43.31,78.32,80.67,435,2260.6,3.26,2.57,2
10,10,22,44,0.03,0.03,0.07,0.14,96.88,0.57,3.45,2.36,2.39,2.36,2.41,49.09,2.82,59.01,2,399,94.24,49.59,5.76,35.59,1963,9.31,1.07,35200,48200,69400,34200,168,239,294,126,339,23.2,20,14.1,1,0,0.31,75.8,53.12,81.06,92.64,10.4,1524.4,0,0,2
6.67,10.19,11.3,14.26,0.3,0.47,0.52,0.65,90.31,1.09,3.68,2.8,2.72,2.85,2.23,82.44,1.55,39.68,3,227,95.02,78.63,4.41,48.9,1954,0.81,0.35,121500,145000,170700,49200,329,438,542,213,532,22.3,22.9,13.9,0,0,4.57,75.94,67.46,80.5,95.82,22.5,525.3,0.07,0,1
7.76,18.47,22.95,22.95,0.53,1.26,1.57,1.57,91.28,0.87,4.72,3.82,2.9,2.99,2.37,88.65,0.85,22.93,3,177,96.3,86.1,1.69,58.19,1973,0.93,0.4,186300,248700,312400,126100,533,760,948,415,856,28.3,23.9,13.9,12,0,6.83,65.6,60.32,72.24,90.67,49.3,271.6,1.13,0,1
7.21,9.62,11.3,14.66,0.25,0.33,0.39,0.5,91.88,1.41,3.34,2.02,2.26,2.7,1.79,62.26,1.51,54.29,2,382,93.34,52.26,0.26,26.96,1966,1.68,0.16,61400,69500,81800,20400,375,418,462,87,456,25,21.6,13.2,0,0,3.43,68.68,57.41,90.27,96.41,4.7,2580.4,4.64,0,1
12.44,18.39,24.34,27.72,2.55,3.77,4.99,5.68,74.34,3.06,5.69,4.99,2.94,2.94,3,96.14,0.8,3.06,4,163,95.7,96.22,1.23,41.72,1961,0,0.55,500001,500001,500001,0,1001,1001,1001,0,1001,16.2,29.2,11.5,6,0,20.49,47.75,63.76,81.89,92.14,6.4,1655.3,3.89,0,1
17.58,29.62,39.1,51.89,10.44,17.59,23.22,30.82,10.88,36.42,27.82,23.07,4.01,4.24,3.92,30.11,54.84,84.83,1,612,95.78,28.47,3.43,24.51,1958,8.09,2.14,131100,163700,198800,67700,407,482,575,168,521,32.8,28.9,11.3,93,0,59.39,33.27,45.82,83.25,85.98,3.2,17742.1,14.25,0,2
29.85,29.85,39.55,39.55,0.21,0.21,0.28,0.28,98.04,0.13,3.93,2.89,2.6,2.65,2.51,62.55,3.06,44.62,3,607,92.05,61.34,1.98,28.5,1969,7.81,0.21,46200,61900,82400,36200,194,306,372,178,382,24,18.7,13.4,6,0,0.71,75.08,43.45,80.27,89.34,21.9,859.6,0.45,0,2
8.24,13.98,26.95,37.78,1.28,2.16,4.17,5.85,80.85,2.3,4.85,3.44,2.56,2.98,1.85,73.16,1.77,45.84,3,187,97.06,62.83,0,30.48,1952,0.52,0,183200,209300,241900,58700,406,486,592,186,533,23.2,24.3,17,0,0,15.48,44.79,70.94,89.03,92.85,2.4,6673.6,8.8,0,1
23.23,32.26,57.42,67.1,0.32,0.45,0.8,0.93,97.93,0.08,5.15,3.39,2.4,2.42,2.36,60.06,4.32,47.41,3,407,91.32,59.43,1.97,45.21,1959,11.47,1.11,31300,48000,73300,42000,128,188,251,123,293,27.8,20,14,0,0,1.39,70,52.37,76.38,86.5,8.8,1272.9,0.17,0,1
7.19,11.39,12.98,16.34,0.21,0.34,0.39,0.49,94.33,0.48,2.79,1.74,2.35,2.64,2.04,58.72,1.22,57.57,2,1475,90.6,52.33,0.34,29.97,1963,4.43,0.57,89800,112400,140700,50900,384,485,580,196,555,26.6,24.5,14.7,45,2,2.97,54.79,44.13,70.8,83.57,66.6,540.6,0.82,0,1
14.15,20.45,26.86,28.62,0.91,1.31,1.72,1.83,92.24,1.03,2.54,1.88,2.52,2.56,2.32,83.39,1.36,46.23,3,476,92.53,81.99,0.42,38.45,1981,2.19,0,70500,100000,144900,74400,361,433,546,185,520,27,23.2,12.4,0,0,6.4,22.24,44.21,68.03,75.14,4.7,3220.6,0.55,0,1
21.37,34.54,42.84,52,1.89,3.05,3.78,4.59,84.2,4.83,6.65,4.3,2.47,2.53,2.4,54.65,6.81,56.36,2,1372,94.03,53.29,5.39,27.41,1958,7.59,1.1,40900,56700,76300,35400,221,283,352,131,346,26.8,17.6,12.4,129,10,8.83,53.63,44.13,81.32,89.01,15.5,3538.1,1.43,0,2
4.83,7.59,10.8,21.61,0.05,0.07,0.1,0.2,96.89,0.59,4.01,2.83,2.48,2.58,2.33,62.41,2.18,50.81,2,1023,94.72,60.01,2.93,32.16,1957,8.1,0.27,42000,57600,79400,37400,211,280,357,146,376,26.1,17.6,12.9,24,0,0.95,70.57,52.48,83.91,93.41,20.9,2201.1,0.82,0,1
6.88,10.16,14.79,21.29,1.05,1.55,2.26,3.25,80.93,2.28,2.47,1.68,2.32,2.58,1.71,78.54,0.36,39.15,3,209,96.51,70.8,0.48,35.41,1955,0.19,0,175700,215500,270300,94600,512,704,898,386,765,27.5,23.2,14.6,0,0,15.26,63.18,69.7,83.47,94.14,5.3,2514.4,6.08,0,1
34.35,38.5,43.12,48.2,0.85,0.95,1.07,1.19,95.58,0.81,3.82,2.45,2.37,2.55,2.1,64,1.78,49.4,3,1185,93.85,59.37,1.01,26.67,1954,6.92,0.48,40800,51700,69300,28500,246,317,385,139,385,22.9,17.4,11.9,86,19,2.47,73.93,49.7,80.33,89.64,13.9,3154.8,1.77,0,1
7.19,11.94,19.6,26.49,0.68,1.13,1.86,2.51,86.54,1.43,4.22,3.36,2.76,2.9,2.05,88.21,0.93,25.71,3,1257,95.13,84.1,1.43,53.78,1966,0.17,0.1,120600,149700,191700,71100,478,610,761,283,627,25.9,20.9,13.9,0,0,9.48,33.53,65.67,80.9,87.53,25.1,2760,6.99,2.56,1
5.92,11.08,14.68,21.21,0.69,1.3,1.72,2.48,78.75,5.04,4.3,3.09,2.59,2.8,2.31,62.4,2.16,50.43,2,1432,92.94,57.74,1.47,39.32,1951,2.79,0.71,117400,138900,163400,46000,300,449,562,262,523,26.4,22.3,13.5,0,0,11.7,75.71,58.43,84.92,93.78,48.3,1031.9,1.92,0,2
21.6,28.65,40.29,46.89,0.65,0.86,1.21,1.41,93.26,0.66,25.2,21.88,3.82,4.13,3.17,73.33,6.51,30.55,3,381,97.88,67.87,1.57,28.87,1974,1.75,0.11,61000,73100,93000,32000,255,292,378,123,362,23,20.9,11.2,0,0,3,65.22,49.16,79.56,86.34,18.6,3633.1,2.06,0,1
31.91,49.08,54.66,61.9,1.64,2.53,2.82,3.19,93.47,0.81,2.94,1.76,2.3,2.57,1.88,68.28,0.79,43.92,3,531,94.09,61.17,0.75,32.2,1946,0.73,0.16,207900,301000,468500,260600,437,617,883,446,702,24.1,23.8,12.7,0,0,5.15,53.56,44.04,70.97,82.05,3.9,5766.6,1.44,0,1
0,0,20.45,20.45,0,0,0.22,0.22,96.36,0.29,3.55,2.54,2.53,2.56,2.48,68.33,3.02,43.79,3,843,84.99,67.59,1.66,63.94,1969,8.11,0.12,27300,40200,58200,30900,170,212,263,93,297,22.1,19.5,11.3,4,0,1.07,66.22,51.26,82.04,92.47,13.5,914.1,0.13,0,1
20.46,27.42,39.02,45.98,0.79,1.06,1.51,1.78,94.15,0.93,3.32,2.24,2.42,2.58,2.03,75.1,1.58,48.64,3,209,97.38,70.37,0.48,21.05,1958,1.88,0,64000,73600,90000,26000,341,426,512,171,460,30.3,20.8,11.8,0,0,3.88,76.01,56.88,72.77,94.07,3.6,5295.7,8.46,0,1
13.97,21.22,23.64,27.27,1.65,2.51,2.79,3.22,77.31,4.72,8.5,6.49,2.85,2.65,3.38,66.9,8.09,31.99,3,2495,61.17,72.04,0.28,24.13,1985,1.42,0.31,89800,117400,194500,104700,536,640,726,190,779,30.6,25.5,13.2,0,0,11.63,46.66,30.42,65.27,84.82,25.2,444.3,0.86,0,2
3.85,9.9,14.71,19.23,0.2,0.51,0.76,0.99,93.13,0.91,4.75,3.79,2.88,3.03,2.18,86.22,0.55,28.2,3,245,96.51,81.79,1.63,34.69,1959,0.32,0.11,162400,190600,237800,75400,432,615,737,305,694,23.3,23.6,13.5,0,0,5.15,78.24,67.02,84.12,94.94,21.3,950.2,6.92,0,1
0,0,0,0,0,0,0,0,96.12,0.2,3.1,2.56,2.85,2.92,2.28,91.04,1.03,29.21,3,104,97.33,88.81,1.92,46.15,1968,0.21,0,51000,65800,84200,33200,278,353,435,157,436,26.5,17,12.1,0,0,1.12,88.04,62.33,90.38,96.84,32.7,336,0.1,0,1
15.65,34.22,40.32,41.11,0.34,0.74,0.88,0.89,96.09,0.47,5.71,3.01,2.21,2.37,2.03,56.55,3.22,58.15,2,613,92.55,52.66,11.91,48.12,1950,4.57,1.03,65700,98100,137900,72200,288,375,464,176,439,27.8,23.1,14.8,9,0,2.17,60.23,48.01,70.6,85.6,4.3,4024.1,13.53,6.95,2
1.83,3.51,7.01,11.28,0.11,0.21,0.42,0.67,90.45,0.63,6.27,4.7,2.79,3.05,2.04,81.6,1.55,36.96,3,100,97.52,74.8,2,27,1956,0.91,0.37,120300,139600,161000,40700,249,526,656,407,578,29.7,22.5,15.1,0,0,5.94,84.32,71.44,85.4,98.83,7.6,1449.3,7.44,0,1
10.49,16.74,31.66,40.39,0.52,0.83,1.58,2.01,89.16,1.54,5.12,3.45,2.62,2.68,2.59,31.88,6.53,61.87,2,1652,86.82,31.09,9.93,38.32,1970,8.2,0.61,65300,85400,109700,44400,361,467,593,232,523,26,21.6,10.9,68,41,4.98,25.24,28.17,52.73,59.2,32.5,950.4,1.24,0,2
0.9,0.9,0.9,1.79,0.06,0.06,0.06,0.12,58.79,2.37,1.52,1.07,2.35,2.62,1.93,67.72,0.85,50.36,2,473,91.27,60.65,2.33,49.47,1939,4.93,0.37,50300,68000,87600,37300,213,288,344,131,328,27.4,18.7,13.6,1,0,6.6,77.72,67.03,89.4,93.91,64,184.9,0.21,0,1
6.89,11.44,19.98,26.36,0.44,0.73,1.27,1.67,91.16,1.12,2.98,2.03,2.44,2.58,2.25,62.7,1.19,48.99,3,959,95.58,59.48,1.25,40.04,1955,1.23,0.39,130500,151000,186500,56000,449,580,690,241,664,25.8,22.7,12.4,24,0,6.35,62.08,53.35,84.65,91.91,28.2,1828,2.87,0,1
12.31,22.36,35.82,48.89,0.57,1.03,1.65,2.25,90.01,1.99,7.8,4.65,2.4,2.43,2.38,43.01,7.96,69.6,2,3244,84.83,42.44,6.54,31.17,1973,11.14,0.31,43900,60500,88500,44600,280,373,467,187,451,27.3,20.2,12.4,86,75,4.6,37.77,39.51,72.99,79.69,22.8,1986.2,1.99,11.03,2
11.73,17.4,25.12,29.33,0.53,0.78,1.13,1.32,91.64,0.33,2.61,1.84,2.43,2.67,2,70.09,0.93,43.14,3,427,95.63,63.74,0.7,41.22,1963,0.52,0.38,79400,99300,127300,47900,406,471,556,150,542,24.2,21,12.9,5,0,4.49,81.39,59.45,81.47,91.04,13,1754,0.94,0,1
9.69,10.96,17.22,26.03,0.5,0.56,0.88,1.33,94.55,0.22,2,1.36,2.41,2.61,1.91,77.68,0.36,34.95,3,511,94.15,71.83,0.78,44.03,1942,0.5,0.22,204700,257200,361100,156400,508,687,909,401,760,24.8,21.6,13.9,19,0,5.12,65.66,66.82,86.17,90.9,4.7,4254.9,6.87,0,1
12.01,18.55,24.15,33.97,0.19,0.3,0.39,0.55,96.5,0.32,3.38,2.33,2.4,2.39,2.41,65.41,2.27,48.33,3,3465,84.02,65.63,4.42,63.46,1961,7.11,0.72,20900,38400,59700,38800,181,243,329,148,340,24,19.6,12.2,20,1,1.62,63.58,47.69,77.45,86.97,74.8,605.7,0.25,0,2
15.43,23.25,30.89,39.31,1.77,2.67,3.55,4.52,84.22,3.38,5.95,4.56,2.84,2.88,2.72,76.8,5.15,41.27,3,2659,93.54,75.72,0.49,19.86,1979,0.64,0.1,184200,233300,297100,112900,626,759,926,300,832,27.8,27.4,13.3,0,0,11.49,52.28,38.51,82.37,88.96,41.9,2638.4,0.69,0,2
11.17,18.28,23.01,29.94,0.65,1.06,1.33,1.74,88.99,1.12,4.5,3.38,2.66,2.71,2.59,59,4.39,44.54,3,5056,85.4,57.88,2.97,41.97,1967,8.31,0.79,41300,55000,72200,30900,230,298,373,143,378,26.6,21.4,12.2,65,0,5.8,39.69,41.16,66.98,71.68,53,1520.5,0.03,6.85,2
4.01,10.42,12.66,19.07,0.19,0.49,0.59,0.89,92.84,0.62,4.15,3.07,2.62,2.85,1.85,83.59,0.6,28.17,3,225,95.67,76.75,0,19.11,1965,0.08,0.1,115500,144600,179900,64400,569,636,715,146,688,25.2,22.2,13.1,0,0,4.68,81.02,61.12,84.21,93.87,6.3,2118.1,1.42,0,1
5.87,11.47,11.47,13.6,0.19,0.36,0.36,0.43,95.46,0.43,3.44,2.44,2.61,2.79,2.34,65.01,1.59,48.58,3,330,93.11,60.9,0.61,37.88,1973,2.28,0.4,113500,137600,163900,50400,453,557,647,194,631,26.5,27.2,15.9,0,0,3.17,43.03,44.66,80.59,82.4,26.1,451.4,0.36,0,1
18.01,24.08,28.9,39.37,0.69,0.92,1.1,1.5,92.05,0.83,2.94,1.88,2.36,2.62,2.11,55.55,1.16,57.27,2,962,91.49,50.17,0.73,29.63,1958,3.18,0.24,98200,119900,149200,51000,380,467,550,170,523,26.7,24.6,16.2,35,0,3.81,47.3,46.14,66.76,77.18,27.7,904.7,1.38,0,1
35.84,37.55,37.55,39.27,0.87,0.91,0.91,0.95,94.94,0.66,4.41,2.94,2.45,2.62,2.22,60.04,1.28,43.43,3,449,94.29,56,3.79,44.99,1939,3.26,0.25,43800,58500,75200,31400,248,322,402,154,388,28.8,16.1,14.3,0,11,2.43,85.74,51.24,80.16,93.44,7.9,2418,2.26,0,1
2.86,13.33,16.51,16.51,0.06,0.3,0.37,0.37,96.75,0.81,3.83,2.81,2.71,2.96,1.99,81.27,1.16,36.71,3,123,97.59,74.51,0,30.89,1957,1.41,0.2,72400,90700,119300,46900,314,414,502,188,459,29.7,20.5,11.8,0,0,2.27,68.97,54.63,76.57,88.16,5.6,2485.7,0.74,0,1
12.26,28.13,32.31,47.91,0.23,0.53,0.6,0.89,95.95,0.45,1.87,1.34,2.46,2.66,1.91,78.83,0.44,36.88,3,326,95.96,72.84,1.53,26.07,1970,0.49,0,78400,96600,124200,45800,380,450,505,125,513,22.7,19.2,11.5,0,0,1.87,78.21,60.41,87.25,92.11,26.4,729,0.24,0,1
7.13,13.77,18.28,23.14,0.72,1.4,1.85,2.35,88.02,1.08,4.92,4.04,2.92,3.06,2.11,89.54,1.05,31.73,3,724,93.91,85.51,0,53.04,1964,0.2,0.47,182200,216300,255500,73300,473,643,849,376,743,29.3,24.2,15.8,17,0,10.14,77.02,67.65,86.48,94.9,38.1,879.3,7.95,0,1
14.71,22.17,31.22,36.2,0.28,0.42,0.59,0.68,96.42,0.48,2.46,1.8,2.59,2.81,2.03,77.74,0.91,35.98,3,283,96.96,71.66,0.71,14.49,1973,0.18,0,69900,86300,107100,37200,400,446,497,97,515,22.2,18.2,11.9,0,0,1.88,69.05,43.35,76.07,87.13,11.1,2113.7,1.35,0,1
9.2,14.02,20.41,28.34,0.54,0.82,1.19,1.65,90.61,1.24,6.99,4.85,2.61,2.82,2.15,73.62,3.57,44.09,3,1391,88.2,68.08,2.66,47.81,1955,2.95,0.32,111300,136800,161800,50500,373,492,622,249,545,27.6,24,15.9,47,0,5.83,62.33,61.96,87.85,94.18,8.5,3312.8,2.51,0,2
27.34,35.96,39.58,41.07,0.44,0.58,0.64,0.67,97.16,0.24,2.83,1.83,2.3,2.51,2.04,61.85,1.36,52.1,2,1566,92.63,56.84,11.37,35.57,1966,9.24,0.24,40500,60000,88300,47800,176,245,333,157,313,25.7,17.7,12,44,1,1.63,62.18,48.76,72.74,85.69,31.7,1558,0.9,0,1
14.97,24.49,30.48,35.92,0.52,0.86,1.07,1.26,95.16,0.55,4.47,3.22,2.63,2.87,2.22,69.51,2.89,50.72,2,544,93.55,63.79,1.65,24.63,1973,2.14,0.3,54100,70400,100700,46600,419,494,548,129,566,22.9,17.9,13,0,0,3.5,71.65,46.88,75.68,91.26,35.1,598.1,0.09,0,1
17.81,19.05,20.08,25.88,0.65,0.7,0.73,0.94,94.22,1.25,4.07,3.27,2.71,2.77,2.29,89.09,1,25.17,3,238,95.28,87.08,0.42,55.88,1957,0.64,0,117100,168900,219000,101900,411,568,675,264,665,24.5,22.7,15.4,0,0,3.65,72.37,60.2,86.96,91.93,4.9,2708.6,7.29,0,1
8.21,8.21,18.54,18.54,0.16,0.16,0.36,0.36,95.64,0.1,4.71,3.02,2.41,2.63,2.12,63.03,0.76,39.78,3,465,93.67,57.84,1.72,42.58,1939,6.65,0.35,31000,41600,57300,26300,194,240,292,98,314,25.8,18.5,13.6,0,0,1.94,77.64,59.09,87.13,93.28,6.1,2759.2,1.47,0,1
24.6,32.72,46.77,58.46,2.42,3.22,4.6,5.75,87.41,2.18,3.37,2.68,2.73,2.79,2.6,71.7,2.73,23.66,3,1514,94.73,70.26,1.45,28.53,1971,1.25,0.05,85900,110000,139700,53800,409,516,642,233,597,24.3,19.9,11.3,0,0,9.83,43.43,53.78,74.23,86.61,29.3,2556.7,1.95,2.94,1
29.23,45.61,52.78,57.49,1.87,2.92,3.38,3.68,88.38,3.11,6.1,4.08,2.48,2.5,2.46,50.81,6.73,59.66,2,163,97.2,50.34,2.45,23.31,1967,5.83,0.07,86900,113300,144700,57800,304,416,513,209,496,29.2,23.1,11.7,105,6,6.4,64.85,37.79,74.21,92.31,4.9,2977,0.31,0,1
21.8,29.6,35.69,40.65,1.44,1.96,2.36,2.69,92.55,0.48,3.03,2.08,2.43,2.75,1.85,73.26,0.47,38.69,3,726,94.57,64.9,0.14,30.99,1945,0.51,0.16,94000,138100,224100,130100,423,504,614,191,591,23.8,18.4,12.7,0,0,6.61,56.26,57.92,83.07,86.71,6.5,4741.8,9.36,0,1
3.69,7.31,9.49,12.4,0.21,0.42,0.54,0.71,91.57,1.12,4.85,3.47,2.62,2.79,2.15,79.15,2.47,37.84,3,488,97.56,74.58,0.82,22.13,1958,1.1,0.08,44800,55400,66700,21900,318,415,487,169,476,25.4,17.5,13.5,0,0,5.7,80.17,63.26,86.58,97.09,10.2,5054.3,0.94,0,1
15.64,23.46,30.73,44.83,0.51,0.77,1,1.47,88.81,1.05,4.49,3.35,2.64,2.57,2.73,53.36,4.7,46.14,3,1212,86.73,54.79,3.47,57.59,1960,10.97,0.67,31800,46500,70300,38500,199,291,371,172,363,23.7,20.3,12.4,14,0,3.27,41.09,39.19,62.24,68.07,13.5,1622,0.07,0,1
16.18,24.71,29.93,36.59,7.26,11.09,13.43,16.42,8.79,25.41,19.07,16.14,3.66,3.77,3.52,60.66,23.43,52.32,2,258,95.34,59.03,2.71,34.11,1971,12.56,0.9,53600,68000,91600,38000,177,265,347,170,336,32.3,23.4,13.1,10,7,44.87,41.74,56.02,82.34,87.15,21.6,902.8,0.57,0,2
8.53,12.34,17.74,20.01,0.63,0.91,1.31,1.48,89.19,1.21,5.53,4.22,2.75,2.86,2.32,82.64,1.04,30.71,3,260,97.03,79.41,0.38,35.38,1949,0.93,0.23,152100,177500,219700,67600,299,556,739,440,682,24.8,21.1,13.7,0,0,7.4,80.93,69.83,82.63,94.88,10.8,2196.4,7.64,0,1
19.21,27.54,37.71,47.32,2.52,3.61,4.95,6.21,84.58,3.09,4.28,2.2,2.09,2.35,1.84,54.95,4.02,63.25,2,12330,95.05,48.88,3.33,22.04,1949,2.63,0.64,94100,137900,197300,103200,327,425,549,222,463,26.9,21.1,11.7,2170,369,13.12,42.63,43.85,75.68,82.27,86.9,5940,16.52,3.49,2
4.14,7.3,9.68,12.57,0.29,0.51,0.68,0.88,85.22,1.37,2.86,2.02,2.51,2.73,2.14,67.9,1.42,50.81,2,1033,95.87,62.44,1.06,29.82,1960,2.1,0.14,129300,153500,182700,53400,351,465,566,215,549,24.7,23.6,13.6,14,3,7.01,68.85,58.12,90.09,94.5,27.5,2208,1.04,0,1
15.53,22.69,31.38,35.85,2.03,2.97,4.1,4.69,82.85,2.11,3.33,2.66,2.71,2.8,2.18,88.67,0.39,19.66,3,326,96.75,85.93,0,25.15,1952,0.23,0.24,205800,280800,396100,190300,573,723,1001,428,818,25.8,19.8,11.8,0,0,13.15,58.92,62.37,88.27,90.5,5.6,4796.9,20.48,0,1
20.73,33.85,43.66,53.15,0.65,1.05,1.36,1.66,94.26,1.46,5.33,3.69,2.55,2.7,2.26,70.82,2.7,50.7,2,1689,94.75,67.03,5.92,34.99,1948,5.76,0.44,29400,41000,58300,28900,194,259,328,134,326,25.4,17.2,13.2,77,4,3.12,70.01,53.86,81.83,87.39,56.2,1431.3,1.23,5.41,2
12.05,14.25,18.63,18.63,0.4,0.47,0.61,0.61,95.09,0.37,6.61,5.37,3.05,3.23,2.26,86.59,1.36,29.59,3,107,97.11,81.91,2.8,36.45,1963,0.64,0.62,126900,153100,183300,56400,352,507,639,287,585,24.7,24.2,15.4,0,0,3.29,85.59,62.38,88.97,96.57,17.9,621.6,1.4,0,1
7.08,10.34,18.27,20.25,0.25,0.37,0.65,0.72,95.17,0.28,4.17,3.51,3.1,3.16,2.7,87.86,1.06,32.68,3,353,94.76,86.08,0.57,34.84,1977,0.45,0.31,127900,152900,186900,59000,523,639,823,300,787,25.3,26.6,13.9,0,0,3.57,24.74,52.16,67.4,72.68,43.3,456.7,0.77,0,1
12.16,20.64,30.12,45.53,1.32,2.24,3.27,4.95,73.64,5.57,7.89,5.82,2.82,2.9,2.73,53.01,10.83,51.97,2,5495,88.44,51.52,5.61,45.24,1966,9.27,0.71,36100,49000,68000,31900,262,323,389,127,383,23,18.2,12.3,6,3,10.87,62.93,45.07,84.67,92.54,45.3,2632.4,0.38,7.11,2
47.3,63.05,72.27,76.68,5.06,6.74,7.72,8.2,86.96,1.56,2.94,2.93,2.43,2.64,2.33,35.95,5.79,63.27,2,903,93.73,33.16,0.22,19.49,1961,0.81,0.35,77300,97000,133000,55700,320,414,560,240,451,34,17.8,12.5,28,0,10.69,63.14,19.27,32.68,82.25,9.8,5152.2,3.2,0,1
8.12,11.08,14.03,25.63,0.49,0.67,0.85,1.56,91.36,0.69,4.78,3.85,2.92,2.96,2.61,89.84,1.48,36.14,3,841,86.37,88.63,3.33,57.31,1961,1.78,0,118800,142800,166600,47800,530,673,840,310,879,28.7,26.6,15.6,0,0,6.08,64.03,59.81,69.42,94.47,11.3,1377.3,1.85,0,1
0,0,0,0,0,0,0,0,97.69,0.2,2.28,1.64,2.41,2.52,2.03,80.1,0.62,35.27,3,311,93.55,76.38,0.32,40.19,1960,2.48,0.39,40500,55300,76200,35700,202,259,323,121,344,23.1,15.6,11.9,0,0,0.87,74.34,66.16,87.85,92.45,3.9,2816.9,0.72,0,1
6.12,9.31,14.63,20.21,0.15,0.23,0.35,0.49,94.07,0.71,4.42,3.81,3.09,3.11,2.94,87.01,1.75,15.04,3,347,93.53,86.33,0,35.16,1984,1.37,0,84100,98500,128400,44300,447,598,731,284,740,23.7,24.4,12.2,0,0,2.42,42.09,37.01,52.59,76.11,33.2,467.9,0.34,0,1
4.23,7.43,21.17,27,0.43,0.76,2.17,2.77,80.95,2.87,3.37,2.23,2.4,2.53,2.21,61.27,1.89,53.2,2,295,94.4,57.94,2.03,29.15,1954,2.59,0.84,127200,152300,179500,52300,356,487,587,231,597,24.7,25.1,14.9,18,0,10.26,71.76,59.02,82.25,94.37,5.2,2364.3,1.79,0,1
2.17,14.7,17.59,20.72,0.03,0.23,0.28,0.33,96.74,0.12,2.44,1.78,2.46,2.67,2.01,74.54,1.32,36.31,3,541,95.12,68.79,0.74,12.94,1968,1.07,0.14,59100,72700,95500,36400,310,356,418,108,431,22.8,16.6,11.4,0,0,1.58,60.07,53.73,75.07,86.22,8.3,3157.2,1.53,0,1
8.42,12.5,15.49,22.28,0.29,0.43,0.53,0.77,57.99,2.1,6.65,4.81,2.67,2.76,2.53,64.79,5.35,47.69,3,385,90.95,62.76,2.34,36.62,1968,10.78,0.45,40200,53800,71600,31400,152,222,300,148,304,27.4,19,11.7,0,0,3.44,57.76,48.51,77.65,85.9,9.1,1170.9,0,0,2
11.16,21.21,38.84,47.1,0.28,0.53,0.97,1.17,96.65,0.86,4.17,3.01,2.5,2.57,2.3,75.72,2.02,54.93,2,348,95.37,73.66,1.44,31.9,1951,2.49,0.16,45600,54000,65200,19600,270,342,398,128,431,27.2,16.8,12.7,0,0,2.49,77.6,63.3,82.88,94.66,4.5,3961.9,1.33,0,1
10.71,13.93,20.15,23.64,1,1.31,1.89,2.22,89.4,0.75,2.37,1.8,2.59,2.76,2.02,81.5,1.06,24.54,3,294,96.83,76.36,1.02,29.25,1959,0.37,0.23,301400,393200,500001,198601,576,714,936,360,767,27.5,24,10.8,0,1,9.38,53.09,59.73,78.04,91.71,15.7,1492.3,12.66,0,1
0,22.22,43.21,62.35,0,0.17,0.33,0.48,97.59,0.29,8.27,5.31,2.49,2.52,2.45,56.24,5.84,49.96,3,982,89.38,55.54,4.68,39.82,1958,9.51,0.97,28500,42200,57400,28900,119,192,297,178,320,30,21.8,14.1,2,0,0.77,81.61,59.51,89.69,92.99,13.9,1500.7,0.71,0,2
50.83,68.05,80.05,87.17,2.32,3.1,3.65,3.98,93.55,1.61,4.44,2.56,2.4,2.61,2.24,46.87,4.23,52.15,2,444,94.29,43.07,13.51,38.06,1973,7.74,0.19,43000,59600,81000,38000,176,259,329,153,332,34.9,17.5,12.2,0,0,4.56,68.93,38.8,61.1,84.2,13.3,1384.9,0.62,0,2
11.62,18.49,25.94,28.94,0.49,0.78,1.09,1.22,93.65,0.79,4.49,3.46,2.81,3,2.27,78.88,1.38,35.19,3,322,96.41,73.85,0.62,25.47,1971,0.97,0.02,99200,119600,145600,46400,462,557,639,177,640,25.4,23.9,12.9,5,0,4.21,66.57,46.72,68.86,88.47,14.6,1674.3,5.18,0,1
4.33,7.85,13.8,25.17,0.18,0.33,0.58,1.05,94.04,0.28,7.54,6.47,3.18,3.22,2.69,93.8,1.21,17.1,3,115,97.97,92.69,4.35,33.91,1960,0.4,0.23,151500,174700,199400,47900,363,593,830,467,660,26.7,22.5,13,0,0,4.19,86.26,73.79,92.47,97.05,17.8,993.9,3.06,0,1
30.08,39.07,47.6,50.85,0.74,0.96,1.17,1.25,96.07,0.69,2.71,1.85,2.44,2.76,1.98,66.32,1.18,50.03,2,805,92.94,58.51,0.37,21.12,1974,3.45,0.31,56600,74400,97400,40800,316,379,469,153,444,24.3,18.7,11.5,0,0,2.46,69.94,45.26,63.13,88.03,11.2,2341.7,0.45,0,1
9.49,16.84,27.98,33.62,1.41,2.5,4.16,5,78.63,2.89,6.41,4.91,2.86,2.93,2.64,77.97,4.48,33.91,3,531,95.37,76.18,1.13,20.34,1974,1.23,0.07,176200,242800,330400,154200,549,688,835,286,745,29.3,25.7,11.1,0,0,14.86,51.44,48.03,86.55,93.03,16.1,2015.2,1.36,0,2
40.52,60.13,65.36,69.93,0.58,0.86,0.94,1,96.57,0.75,3.88,2.37,2.3,2.55,2.01,58.46,1.13,51.5,2,245,93.54,52.64,1.22,37.55,1964,3.36,1.21,33900,48700,69700,35800,175,244,295,120,290,33.1,17.7,12.1,0,0,1.43,60.5,35.04,55.73,72.63,4.6,2326.1,0,0,1
7.77,8.57,10.36,12.15,0.14,0.16,0.19,0.22,95.7,0.59,4.23,3.18,2.64,2.73,2.38,78.48,2.29,44.04,3,393,96.37,76.08,2.54,41.48,1957,4.1,0.17,33300,44400,59800,26500,267,328,380,113,388,32.4,16.2,13.6,0,0,1.82,80.05,62.39,92.33,96.59,24.3,1135,0.1,0,1
39.24,43.35,53.48,57.28,0.78,0.86,1.07,1.14,94.83,0.99,5.21,2.89,2.38,2.46,2.32,46.52,5.03,55.57,2,506,91.21,45.07,0.4,21.34,1970,8.97,1.23,41700,57600,76700,35000,167,251,349,182,333,35.1,19.6,13.5,0,0,1.99,69.73,35.54,56.23,88.84,8.1,1949.6,0.23,0,1
0,0,0,0,0,0,0,0,97.41,0.78,6.96,4.86,2.61,2.57,2.67,59.88,5.84,42.29,3,325,92.58,60.83,2.77,44.31,1963,10.94,1.07,34400,46700,66100,31700,103,170,243,140,283,25.3,19.2,14.1,0,0,0.27,86.52,56.73,84.28,93.9,6.1,1783.3,0,0,2
14.01,24.16,32.89,45.03,0.54,0.92,1.26,1.72,91.09,1.66,4.25,3.04,2.61,2.74,2.39,65.38,2.89,40.55,3,910,95.56,62.23,1.1,21.43,1973,3.95,0.32,70800,85900,102400,31600,322,392,490,168,466,25.5,22.6,13.7,0,0,3.82,39.89,43.09,74.15,83.89,13.6,3786.4,1.68,0,1
9.46,13.36,19.35,26.17,0.88,1.24,1.8,2.43,87.98,1.07,3.64,2.92,2.83,2.96,2.21,86.26,0.78,26.66,3,569,92.39,82.46,1.41,41.65,1962,0.29,0.2,154500,181400,220100,65600,626,804,952,326,877,27,24.7,13.3,11,0,9.29,58.51,60.84,80.1,91.38,43.7,448,2.31,0,1
0,13.51,40.54,40.54,0,0.05,0.14,0.14,98.08,0.24,4.17,2.9,2.44,2.43,2.45,61.26,3.47,51.38,2,271,94.21,61.43,5.9,42.44,1965,12.18,0.66,23000,36900,56800,33800,99,152,203,104,223,27.9,16.1,12.2,0,0,0.34,65.52,55.4,84.91,91.24,6.5,1672.9,0.38,0,2
49.24,51.99,53.52,58.41,0.33,0.35,0.36,0.39,97.77,0.41,4.07,2.77,2.43,2.54,2.29,58.38,2.53,47.95,3,1533,92.61,55.91,1.37,27.14,1965,6.98,0.22,34600,50600,70300,35700,145,240,316,171,334,25,20.6,13.2,17,0,0.67,77.24,48.33,80.23,91.22,41.8,1170.8,1.67,0,2
17.8,29.74,43.94,53.73,2.4,4.01,5.92,7.24,82.8,4.12,4,2.46,2.18,2.18,2.19,63.81,4.4,57.89,2,7653,58.06,63.9,0.95,11.32,1980,0.72,0.05,123000,172600,263300,140300,514,616,732,218,696,32.8,26.7,13.4,0,0,13.48,37.33,36.06,61.72,85.08,19.7,1177.7,0.74,0,2
1.36,8.91,9.88,18.99,0.05,0.31,0.34,0.65,92.23,1.1,4.24,2.7,2.37,2.61,2.05,63.34,1.39,44.66,3,353,94.67,57.5,2.83,34.84,1952,1.53,0.14,76600,94700,118800,42200,398,479,555,157,546,25.6,22.7,14.3,5,0,3.42,78.4,55.74,76.06,90.65,3.7,4062.2,1.73,0,1
30.66,42.43,48.91,52.65,6.27,8.68,10.01,10.77,79.69,2.51,2.93,2.22,2.52,2.6,2.38,68.11,1.79,29.64,3,371,93.32,66.2,0,31.54,1958,0.46,0.34,242600,345700,500001,257401,385,547,744,359,554,24.9,20.7,13.5,0,0,20.47,26.19,51.38,64.69,71.18,17,777.1,7.74,0,1
8.62,15.19,26.63,36.46,2.69,4.73,8.3,11.36,59.71,4.56,9.46,7.69,3.17,3.16,3.25,86.9,7.87,35.54,3,344,93.91,87.25,0.58,15.41,1985,0.28,0.5,169600,224100,277000,107400,759,880,1001,242,983,26.8,27.7,12.4,0,1,31.15,47.75,37.51,61.82,91.39,5.7,2933.9,6.35,0,1
11.87,18.74,28.91,29.22,1,1.58,2.44,2.47,90.29,0.87,3.75,3.24,2.95,2.98,2.62,93.27,0.38,12.02,3,189,96.4,92.43,2.65,20.11,1958,0.36,0,251600,333800,432700,181100,709,927,1001,292,1001,26.5,24.1,13.6,0,0,8.44,55.21,67.54,83.45,90.04,6.8,2265.3,6.57,0,1
0,0,2.95,4.22,0,0,0.11,0.15,93.88,0.95,4.31,3.31,2.66,2.63,2.79,80.86,1.83,32.52,3,2232,68.97,81.74,0.4,18.15,1975,0.51,0.73,90400,112000,139200,48800,512,591,642,130,710,26.3,27.4,16.4,0,0,3.58,59.85,50.23,73.75,91.79,50.9,262,1.73,0,1
12.5,18.94,27.51,34.12,2.15,3.26,4.73,5.87,81.24,2.04,7,5.41,2.81,3,2.09,84.75,2.12,29.21,3,334,97.5,79.45,0.9,43.71,1944,0.47,0.41,178800,210800,259000,80200,468,565,707,239,632,27.4,23.3,16.4,0,0,17.2,32.27,67.4,81.82,85.59,6.3,6031.5,15.82,0,1
17.26,27.06,32.34,43.81,3.19,5,5.97,8.09,19.82,16.81,15.98,12.91,3.39,3.49,3.26,58.95,20.01,52.8,2,732,92.05,57.33,3.14,30.87,1973,12.82,1.44,30100,44700,66700,36600,126,251,316,190,311,26.2,19.8,13.8,0,0,18.46,68.9,52.42,83.01,90.76,14.6,2043.6,0.23,0,1
28.48,43.61,57.68,65.23,2.63,4.03,5.33,6.03,87.19,4.19,7.25,5.64,2.87,2.88,2.87,58.68,5.57,37.66,3,498,96.27,58.6,2.01,25.1,1974,2.16,0.37,61200,71900,90500,29300,329,397,527,198,480,24.7,20.9,13.6,24,1,9.25,46.23,42.04,75.07,83.38,20,1879.8,3.65,5.77,1
8.58,20.32,30.19,36.03,1.31,3.1,4.61,5.5,72.3,5.71,10.45,7.37,2.85,2.61,3.06,43.18,13.74,57.69,2,749,89.99,47.06,0,13.48,1969,1.34,0.12,159100,187200,218700,59600,519,655,794,275,709,29.1,27.3,11.8,0,0,15.26,39.13,37.75,65.41,79,4.6,4428.7,1.19,0,1
43.9,55.31,58.88,65.94,0.93,1.18,1.25,1.4,95.93,0.43,5.06,2.98,2.35,2.59,2.14,51.61,3.52,52.3,2,1727,94.46,46.86,3.07,39.09,1967,5.8,0.62,44500,62900,89600,45100,174,258,339,165,342,31.7,19,12.6,17,11,2.13,72.02,45.46,69.1,84.99,48.8,1593.9,0.47,11.31,2
15.29,22.63,31.35,38.69,0.67,0.99,1.38,1.7,92.73,0.98,2.12,1.51,2.48,2.7,2.15,66.2,1.76,40.35,3,649,90.19,61.02,0.77,18.8,1986,2.43,0.17,76600,96400,133300,56700,355,419,499,144,484,17.9,20,11.8,0,0,4.38,40.92,22.75,51.95,61.45,20.7,718.9,0.09,0,1
2.71,4.99,8.97,8.97,0.16,0.29,0.52,0.52,82.88,3.16,4.37,3.31,2.69,2.78,2.47,74,2.61,41.34,3,198,95.7,71.66,4.55,54.04,1959,2.09,0.17,81500,105200,143800,62300,347,428,516,169,505,26.8,22.5,15,0,0,5.75,66.7,69.3,87.95,95.67,42.7,285.6,2,0,1
2.4,7.01,12.06,16.42,0.11,0.32,0.55,0.76,93.57,0.49,4.62,3.83,3,3.06,2.56,90.62,1.43,30.22,3,1028,89.08,88.99,2.72,56.32,1960,1.07,1.26,137600,167700,206600,69000,524,667,857,333,819,26.8,26.6,17.9,0,0,4.6,66.44,63.28,79.88,93.25,78.2,325.4,2.46,0,1
5.96,10.85,15.3,19.99,1.23,2.25,3.17,4.14,62.66,8.24,4,2.69,2.44,2.78,2.27,37.65,2.49,59.98,2,3072,92.39,32.97,2.02,36.65,1939,3.62,0.61,101200,127800,156100,54900,179,277,388,209,351,24.5,21.8,14.1,62,1,20.72,70.2,60.28,92.56,94.15,32.1,2884.7,1.96,5.93,2
7.46,13.94,18.11,27.88,0.28,0.52,0.67,1.03,91.56,1.04,5.08,3.69,2.7,2.76,2.42,85.83,2.27,45.85,3,950,90.52,84.18,3.89,48.53,1974,1.52,0.15,83000,105200,140700,57700,416,523,637,221,594,26.4,23,15.8,0,0,3.71,63.16,58.9,85.63,93.76,69.7,352.1,1.76,0,1
9.3,26.81,38.58,48.76,0.66,1.91,2.75,3.47,78.05,4.04,5.88,4.54,2.8,2.85,2.72,67.14,5.55,46.39,3,542,89.81,66.1,2.03,37.08,1971,5.86,0.83,58100,71000,88700,30600,282,363,455,173,422,30.9,22.2,13.8,29,0,7.12,53.82,53.21,75.31,88.36,15.5,916.8,0.57,0,1
17.33,27.63,37.52,54.35,5.09,8.12,11.02,15.97,57.99,12.58,12.42,8.51,2.95,2.84,3,30.15,19.82,74.95,2,551,94.36,31.36,1.09,19.78,1962,3.32,1.22,187100,230800,280900,93800,552,696,841,289,749,29.2,26.7,12.3,33,0,29.38,44.05,38.53,83.69,87.35,2,13345.2,3.7,0,2
8.62,14.59,16.16,23.6,0.37,0.62,0.69,1.01,94.2,0.84,4.11,2.86,2.59,2.86,2.19,65.76,2.75,45.94,3,433,95.38,59.6,1.85,19.4,1971,2.73,0.26,66200,84900,113700,47500,321,396,465,144,466,25.8,21.4,12.2,0,0,4.28,51.11,42.64,76.41,86.4,10.7,2240.5,1.76,0,1
6.7,28.94,31.53,51.19,0.21,0.91,0.99,1.6,92.93,1.76,4.7,3.27,2.5,2.48,2.53,63.09,3.99,49.69,3,894,86.41,63.56,1.9,32.21,1965,7.44,1.43,36700,53300,74600,37900,230,308,382,152,391,27.7,19,13.3,19,0,3.13,74.82,45.68,71.41,94.63,16.9,876.4,0.47,0,1
19.85,26.53,27.67,38.93,0.48,0.64,0.67,0.94,95.65,1.04,2.95,2.08,2.38,2.37,2.4,69.26,2.08,44.55,3,1419,86.36,69.54,2.26,64.13,1959,9.21,0.53,24400,40900,65700,41300,146,218,285,139,305,25.6,17.1,13.1,2,0,2.41,66.89,54.67,81.93,89.51,26.7,813.8,0.09,0,1
13.03,20.48,31.3,39.68,1.09,1.71,2.62,3.32,86.98,1.63,4.24,2.8,2.48,2.73,2.15,61.78,2.49,57.29,2,1395,93.85,56.06,0.86,24.44,1958,1.91,0.28,126300,147000,170700,44400,437,534,622,185,621,26.4,23.6,15,64,0,8.37,70.31,59.11,86.26,91.48,11.2,4812.3,3.35,5.66,1
1.33,13.33,13.33,20,0.02,0.23,0.23,0.34,95.37,0.5,4.04,2.71,2.49,2.65,2.2,68.26,1.75,48.31,3,950,84.38,64.06,4.74,60.63,1967,5.44,0.33,30400,44700,62600,32200,158,218,281,123,263,20.8,19.9,12.8,0,0,1.71,71.81,48.97,83.51,91.84,7.2,1824.8,0,0,1
12.7,21.36,23.38,27.13,0.83,1.4,1.53,1.78,87.37,1.94,3.79,2.74,2.57,2.74,2.15,75.36,1.7,41.32,3,126,97.03,70.65,0,35.71,1954,1.99,0.52,123900,144200,165400,41500,441,553,648,207,651,26.7,23.4,15.9,0,0,6.56,66.14,69.84,88.42,94.88,2.6,4109.8,1.22,0,1
22.97,35.12,42.1,60.31,4.34,6.64,7.96,11.4,65.33,11.87,13.49,9.91,3.03,2.83,3.19,41.69,16.89,57.23,2,683,96.4,44.63,1.46,13.18,1973,4.91,0.55,71200,91100,118900,47700,298,374,455,157,438,29.8,22.6,11.7,64,0,18.9,52.67,39.19,74.58,85.88,16.7,3365.4,0.59,0,1
2.91,45.09,65.45,75.64,0.07,1.01,1.47,1.7,92.78,0.86,5.03,3.37,2.49,2.58,2.39,56.06,3.99,54.48,2,523,89.72,54.24,4.59,46.08,1966,7.56,0.12,33600,52000,72700,39100,176,248,297,121,330,23.8,17.3,14.4,0,0,2.24,75.16,49.12,78.79,92.85,7.3,1682.8,1.15,0,1
6.63,9.03,17.15,26.72,0.49,0.66,1.26,1.97,88.95,1.7,5.1,3.5,2.44,2.37,2.67,74.61,4.39,61.03,2,957,93.3,76.81,0.84,29.47,1967,2.51,0.27,91700,123900,164000,72300,347,451,551,204,514,30.5,23.9,13.1,44,0,7.35,48.66,46.73,75.54,92.3,27.5,1195.2,0.12,0,1
4.85,8.09,11,20.71,0.11,0.18,0.25,0.47,48.92,6.66,9.83,7.1,2.84,2.93,2.73,60.11,9.64,50.28,2,802,85.39,58.39,5.61,67.21,1964,15.91,0.87,26000,37800,52100,26100,135,227,317,182,316,26.2,23.3,14.1,0,0,2.28,82.26,54.05,79.72,94.06,6.3,2142.2,0,0,2
31.54,39.5,46.32,55.97,5.2,6.51,7.64,9.23,74.98,7.76,8.58,5.7,2.58,2.45,2.76,52.72,11.31,61.63,2,600,94.85,55.68,3.67,28.67,1960,7.37,1.43,68400,87600,114900,46500,272,369,449,177,426,30.9,21.2,11.6,10,2,16.49,55.29,48.74,66.2,89.08,21.7,1331,1.39,0,2
