"PC1","PC2","PC3","PC4","PC5","PC6","PC7","Class"
-2.38538686690808,-0.592820401880621,-1.87419322632057,-0.203906539929992,-0.777900610017249,-0.913646828092792,-3.15144858766857,"N"
-0.423450295451008,-0.407382270077297,-0.704674030495449,-0.121436385532373,1.39106644380966,2.937498945447,3.16495174156824,"N"
-1.52578344135325,0.105730136501998,0.81632669148453,0.238074304273349,-0.396395128074693,-0.736182018386214,-0.583514604832848,"N"
-1.7329318762711,0.144131109970644,0.866725894252608,2.17435875288518,0.484292250857826,-0.0324622406591872,0.344709145183581,"N"
-2.20716594738065,-0.382970156524257,-0.424726802988409,-0.626200126774342,-1.00317257303952,1.69665059090377,0.78529102727325,"N"
-0.609238402667072,3.15454943503689,1.54822739753666,-1.45355922691858,-0.156797360558311,-0.44637770434766,-0.906372314229923,"N"
-1.47403856324112,-0.251025503551528,-1.07776853645189,0.518034246546763,-0.0928832399508623,1.35578768365601,0.108145330881768,"N"
-0.727196681756165,-0.441852376257485,-0.262672602618279,0.519134932536637,0.963889094834532,1.26939424753794,0.924079971279751,"N"
-1.5537286125741,-0.33203343373207,0.187891471988561,-0.944314699293462,0.919130056647233,0.270987689687837,-0.262015447090827,"N"
-0.745130528790158,-0.628542066321927,-1.92322583210278,-0.0313466238019851,1.73119684420667,0.2859732542477,-0.543471198536083,"N"
-1.17465969030331,-0.679014933694724,-0.49298409783287,-0.403957898221335,-2.15807473522848,0.906118773860207,-0.501271925163402,"N"
-3.07798044285318,-0.469784885215747,1.25368805068458,-2.20057502473589,-1.31845623179674,-0.0520987298532886,0.745210460144884,"N"
0.322716106451682,1.07139040745744,2.39398753215931,-0.462234953134051,-0.422377490599802,1.06218007566165,-2.25913310386194,"N"
5.65936770365833,-1.06705332519955,1.97341324938188,-0.319236210260802,0.449223117184911,-1.13281131803702,0.91236759989835,"N"
3.12899949001197,2.00083042134565,-0.89035025121456,0.0899123961999098,-1.20727921869526,-0.735941076461065,1.91629872600369,"N"
-2.4552296330661,-0.616136995805544,-0.855258850238656,-1.17173430800037,-0.172803390114533,0.831548590619407,0.190296092984739,"N"
-2.28165204139698,1.65285135268822,-0.812701294601853,-1.11415719371971,-0.139382821988758,1.49002452424583,-0.301045503868801,"N"
-0.0567080611063576,-0.607617645709116,1.41662534516856,-1.04292004859265,0.172854630390476,1.50161265943321,1.19027742819441,"N"
-1.72170978107445,2.13801738043166,-1.22439803305681,0.304030543181744,0.49760696253426,2.49191373935863,1.95811079295829,"N"
2.97539119719064,-1.37656672306167,0.0277260829559403,4.18462924524403,-1.90689172113528,0.656762060785732,-1.09749484871324,"N"
0.368777206597376,-1.28639039400138,-2.23142992188376,0.534532491612349,-0.549341730912009,0.0225149268232655,-0.223299647130262,"N"
2.74252931414297,-1.4048236601062,-0.737737293050509,-0.205052332189603,-0.181575997271943,-1.6662902896686,1.70471705144271,"N"
-2.320313039026,0.446375648652671,3.40240404780947,7.28015015978873,1.38028328247842,-1.896321747843,-1.2075194284548,"N"
0.0630534076821573,0.06655599275393,-0.0730558329472765,-1.7162819053437,7.63293627249121,0.175171829765545,3.65113895192329,"N"
1.03473788127605,-1.23352071673493,-1.80578404470452,1.34569372730447,-0.537357927761066,1.97116749577203,-1.40929006158168,"N"
-1.22276987334042,-0.253663673987203,2.06115109419169,-0.825100893264094,1.65135512966265,1.17930185393454,-0.119105900053926,"N"
-2.82682757421996,-0.430608763824581,-1.63433089053072,0.066321794193557,0.407958159576452,1.26094221298903,0.621772752021667,"N"
2.58370073723497,-1.35538900597663,-2.42319597395024,1.51918126153481,-2.99818215955276,1.30235724798889,-0.617053847279103,"N"
-2.31452850770217,-0.453625031688077,-1.12337700213455,0.149234129705405,0.555951946315772,-0.612281191698074,-0.381205725894999,"N"
2.23328923340373,-1.81031076979792,-2.72623385289383,-0.157398926057047,-1.72436997171283,-1.44590825227128,0.854342968650238,"N"
-0.420096848688795,0.823858047337929,-1.76122651401595,-0.452128912612024,-0.04793779465469,-0.479338260981127,0.266412839177013,"N"
0.699675219002915,-0.622165220421241,-0.764318656481589,3.0785638630516,2.05843941633012,0.242082141333457,1.66680399771146,"N"
-2.56368865011786,-0.465847061102202,-0.935524923187111,-0.915549838698942,-1.07888953103809,1.29903688081538,-0.11329580023281,"N"
1.03577267201389,-0.352886484633937,1.28473779073507,-0.480488756478691,-0.454323437960579,3.27556178166945,1.24718952614246,"N"
-0.325290983538287,1.7160616656424,-0.790418121505469,-0.0843466100494971,1.37555172283339,0.583597699943065,-1.11249700858786,"N"
-3.37179871312191,0.0684523312834457,-0.142203828041932,0.846198352431278,-0.762335799597423,1.08977764687326,1.95755895337278,"N"
-2.1238900003779,-0.487088921497039,-0.978359377427906,-0.522098579068912,-0.929989928928026,1.79546370863141,0.797452513578427,"N"
-1.14724613081247,-1.0454879759213,-3.52989534880126,1.02201163588565,0.644664587909114,-2.22577287986107,-1.39748709073245,"N"
-0.828103232783588,-0.3319614360818,3.92214523389748,0.620393691961989,-2.61423081161315,-2.17732702731409,1.18714892538827,"N"
-2.31596767074408,-0.157870808296727,-0.429291982418992,0.651234277379681,0.214570742746407,-0.132950071326018,0.358727132108184,"N"
-1.64643651162055,0.330383588733556,-0.787144699872645,-2.25278621777792,-0.935705436344434,-0.610294936088267,-1.31533367342663,"N"
-0.364610108797133,-1.03911525972268,-1.70161055875113,1.83015593598737,-1.47558455980473,0.441128362489931,1.99175855377094,"N"
3.0338001912801,-0.0844980780066013,0.401307521695133,-0.680651254908226,0.191031723183229,-0.313416206062923,-1.8987389664474,"N"
-2.6959763673724,-0.243274367327939,0.15750536686522,-0.559463409447676,-0.945627149488274,0.827775067502897,0.638007819017182,"N"
-2.27884244750549,-0.699921587145004,-1.92955994369197,-0.367074186196785,-0.511744755405882,-0.217859081933221,-1.32966383096128,"N"
-3.57112797294992,0.155779474587241,0.255961610679728,0.360534132447585,-0.12703706541908,-2.07892307942651,-0.81069488641974,"N"
-1.30768585592403,-0.809568593890575,-2.02920793573859,1.57603252784217,1.03486146976603,1.63356010774224,0.872958020395556,"N"
-0.739906668587891,-0.832022937645782,-1.50068922086639,0.618957933559888,-1.49432520450058,0.199490066607587,-0.5081685446408,"N"
1.64158881856334,-0.395854988304459,0.265970996861541,-1.35922728347699,1.72796108823163,-0.623680940791076,-0.479236219448928,"N"
-1.8964772379826,-0.448068375722521,-0.0435337775145063,0.927198406269417,0.414788949285835,-0.416019212999725,-1.31508225813117,"N"
-1.80408831762554,-0.604813709104745,-2.15081752613676,0.512336829582891,1.23318682083711,0.310909289140037,0.689574078729579,"N"
0.56849590941537,-0.530670120384388,-1.67594482906815,0.357107804851616,0.735705620997907,-0.0488447636474535,-0.736841198137499,"N"
-2.94072911883533,0.0795629112014246,0.674030938007856,-0.0471741297715229,-1.20720493250954,0.859943104379739,0.0974738335605092,"N"
0.905386387322688,-1.04647489435421,-1.22644596117026,0.222965380652437,0.56412389532413,-0.116451269647368,-1.7037469256754,"N"
-2.64238222483491,-0.831572228636978,-0.435532147332335,-0.884961549125014,-1.91359523750958,-3.07941964654673,0.893825000285314,"N"
1.04939399126408,-1.44823234978241,-2.32154439469108,1.8497049161373,-3.03627544101101,0.163832245452978,2.02370193944482,"N"
3.17819071949463,-1.46571642381663,-1.21232490210355,-0.679753902033685,0.832086824795372,0.150044855449877,0.49814796750241,"N"
-1.80810397040342,-0.496471115104952,0.147930672194855,-1.67093390096903,-0.153085340430658,-3.06903713410926,2.14819979964279,"N"
3.27325659776488,-0.754032800050468,2.71297164470763,-0.610575595437704,-1.49927426421367,1.28244932469351,0.104120901861659,"N"
2.36661077749974,-1.57662684606263,-2.37157231290333,0.399109933209039,-0.431254122739953,0.263884346483455,-1.40131972386803,"N"
-2.65968763816045,-0.0205157778086524,0.0968190264271795,-0.471825318533202,-0.472574712092141,0.327920832318724,-0.879306798181541,"N"
-1.92241000688096,-0.654252818911441,-0.831392366410054,-1.11293507361683,-0.802351485431956,-0.184243863974108,-0.157938492483415,"N"
2.88175606398206,-2.0189635526494,-1.13802868728658,-1.06150614592147,-2.35408150448882,0.54952226770049,1.95585179055563,"N"
-1.41616589584471,-0.924701356083109,-0.410455090470803,-0.79848048880284,-1.07405659114218,-1.51192459761718,0.346839266101624,"N"
0.562490388115403,-0.309618888255595,3.38333795140903,2.84950052998795,-6.22462775604794,1.60823754626508,-3.99323775250651,"N"
3.70504522892399,-0.23352311741826,3.10636015225434,0.226064674889277,-0.519428030004883,-0.0534914187620107,-1.91718454491508,"N"
0.0955599830808465,-0.514169430821315,-0.853876047389673,0.543547631712527,-0.526670082022446,0.274073057777017,-1.38224102768276,"N"
0.0471026662283141,0.0120452298279644,3.19722978314587,2.62770716937387,1.34176985361259,-1.97465400626205,-1.66324376067855,"N"
-3.60460979486714,-0.17703117031589,-0.144040689288097,-1.01179357735175,-0.852606294550795,0.860051513364671,0.413736919326036,"N"
-3.16119464957991,0.0884068226371689,1.02001955317667,-0.00859775740558005,-0.914237649244493,-2.07409999641818,-0.334015731596664,"N"
-1.47676881015043,-0.624645533183262,-2.11030887274198,1.55023228845326,0.924375653907073,-0.0320192847777623,-0.834365868089267,"N"
4.4610878825092,-0.994946342798614,-0.0839237430802896,-0.215125599119574,3.15732915706622,-1.74755629805918,3.00196410188285,"N"
-0.529278798956786,-1.13621047419786,-2.86990668224106,0.764834737516888,-0.8709854343827,0.591423972691932,0.510669238184933,"N"
-0.595381147471365,-0.512665941466732,-1.3509624408784,0.143931170793416,0.358657348292618,0.664889013120366,-0.954093557226241,"N"
-1.2362475465012,-0.273773938655282,-0.37795957027985,0.685690503952786,-0.0126818226206007,1.19226424707762,0.365834523598188,"N"
-1.57975101334057,0.199748781039248,1.57257732262982,-0.236734187474932,-1.77924988497325,0.646620752940183,-0.788148483001531,"N"
-1.11726423205572,0.157227128975156,2.35091667944639,-0.602935678984141,0.883710714909074,0.964812269339903,-0.723429884076389,"N"
-0.0436622917237934,-0.904720388803507,-1.55982848490852,0.154842020418895,-1.89672871722822,-0.648686785922211,-0.840040600604685,"N"
-2.16781564027359,0.169666299864557,1.27776735297223,-0.972211174706082,-0.521299514745147,-0.985148072548312,-1.35606991685406,"N"
1.43264703828158,0.200850797083377,0.0553252924122158,0.234870197176255,-1.33076029637943,2.60935839545482,0.945659763949161,"N"
0.257738532228161,-0.910501813214955,-1.84326907873788,2.08802291699264,-1.53870238705965,0.124584401415765,-0.935309683009586,"N"
-1.18902845355741,1.54236026590594,3.783909144751,0.558930312074435,-0.00587527674032182,1.17241243471861,1.59597424799651,"N"
-3.03798042438706,0.26066251657177,1.66191960705241,-0.456230211826156,0.788035918283057,-0.0301524636083549,-1.30312627289768,"N"
-1.85584918304248,0.0293030280907148,0.824497155533121,-0.661813745968782,-0.279466235787601,1.78369236178725,2.12260137237798,"N"
-1.4191139586526,-0.192157931715342,1.95727396403077,3.71576811897097,0.777298806216103,-3.12868596672946,-2.99404876229253,"N"
-1.86632127698211,0.553385748460845,2.40995571911208,1.85217815645306,1.40086190387371,-1.83027321176622,-3.17980502165573,"N"
-0.229913263800735,0.335323940345012,0.725518926360073,-0.575059378340788,-0.557781567795806,1.85639162615217,-0.897023559140748,"N"
-1.84210235511165,-0.524947322337204,-0.928464382901813,-0.843180803280108,-1.45355786242049,0.340675195427869,-0.696041646102318,"N"
0.185462970607788,-0.594018295110447,-0.780415238851431,-0.569482098442094,-0.195941915388996,-0.614481208886146,-0.631375808410304,"N"
-1.46432499773959,-0.175597342760246,-0.747253486075818,1.2714904627249,0.364408636395256,-0.484981577863185,-1.47457521975531,"N"
3.62184414747886,-0.932009214666436,0.0772350533901811,-1.78531467315588,3.25910839122996,-1.02852343261645,-1.04283036112352,"N"
3.21486062249095,-0.799675128431234,2.6658076733386,1.88057111378177,-3.6079796702903,0.0772377129678909,0.615684646779312,"N"
-1.06457065821192,-1.16877987991871,-3.2750080908621,1.5252057006777,0.730354876027063,-0.692616795109194,0.569804722952179,"N"
3.10889882216577,-1.12371610617744,-2.79322813015653,-0.312456822278231,1.90318056870263,-0.877400039341381,0.301348868340752,"N"
0.84517457246546,-1.2228988530815,-1.76738932168817,4.83762597956782,-2.6965679733498,0.339149312012643,-2.04508640100507,"N"
-1.96921807885382,8.31602100145123,8.89792082369446,8.43197200034098,-2.66992491780833,-0.896547259200145,2.07717750882381,"N"
0.354382147640871,-0.563216100719806,-1.21809922369723,0.271565524257867,0.80925887197919,1.43005142358245,0.458159605703752,"N"
-0.226511854360311,-0.777738863043017,-2.88643592236971,1.68864466628547,1.62830430520783,-0.6286975279193,-0.293052808141236,"N"
-2.01183977372284,-1.04256695331564,-1.63342231296255,-0.451942244058268,-0.713913779628727,0.782001649893626,1.69046405741982,"N"
-2.23532674011779,-0.153972114414362,-0.0184677251736296,-0.31123396590995,0.205637617918285,-0.887284001584332,-1.25073530481392,"N"
4.47775049724663,14.2001626531561,-3.09994533721754,-1.56965322482208,-3.50298260978531,2.19679157476769,0.355536236993774,"N"
2.53668378977334,-1.31498916773115,-1.12862951336458,0.54278696537299,-1.68277742759527,-1.78688273572087,0.544081218696899,"N"
-3.21810386187871,-0.500593322357885,0.188759605227592,-0.893667937577427,-0.103795637529276,0.325679299594974,0.330162321482252,"N"
-1.62358843330808,0.415444569126973,0.602334503155167,-0.920708748135872,0.683007355072593,-2.63823132643487,-0.184036058817579,"N"
-2.78338524498319,-0.18039127946416,-0.336014081627199,2.54198176771442,0.450503748406366,0.572512778012545,0.966669919579795,"N"
-2.09831564915839,-0.585422545085282,-0.549442914029369,2.74704996761072,-0.899083356549699,1.08340071433854,1.16801732662804,"N"
0.264694059588051,-0.85606882119089,-0.0766411340128413,2.09572745151454,-0.654103131333797,0.721112124913265,0.700851099702301,"N"
1.234458355463,-0.971125324289478,-0.326193979111964,0.391321733241935,-1.87468420536698,0.64544360783156,-0.085286413556799,"N"
-2.4758173522504,-0.484913516189754,-0.686017281991634,-0.754823346670708,0.0319136599950183,1.05309487359692,-0.36441684445718,"N"
-0.908834945663281,-0.870874350458745,-2.70097146911697,1.66872204472721,0.922390553647122,-0.489669407753556,-0.690294430494265,"N"
0.363600740174664,-0.299325430297233,-0.364839208381931,-1.18020725166979,8.23596987016738,-0.635714230164388,3.09482923487055,"N"
-3.11848212578434,-0.313168779692874,-0.886288460886178,-0.86335009135112,-0.0959432808940861,0.829882069431052,0.00769895917715681,"N"
-2.49326959434365,-0.0492703457177812,0.113736933919641,-0.336697982355086,0.126061213400826,-0.924522197688798,0.872734744575894,"N"
-1.92053268769182,-0.778564702322049,-0.287443770841613,1.82039359289545,-0.507497601967264,1.16986083259963,3.28749805736542,"N"
-1.82682213363472,-0.346861075298361,0.215763712200007,-1.33971756600029,-1.50263124894923,-1.67517614521559,-1.08607172496989,"N"
0.058662699123431,-1.23642859418408,-0.120681745054279,-0.201725882634965,-0.51520481449467,1.5295334431467,-0.954951242361598,"N"
3.36360396696546,-0.552883185478743,3.85074503126443,-0.793471981162444,-0.625118869318907,-1.17626652060491,-1.10385695999666,"N"
-2.85656372797271,-0.188637942126186,1.12311186692686,-0.821880675336701,-0.0627849859420206,0.609326298361658,0.478273793504634,"N"
-0.527741025257056,1.69062104312923,-1.4533066930693,-0.0211634487081329,2.10775181868982,0.239544613130616,-0.336724753178469,"N"
-2.03365525549639,-0.595976572107902,0.00746235178370887,0.315791408908485,0.213223496225488,-0.181354980573424,-0.238229295638703,"N"
1.19875271394517,-0.360523342252348,-2.33889373069427,0.287357320044006,1.14504069861266,-0.455641159056967,0.330993150670328,"N"
3.03500069347466,-1.61306316536058,-1.89360013504698,0.649255287478212,-1.13642396380645,0.915046468729821,0.694190155208092,"N"
3.36801401533707,-0.956368086888777,-0.400790233682665,1.24171451965935,2.1840586277017,0.0153684201210774,-2.1687416449159,"N"
2.82235637744625,-1.68638427806532,-3.39919323591893,1.07288528520407,-3.36408198187368,-0.58878619424715,-0.760637580745208,"N"
-0.804269260039508,-1.0161096739866,-1.14093035895309,-0.264768053765364,-1.65688219129605,-0.986997995091757,-1.01271186822617,"N"
0.0329381367139865,-1.01481693101739,-1.43582500413263,0.884210158427952,-1.7286485406112,3.13632852604061,0.526958737294031,"N"
-0.220454228628417,-1.14891819104463,-2.47294644351683,0.636665084663671,-0.661286979791121,0.0224890156256263,-1.47493698808223,"N"
0.816730762138236,-1.30398392069728,-2.2269566600979,1.70736961258141,-0.958935080063859,1.13866970790485,0.39215692510365,"N"
0.822080204188347,-0.795990229004743,0.974499194193241,-1.04210243867407,-0.165927174701199,-0.600985705717369,-1.08976299101948,"N"
-2.20187153452149,-0.534755544835415,-1.83387586050767,0.258490946944169,0.388703692433571,-0.635864225991865,0.185072598178307,"N"
1.33505136234086,-0.117548121410443,-1.57440962944723,0.466538797914604,-2.40901661120069,1.08779692452625,0.177022890097056,"N"
0.662856663386548,-1.56739699498236,-3.61926558780768,0.56863013187409,-0.152041670539629,-0.511137438105829,-1.43493485304688,"N"
3.13943725814397,-1.19782170488171,-0.487016850151244,0.292330157631905,0.68188681068635,0.13457738629972,-1.52721071464846,"N"
0.935834702945924,-1.42696805779307,-1.32069772823796,5.05990968741536,-0.554774786870471,-1.07447959126621,1.06319269260562,"N"
-1.25636662987635,-0.209438013566983,-0.509452747425327,0.363766500758505,-0.36819268592106,0.13600820544794,-2.65247309126426,"N"
-3.60777634294913,0.192843576485727,1.87672471976794,0.210647761149584,-1.51517920930384,1.39028467546203,1.90840797292528,"N"
-2.71279683844833,-0.591427270670132,-1.33306894842277,0.35244400586739,-0.227835724168975,-0.818071813736777,-0.460467600921891,"N"
-2.07196728852362,0.0582225469949863,1.81407819399453,-0.985512667454027,-0.246060078469748,0.305980625072707,0.86184767909478,"N"
-0.194539415945284,-0.0800525499570082,-2.08874238215048,1.65236236700704,-0.39802042635477,0.574665178120907,-2.34158428805911,"N"
-1.90063062508595,1.0578344973282,-0.186166948165395,-1.16810035984229,-0.699664699352437,1.73886814909544,-0.227181656313689,"N"
2.80480667510367,-0.698289555719557,1.87047590381468,-0.691472695354784,-1.28323579588359,3.19693612392242,-4.82036011875586,"N"
1.68548243122383,1.20053834254361,-2.55437627944117,-0.676005860002353,-1.69496437438662,-1.94415485046968,1.3507594453975,"N"
0.0346585749322785,-0.269009279830387,0.0394196705122995,1.15613855481838,1.79153024557384,0.614983258828016,1.74944987491861,"N"
-2.29148324547885,-0.862011012146569,-0.628634872376329,0.388509742728138,1.02068079175917,2.15460153789306,0.744245448104134,"N"
-1.10818520983482,0.421741013163082,-0.509726963933547,-0.274909719953169,1.84769907043356,1.44518696255803,2.1053797132807,"N"
-1.62602767772498,-0.134507187151139,-0.420725337215716,0.663384202156294,-0.217244589556309,1.00845301642642,-0.207480495302356,"N"
-1.19623749554153,-0.652086338244364,-1.8766681532864,0.41652987370868,0.193131105341878,-1.04495439841645,-1.67031332566855,"N"
4.17413965891117,-0.885764115048917,1.64782668496735,-1.71912703137198,-2.61094785651472,1.0177662006774,1.04351786559054,"N"
2.16745817124847,-0.314380443174654,0.125861350010629,-1.17125585629308,-1.71569715370637,-1.89350212506317,2.76102746720659,"N"
1.95444139899746,-1.04212796157827,0.770764157348669,2.65787281166409,1.88991862644937,-1.71902803291671,-0.921503935078824,"N"
-1.22106881274131,0.387782098186247,1.60310741396018,-0.707309813504242,-1.62063214022868,0.196133170364546,-0.321749105255932,"N"
-1.47844817645035,0.0266672493641182,1.08843757297992,-0.822206831440563,0.781764071486311,0.430072531242837,0.494927408699056,"N"
-2.3576893763825,0.0143019408858015,0.718473914754845,-1.07409769320248,-0.755705579334528,-0.979452325612069,0.265922628183141,"N"
3.24604119488643,-0.356007110936105,2.6906886369791,3.15377614022347,2.0113283155375,0.51344679735756,0.451535368755758,"N"
0.744035529832843,2.18137879004769,0.706144342036225,-1.29670561679483,1.12244584194825,0.101153056991123,-1.2356668940705,"N"
-0.631242072739613,-0.300136251546691,0.051367663781336,0.631418529979454,-0.314840756052893,0.0756632188872366,-1.66858332366513,"N"
-2.8890921854117,0.375566319531219,1.58746586595821,-0.987349569897638,-0.172652065535454,-1.14422820233878,1.34865389505713,"N"
1.71114869717965,-0.635245579045102,-0.196580608770516,-0.0664032784139253,0.00778193599459315,0.586052875434567,-1.33718325458206,"N"
0.7985102063065,-1.37976817186607,-2.34703836183112,0.543150704501682,-1.99287272972132,1.16816668804267,0.513785747849292,"N"
2.68078139124736,-0.426595140402849,1.18589123905884,-0.35329701500868,1.33047710342048,0.405159572555102,-0.712763563823371,"N"
-0.0160891871795367,-1.08920739955661,-3.29014432863439,2.2605979267477,4.31652476089928,-0.669094134896429,1.90917004784467,"N"
-3.02335104297008,0.568696365512639,1.30514390966719,-1.37774864119028,0.742711143700129,-1.97250883729409,0.03254168037812,"N"
-2.71171668631824,-0.153339835748388,-0.111430230983859,-0.402814376175158,-0.117038052273876,0.227393428756013,-0.45773663994417,"N"
1.81377004643593,-1.16705517478945,-1.24003513681558,1.15655650648464,-1.76460926965766,0.613952123376698,-0.633597822618768,"N"
-1.56539497885931,-0.559757730424537,-1.639403088448,0.131125742308259,0.869475678443961,1.3716922161651,-0.0275630004020177,"N"
-1.3715298214537,0.307586091325777,0.533293164308709,0.0109075480583993,-0.889977426140491,1.60844775608703,0.533065968402457,"N"
-1.05912616284341,-0.525008833050914,0.414908564824266,-0.601288552329411,-2.02432971281005,-0.259298679467212,1.39597504097864,"N"
-0.773451155700581,0.01815929486306,2.11704997581497,-2.98181334703563,0.803739975297351,-1.13099720533975,-0.775974215017411,"N"
1.97424242868614,21.9545361868348,-5.6146533152828,-0.0287052752165874,-0.733603282623131,-1.07917917614322,-0.331876845511933,"N"
-1.9365940485918,-0.220137819710815,-0.163867156536359,0.402944312813883,0.24994236444073,-2.44760978887627,-0.991595060828191,"N"
2.48466002989673,0.0557413091306676,-0.20149550246095,-0.768139793919688,-1.74021543804104,0.161755825674833,0.293539717054431,"N"
-2.51581578345324,-0.122666953775834,0.691559747085958,-1.63318972390683,-0.155288976040108,0.352283660521007,0.00423326405214892,"N"
-1.4761290361866,0.574814739973801,0.769440541639949,-3.02684656856563,-0.476537834615874,-0.0694963936177163,0.178582441303716,"N"
-1.86982452936584,-0.671790291696697,-1.23606747957432,0.0854885192641339,0.125208937595679,0.224293514848441,0.199268455512379,"N"
-2.48424643624783,0.224828237650691,1.64215676792266,-0.12659476903787,-2.0018139629712,1.86335805576083,1.24013721279345,"N"
-0.870046219964342,-0.386133903269325,0.829470464791216,-1.66748939980775,-0.345704324920471,0.321272382049972,0.173003990386296,"N"
2.54450343936838,-1.2926283036426,-1.79820560858551,1.00942396475815,-0.278248252954276,2.6032529735015,0.554572914040086,"N"
-1.99695944068247,0.189505807172878,2.13512401760276,-1.07313466560812,-0.309517124772789,0.557751379863147,0.00707846699170851,"N"
0.308084032741372,-0.971700417514672,-1.47627892887628,0.460921454074818,-2.31693646357814,-0.0437384306627926,-1.7192098796538,"N"
-0.672190645029091,0.456315670481802,0.0656530699705792,1.11880339358116,-0.258453146840638,2.18800834968302,1.84271925098898,"N"
-1.56575412537827,0.0479920340686626,0.632423045621867,0.0950651995214644,0.74236974238877,0.443060886367496,-0.399816701512304,"N"
-0.287120019536764,-0.189348908598004,-0.761635671591662,1.85673535376863,1.74581711817397,-0.0103495250961424,-0.911848071093128,"N"
-2.25380197572304,-0.334838957258678,0.361196646585613,-1.26511724400084,-0.135467990376929,0.857221919932603,0.849822020889891,"N"
-0.827613320771377,-0.847924932643745,-1.7792569432847,0.404140196918471,0.798695764191033,0.860740278686854,-0.712459267279512,"N"
-1.30983592831903,-0.564782183382867,-0.72935008066381,-0.0918647286026816,1.30757646626103,-0.40349740802301,-0.096738663947359,"N"
-1.6495613181979,0.0420857388491853,1.70875963751698,-0.310549847275438,-0.0406240822224225,1.40894670420779,-0.43094752740059,"N"
-2.07514454501372,-0.765124841435026,-1.3160282727128,-0.386953113160504,-2.70334964624263,0.265755953425463,-0.975420339612225,"N"
-0.716348213175062,-1.24411080969089,-1.69389253683071,0.861190467137248,-1.75239413925816,-2.82654159021406,1.99733900820183,"N"
-0.392176739052051,-0.159614125975825,-0.521789885436125,0.324948308855635,-0.322313564425404,1.58576537780209,-0.638035538921586,"N"
-1.23971106004107,-0.542851223815954,-1.61551293069298,-0.252086303348018,-0.932416575253404,-0.129452725063998,-1.78490745250201,"N"
0.135716743862014,-1.10342708777687,-1.30319834938413,0.360116919639239,-1.93950904049266,1.11188502024956,0.483136943817126,"N"
-1.95178469283268,-0.0686851332264005,0.472027100286914,1.51074590112906,-0.281527438757425,-0.83013483430913,-0.779618820257521,"N"
0.899800849361083,-0.611461197519481,-0.724145423207869,1.25475635832766,0.161101318803926,0.563001407261825,-0.00535141397797896,"N"
-2.56571213808799,-0.050593006473068,0.622953506166509,0.588994437613418,-0.321111330536302,1.59502478044645,1.29972401601168,"N"
-1.25278896817981,-0.78031162086381,-1.09759887374189,0.841025545249005,-0.0045649137064158,-0.139380940144995,0.926361096539224,"N"
0.244174796645159,-1.30245739318112,-2.31650170626714,1.09416606141256,-1.32290227148806,1.53946890899676,0.67984005703305,"N"
-1.11755755919177,-1.15358775828937,-2.1450139114789,-0.466194835939683,-0.10306965656098,-1.76228745158565,-0.202671940209093,"N"
-3.14067828453485,-0.296928381247715,1.26696896423733,-1.61938174731653,-1.58755470025657,-0.433636291041684,0.61863193368888,"N"
-0.378219726023175,-0.613854141354473,-1.15612399311448,0.480746822351175,-1.82615364244889,1.04078064333331,-0.935297511205634,"N"
-1.82571660519019,-0.781577379558967,1.19738087523492,0.314679907237226,-2.51019010008094,0.42393769099016,0.619974779958641,"N"
2.8948168315895,-0.733891283923276,0.462319180473147,-0.462652069839878,0.554964655532853,-1.7523423576916,2.34869515059769,"N"
1.43142925838845,-1.04328778624032,1.5332300614593,-0.284795321171144,-1.06801347395715,-2.98223415330245,1.77749473222644,"N"
-3.40426798623617,0.101294030198027,1.22048093261726,-0.289459734163351,-0.817686373116931,0.799056194941039,1.34214201547276,"N"
1.70175193555955,-1.3198104589077,-1.52464682203089,2.21809149304141,-1.67563012698212,0.0312019272660319,0.840968799905796,"N"
1.69969126062808,-0.924402247392826,-0.569204215958637,0.228613911315928,-2.31675572629674,0.738153440863669,-1.77355462502489,"N"
-0.100193982690307,-1.0877639198251,-3.03423635456572,-0.262652291748316,-2.49022687731754,-1.10354315611862,-2.78829319482292,"N"
-0.508203261156206,-0.871676749317338,0.438993823338314,-0.649777075868356,1.99414343891235,0.463875660076878,1.76266373509333,"N"
-2.35347184938445,-0.243352699721792,1.13885375384221,-0.355926804138895,-1.37225755314165,-2.89568340553957,-0.263600599109172,"N"
-2.14034737086631,1.3726850470103,-1.2730983014746,-0.936877747830038,-1.95084649065233,1.38330308874482,-0.145376825935828,"N"
-2.68488105294957,-0.536982384246361,0.121774737353159,-1.13405729648477,-2.0818580432775,-3.15315476738159,-1.78329259807687,"N"
-1.93044729463127,-0.0411565150569319,0.731835235296558,0.238959888145832,0.994384097204295,-1.05432675145661,-1.68477538222237,"N"
-1.36062751696887,-0.990476474849358,-2.28680505276467,0.440739677771804,0.737959794625061,0.71436656155638,0.792953957854041,"N"
0.237909619304186,-0.7685321405503,-0.106026783571532,-0.0293525116587311,-2.5906567983629,2.20120735205078,0.0257368740484764,"N"
-1.37171086494743,0.727192654866886,1.4563712665863,-0.23029463753921,-0.134558697790201,0.0251823842843494,-1.08474188279916,"N"
2.17033750991568,-1.01514994504473,0.512285255866884,-0.917836796151048,-0.796943341821494,0.421927472242279,1.34468824772582,"N"
0.205182164038417,-0.844977172474041,-1.07317565132943,1.07475634161501,-2.29288311609211,2.59226241405276,1.71605513732532,"N"
-2.70561489054421,-0.371052090206824,-0.790720830636606,-0.0636780191484793,0.0149502570163495,1.9450649427213,0.734031313419643,"N"
0.212685366776956,-0.944255645587202,-1.22032944781412,-0.00817775943842566,1.16600579522442,-0.682877893668219,0.68235137102563,"N"
-2.05706212602513,-0.136970691571496,-0.137595520150663,-0.518434913212161,0.944089516121111,-1.11713778511815,-0.170342507672733,"N"
-2.66819380641363,-0.176516634327714,0.716001128769284,-1.32031933247602,0.772781972751858,0.475448969397627,-0.958167603112142,"N"
-2.75073497930294,-0.199952362216554,0.772436460013739,-1.57517487682993,-0.503534185395784,0.624655696326878,0.37742476633338,"N"
-1.46277482945942,-0.842059200436234,-0.702526167732389,-1.05768534549109,-0.895770517173105,0.620767512260339,-1.36753934488731,"N"
-2.25145225377006,-0.205918374818873,0.00266604358061472,-0.103234451869215,-0.885250734702288,-0.595576987796749,-0.864972639224518,"N"
4.65148667010607,-0.966590527094137,0.296613262817288,-0.558133737093414,-2.0765875947453,0.672845008944289,0.122253331599091,"N"
-1.85452154018625,0.597603440960879,2.61225374061147,0.572574996770507,1.12653831936128,0.19981564535063,-1.25393384156171,"N"
-1.11703610773545,0.00176015380674998,0.478264924997495,-0.871321252695432,0.855475349495258,1.40866570151018,0.238084870211159,"N"
-2.26550724887675,0.0334896827503363,0.628057839529586,-0.000981675455904388,-1.83993418184996,2.6033300623127,1.38324746975116,"N"
-2.63399122415013,-0.384907497643528,-0.328192103990694,-1.27310975862229,-2.06853410044655,0.49697556951797,1.72374645321879,"N"
-2.24812192091897,0.232486255590236,3.65103375327111,0.351442938905976,-1.36864890416571,0.233436585783211,0.566287913365588,"N"
-0.291528459173433,-0.548047344876547,-1.54960614099073,1.63830813731194,-0.98108461697398,0.0922583959005244,-0.762461982794831,"N"
-1.32657534864572,-0.0467210662667275,-0.928312983386841,-0.123378686887886,1.26205591839149,-0.0807721282038336,0.146261457380742,"N"
1.88941864239387,-1.33260567000575,0.0830291231584068,2.68491484487959,0.950797289013096,-2.55331525839849,-1.20911448992214,"N"
-2.82326217673918,-0.434662237982135,-1.37620416590219,-0.000252487287921398,-0.271627019439627,0.0445775681888625,-0.756952805420829,"N"
-1.35849430896055,0.0248951272164889,0.545499622527782,0.0483742060674439,-0.319090138457654,0.186896007103622,-0.635030431542249,"N"
2.24477815414507,-1.28135337907993,-1.647017280414,3.50274197395753,-1.49368128944192,0.535314856422986,-1.54021828689912,"N"
-1.79965264677809,-0.461263279914936,-1.17588574103084,-0.921449897933981,-0.251527994659516,-0.530530200462221,-1.20560561126266,"N"
-3.00614459607802,0.381607412593951,-2.21318839064674,2.72684034824277,2.43935139441694,0.124490524139194,1.89246031341708,"N"
-1.73180648982705,-0.341918033785454,-1.80579276249124,-0.712861038308388,2.45706024899857,0.174429222899558,0.987897209777541,"N"
-2.9788199347363,0.789982384905384,4.26279997907251,0.0650614542412764,-1.71124501360449,0.413566184712058,1.76205153722758,"N"
-1.55728042990836,-0.60617242928573,-0.706466625643957,-0.786283874399474,-1.65977354794997,1.34734945785807,-0.49984662316623,"N"
-1.29451677021971,0.15146320681551,2.75796838462548,2.89138953631237,-2.55306790028781,-1.2682984968014,0.6151606478191,"N"
-1.15852329405028,-1.0913394674715,-1.92319036708502,0.0399733076129421,-0.932099682594254,-2.09649811526363,-0.360706352910794,"N"
1.3988384907225,-1.08969590602592,-0.084492146066016,-0.262361598603607,1.68194205811622,0.43563646776401,1.19905211323127,"N"
3.46532666049675,-0.84744131312512,-0.536503468670498,0.0996629712946504,2.27265591083068,-2.98170102792552,2.53754347336514,"N"
0.456483079235638,0.480913316831435,2.08079941912827,5.97082379746478,4.74625177580741,1.61177322247734,-2.07365899007765,"N"
-2.04286167361024,0.957172527546251,2.64094791955112,1.28076934677242,0.450596524573338,-0.595921734051445,-0.474187206152027,"N"
-2.11030762892551,-0.149113030350807,0.138153141467881,2.40265897885585,-1.53743790086686,0.0514022867180441,-0.0566171605543073,"N"
-1.71795081394209,-0.372932553624734,1.28327763505795,1.03837542583815,-1.53535534737772,0.598880697921809,1.43900715293276,"N"
0.382883354543429,-0.358599343361668,0.362399303337854,-0.960581171500031,-0.811827466400529,1.63992109846014,0.640363978641781,"N"
-0.123012796725665,-1.10345329271836,-2.03707069977965,-0.0209872747877321,-1.08043462702475,0.312326297323214,-1.4006755561135,"N"
-0.629908908444561,-0.422932304001432,-0.43467989049533,1.98271418414864,0.64246863953049,1.04340571359045,-0.771230170364256,"N"
-1.98334406274933,-1.00274986051018,0.225967368299482,-0.720484017221415,-0.405869434480689,-1.42717309781527,-1.22439752664954,"N"
-2.41024301521231,0.00811132136764444,1.13131409738026,-1.67803010983109,-0.878622640222816,0.963125971390332,0.765419196258493,"N"
-2.58479037633129,0.17992776759387,0.574647021748339,1.1484792058277,0.0462389282434927,-0.283818732379496,-0.509536917268091,"N"
-1.53331470978888,-0.246377797643265,-0.692688814518972,0.0891575374982071,-0.446662503419442,1.02238431547006,-1.19668085699459,"N"
-2.09599142999448,1.87172314990362,2.80053655498418,1.6792638285284,0.599620506497184,-0.693264678650859,-1.36175730833613,"N"
-1.08074497094041,-0.0342912621430938,0.994207558453051,-1.82078121013817,-0.0517419210651154,0.359290663088841,-0.0465020547088563,"N"
-1.51308314689638,-0.858121598203376,-1.11627384216703,-0.728064755284251,-1.40892821416361,0.920095101580854,-0.383219621831159,"N"
-2.55224660419249,-0.830497018550875,-0.806098311995986,-0.223165617667948,0.139023140238988,-0.171500954045054,-1.26276352078293,"N"
-0.485950760479067,-0.776699649745277,-1.30671045187918,0.688555549272869,-0.793462393232094,1.80079483805934,0.373372035327259,"N"
-2.13174878547884,-0.711364048340026,-0.952909544337005,-0.94005931439294,0.737304892822518,-0.0592407423380407,1.80995048710043,"N"
0.823141405127188,-1.10609335013293,-1.18185481957157,0.908791215279629,-2.37651386385903,0.0933575690547986,1.2517340808627,"N"
-0.408874296894538,-0.753666806240337,-1.77004339549742,-0.794909402242467,1.47914181396002,-1.10565913950625,0.902339971577606,"N"
-0.126355798690604,-0.273976869705706,-1.86688250311557,2.02624861131214,-0.936597207776965,0.889633351204263,-1.72507031125092,"N"
-3.97035847657465,-0.27753622867207,0.303887176791367,-1.1362843286535,-0.245365924020838,0.0689962754963917,-0.155518048379092,"N"
-2.06375453730564,-0.222423139215132,0.260027987202746,3.02865853534628,-0.668231567848371,-0.581963924620521,2.24715987576046,"N"
-0.557455844297619,-0.689974971358756,-1.68780184790494,-0.0415523614741911,1.59366381158928,0.317537850671563,-0.0834752681844253,"N"
-1.18589080658929,1.10913965048058,-2.1461525478996,-0.00533082466706149,0.796302855943264,0.909092367784239,0.552951668047415,"N"
1.98923266903066,-0.3780411963403,0.819339229864577,-0.70886642557649,0.460058151871076,-0.0664488345271009,-1.26574354413953,"N"
0.631842901375255,-1.19966465531694,-1.69122679680621,0.299535374037085,-0.617544313645717,0.232964637733729,0.649842476931156,"N"
1.14403981588241,-0.622258392020373,1.24745847694936,-1.3792651353764,0.519001032508618,-3.21252761846136,-0.527979767539968,"N"
0.0852728145211139,-0.333633831920108,1.71357853144819,-1.23336158137321,-1.45669581544706,0.706084073470173,1.75258757063309,"N"
-1.83604729860081,-0.316313942380466,0.0887612620831653,0.434794109005024,1.36205136602174,1.05932377711191,1.22849728167766,"N"
4.6382771215844,-2.08944192896185,-0.514113828824133,0.0463961762358144,-0.0867232903453999,1.43805473158357,0.396862711975911,"N"
-1.84898746546739,-0.0978746019164163,0.373236940035458,0.0703353568208064,-0.0420536659126206,0.0211527284356662,-1.43709808030053,"N"
-0.932420182331422,-1.36073667810207,-0.87161585385088,0.481754050458908,-0.369079628619966,0.7761104650961,1.15723335143916,"N"
-2.0171343364597,-0.462683592155569,0.952458174526387,0.926249243588491,-1.91834036056698,2.46963421013952,2.69149157868227,"N"
-1.76635491881742,-0.783709344634639,-1.63794021395095,-0.308798225416795,0.151519888090629,-0.797177434674036,0.709440369376911,"N"
-2.6278521754146,-0.727970871788014,-1.5194408854566,-0.663885222823678,-0.147526954528602,1.4871421350604,1.47146346464495,"N"
-2.36459626617565,-0.150370950581243,0.57666779880275,-0.508225616532474,-0.717513991883958,-1.8868622410588,-1.08312963853912,"N"
1.4941138349548,10.1787023332803,-3.79316217451511,1.67778198389871,1.72068263917918,-0.0602424248862277,2.55761771513055,"N"
-3.46506820789044,-0.328983481497357,0.157342388430509,-0.964113408361319,-1.01219400783045,-2.35001898814502,-1.68874269191746,"N"
5.42927702337674,-1.90936739929443,-0.6201720794554,-0.158754301029309,-1.2963441566487,0.371051566066569,0.297477263942993,"N"
-1.4245037508494,-0.882199022221491,-1.71849455741551,0.464750709433986,-0.882390631192821,-0.524443301463868,0.577057316074596,"N"
1.54315043362509,-0.837585587661209,-1.20146123655951,-0.525422632495737,0.614750957522642,-0.0314832958441219,-0.449632860981375,"N"
-1.9995180991467,-0.590504970827313,-0.397060983846969,-0.407045649283506,-0.285756639168969,-0.27253382083643,-1.02238421118362,"N"
-0.895455207276453,-0.744280270483067,-2.13258715138866,1.55897321218236,0.518678846958004,0.581480699596135,0.22143537846092,"N"
-1.53551344362668,-1.0612908345908,-2.36649687833406,0.0753124870387953,0.986442315698812,-0.940253158863643,-0.454257076683823,"N"
-2.99456529289146,0.426265782101713,1.68810496025598,-0.770231767067812,0.138057506671452,1.07446901149506,0.958948875127129,"N"
0.0262137455416857,-1.01972461883649,-1.99548352706384,0.723014693250798,1.01139457586514,0.243124758935861,-0.465180275454862,"N"
0.411882787028472,1.6064230350518,-0.147201280769143,-2.38160512376257,0.293982172211332,-0.0801194791806184,0.412386011851834,"N"
-0.962668081819111,-0.663835058154463,-0.580446903544828,-1.13248913455162,0.494935166982295,-0.498780792670682,0.172471400892892,"N"
-1.98188266578333,-0.403153856287102,1.15441196904609,-0.506369126652871,-0.813072241046424,0.633520255881977,0.396060115513757,"N"
-2.47536483981124,0.897432683403555,-0.273031321386967,-1.32449194859925,0.47515406705717,1.72420480524434,0.237892107540054,"N"
2.61942921700226,-1.58233082762,-1.20360550086436,-0.206164841751381,-1.46297434761251,0.489026334598845,-0.410773024290667,"N"
0.999835544927089,-1.10694194593477,-2.3929232850949,1.75643546175004,1.99900763779137,0.87411866312966,-0.428198503984419,"N"
-1.05406807575894,0.118191484840162,0.30232308346512,1.39065749815848,-0.83444094130114,0.930452986066393,-1.10520661339651,"N"
-2.72022115426274,0.56386935922235,1.44874208155475,3.08291634821583,0.538115269239991,0.283733630452657,-0.268115268223212,"N"
-2.75490288199733,-0.41351157554769,-0.309146710839521,-1.59406906265057,-0.57088051023645,-0.894353481883686,1.48791548285544,"N"
-0.484897984547668,-0.29982127926746,0.126475323173607,1.47387663329615,-0.498863599449922,-0.57202381865097,-0.0745972580869897,"N"
-1.64719011280243,-0.641222148657588,-0.721508874823852,-0.0353492956026178,-1.25954082016333,0.260071948752384,-0.173103901722259,"N"
-2.70791189161486,-0.171920336317658,-0.311099539138428,0.31039282565533,-0.803174485240825,0.665643133752715,-0.188066010618882,"N"
3.7615692536624,-1.26524734341293,-1.81704449273436,0.0163279351923856,1.65097402722983,1.05731967482027,-0.136310167234192,"N"
-0.762097854159569,-0.846147441950782,-1.67558893600402,-1.12975344017344,-0.768500746625499,-0.681615678431711,-0.21368911508868,"N"
-1.99079742626469,-0.399840488063892,1.69417482642429,-2.04511066298525,0.691521274429454,0.83793028999644,-0.353109605385111,"N"
-2.02299503896197,-0.0567061345601247,0.72168668488081,0.666516636543423,0.705451121981513,-0.820391768855739,-0.740238530451449,"N"
-3.61131635778546,-0.313409254526837,-0.55779196615782,-0.618956462557352,-0.58925892263869,0.594736209641096,1.94613983515229,"N"
-2.19589733845586,-0.232062183798542,-2.32621473155838,1.91391543595484,0.716814390698181,1.94292965862934,1.10270875591659,"N"
-1.59286992670357,1.98688999667195,-1.54942565353021,-0.167304918489381,1.8076745325189,-0.633256718729493,-0.0635206235628184,"N"
-2.3271963460468,-0.579566269055333,-1.68959348870549,-0.202448439476874,-0.52124614802266,-0.121338697151974,-0.884823174960334,"N"
-1.79521880856807,-0.429010533547083,-0.121324199848525,-0.169170054457713,-0.168031375665709,0.222505430879461,-0.00123018876026444,"N"
-3.32160507812488,2.27029619640693,0.539609406522132,1.65081439788038,-0.118736039248255,-1.07836498232895,-2.20390072788483,"N"
-1.0622335576268,-0.607132450673569,-0.879063939958487,-1.71710767741659,0.814186595285988,0.328409037702436,0.407468771336039,"N"
-0.0374626908611745,-0.908237227261686,-2.27020180577375,2.15303630344291,-2.09257030934343,2.64593714118642,0.945378985726712,"N"
-1.79450046512897,-0.0196553751813971,1.28794934134956,-0.452084084425966,-1.45222175579392,2.28274906980021,1.15805792314011,"N"
0.21410242566754,-0.284437818111904,-1.28387499753018,0.747025044026682,1.6974993330558,1.15261213923652,0.876933182274432,"N"
2.92605697219411,-1.05113712274924,-0.183333010043063,0.7790493005674,2.83336152674742,-1.05206493090889,1.2699437638905,"N"
-0.14970745433662,-0.890869190079725,-1.54860418371707,0.615629963010662,-1.78099959105317,-0.130732101183305,-1.84563617362873,"N"
-1.12026971389831,-0.297557947122212,0.8497113583929,1.49074126842892,-0.66897524824093,0.103878550889517,-0.292162356334432,"N"
-0.190821797308367,-0.84664465829689,-2.13799283385454,1.53163994053783,-0.577897817098901,-1.22841270192316,-0.209228105239786,"N"
-2.14136282375699,0.826855855436181,0.317084722643393,-1.89264101643508,-0.763355208694936,-1.48817897174626,-1.25553426627104,"N"
2.98184298365405,-0.731131949176561,-0.13590094861463,-0.707372064940123,-0.560148842790551,0.675638449980706,0.626094192476869,"N"
1.15785916839165,-0.502770211565037,-1.04779825926971,2.65576730977305,2.75630573843333,0.862174213738547,3.29116365125839,"N"
-2.11851245434698,0.677176706030609,-0.12527860757496,-0.586989550832488,-0.395011371786399,1.9369678217435,1.35085580169795,"N"
-2.61015996927837,-0.0835084266912223,0.000314700680787455,-0.637164043385226,-0.134790521344835,2.00766145793906,-0.321009022083319,"N"
-1.18611295335498,-0.39268930120282,-0.612142899542262,-0.175967968955467,0.0681298807032654,1.96976120737331,-0.176654820572584,"N"
-0.221094879965313,-0.613964626921321,0.372751374257961,-0.0749094543909335,0.728532007341765,-0.915850728861907,-0.707553413968428,"N"
0.569884539803956,-0.736317539405341,-1.63904698151027,0.832907629669607,1.82336820481053,-0.605842650540509,0.81434941680077,"N"
-2.76705592475287,-0.471067029892501,-0.204668790441971,-1.35406456286555,-0.945378061177713,-0.414129310545728,0.411616048521101,"N"
-2.24909818886392,-0.157862833894309,0.00808122567606345,-1.71340484974347,-0.093031755680434,-0.311735225710191,0.505706770767888,"N"
-0.795138420474504,-0.877193171888919,-2.5547001078233,1.08381647644056,-0.46206912085351,0.0280526226472856,-1.31716391873949,"N"
-0.608501097504681,-0.458960652812504,-1.02177119079069,1.63599593128493,1.1595736694426,-0.283230265177987,-0.315633936763889,"N"
-1.14349207423616,-0.645862188337019,-1.34659176486274,-0.112068669466082,-0.0964664230606683,0.369630820208447,-0.324806378948191,"N"
-1.92498238356288,-0.149163768500438,1.02115702767822,-0.0669822024129909,0.0661352962761956,-0.455378009778503,-1.5475675485987,"N"
0.333106131594465,1.32830178857755,-3.50581720538477,0.817477518733052,-2.73150782219588,0.710430000946145,-0.11637395447845,"N"
-2.04081853406452,0.615701289205377,2.77619522004868,-0.424503671609073,0.543705982501322,0.298296576091915,-0.09133078838858,"N"
-1.83442442525286,1.81168680685056,-0.7043847579378,-1.25479282488108,-0.642863125745442,-0.965066672529792,0.0327393920188231,"N"
-0.0981589891474379,-0.896214758218057,-0.798333420073077,-0.35344172422274,0.126836136163901,2.35694426547566,1.24817691939919,"N"
-1.48338036645112,-0.434589263930563,-0.371678672406122,-0.703456280974205,-0.179541045532594,0.0427079322823609,-0.669275543787595,"N"
-0.222859015870082,0.362924898144966,0.0564106547464197,-2.64821965157121,-1.28834528506292,0.267869819665854,0.0289629215826562,"N"
-1.55772129317784,-0.224987974014721,2.43255353761415,0.789184472464599,-2.03684862319789,1.49717480435168,-0.0547186235926074,"N"
0.357779883267407,-0.789738410261861,-2.19974561449482,1.40133448309739,1.81498583928021,-0.159645199789965,1.0133202112517,"N"
-0.967485304125144,0.835266528966292,3.25527059822937,4.32129477331894,-0.208123657314171,-0.0560157170769776,0.100586389022808,"N"
-1.88852981296247,-0.578531364999011,-1.07912499576182,0.40379079325772,0.455120155268485,0.898012448446432,-0.326369155444698,"N"
1.15728630231555,-0.4669765191657,1.50127520333198,2.56938491607582,1.26714637011773,-0.375889247391841,-2.15986978200455,"N"
1.17292729899948,-1.06605863831606,0.779022479175039,2.05918261054273,-1.94502893458819,-0.0549485118155939,-0.122755650383412,"N"
-1.01587235500558,-0.108914918849236,1.86503926403719,-0.567957063901091,-0.240957549681716,2.10890192329831,0.158570393448357,"N"
1.2946997634176,1.8895863594906,-1.76294746473923,-1.43154302680851,1.32974312864074,0.35810489905394,-2.07486753460549,"N"
1.26618496979887,-0.91246747497235,-2.10868420149615,1.06826772419795,1.18418221365735,-0.969720037706495,0.455509182078779,"N"
-2.76713481449441,-0.334574515132673,0.469139324865487,-0.468002763218962,-0.741207926461194,1.41262169654863,0.525252593790889,"N"
-1.0055574035554,-0.663131741827068,-1.17482182814461,0.497022059261306,0.00216424015142216,-0.156378300719173,-1.25391484963345,"N"
-0.426314975058572,-1.12960943123135,-1.55043159265327,-0.433536644378529,0.0960065355348663,-0.121911517306257,0.47687100358292,"N"
-1.93204678222796,-0.289689000535569,-0.606901078094609,-1.3917493850006,-3.18324888850606,-3.06275219337725,2.06983754516669,"N"
-2.20156263288922,-0.151299078047048,1.28405512843646,-0.393123953490706,-0.21616035427636,0.419778805663128,-1.20362695323249,"N"
-1.97642328161261,0.304442412167204,1.37589578301976,0.371909747365383,1.56049401841618,0.449614091560439,-0.920471510177296,"N"
-2.62217040126199,1.25208665764506,4.1899183766904,4.30109821855097,-0.397694985908111,-1.31039005800115,-0.145883523133801,"N"
0.322118723906774,-0.539545134624265,-2.43752906151746,0.407032826700143,0.0981798206304593,1.1854653909753,-1.02460622943816,"N"
-1.86512883587047,-1.06904266644452,-1.30213512432221,0.718819114692814,0.58492104469645,-4.76261654126093,4.87107812850301,"N"
-0.426108303651155,-0.48634958799452,0.96532966410449,-0.914121835590993,-0.570233288033138,1.50190191286015,-1.17091136174828,"N"
-2.05813475080257,-0.37551624097398,-0.282171894721863,0.333470934803122,-0.948198216082243,0.266456641741285,0.303810136589654,"N"
-2.06045591529625,-0.368405378014515,-1.15291056120295,-1.06672429951034,1.36849801987508,-0.372820545031007,-0.747394010437187,"N"
-1.61182818328855,-0.616289790460613,-0.934442027070877,0.223856095069717,0.0843337370059161,-0.700854015035232,-0.484138557139187,"N"
-0.968083567262047,-0.238179013197742,0.621455973130696,0.0833680300331493,0.858265689866255,-0.610263406380776,-1.47650156590573,"N"
-1.87835280585178,-0.494874484408876,0.50130854647358,-0.489924998524435,-0.187763617724818,0.652365244392597,-0.076614216302176,"N"
1.73158167899305,-1.14696408400252,-1.31280103588441,1.94055426486022,4.58435619995743,0.0916833117155592,0.749257736726922,"N"
1.74784146408198,-1.39204415259631,-1.60627147420287,-0.286033885139868,-0.0419187868078259,-0.456480784293156,0.292002789749746,"N"
-1.20219682459549,-0.884685206762113,-2.54644399312112,0.65189076991676,1.22425880757843,0.715983219388487,-0.362031602066685,"N"
-1.57179670892446,-0.121429192884504,-1.51881441267006,1.05678444175731,1.00820677416881,1.17029534551263,1.08389322915289,"N"
0.335969263707469,-1.04828997122582,-1.41943730482226,-0.954854446313373,2.44101552509742,-0.782560502182489,2.00232910745298,"N"
-0.802824144445911,-1.31416724085005,-0.62455228071537,0.0371954934471924,-0.81251292842599,0.0351733037012491,-0.715551336148662,"N"
-0.743219656421535,-0.587601752672985,-0.571304703303284,-0.87003027838385,1.07973993470105,0.826276416284316,0.961671338230416,"N"
1.01013714682862,-1.06373239839271,-0.844486692292344,-0.380105643892456,1.00722955704185,0.134600068628495,-0.280416609302433,"N"
0.961367442669672,-0.927292440464435,1.27410689813474,-0.457947548087652,-0.125876398885337,0.831757008358363,-0.318972334437766,"N"
2.49918374164451,-1.05538432053733,1.2004175389879,0.69476056224078,-0.989736614478358,-0.234168385002425,0.264778277003513,"N"
-0.753818638904402,0.173498877121094,1.61058419142526,-0.0958847582475931,0.989283718987141,0.864605278319597,0.191657920495372,"N"
2.54635983409554,-1.38196863554489,-2.5410395607367,0.224717177295054,0.636404014199845,-0.504135837446754,-1.25773221575894,"N"
-0.314026285723203,-0.564381780482848,-0.664364132479669,0.716284060985348,-1.51213850786198,0.0312470341560384,-2.23406062131776,"N"
1.76834739431195,-1.59591076389338,-2.3853797263556,0.621317423750954,-2.6262415620436,0.912159002789886,-0.203426613938159,"N"
2.43090201128324,-0.738008494613168,1.79870015650858,-0.91697706686986,-0.788354005738876,0.576205230698298,0.0994694955766024,"N"
-1.68831807324409,-0.77478860620301,-1.42911496917343,0.763970493057769,1.39846981771285,-1.80680075511663,-0.0713315997219891,"N"
0.589548485944882,-0.341157290779659,0.433093370493256,1.68097770702545,0.247712367659404,1.14806741027365,0.462582514110089,"N"
-2.89499524159877,0.163738509746853,2.02514689528996,-0.481694120810001,-1.02770638581814,0.785900296973723,0.975260288015116,"N"
-2.7185212641174,-0.202013756552251,1.55168848330588,-1.87325829902956,-1.84728629513384,-0.62968664354045,1.22711914395644,"N"
-2.86219683542178,-0.295239744803402,-1.43931190561985,1.2295699097519,1.44902988148553,-0.321167360767722,1.43230385130351,"N"
-2.85571244071696,-0.320466361875528,0.00485509550356396,-0.842586437002147,0.547436236880879,0.866121919477148,-0.267518853149722,"N"
0.17932818112298,-0.507045683934388,-0.509658654204865,-0.213594553399513,-0.292490583253525,1.05067173073886,-0.202326313813341,"N"
-1.7084438969901,-0.0798789428410794,-0.1629566827247,0.0458048355089855,-0.0669723973458012,-0.389384877734562,-1.66241588002335,"N"
0.425301453965842,-1.31679803337205,-2.89610692593366,0.799848658663575,-0.175012121133206,1.00216096317315,-0.740012085894539,"N"
-0.220752371360514,-1.08767844361698,-2.69965533007249,0.883086151465045,-0.642026146015604,-0.371924262666703,-0.744740011839651,"N"
-0.299593923307802,-1.22398543081353,-2.07208612954876,0.581759830205686,-0.461769273731294,1.39238104836881,1.07734449293602,"N"
1.97321513200584,-0.639739538758922,-0.576688614162084,2.9129737557386,0.691902151197649,1.00744650777681,-1.47172520183701,"N"
-0.916626846571896,0.666413049155215,0.348253861383754,0.679824330467891,-0.536057562196996,0.273712388098394,-1.22550452253375,"N"
-1.31482885541288,1.37842469196716,0.511067136151797,1.28703274551761,1.32493141680874,-3.4110627887305,0.251604657744971,"N"
-1.78783575628151,-1.23127923654341,-0.853378072313357,1.34567824630808,0.822410055455037,0.293808342359974,1.47983782446562,"N"
-2.98014037518015,-0.712134169687124,-0.884305408621754,-1.70391102806406,-0.744775751348465,-0.489737454137949,0.310508078505407,"N"
-0.644220343990874,-0.167073503474426,0.442669739353911,0.487681905433937,0.221455056287823,-1.01332060405364,-1.0050466939749,"N"
0.302548191371267,-0.987387995338822,-1.53409272562642,0.568263227770955,-1.22436324609227,0.496287098074029,-1.43729070161806,"N"
3.11093564823601,-1.03746775020832,0.355886217976016,-0.50457782296587,1.55222127097027,-0.0648377203747252,-0.554654293347644,"N"
4.93894172915281,-0.558198837692775,2.04710887041574,-0.464392234687017,0.267333900780158,-0.180789363446171,-2.24239950258695,"N"
0.335076781614695,-0.0862466429768034,3.92254186967117,0.214597692163529,-1.86908050089831,-0.369868386324262,0.596786950712199,"N"
-1.81601023428029,-0.373510614757052,0.447781268285758,-2.10584771065006,0.957621494018526,0.0205117506631306,0.709814753215874,"N"
-1.14847466251048,-0.1725183916471,1.65571439017982,-0.0644053878936716,-0.985709269002223,-1.04554855989427,0.584141752058927,"N"
-1.06760254623274,0.929880942004973,1.21022756498592,-0.702217378730927,-2.81360246426422,-1.16434265690939,0.524728448419595,"N"
-0.31210430456003,-0.0124267735674474,-1.52992702567239,3.16295653595099,2.72296960682241,-0.174155500485615,1.12624823342323,"N"
0.826858440694919,-0.515816412399491,0.246560444026324,1.79141692344026,-0.598243994953843,2.14664801830449,2.8718855973919,"N"
-0.151111713549061,1.75720821645743,-2.44895393275259,-0.692928811763116,-1.71931777096711,-0.106135838168284,-0.0291342877523872,"N"
-0.172636523152304,-0.199529225052486,-1.93114377265189,0.0267251419241129,3.43644190991589,-1.15206359704374,-0.121486932882684,"N"
2.3249721564597,-0.711245484894964,-0.655073565442611,0.889055157481051,1.81841647226857,-1.5622233034688,0.427167556378676,"N"
-2.11994632769756,0.0965924506581651,-1.83713211202849,2.0740812200274,1.28126920041094,-0.237289514487396,2.499187355499,"N"
1.79802254361841,-1.38928822266816,-1.61107638204853,-0.442804551158364,-2.57227088134639,-0.475414919538175,-1.46018470043368,"N"
-2.01325412013773,-0.544505452238504,-0.969694076524086,0.740231969640212,1.41801856020794,1.94892574958395,1.0804588697042,"N"
-1.1890738103163,0.213460427382558,1.86909791096902,1.17142561126731,1.01009094504939,1.21110914167561,0.62146779756267,"N"
-1.2633521832664,0.140035221827201,1.33099037004735,0.529373799557978,1.42895553033233,0.191798693779477,-0.734885644598509,"N"
1.26345449076985,-1.07122375009692,-0.205056738000057,2.49710732952502,-2.77341471604368,-1.06929972494304,0.945534467196086,"N"
0.167604131511422,-0.376352161173798,0.83934675034877,2.07128357654423,1.92638390242439,-1.15619487459805,-0.0501949566879894,"N"
-1.39469040244887,0.521721525944442,0.505370026342595,1.90580993556134,0.366312488245398,2.35913623113927,-0.239932799001218,"N"
-1.26983253360817,2.56861025098217,-0.678325544068047,-0.939407236645418,1.92820632565717,0.901999533600864,0.395638747128136,"N"
0.18968917099994,-1.17947748473243,-1.50575191346366,0.0265900274964736,0.511090611221549,-0.237755056391892,0.300594769849171,"N"
-3.3657258006711,0.0134332794815017,0.799330787305199,0.515520234424581,0.190597959214427,0.159311901357868,-0.0720137597698562,"N"
-1.82999387661026,-1.21630285436661,-0.883858923522062,-0.399212566329266,-0.629889136962516,0.339308367045407,1.1025062651408,"N"
2.94476463553296,-0.980505633396522,-0.380263004238949,0.24439953760319,-2.96182480851599,-0.434983636459238,-3.16608376336464,"N"
-2.39442011532341,-0.162928484185908,-0.274828945391904,-0.00468825834394183,0.704715695090134,0.262929469299873,-0.691476856287418,"N"
0.33790640362614,-1.06850370504423,-0.180870485412255,0.0243116389113659,0.780381982572224,0.272989198471655,-0.927808727536116,"N"
-0.326090039735029,2.55182116834197,1.19030053960316,-1.67415245895408,-0.0495660979912039,2.34054392318704,0.312433463166304,"N"
-0.258020160403754,-1.0364862140379,-1.8511123523043,0.634255031940763,-2.11685005963394,0.642929960649713,0.0858250927682223,"N"
-0.0918999089033712,2.28302389543419,-1.54408359066978,-0.584934325900468,-0.530329158222152,0.0955823967291143,-0.7263181671558,"N"
2.02863731045273,8.00267927002306,-3.83251033997919,3.88790106155644,-0.868439141501338,0.948584108902113,1.16468060461377,"N"
-0.161495511776291,-0.645931252309757,-0.967731190186854,-1.33486099334386,-1.74879072387075,-0.393474931276484,-2.31345876991357,"N"
-2.6799546486629,-0.380185244310145,-1.00151949827271,-0.176129007581573,0.787716382057617,1.92638329546116,0.0440254895213785,"N"
-1.7878576567904,-0.139709080432104,0.503010043221873,-1.37300552348607,-0.710799093552326,-1.78593403377751,-1.00837176779823,"N"
-1.85894485078649,-0.611082949766284,-0.193892630467143,-2.24891789553943,0.238228087176041,-0.587188608966738,0.3706079648682,"N"
-0.655419847975881,-0.000611800928581405,-0.609643555211192,-0.407309864208167,-1.29622525858936,0.627472937505919,-0.774800775003232,"N"
3.22241352538724,-0.647812092339341,-0.718591097169343,1.38244252953396,2.5195651216534,-1.70054804692312,3.12258667902972,"N"
0.754777985329671,-0.809110888462874,-1.14540626747802,1.60085709251099,0.843516745770453,0.905014162843347,-0.491851627922262,"N"
-3.0752956338884,-0.357165589583143,-0.168148683584153,-0.431883824319883,-0.0303489067522182,1.13925092019235,1.67770709283081,"N"
-1.14755107056085,-0.784878916802341,-1.7394041537124,0.398105511161329,-1.17126824232671,0.783651852426211,-0.566178771668988,"N"
-2.67778253918013,-0.0430228801980714,2.47469503459733,1.37221484146222,0.202853057749818,1.61754872594732,0.358011138091602,"N"
0.213257297004113,-0.24682989846863,2.34478364289148,-1.27595174846,0.558957906474444,0.321990341893904,-0.087145888893296,"N"
2.56743702570464,-0.904512728377434,-0.190722953552907,-0.128696981173722,1.0109818658823,-0.0344465961879643,0.29253384288888,"N"
-2.83153182230954,-0.323594182815645,0.0477811837026748,-0.55690090810995,-0.518178762182505,0.667275545258036,0.206582679588178,"N"
-0.232836678083459,-1.01991813779963,-0.799248129231916,-0.309795701257312,-1.11349154380361,1.42037150949464,-0.0187464956713362,"N"
0.330985047820066,-0.485807827046251,0.944660232476072,5.15388654227883,3.13558659136921,-0.562686875911784,-0.621321803891223,"N"
-2.38293611990188,-0.447586605000349,-1.45151258178556,0.20301461308156,0.580592738410265,0.201202143033473,-0.524853525727416,"N"
-2.47408881135623,1.02686733353806,3.51322536233704,2.77399549297071,0.0232533427372717,-1.94850933388328,-1.13691637994841,"N"
-1.49330000259133,1.05461085480052,3.07897258042217,1.15333676849567,0.950234549740102,-1.08803366175625,-2.20109063359662,"N"
-1.14712980949285,-0.186371439409544,0.715853844388974,-0.288398004124559,0.583823176373117,1.2639272013933,0.628309820228203,"N"
0.277521019619387,-1.25621816516498,-2.09007291029846,0.414350913296838,1.42231596911765,-0.660853549850733,2.05083551421118,"N"
-1.90028284700291,0.43718637860119,3.35910141628021,1.68550617653887,-1.88583930790948,0.0650918710384636,0.619420806549535,"N"
3.4152685903862,-0.874887061663142,-2.42559491563858,0.977013974638043,-1.28142835665186,1.16403970863694,0.242661468831668,"N"
-1.71427207573314,-0.458429464918452,-0.752142747608342,0.63628230414761,0.470303820926821,-0.456333921732433,-0.665726175901422,"N"
-1.8392968025947,-0.281994255586584,0.098989357873216,-1.29785479979527,0.757461586978362,1.01062498788335,-0.769493551041315,"N"
7.11915237236836,-2.15509832392084,-1.22334960056858,-0.625498345733985,-2.2224495249566,0.335797094266335,1.75695044262092,"N"
-2.76134240657928,-0.416709857834173,-0.396247225536624,0.423824274858755,0.0872739140329969,-0.0370790099197795,0.871055927294288,"N"
0.526057145176561,-1.05413127228177,-0.392499865658666,-0.39439039664857,-1.06010176289961,-0.986632283803802,0.412230609012086,"N"
-1.7328187014753,-0.844722544702414,-2.20406496962198,0.419190408393098,-0.308915996816054,0.501964193894001,-0.894863549503069,"N"
-1.82524780457659,-0.592795972749418,-0.532313008259569,0.0944855237851039,1.86483295322412,1.62410144299797,1.0645532624718,"N"
3.37957601878389,-1.50928660266585,-1.04839465759204,1.42066311449847,-0.477286227008055,1.47280591959219,0.0809724498863028,"N"
-1.78766587797357,-0.454302204977916,-0.576975215111853,-1.73347929117568,-0.18347349580661,0.457405214290694,0.37967733502717,"N"
3.50524438344175,-1.05240054647928,1.45864791693669,3.90968380615901,0.908580598686495,-0.815012884944368,-0.49241826498666,"N"
-1.75589590138972,1.25519678934513,5.18461131915791,1.51286756090619,0.359615882546088,-0.561293520300888,-0.364866047045022,"N"
-3.71599537038277,0.0702040102561196,-0.388450642146558,0.671123783342244,0.0929266721836668,0.422723199642943,2.4132609536208,"N"
0.323216765775937,-0.0721254292681596,1.24719072422267,1.11037600478526,2.1974486698625,0.40701663244289,0.529915486923524,"N"
0.0502716241843054,-1.08813871378052,-1.38913142245058,-0.573865362431264,0.327353872544026,-1.45816442947734,-0.169099873554957,"N"
-2.68871502200448,-0.707701133511149,-0.547061546662763,-0.265191815474669,0.481863226039494,0.954133199374197,0.0387372181434685,"N"
0.871431410986651,0.852038339197138,-2.00648636622904,1.19641422971293,-1.26504613517354,1.83259889712045,3.95438676390057,"N"
-1.55923155137485,-0.203506217839397,-1.55265913524898,-0.319811336753329,3.09665666165202,-0.893786822480578,1.53768395131717,"N"
-4.02741300978791,0.310508603943233,4.08160131450003,-0.510340355341275,-2.17477066888699,-4.04960807792135,-0.114952040387415,"N"
-1.73637909643563,-0.00793874148474135,0.743726953918204,-0.74299221454586,-0.155794337926283,-0.328534829475459,-1.62260237344865,"N"
-0.131122446753109,-0.56983437031878,-1.16938787530925,0.341862746515864,0.32919446670345,1.35386991392521,-1.30456656866552,"N"
-2.968613350637,0.101867021211739,0.779429612291156,-0.560472285240748,-1.48970152671226,-2.04740590840528,-0.787828914545266,"N"
-1.61139593772881,-0.354841913488196,0.175267396361491,-1.1406525368196,0.0330785679125214,1.40787297193538,-0.155426217632292,"N"
-1.28355635918218,-0.634613329654187,-0.893537491884651,-0.17283348715808,-0.518630477795382,-0.813703333720728,1.3843427098987,"N"
-1.69635216813458,-0.257617560320095,1.22850861068418,-2.0832031599541,-1.51993402884273,-0.740367700130161,0.583680641798226,"N"
-1.70657837594531,-0.50874116486367,-1.8712571205424,1.33916935955134,0.286987541798349,-0.519627643714779,-0.891273203868886,"N"
-1.60247784481744,-0.115842372240987,-0.412206998810302,1.85887513993616,1.42116932333449,-0.488926107519229,-0.378619636522615,"N"
4.74591663658816,-1.27413924126646,2.02954885786965,-1.98185884449538,0.260555626437146,0.0890040701451943,1.44485921400717,"N"
0.0127006871645854,-0.245412964160822,-0.319389595395762,-0.718685971377151,1.07786038088551,1.5669014314436,1.20856854063752,"N"
-2.11721855768741,-0.129767762486903,0.0158489779202532,0.361875977357514,0.903967344038256,-0.928337978483802,-1.15746126020108,"N"
0.875824405483695,-0.355251423525529,5.50337001929444,7.23771727112851,-1.33972241454606,0.752063372768229,-1.65981145243077,"N"
-1.96016019145294,-0.349231859175575,-0.9405779983326,-0.0759264904821377,-1.13601695947479,1.62751862263817,0.930061509017895,"N"
0.812995462044668,-1.1700079852535,-1.25916222762732,-0.470521846820761,-0.667234314584405,-0.484122784573187,-0.928182305799747,"N"
-0.962003038631817,-1.03601109985822,-2.58647882125509,0.867825182085792,-0.379686859629292,0.937119720804944,0.409574161949131,"N"
0.712600529527748,-1.10946923856727,-1.12783381961019,-0.595913429026826,-0.633634795900614,-0.564310180575082,-0.49834825682254,"N"
0.498506592702437,-0.909238833488584,-2.20039518677661,-0.705623423128725,0.878320445737482,-2.43279407474205,-0.707607552440389,"N"
2.65306135101881,-0.683705994369652,1.96948002552824,5.85729780824386,0.521230086261595,0.855956636514333,-0.590634924254842,"N"
-3.23095690194787,0.205354030032732,0.517878457585565,0.0463809480057541,-0.847861723655215,1.25147158311719,0.335408321114625,"N"
-1.93269982257907,-0.914276367321819,-1.65326006738141,0.0771272316388316,-0.405931312530754,2.50863982446928,1.52272273368678,"N"
-1.34229946494028,-0.838279364337385,-1.97787734390044,-0.19750026900815,0.365626021359692,1.42485437545717,-0.253310884829343,"N"
-2.90495011610638,0.183771526866575,-0.382394553028979,0.0746117239156763,1.68459334835601,0.408739670834749,1.21969412014625,"N"
-1.5329182955976,-0.316001485078735,1.44042397426453,-0.13295920032592,-1.99191862437448,1.02687963872262,0.143558452911492,"N"
-0.22137904287866,-0.136531973009401,2.5752584338917,-1.87203370002843,0.494097664638187,-0.383848035227761,0.640821880406984,"N"
-2.30760316661742,-0.23360900917013,0.970782878008711,-0.537266221133302,0.0337928944561314,0.746131099355195,-0.346199658772274,"N"
-2.69895947506581,-0.236080416498091,0.769561213220179,1.07288071462374,-0.096938562061203,-0.132921841258135,-0.609183405717138,"N"
-2.58156722441002,-0.314226760983868,-0.00777851535375672,-0.332503355959471,-0.982448317166744,-0.368642161347726,-0.263039546374141,"N"
-2.19034209172841,0.732764877859887,3.96320878240514,4.5212226577424,-2.44998742547767,-0.419805958901353,2.11352349177072,"N"
-1.81067270001094,-0.403318885875938,-1.14308650095363,0.629196947103493,0.5008043609581,0.44143553666967,-1.41969930038696,"N"
-0.577962619563114,0.490067905614596,-0.397456612837395,1.9308668133498,2.18772769564406,0.838728970714204,0.473198980336278,"N"
-2.63294494723888,0.518026774224459,2.63806550879988,3.07574135683567,3.85376997436809,-3.39084197746255,-3.58154868072945,"N"
-1.37953563320357,-0.194011390067366,0.886143134574374,-1.12143425578252,-0.713499843669245,1.3217394976146,-0.321052630447815,"N"
-1.63885444126753,-0.390546722849081,-1.48243764437009,0.734057166161479,-0.310550939331097,0.290961884942794,-0.265547743375533,"N"
-2.36828720172305,-0.0528099016109464,-0.641151957654932,0.256690551927272,-1.11192305711811,0.882385182564036,0.253559795985231,"N"
-3.11402962102844,-0.153197567514842,0.255222383875622,0.18395127261921,-1.42174057226532,0.692399506639969,2.20129659529633,"N"
-0.70546902519648,0.0466685695152727,-1.32001439012851,0.830868075291769,1.87689457834588,-0.703416604072836,0.251818908118502,"N"
-1.56136771004219,-0.291331716080243,-0.427602606139264,-0.33862552024419,1.50124993606354,0.818580288298421,0.374442724234087,"N"
1.06931365160841,-0.645608928173818,0.612487340795702,0.244489504725478,-0.252086419956712,1.10240401617283,-1.18586316986479,"N"
-1.67758867502492,1.16805167019921,3.66135734111076,4.63188632833273,3.30602027473004,-0.659432109461077,-1.24287059615697,"N"
1.69888860064597,-0.962639709699186,-0.22138534565379,-1.93260024905775,-1.78718037214936,-2.25593234378606,-0.81054467386717,"N"
-2.60716590335967,-0.0203216537043019,0.356902066025828,-0.417192106335612,-1.0647085196027,1.67088247199491,0.385093232257833,"N"
2.29736527033152,-1.05460794466368,0.726340863188874,-0.952890271932342,-1.23357830794816,-2.39859127658141,-0.0949033026883028,"N"
3.3593588055837,-1.26273195371154,0.124586164466165,0.511147082250937,0.663309448769672,0.28611072673644,0.00283161535136213,"N"
2.62739636810428,-1.22063830558429,-1.08602411892822,1.10952518326835,-0.5095212831634,-1.19232912419203,1.70168316961219,"N"
-0.944597647912167,-0.646095048486144,2.02042645838977,-1.57443974099017,-2.51041888976409,-2.16191196916969,2.95699116718085,"N"
0.600234127267989,-1.10458361031121,-0.432419390356121,0.369158259772873,-0.98190480110007,-1.35237506281027,-2.01905082308678,"N"
-2.18065967047206,-0.906207943116513,-1.43211229198248,0.0246554855056463,-0.255740535536362,1.49012479735634,0.92289988012108,"N"
-1.9533018077715,-0.717252742548815,-0.894154487736328,-0.187977812155248,-0.840463441714377,1.46714210620048,0.767672253970123,"N"
-3.14353931746801,-0.311376974482014,0.475089691047827,0.448298495377178,-0.46039622599649,1.23941591053105,0.595985323442154,"N"
-1.18255369489612,-1.06235952961155,-2.82560708903982,1.91746209250423,-1.20625372853512,1.677207901148,1.52497812783924,"N"
-0.893490047771049,-0.996842548468087,-0.506358940138032,0.598599057353759,-1.25572571153272,2.42149229684305,1.1568905282778,"N"
0.103356617800402,-0.573767838579008,-0.202100870168416,-0.372590634274739,0.475792493642954,0.994513263045524,-0.783358055441705,"N"
4.18579696343032,-0.590895997251297,-1.10029191100395,-1.39139245864211,1.22554482587343,-0.788223540877625,-1.01788870207798,"N"
-0.971890562981546,-0.777715081896541,-2.03408884614176,0.685294788722845,1.82933828134974,1.6123949736924,0.580967493406537,"N"
-1.66883395631976,-0.0340681164136556,0.404333535813647,5.00124526502589,-0.834775344098959,-1.14146474334875,-0.153907492188342,"N"
-0.44220768164411,0.0624813599328311,4.6155901487775,12.0349937018737,0.0330140982956774,0.0473185119652481,1.24808382036096,"N"
-0.775532488120734,0.671830431096134,0.56445016561314,0.693796741204366,0.0990303467870025,-0.48171129394728,-0.59713816202867,"N"
-1.98735174576552,-0.140720649627941,0.789552248394537,-1.06064256916274,0.197913628309287,1.59153275706315,1.56344122001385,"N"
-0.767659130806523,0.0917348529223002,1.45016118411788,0.387092294773162,1.29889340735009,-0.458019316458886,0.901289736549956,"N"
-0.294006727807487,-0.937272519305601,-2.60505409582534,2.19802196089995,1.48261104542547,0.157588217381887,-0.433575101165748,"N"
-2.02891527759821,-0.533522833538569,-2.62940497329966,0.628330990843448,0.54519209678842,0.0632957182656029,1.50953521930569,"N"
-2.81561306780124,1.38849921629979,2.03315538026844,-2.6556203875975,-2.30530027701073,-2.53190194418908,0.884687516380967,"N"
-3.50773059994831,-0.111475893649856,-0.589106716211899,0.059078805748479,0.0327993314810983,0.931986988251182,0.865696793306607,"N"
-2.86689218478538,0.0236894756242867,0.778865411977293,-0.548087300851137,0.363369493622315,1.39087905053825,0.0322481026621245,"N"
0.504382429605543,-0.575160239214847,-0.682936450921546,-0.349295754866066,1.14206186489621,-0.720744059088835,-0.0187593547622018,"N"
0.533096274007125,-0.873009845556744,-0.413113538956094,0.126960393238156,0.248770056250096,2.02141731287646,0.914896369175301,"N"
2.83560389542638,0.220020535155525,-2.28217165086056,-1.57730244697944,-2.58362286715724,-1.04454275645044,-1.0495036649062,"N"
-2.9872204989858,-0.232935880047635,0.198402648162683,-1.57338828637703,-0.506399507615323,-0.717544233619716,-0.43104294038099,"N"
-2.35971641105453,1.48853855069436,-0.226451357579758,-0.227738795814048,0.0509673420544611,0.674747147889298,-1.05780899303058,"N"
-2.73945858449785,0.0380336084006288,0.793762405395786,-1.43748425064148,-0.768558643881709,0.13456493397349,1.63343225851656,"N"
2.59174268154269,-1.22513080534125,0.490046863633867,-1.4347161606889,-0.857723127494286,1.64084589923056,2.68416321327393,"N"
-1.90112678368251,-0.0397413187946872,1.18589359767039,0.730558753858441,0.679772614086061,-2.67876627170509,-1.91930186818024,"N"
2.37744781379579,-1.39745928865961,-1.38999179576723,-0.157608241653005,2.56595773931772,-3.55815467824735,3.0989834721801,"N"
-1.7537689174935,0.0923473038235516,1.80848537769387,-0.691668904567294,-3.556659344188,-0.0181649644618716,2.00373594015178,"N"
-2.51922129204669,-0.00480667934038203,-0.528803748273123,-0.413139133365872,0.390804360421862,0.766051887300269,2.29158104822005,"N"
2.78449145173735,-1.14136912461182,-1.9135850226388,0.801219569360995,0.00612806634187333,-0.814415791653472,0.625284491484137,"N"
0.159949695672488,0.7194420859523,2.94406720337071,1.40384042303229,1.11932482626768,1.47286662028319,-0.736026014803499,"N"
1.88166330063517,-0.520242331422722,2.02536799160121,-0.492763972433199,-1.50758439134453,1.73909025718862,-1.19994623012061,"N"
-1.15192326375322,-0.625336180910503,-1.06479415527078,0.33053032112239,-0.521282091599874,-0.541575346184675,0.464968766575289,"N"
-0.187486127180476,-0.86192970687462,-1.78709116547531,0.922522278285687,-0.939892385757885,1.50805953101114,-0.172695258887306,"N"
-0.538888107900538,-0.670935736465849,-0.929577734521995,2.3361263316754,1.99974715307781,-0.81174784800797,1.17261360015328,"N"
2.80731639663965,-0.692307850694953,-0.117884941414133,-0.953827854666972,2.06599812308867,0.14974918008706,0.547414234450865,"N"
-0.75066630485787,-0.479987454592946,-0.403400953413474,-0.343498966529673,-0.683455604782685,0.930045456204661,-0.439087225403791,"N"
0.36684990286077,-0.734646682114921,-1.24017583808075,0.23591421918243,2.0237383878184,-0.692490979390204,-0.216453747603809,"N"
-0.642503143808223,-0.72565386593925,-1.34976583842701,0.0217011729983135,-1.38652335439839,0.951581483007069,-1.46759066637904,"N"
-0.900592175591946,-0.670131969957468,-1.0883547187269,0.55851069529778,-0.573457484276522,0.672079267760445,-1.68652436271253,"N"
-0.647640431012383,1.14770756662526,5.94021233815639,3.42194235166397,1.59831314592515,-0.224572667311626,1.11389345108956,"N"
-1.78545344289479,0.0209445185443139,1.31947002759048,0.643328098528516,0.823229014005876,-2.67445946149337,-0.8229769170299,"N"
2.91776909078055,-0.213889217335386,3.46888442974855,-1.1712688056913,0.884082224762278,-0.761358547133508,-0.105191230859705,"N"
2.15211720608542,-1.04915307974094,1.78044716114206,-0.479487773230036,-4.09650840509083,-4.77828866284792,4.58907623309148,"N"
-0.455930663449374,0.428827033662386,-2.16389281587281,-0.578895824845068,-0.0982777828585353,-0.492047749634179,-1.96939780641969,"N"
-3.59348294069179,-0.318271193273096,-1.08623577428493,-0.497933172419366,0.293384417622671,0.237874437327601,1.59205128874654,"N"
2.09461990315688,20.5257998200558,-6.78922069180616,0.853917838938664,-2.76395171489526,-0.0761199746802392,-1.0128025301316,"N"
-3.14440591677422,-0.238809514037865,-0.279272752477527,-2.2397586203286,-2.07432640135136,-0.811849148817693,0.262217689349273,"N"
3.03624620849307,-1.63535559670475,-1.93593167499336,2.11232737359692,-1.39006712048157,0.343796724901055,-0.836180014889739,"N"
2.5431141434382,-1.05300838795611,-0.838997117200323,0.782378987473825,-3.48404853461933,-2.23112399066054,1.87193303327595,"N"
-2.35424694760255,-0.308789874326184,-0.0861049291998286,0.0397881599274963,0.3697599499217,-2.0643386144868,-1.4950059109003,"N"
-1.74890739541249,-0.172343675889741,0.00561815569806519,-0.536235736775753,1.34029266856274,1.8136010060091,0.807930423467627,"N"
-0.30619369411939,-0.626564639861521,-0.360996283844905,0.7888801935614,-0.514750578843966,2.01224344744817,-0.50986917524326,"N"
-1.1115025813435,-0.695787080221949,-1.37116206290239,0.248386765286966,-1.02924994666897,-0.289025216666612,-0.735503934066471,"N"
-4.80733459986876,2.22405485509287,8.89348728752015,9.76159641012977,0.137120687697243,-3.71860915458184,-1.15018348533413,"N"
3.98624332558945,-1.39594000135012,-2.99800055088418,0.0461623034743871,0.221431660333123,0.137011930434824,1.39778486143241,"N"
0.280488319869522,-0.469044206462102,0.36241017023495,2.35228505560737,-1.07209910172195,1.35565116894037,0.50167372308688,"N"
-2.8813824646429,0.0762710451364076,1.52710054231193,-1.03647305206413,1.1043149637549,1.2358083777173,0.417705359512213,"N"
-2.4676980538361,0.293578787612781,1.00699211793319,-1.83361703130719,-0.518092952508647,0.418842932483003,-0.338220416686974,"N"
-0.177893545224415,-1.09514556056374,-2.72495609007291,1.30443331933932,0.566673909856028,-2.14615058700213,-0.231469296997031,"N"
0.163116451120259,-0.992272072833468,-1.13308253005054,-0.292295415995191,-1.00653813423243,0.0651396719859094,0.223426809895104,"N"
-1.85869892242356,-0.610208117332465,-0.420849347638505,0.574608876816903,-0.571839375407316,-1.55455363363592,-1.14898315192464,"N"
0.891260855520253,-0.772614429455406,-1.56979558426219,1.02869548085422,1.97141493366184,-1.91054116598591,0.872731636975247,"N"
-0.307810244992268,0.279513890253207,2.19922254099129,6.1744173790635,2.83723139188257,-3.02768973205803,-1.94748717705717,"N"
-1.94915430493393,-0.245462317307301,0.275975993176365,-0.679201330911466,0.407848726958282,-0.155286202936536,-1.01508449260369,"N"
4.34324060347528,-0.701684539281878,1.09695546769966,-0.982943534318469,1.54653372460607,0.517486130035172,0.564583070554585,"N"
-0.67341043894301,-0.965237502897794,-1.57685902366893,-0.104145902842854,0.316564430342163,0.535470067960209,0.182572062204842,"N"
1.32890869622789,6.23341798509325,2.9091570222533,1.2509463608964,-0.74142545067689,0.14452475809952,0.245765832304101,"N"
-3.25696406538193,0.313237447057015,0.465132522921549,0.355930048364434,0.42845321838935,1.48644629025683,0.696782082157075,"N"
2.13546424392138,-0.872717668332789,-1.4061845303431,0.0755651129453936,2.06060586038059,-0.643135781651148,0.291152132429274,"N"
-2.25194712302493,0.621142334957782,3.67050970151748,6.62508022708811,0.374352951971294,-2.15447277094682,-2.02680144398437,"N"
-2.45608203986919,-0.957355158297547,-2.23826043310911,0.605742849308197,1.16628620971334,-1.29661695761592,0.849012687348805,"N"
-1.5038780535302,-0.33119172163796,1.44084614542465,-1.31272859994075,-2.30233631149462,-0.709835807582738,0.238057169012106,"N"
3.39408654227565,0.351550589945084,0.425689068625299,-0.206007551759947,-2.6359931063031,1.01342535559989,-0.73143241163712,"N"
-1.70209205999762,0.237285770856552,0.323774699707196,-0.0430524848087675,-1.51668474168756,1.65266713412502,3.22712906160177,"N"
-2.3430796512618,-0.144085507180337,0.0975054805941622,-0.842772283864668,0.49757295125294,1.00712596980852,0.777902772936032,"N"
2.47708389224336,-1.05522265702237,-0.591021761542276,-0.286785393763455,1.10631259693708,-0.246294756909113,-0.852710770542886,"N"
-1.76793321189669,-0.391408057130837,1.11284858172567,0.0761792206056667,-2.04044074266685,-1.02285202817538,-0.773975311445814,"N"
-1.51250931730299,-0.18425755620654,0.488259187533001,2.85867135355804,-0.154432914174783,0.753672373943645,-1.00193763763522,"N"
2.06192350769081,0.394120323471885,0.878919488567128,4.30475430296198,0.756185941361732,0.554123148705306,-1.58802657956773,"N"
-2.41777890962737,0.0138443248728126,-0.954594848953561,0.144144623614675,4.71348997854938,1.48202464563755,-0.512344029084445,"N"
0.634424195064444,-0.544621910672358,-1.82062483849725,2.19043559388021,1.33410984119425,0.373617644611826,0.346912276748649,"N"
-0.911526104238409,-0.602364594422056,-2.77921432880008,1.66284757820403,0.675832939478592,-0.249972710200487,0.0357234380967001,"N"
1.82522970829178,-0.695913519071909,-1.59996456612325,0.0830721163056123,-1.37966249210879,1.55562208934922,0.943512491295726,"N"
-0.873468452369337,-0.88010916302409,-1.98031845599515,0.0918196002856598,-1.46347563141025,-0.066496063642537,1.06936407848979,"N"
-2.87761615677415,0.0496442448185052,1.72736546762344,-0.914896388916423,-1.50702245825584,0.83420806548158,0.684565278606311,"N"
-2.44645995997141,-0.547129710437486,-0.769372925100604,-0.170166777657191,-0.31048872805107,1.15012142744986,0.289550750860413,"N"
-3.10575811584544,-0.148223869223302,0.987786713795284,-1.02365533782769,-1.56042073182535,-3.36454101012598,-2.59241040571912,"N"
6.38696667961748,-0.887106221076901,2.4062847627123,1.50486442453615,-0.479320427418402,-0.136936106757097,0.847196711618101,"N"
0.132012906565719,2.57735209070771,-2.89530453623502,0.0548155427270334,-1.92421233456608,-2.41259908405129,0.965979836390892,"N"
-2.46167516769202,-0.64902512839231,-1.48968172566419,0.080049982924856,-0.781461707749717,-0.782099180916247,0.158615617864867,"N"
-2.44553012722334,-0.164962696661326,-0.738195806125696,-0.00543480255472667,-0.391761717758546,1.79831082934207,0.41884074750298,"N"
-0.852914119847396,-0.739973516242488,-1.22234563692528,0.512081134736735,-0.999854095714002,0.744636853530077,-1.02358600093387,"N"
-2.75346884286825,-0.15497529423933,0.986673637643057,-1.27767859294592,-1.58122856258677,-0.311518543721822,1.0298895334712,"N"
-0.768695427618465,-0.408117932845429,-0.891107281157721,0.414558438378356,-0.715700653373386,2.48428773250455,-0.00192507436747268,"N"
-0.471739035539856,-0.335135377332867,-0.819280292255163,-0.784688287167521,0.758752370970296,1.74251933530762,0.969030392197589,"N"
-0.766758663796772,-0.278961420171274,0.774538254975549,2.3381548723567,-1.56458309527389,0.148601424494508,-0.933135693840256,"N"
-0.83961940998188,0.284006232508459,-1.96779974557315,1.22832496420026,-0.672247471829842,-1.0470401171953,-0.163436984581789,"N"
-2.54562191612038,0.640252468345279,2.08758576517177,-1.76336517509203,0.507819455631441,0.435537372103608,-0.742936236005217,"N"
0.151871196048162,-0.517183042504912,0.0228061886354461,1.01880896408099,-0.00626718133254563,1.00764991219646,1.44392632099434,"N"
-0.220764633038463,0.0940316086482308,-0.677894132120941,-0.808259486723484,-0.360651956182022,0.155844615355262,-0.366831594681523,"N"
0.378040900923378,-1.36848301291517,-0.817501957049975,2.71971869177854,-3.36274738543065,-2.35627380583281,-0.0151133781336386,"N"
1.03795921235263,-2.55328857379534,-3.69272691221772,5.528829759742,0.772982667992976,-4.43918847899055,6.6405040887319,"N"
-1.53009459794106,-0.131771721668482,-0.0809055962983998,0.187159550126975,0.566586915346545,0.391298790444177,-0.434466897461574,"N"
-1.32402488625075,0.741266536000954,2.95941511155391,-0.769876545933248,-2.04981984514595,0.356077428445247,-0.206461055461612,"N"
1.79100649585875,-1.06773802865706,-0.850775197082356,1.17731014568061,0.0135096982401575,0.560823809778787,-1.11803897526793,"N"
2.239690544893,-1.15027610147692,-2.03794467399028,0.131690080589213,-1.07114565669,-0.190067030786552,-1.17764317675654,"N"
-1.05787001521865,-0.944228140714896,-2.55896157512299,0.393082379896823,-0.187324797545265,-1.07361431968839,-0.846526995345088,"N"
-2.65145869329236,-0.297599635496967,0.593211175360507,-0.145405694494378,-0.113624620830048,-1.40296376969127,-2.60420268398626,"N"
-1.22485044721463,-0.873778851160603,-2.34226000421765,0.492276582072848,0.627149983502654,-0.106151653171558,0.0872047682048582,"N"
-2.79027214438135,-0.585444703631824,1.4199850365908,2.45089853836082,-1.90423819339299,-2.54845596817531,1.95752796235894,"N"
-0.601055291572023,-0.559243707485089,-0.971881259438149,0.158974810224367,-0.332681366737075,0.994828035542865,-0.537669948093738,"N"
-2.24322656879148,-0.312553054395114,-0.0434995044621745,0.587303197066063,0.101909750039288,-0.526814980252671,-0.175406436078541,"N"
-1.28745143197906,0.438584911193093,-0.842391407076702,-0.413457160436603,0.359414100299667,0.171675168393931,-0.313009868483575,"N"
-1.66029722316931,-1.02707781202622,-3.09432791217147,0.837723062375157,-0.151817115894034,-1.08090276914881,0.402056738022583,"N"
-1.05773163104736,0.287585332537267,0.716718870946645,-0.523418910229998,-0.895376247899646,2.3384856245155,0.115560086120109,"Y"
2.66291043073199,-0.0946004397300393,0.0756196261642897,-1.67548341648037,0.810335114617198,0.920640473930629,0.162058865609475,"Y"
0.0742133734380605,-0.092498373730892,0.550097873224327,-0.636217372274904,0.0447239085611608,2.01193444898559,0.221971521535086,"Y"
-1.61587033888781,0.725384563882791,2.08526488591453,-0.899306670506972,-0.0238586418644784,-1.60638430820277,-0.59070823389313,"Y"
-0.0760662024262817,0.391218855447525,1.0465548294816,-0.340598990063017,0.390093261565445,-0.0208441191061219,-1.26475847014026,"Y"
-0.959936648548732,-0.0778749508168052,-0.69383760135873,-1.67520843995259,0.414010757954697,-1.81270872575739,-0.861108839030334,"Y"
-1.56071203196952,-0.518632572927956,-2.08054556362459,-0.652077960176614,-1.20339965253723,-0.519435671405516,-0.843004381548724,"Y"
-0.55699538980313,1.69389572257609,1.08218122392428,-1.44414423990409,0.32493241437282,1.85119617298404,1.57736540183328,"Y"
2.29220539507918,0.185921903428238,2.57802752645987,-3.08957732828716,2.07117868104428,0.549890677821119,-0.0310647270846912,"Y"
1.9932819235156,-0.071960414712886,1.10223140647826,-0.448370275636898,0.59768312440842,-1.02555098329452,-0.407791022462843,"Y"
-2.21982711278215,0.854366343368514,2.85282658774056,0.0993167257498362,-1.18484190032956,-0.932503326494937,-1.51400999171945,"Y"
-1.8115239816775,-0.367383208694658,-0.28062311767226,-2.25015792302196,0.173112368125122,0.755468586716191,0.0677554188942725,"Y"
4.72470807190406,-1.94689859115022,-0.304846122097807,0.665602399892681,-0.733043800437581,1.20497945354441,2.7737359729102,"Y"
2.76682470846786,-0.946255041003567,-0.723606661970202,1.18912228798782,-0.0255762620685144,-0.343474005607878,0.144789637407798,"Y"
-0.55929300499137,-0.328390919423261,-2.00445058156624,1.25808435144885,1.50777074113199,0.507416798287851,-0.455876905976066,"Y"
-0.748676235087859,-0.496558379818281,-1.06099708483083,-1.0347361085779,0.8820708280143,1.02978413217874,-0.18302782738728,"Y"
-0.828660639850002,0.583278362469662,1.30414027098125,0.563325363657333,-0.503347080668834,-1.39198415265464,-0.16653336954799,"Y"
-0.0915472447633837,0.143899338499864,2.36028166756816,-3.86115871850489,-0.388772620028278,-2.8648038718566,0.457002135537153,"Y"
1.48079262632051,-0.727093702765296,-0.808279306905204,-0.824912884131568,-0.587786436331635,-1.00403635643544,-1.29167148199198,"Y"
-0.377177538792053,-0.352885849409324,-1.5513385133316,0.151894303672094,-0.987584267337168,1.90279926649022,1.47318164921057,"Y"
-0.619839580705195,-1.78554987938307,-2.39203056649748,0.21301021758663,0.280041367437912,1.3892855285396,0.017567226354211,"Y"
2.03082542059589,-1.141818311221,-0.895864847939412,0.961369801925045,-1.90472856134347,-0.00686109808243304,-1.50927546519813,"Y"
-0.710949470620606,0.473190330219408,1.33479913436532,-1.18550339644635,1.78717834117419,-1.1518752358732,-0.54997421782462,"Y"
1.93045905732477,1.67154640937455,1.43909835010519,-1.70288352296509,0.0635727326849221,0.931585219056101,-0.434712004004777,"Y"
-1.3252678484051,1.84423694358467,3.88472634140195,5.15466075975235,2.90368953560647,-0.17618909951553,0.168887033220428,"Y"
-0.168437407845928,-0.571930333443009,-1.32068986139918,0.334934361657513,-0.836588003554548,0.496694190099994,0.0801854806348764,"Y"
1.19235233224425,-0.516546784777728,-1.4246332471923,1.29320028863487,0.193473884928728,-0.24730970687096,-1.84871628945593,"Y"
-0.0890279190147986,-0.826114742750737,-2.41182463636591,-0.279595864366086,1.64273442928529,-2.86928347595149,1.7737659438199,"Y"
0.48230289998778,2.55007591924889,0.289210206176372,-1.39095444874812,-0.789748830576556,-1.31363225003808,-0.991550461149123,"Y"
1.18430932018232,-0.450477909226214,-1.69117077936229,0.872255554658356,1.87528527951843,-0.417673091259606,0.893969063132997,"Y"
1.03711032461743,0.225417851139231,1.27168299320694,-1.00403936541174,-0.852125364657296,0.471481435221781,0.621638044347665,"Y"
-1.23378810396558,-0.317457952106899,-0.985232199546219,0.478921471447349,0.96013296124976,0.805066364223495,0.51622813773735,"Y"
-1.41774486199322,-0.0586105492375752,-1.35330152381409,0.887065889173932,1.55515464067508,-0.436564820304653,0.472954931928079,"Y"
-2.82548220123851,0.525307684342101,0.863717923624556,-0.630131115213214,-0.91757526408089,1.26648599213587,0.788022797625653,"Y"
-1.59749474808091,-0.0238041774386726,0.374100741035267,-0.651622695088225,0.900908260410478,-0.657281096760802,-0.681066396395914,"Y"
0.495790308494899,-0.720151003247692,-2.84219546911137,0.531871064649597,-1.31137939108572,-0.936167492493346,-1.02806703087433,"Y"
0.148063224038934,-0.561754935503926,-0.922212882737796,-1.05898711769064,-0.698239135057548,-0.871485992807522,-0.439870722617914,"Y"
-1.16249136480989,1.97043882112125,1.62688951936073,-2.01831550965811,-0.174200781523233,0.931478950259204,-0.573119953672036,"Y"
0.321364491519882,0.685041118228768,1.31200690549436,-1.93868991312686,1.85620756463402,-0.471176203047181,-1.30792883760848,"Y"
-0.115872382855578,-0.0746247755127442,0.694182135985562,-1.19720812865754,0.430204386879558,1.33850976358277,-0.314997461046939,"Y"
4.43860563795667,-0.817948086156704,0.548595848674289,1.10506328430328,-0.345597968820484,1.64148153455204,-1.81556811945495,"Y"
5.31590393857969,-0.0242660949959747,3.61104286793664,2.73074617350808,-1.19036238862322,1.78018395459265,3.41010257253385,"Y"
-1.75856825929258,-0.066158651772499,-0.294124908442897,-1.39965379172384,-0.664086519684337,1.36098234912474,1.21346465625806,"Y"
-1.25502423835073,0.150735603035318,-0.0407360703307196,-1.88297180020144,1.48815054597727,0.530232365566584,-0.798620575551788,"Y"
-2.22689426133076,0.146445995418734,0.229808464292047,-1.12766112002579,0.892217605870341,-2.22249444316745,0.765050209396539,"Y"
-0.380683189882923,-0.424718932055816,-1.91550470470076,0.42104446506587,-1.09989539140827,1.03427152337433,-1.31075351158941,"Y"
-0.336957337892271,0.255394998074105,4.43395709040942,-2.50728553176031,-1.53816643714529,-3.99070108143586,4.68380887447656,"Y"
-1.81358837453288,1.00390523671649,1.48538564082207,1.40987308967511,3.6915408856531,0.544267327352914,-3.84662193918565,"Y"
0.0847832341925978,-0.830820155402208,-2.72243579702993,0.270624461648183,-1.37186727939858,-0.674892766200895,-1.31087253126735,"Y"
-0.672005720637654,-0.503216498338344,-1.6287542171441,-0.609751704677408,-1.72437959265561,-1.82618324652157,-1.60606745549385,"Y"
-1.68510114752014,-0.72616572498041,-0.830824435432593,0.702052822777315,-1.89869659775427,1.35470540104028,-0.147246065736105,"Y"
-2.07022662532209,0.243593951478048,0.0507042674100665,-1.35070879761118,-0.466220197372924,1.04976484363677,-0.325505068895147,"Y"
-1.60060428177654,-0.595803905475511,1.82529489007991,-0.930906468788181,2.15149050639043,0.389861716194011,-0.929181952624421,"Y"
-1.33361073137292,0.20258001103369,0.400431937689608,-0.362071029549561,1.06697588105569,-1.00116541527276,-1.50734469750931,"Y"
0.920609020055653,0.171818325059917,2.62775714326979,-1.37699058217807,-0.433907088135821,0.770510939487281,0.771407143484542,"Y"
0.743237294254298,0.11021742643663,0.743502104926852,-0.692517414509767,1.1297435372656,-0.0593364616062674,-1.73252871968397,"Y"
-1.15940873415186,0.612797366526681,1.86301041729043,-1.2947356266836,0.411278061659695,-0.528402866595551,-0.106308515422534,"Y"
4.07907392101724,-1.45942284342654,-0.638034659244639,-0.940394570440412,-1.14268632920416,-1.94948364223299,2.03367354562074,"Y"
-1.16921971453217,0.117702325267105,0.277233585444288,0.0361717542056136,0.988240901109573,-0.462347708264125,-1.64998278439388,"Y"
-1.6308840528091,2.10874675071048,-1.0465458250911,-0.161064695873394,-0.793081738134569,0.571787629261813,0.689286146232048,"Y"
-1.02506823732991,0.764266405435723,2.18908342760416,-1.52611906848886,-1.31452879884165,-0.640908784962521,0.793738971353549,"Y"
1.17313436381859,0.118008680634087,2.44231660159778,0.413277325976927,-1.71678336977496,1.23697460177508,-0.435107774389774,"Y"
1.42058376659384,-0.819385493004387,-1.7911490357627,-0.280029246342166,0.943517646802372,0.397425902132575,0.624145301780452,"Y"
-1.47768016348178,-0.472716956649301,-1.83258314200398,-0.000913764798262599,0.925759156378747,0.323804852537156,0.785134583394701,"Y"
-1.80541921632488,0.39202397456249,0.313697421169307,-0.290479668109453,-1.37202323595047,-0.493453391834589,0.383915687350853,"Y"
2.70277223320083,-0.605964995704315,-1.90171059513437,-0.134023622082113,-1.19182899502884,-1.29614511305985,-1.26151578646196,"Y"
-0.876556769667985,0.128220033612698,0.610271983057195,-0.68860069114775,0.277658329346762,1.35723536389602,0.338820280388317,"Y"
0.84395176389815,-0.0610828923246688,2.16530528925122,1.04957077767505,0.160480523203327,2.50682663697601,1.52082087128669,"Y"
4.49983293833929,-0.492613821069351,0.200208718003646,-1.08026306480872,1.26161098990958,2.64463560632295,1.43923559308023,"Y"
-2.97034508195193,0.358301087305712,0.807428358188588,0.143054111673791,-1.35308907403414,-0.642908891881973,1.65706706645406,"Y"
3.35869190304511,-1.20518336680341,-1.26083407646633,1.38577113917611,-2.07035415856304,0.3952418178631,0.656231793461682,"Y"
-0.193129560190209,0.126862714837778,-0.0846948565382088,-0.648251953975866,0.0967500564328715,-1.6175993229965,-1.46612298764451,"Y"
-0.542059118889244,-0.54024645530072,-1.56807772112332,-0.24291344125788,-0.0167180570303366,-1.62499625605459,-1.27711596488663,"Y"
3.86399793128235,-0.548431244051542,0.756366502047521,-1.57534435379364,1.250354284985,-1.31060900841545,0.903667893928805,"Y"
-2.12486114108469,1.61869516517228,-0.116998976114351,-1.01621657556138,-0.148527989954618,1.37686946858373,0.364770652031305,"Y"
-1.97621635648576,0.318735266559938,1.60821730050783,-0.867197966744837,0.216663596343736,0.887409949808818,0.21261321220448,"Y"
9.23335728917305,-1.36585011387011,1.62179198882614,-0.597888618931238,-1.15779946680121,2.67199766169448,0.824919798634981,"Y"
1.35444092631126,-0.179290327090746,-0.0417006050882252,1.28363718600901,-0.449835145653075,0.491324324774539,-1.7148957396473,"Y"
0.534057558637601,-0.18680091726501,0.78690003482705,-0.591648552379983,-0.330063124130896,2.59239685754897,0.877963844593622,"Y"
-0.29143847756366,-0.370090961828666,-1.23143848182506,0.535548473275137,-0.929155057535036,1.20178552579405,-1.12980190279442,"Y"
-0.949814766080239,-0.101659647884132,0.267905863618081,-1.82228154982784,0.0682581388148369,-1.87010094567464,-1.36786943288529,"Y"
3.27722712513311,-0.936012690610026,-2.68140907016195,0.768098983817379,-1.26837577675921,1.70524075332307,-1.9633170773894,"Y"
3.97020633683967,-0.629223527088876,0.991327031032142,-0.518840734902607,0.463160477903701,0.264687123198399,1.46435559512982,"Y"
4.35934220767248,-0.742654280393892,0.157053817657052,-0.51086723501461,-2.4684327086814,-1.59279160648873,-0.0671776528982395,"Y"
1.24037272684165,-0.344034574816809,-0.770079389230592,-1.03885821801674,-1.24924300387594,0.559805405357198,-1.00716632926731,"Y"
2.31057839490505,-0.935209626715671,-0.547330446862767,0.513786726268532,-1.41887192820739,-0.740356135004921,1.17917705018029,"Y"
-0.153879477960056,-0.100989475209412,-1.71199908699203,-0.389059474330123,0.0846170564181226,0.609339108627413,0.0312852818473465,"Y"
-1.82128715411085,0.52157056440805,1.12838302384867,1.47860641581289,1.18011281809737,0.735885708774364,-0.572843852795643,"Y"
4.50508769232387,-1.96656476182085,-1.83607008444415,0.155171463216058,-1.99011595956069,-0.938206556367994,2.23408369956018,"Y"
-2.88612677546804,0.499493708882038,0.445724923365431,-0.602957996287016,0.577383517891521,-0.386611534739587,0.383015176130528,"Y"
1.17961804523637,-0.374812003779026,-0.523966594674994,-0.0864246322291767,-0.651664317543757,0.67073093274073,0.00338390979863108,"Y"
1.84001887313416,-0.381372435851019,-0.4451642549496,-0.426422118194208,1.15309417791813,1.01705079579666,-1.40474995542815,"Y"
-4.65708026547361,0.555140459200441,1.78075121004731,-0.0694025076257802,-1.11256766256196,3.29420915016795,1.6290208047354,"Y"
1.90745775381575,0.46465092620651,-0.843958110027807,0.372047099160145,0.74641677537494,1.41981909797865,0.571521189275356,"Y"
2.3871903022084,-1.27673270244012,-0.889853743371511,0.360095105452914,1.38919989250104,0.264093557437277,1.52698033232414,"Y"
-1.73200513193685,0.324039434132681,0.959867750995713,-1.87107782805124,-1.00429441530679,-0.133266588046171,0.0314527007023048,"Y"
-2.74563104273409,-0.126586943689758,-1.49553902192602,-0.453005917828256,0.68980242807812,0.765968364627882,-0.274574757923052,"Y"
-1.18819803642261,-0.149018300434171,1.0738132232562,1.04785818850533,1.7599294141035,0.144691867749282,-0.368781997178254,"Y"
-1.3978689277447,1.18142658245417,2.90723671201326,-1.29421685848381,1.2883680534504,-0.383435967924575,-0.0520009305532771,"Y"
-1.19881992577743,1.18607825412256,3.70176948617084,5.20948681919363,1.44755507009089,-2.08140971540333,1.59051348148918,"Y"
-1.39471925699939,-0.320509816212283,0.322539514693688,-1.88770777686158,-2.85864171688275,-0.975769967756836,1.28375420443034,"Y"
-2.06233021603891,-0.300813802475074,0.640423813808219,-0.852824918902398,-2.56610296584439,-4.51982574178665,-0.231319169912062,"Y"
-0.116770791652535,0.328197530697621,0.816645661758007,-1.78490552748089,0.538117124642912,-0.305895586687706,-0.621428155609224,"Y"
3.7457224059567,-0.44944148733987,-1.12469699992038,0.430401023739465,0.00259634373428163,0.626142642928445,0.175012273198999,"Y"
0.732624466918811,-0.473493719965209,-2.2404724743651,0.70824113321166,1.17463604955723,-0.123785078578314,-0.0813947344983731,"Y"
2.13865428812396,-0.68516221876605,0.0826005547738868,-0.965365950098805,-2.24824303801492,1.76555734183886,1.45687649003821,"Y"
-0.366622781589471,0.421239968514477,2.14023089508651,-1.64683106866186,1.07927171324512,0.783039604269145,0.4013291178584,"Y"
4.14407980235606,-0.579029216497985,2.02915217277367,-1.99193570594339,-1.16575698190472,-0.247220721125168,1.70405142065585,"Y"
1.62536017206033,-0.526783653696701,-1.47411505227072,-0.481870315049964,-1.04886912207686,1.4563283363514,-2.05091343725161,"Y"
1.18448307997055,-0.479516097964956,-2.00700436121639,0.193250418419368,0.402692356219512,0.651245441219061,0.266571115752804,"Y"
4.22581795533935,-0.0831415319836286,2.09066317901701,-1.45417298598899,0.264643241809728,-0.186401314910556,0.228460314213095,"Y"
-1.17277864110231,0.445283960970962,1.64573222835296,0.0377498348280517,-0.244222776373637,0.413562526701681,0.123686944913551,"Y"
3.29347473691168,0.0101306654004329,0.807181806874013,5.42583529211728,-0.373020899873895,-1.53188711533952,-2.4323931622907,"Y"
-0.903246164448958,-0.165279072296792,0.204752643595315,-1.15210269231912,-0.793320067996615,1.11937932118634,0.284220185760925,"Y"
2.3254007834063,0.151029510722409,1.78881308753802,0.0663897548703198,-0.0664302635742842,0.923492132959784,-3.07618365289919,"Y"
-0.718574820480629,2.22125131110675,0.496670131500467,-1.53527220063303,0.74354087399336,0.998923404510542,0.331002916437135,"Y"
4.75480516040894,-0.719151842519372,-1.73133299209645,-1.23791145111151,-0.286609056287289,-1.73827862410295,-1.67829793068924,"Y"
-1.02815770249468,0.295500562437468,0.208043705600859,-0.973042713198563,-0.33226612622218,-1.03399137563556,-1.08193086186198,"Y"
-2.34393395100794,-0.245543029587737,0.724543536148824,-0.887274838121208,-0.415094167518277,-1.02229797198501,0.558960520411038,"Y"
0.645981786741468,-0.444070704645159,-0.964842761607555,-0.206727089309362,0.17249432584926,0.326105014870272,-1.85309162400875,"Y"
0.776470617334763,-0.185817874388412,0.251202936245636,0.0488472258704384,-1.94357474806428,-1.20125030786686,-0.30963934499455,"Y"
0.0695819028883855,1.15665225936258,8.63760701100773,-0.552337414599779,-3.93315537038638,7.74221612938461,-8.66771708559074,"Y"
-1.38909448067292,2.26927258786692,0.20700034303381,-0.680208319409083,1.77018966807685,0.136858974406953,-0.300112075274548,"Y"
3.19085568579499,-0.507969795618906,0.148788271591665,-0.0688622475962218,0.538557328474466,0.232511133892961,-0.357484854436199,"Y"
-2.34440648123912,0.282762691733078,0.105931672888359,-1.17931984464218,0.143881671340716,0.428348903413836,0.263269649068732,"Y"
-1.44521973575737,1.79414476320188,-0.00999608269282019,-0.661766247081495,-2.19610688735539,1.65435088049298,0.85371190541091,"Y"
0.843363713295009,-0.00187290503235861,-0.669472315731141,0.440980223804432,0.753494995089733,-0.429646328439199,-1.52911419947767,"Y"
-0.244487736923935,0.871120941451405,2.91022614767692,-0.117436739248065,0.108421551978351,0.0757753707438753,-0.670593829257068,"Y"
-0.0549804402232385,-0.0191385676220288,0.169612029740202,-0.549628482845797,0.80231124907245,0.206366910300171,0.0989802963809907,"Y"
0.306657091750056,-0.822422574756328,-1.00385639713625,0.304024048601032,0.848715005187259,-0.579483252746673,-0.521273772772748,"Y"
-0.578166282102473,0.582631202715282,1.61516684864855,-0.658086042969261,2.4074526372894,1.5729464831657,-0.328216463373278,"Y"
2.58419139873384,-0.158923946593387,1.06684630372292,-0.136225906196095,-0.123934118501159,0.840097256289219,-0.302359667614884,"Y"
1.28071545219949,-1.43677604696412,-1.9154865647493,-0.00843503722176769,1.58455502119742,-1.17324528847071,1.0446094287215,"Y"
2.8022465717896,-0.612405228441352,0.756700453591499,-0.503850555110375,-2.03736038346582,2.61789424654911,1.2892424819415,"Y"
3.26371853169923,-0.0659520872315342,4.57520757290923,-0.189138672866297,-0.218524859415803,-0.0183240529120858,1.62247290987796,"Y"
-1.26936714252542,-0.207900689147091,-0.307937956859123,-1.37504269044404,-0.238803802784312,0.760922138331991,-0.126637614657273,"Y"
0.999971574993517,0.00430599410868884,-0.441477957268247,0.413806285815608,2.46881943069844,0.0977636105520013,0.831811435895544,"Y"
-3.01377577752647,0.3098163494354,-0.292988619701824,-0.92244709229869,-0.392370899658986,0.925131890433394,0.853459514032353,"Y"
3.06378803708678,2.20889367453196,0.687628254537764,-2.33295854529954,1.85649846570264,0.434023501162074,-0.0356378280144904,"Y"
0.458300778743814,0.000496327870454002,1.2387110406286,0.260833584619187,0.758816575313059,0.00182747563217436,0.309912109974612,"Y"
-1.20493499163989,0.334427411451284,0.680921980049603,0.439877786252008,0.124826728510251,0.203378239314405,-0.0663165842312815,"Y"
-1.61225709604691,-0.0295759372655453,-0.901392529244043,-0.542240406350623,-0.114631382284268,0.430902648170601,-0.680840685800164,"Y"
-1.17651904612436,0.100192747214691,0.560526479156703,-2.41655708675381,1.856517428675,-1.38282389658349,-1.64006969023362,"Y"
2.77890910814938,-0.414291072147306,0.515208194464876,-0.194294123119263,0.338191946151506,-0.414282705554664,-0.625504946065517,"Y"
3.98396418162004,-0.0300762915906477,2.09440471866684,-1.9207860886634,1.28147669342986,-0.162060216599937,-0.326888883773318,"Y"
0.973468848463074,0.420092814855185,2.10257038915936,-1.90526427921551,1.02561873628119,-3.38011957178101,0.724451639402742,"Y"
-1.67101362891853,0.210572632449016,-1.29347604711329,-0.921708194306806,0.0639614232175963,0.732242318954036,0.989451370780887,"Y"
6.10652907012673,-1.6920230593236,-0.501441704440109,-0.447826443299257,-0.59278628666956,-0.938249359357792,2.00235663376364,"Y"
-1.07704390498,-0.0703737176109811,-0.302389885668796,2.16306724211286,0.0323344678173408,-1.90338556521962,-1.05258708507027,"Y"
-0.826105533119906,3.22940479854558,0.525100146283399,-0.189289165289074,-0.00157430288259543,0.934391718274259,-0.579191008327971,"Y"
-2.4842847121056,0.0241703924872705,-0.797411006245203,-0.738674063775138,0.245263493036194,1.08863478018239,-0.269317163391174,"Y"
3.99929195261372,-0.904753961499125,0.658857402916678,-0.455422078704536,0.0437261254412042,-0.346108941289762,-1.3223537395549,"Y"
5.52424222792555,0.922916975281868,1.54950100770779,0.519610045284514,-0.761072237675838,1.630661723683,1.86825797019972,"Y"
-1.18818929319006,0.0969133073673384,-0.252608886662887,-1.34949079976144,1.66478461755552,-0.0234889315318218,-0.15652275822887,"Y"
-2.34943698465991,0.0577359418419907,0.419700855803719,-0.91804386364718,-1.08665697777196,-2.40931126423037,-0.279337820662768,"Y"
-0.992826888667366,-0.293823391560161,-0.541485633214682,0.441752918184216,2.1112217444502,1.08768462194731,0.460750579125342,"Y"
5.14667534579134,1.07615209919043,0.344409288537287,-0.01215491659715,0.278394462192047,1.04788323823266,-0.430244973309404,"Y"
-0.30562980416317,-0.157065014398183,-1.25288911164076,0.626265627532147,0.600710736131323,1.27472312534507,-0.0764943869323016,"Y"
-1.38727239649095,-0.357542153850068,-1.99203168804709,0.697339142060294,-0.377419022404717,1.37350131212166,0.790868403636123,"Y"
2.25160493050537,1.26855792526397,-1.24268834440993,-1.26676524272723,0.912380915196755,0.281418018436281,-1.94808779650308,"Y"
1.45169191751279,0.0202877170067698,1.26865290339988,1.33199113812647,0.153705951528388,-0.405675678030333,-0.249913996302262,"Y"
5.55210711068685,0.739858639988251,6.26294765639759,2.48881815600492,-2.33665278624609,-0.48400281463185,1.9590096552215,"Y"
4.02095852245648,21.1287825421285,-8.26080121860453,0.0209405104318911,-2.56024845319428,-2.26980902814529,-0.158332662654424,"Y"
-0.600339554161463,0.369943383430318,-0.0468935929401144,-1.3928047156161,0.774206452812375,-0.712609570465484,0.00894039230102607,"Y"
0.936665942399399,0.0500519680609974,0.891868417965776,-0.302959241817703,1.11523233386036,-0.0159576753894888,1.01850722107659,"Y"
-0.962278234973657,0.0636892352593933,-0.888017914292248,0.155396109125385,1.46683987785626,-0.407126158753576,-2.16776616765194,"Y"
0.483778246312497,-0.00678791396400668,-0.57714675857747,1.16618450190529,0.578948769142111,1.54675586784487,-0.0367017969258963,"Y"
1.44532686944445,1.55324977407101,0.676414717787108,-0.687876923720642,0.679620416300394,0.684596509218965,3.52430717366861,"Y"
-1.65027173220297,-0.36280481151631,-2.09145776817391,0.370259423428892,3.36750136535166,-0.814677279800169,0.282717479416263,"Y"
-1.55639195548732,-0.264309255106756,-0.251343942981372,-0.668257862646967,0.135669116193473,-0.477333157365498,-0.858755321802508,"Y"
-0.0680052122769548,0.334996901299379,1.08726817660895,2.20238565864817,0.242488131057371,2.15694033362391,-0.427371672534894,"Y"
0.745399972871576,0.775060853493182,5.94282425088312,7.23162678462149,-1.63349588503828,1.68966432242137,3.13245248286422,"Y"
6.63856036189765,-1.7644613405132,0.817140675761922,0.710737514248982,-1.41075059046654,0.726447298651579,0.414818821270376,"Y"
-0.238375479957824,1.09505945066856,1.16401877864081,1.11015319341534,2.37241721782273,-0.0151883616140964,-0.644157940487435,"Y"
1.62600540641997,-0.252862753483134,-0.831579617703644,-0.30834937714968,1.47840702204111,-0.227017570905581,-0.317610706595242,"Y"
-0.254575441730281,-0.493587251925127,-3.18315805276145,0.253862906824361,-1.67166179528262,-0.811437619723318,-2.46583097727622,"Y"
-0.251620147873064,0.486493070911564,4.30128491405357,-0.547547577498221,-0.947026896812149,0.257429865279972,1.99101082681442,"Y"
-1.93991657374616,0.376301941070478,1.84238620261752,-1.55910346391497,-0.571234863679663,-3.40964974816571,0.424540700957849,"Y"
1.41413495539824,1.71227030618016,1.93585621085645,-2.40357119130439,-0.1953511839929,-0.0910228796924817,-0.139965353709479,"Y"
4.68489052114565,-0.785991987323104,1.01991998541783,-1.53536293439794,-2.67005581228839,-1.24473630619155,2.02423320906207,"Y"
1.78509897905495,0.0597527160780659,-2.77394232232759,1.07136631460376,-2.6660683813998,0.402501016529782,-0.68990465054405,"Y"
-0.880399770281454,0.967368813659105,4.19646462091879,5.12939155598562,-0.990812312603247,-3.98150344975812,0.252963798440543,"Y"
1.24176006738588,-0.433163938420329,-1.79447224090002,-0.623154553771627,1.93579703790074,-1.44385948503556,-1.08094396396451,"Y"
4.22551302130534,2.25818875033211,-0.781842922441229,-0.262196197941565,-2.67518159193052,0.173877246154665,-0.296957136445246,"Y"
-1.61191252943212,0.203431817541084,0.680540552939472,-1.39358476836692,-0.86008205440639,-0.605075335039449,0.348108148157163,"Y"
-2.62341603699054,0.52583948715809,-0.219121044212456,-1.1180287023915,0.0623136589681417,-2.03960380027593,0.381219681767103,"Y"
-0.950743469385338,-0.157685727660991,0.91846947877536,-1.46060105015233,0.345037589630187,-0.672959339236162,-1.30287309302379,"Y"
3.09813667488424,-0.338033751321085,2.1561346929985,4.6848612307584,1.34237464385597,1.14367180506322,-0.0281698824945072,"Y"
3.37195555897405,-0.644656747973912,0.936199798616489,7.08371059391408,1.21866307145944,0.01150483990632,-3.87122554976616,"Y"
-0.876564670675317,0.435984159744719,0.740639713877951,-2.40962972308533,1.56003642772497,-2.08613164885495,-1.01699438509736,"Y"
3.16705300201918,-1.39950869089926,0.0811475997854137,0.0740846941535357,-0.184386181377267,-0.962037922505064,-3.03273754560035,"Y"
-1.88710097465959,0.0298053966842686,-0.297580010903191,-0.738329612453155,0.346029800198335,1.13788390377292,0.435280883397069,"Y"
-2.26617061377984,1.10033092032242,1.15904907480167,-0.840600823576129,-0.169889717574843,-0.594544801574877,0.613983663806985,"Y"
0.286048315503808,-0.627611523916088,0.181344794619809,2.30860474535766,-0.723176903963556,1.71249821047322,-1.17660260217,"Y"
-2.18307485083241,0.408651950112052,0.565965218774558,-0.554811041014159,0.0352396747482328,2.06574903365219,-0.18755868455152,"Y"
1.27007867831616,-0.778063532280739,-1.1758564872961,1.66096002940129,1.73888782538439,-0.0975579546464814,0.0031938015759999,"Y"
6.28902378047809,0.827003755950884,-0.167439550867975,-1.83017001003223,0.508242350137566,0.170954447809742,-0.578639572453776,"Y"
1.48499308218253,-0.213050971320292,-0.434283123278254,-1.12513320326405,-0.196575821923733,0.626590153801347,-0.434322636846706,"Y"
-0.963117311089411,-0.364909634872051,0.29169542509201,-0.536281897135612,0.154440601446476,0.624747475665563,-0.326555764025107,"Y"
-2.61612067079903,0.13569618334801,0.461208553920051,-0.377565752618083,-1.17344195838195,0.879123462307584,0.95596660338745,"Y"
6.69514458178921,2.67740729865834,2.11612780158896,3.21658436834815,1.05848865018085,0.523783721039453,2.139474915465,"Y"
4.63553927201127,-1.84589250514992,0.734826140788409,0.326554202743727,-1.11318375895731,2.0704518735424,-1.6186172974891,"Y"
-0.741477508276642,0.672110156763859,1.0332451092315,0.530841426021517,1.76762549944512,-1.38404945867226,-1.53339582198812,"Y"
3.11565730158847,-1.21137485164511,0.286750837734284,0.34173425652891,0.0883068063749987,0.0321090888413078,-2.12312659751376,"Y"
-0.157962919395556,0.653388960874628,2.89158480919905,-1.68795647707446,0.820974912678311,1.19127339284625,1.4596610647122,"Y"
1.6064712359907,-0.361287911180985,-0.322931878311499,0.434933508771953,1.68972245886855,0.308144569913851,-0.207122015564949,"Y"
1.16228763091877,0.323556916001661,0.46359524628887,1.44677168204781,2.77999300000696,0.0268203763471619,1.3226114489735,"Y"
3.29782882142057,0.0298706083870692,1.36701593874507,0.963142494941909,0.0475797128787177,0.445957687100829,-3.43738352242521,"Y"
-2.28143328465183,0.764801874834197,1.37510565253021,0.844694173604714,-0.566078826151582,-0.938870707220778,-0.615472804612563,"Y"
-0.683583396473886,-0.556928670494113,-1.30804191031701,0.612009482475673,0.0392680645862904,1.18511330752269,-0.496560574853583,"Y"
-2.05878974932415,0.806531808031002,2.17082754181379,-0.712325363805,-0.799131347179318,0.657940058919037,-0.0383187841920151,"Y"
-2.80847241107477,0.970733104455412,3.2384986954742,-1.51664423563106,-2.21431449757542,-0.780136631782694,2.07060627172962,"Y"
1.21989968383485,0.147668278796153,2.04162163318746,-0.0662522112009341,0.495981540965962,0.237207711302219,1.26470872329605,"Y"
1.88998319122702,-0.618424156297182,-1.97456042774741,1.3368853226519,-2.46367621968021,0.66658887342189,-0.639866193696149,"Y"
-1.41693410563955,-0.0439163941558764,-0.576479334499449,-0.855020205373381,-0.541438920200635,0.284424849337574,-1.22758499131643,"Y"
-1.53272404410107,-0.841067830693171,-0.459670139147384,-1.11390907435092,0.733436666589626,0.833801865827961,-0.100934393577184,"Y"
4.91389008277805,-0.507369148261928,1.90344394653482,-2.32830895129446,2.16737932306338,-1.3229418583611,1.35772482304146,"Y"
-0.649691329621255,-0.194401884079643,-0.725791073069967,-0.625425734298531,0.885077963475429,1.07820224261709,1.90738198921575,"Y"
-0.570636035699323,-0.182873448107442,-0.00198711554200968,-1.13398392618859,-1.42846327898372,1.48801936697808,1.09368259297107,"Y"
-2.21399941856267,0.312665312126264,0.701148483359076,-0.231211550220975,1.94519620561336,0.626495117497747,2.3198954563667,"Y"
2.38757864047789,-0.574182255688881,-1.07081323656884,0.708796889630139,0.0431870520487522,-0.288539799557401,-1.22533781322883,"Y"
-2.04900140741012,0.678159116871663,1.64262410434583,-0.873302035873749,0.832834820808145,0.266040887615713,-0.459637301302784,"Y"
3.36100170854123,-0.476193573890417,0.691207012930129,-1.93612682122255,2.21885050182441,0.0437748577692669,-1.1303291105425,"Y"
-1.770319158373,0.303985920954141,0.306083898272352,-1.31209361700019,-1.17647371400594,-2.13180666581252,-0.0681196491494352,"Y"
4.32058709259948,-1.14459049578441,1.0029825583726,4.60214077584976,1.21730854099572,0.633988365402734,0.789995368124951,"Y"
-0.489605836862998,-0.161432047128278,0.423102829985126,4.29480351395982,-0.834079010283545,0.107394700948493,-1.18194368136871,"Y"
1.34019358840309,-1.23172702741189,-0.940531062933334,-0.59994075970712,1.66108773146782,-0.806468196705989,1.2217291092427,"Y"
0.185521192709538,0.481041531093214,-0.981227799605785,-0.591970166881042,4.5453284611183,-0.13911797240993,-0.0501013088735273,"Y"
1.07208403333208,0.493397835369666,0.728392082722666,1.29271011661351,0.965031304808337,0.81918893209194,-0.124930057446751,"Y"
2.51606861980687,1.89137666922124,1.52094026164993,-0.929486509937072,2.28998796129762,3.63138114203609,-0.913806159641008,"Y"
3.22325567628599,-0.769526863909474,-0.199733938032221,-0.502296965032702,0.973820996033616,-0.0387143239087443,0.482599573290513,"Y"
4.67763294686287,-0.480688966378314,0.432685186036315,-0.252142851906396,1.30678659673778,1.04043052844008,0.446352849972958,"Y"
4.70240080034225,-1.25894231897658,-1.19834080957377,-0.672381352255652,1.71099520817694,-0.93924715649035,0.325288951571332,"Y"
0.973968053600903,-0.626643067177404,-2.88018086123344,0.546133463329079,-0.0517711794042528,-0.562269126803306,-2.50468771427648,"Y"
5.41323134733328,-0.431962794331683,1.71315296070367,-0.152281363178446,-0.0183461019613676,-0.412612683706586,-0.0136267859537308,"Y"
1.74690768678746,1.45742454256609,1.951953040785,-0.342044329268806,0.553029951715883,1.49395931552077,2.56679560758232,"Y"
4.74079853727639,-1.0091865432681,0.000471512289258555,0.631112747167167,1.10742524894393,0.573866016428386,1.72462648832665,"Y"
0.406154258110159,0.392028696955632,0.498905506722223,-2.11404062813699,2.86559458981903,-0.104474660505742,-0.0852672197308809,"Y"
-1.40918420881754,0.784377351903136,0.636947810936554,1.0238099164062,0.967950715794008,-2.35741933117819,2.55329532921157,"Y"
0.126693663591789,-0.0443370521598226,-0.120852614246619,-1.48696924657343,-0.41169217240465,2.00327911491267,0.730078996387823,"Y"
0.494332383905873,-0.201527394206548,-1.43872714751355,0.210262751281763,-0.854141842884843,-0.260669466379103,-0.910822012112947,"Y"
1.08659129334123,0.00204975842156142,0.69665433362043,0.0885862746193687,1.62092201253795,0.494619524142187,-0.25161365196787,"Y"
0.335018192836025,-0.154617975403426,0.86378319203977,-0.762133969753268,1.61691761387956,0.899516354122188,1.16294558211591,"Y"
-0.188682100659901,-0.554914137365883,-1.93734451245317,0.640752004316012,1.19363959442073,0.556783971215625,-0.00535597843095385,"Y"
1.90307418716006,0.753838587195159,-0.66002761317563,-0.80331261197667,-0.487752263448239,0.8048273314499,-2.1173054598487,"Y"
-1.87452564887165,0.347929272119676,0.844802102326473,-1.57959085446281,-2.94132418429282,-4.29437126681952,0.124907832366427,"Y"
0.92752615392102,-1.80929847198392,0.241536485166697,0.107303497629825,-0.393357828307746,-2.08985753424638,1.19510536998054,"Y"
2.52604491579591,2.63237768843118,-0.8209115655588,-0.826309231111622,-1.17103224537084,-0.238426334732145,-4.84998026820031,"Y"
1.54854108049595,0.194987402898252,-0.767031308127319,-0.259694331725538,0.108477149427268,-0.375152684360625,-0.834268621510398,"Y"
-0.768599188951993,0.244964911166831,0.197577282696909,0.215682864011772,0.611235438362908,2.28392581173926,0.954372810584998,"Y"
-2.99811117150366,0.836510737550006,1.99469921874833,-1.0505213351497,-1.02368007460554,-3.02892778323906,-0.692702919468738,"Y"
2.00137851146923,-0.326305201320001,-0.87551176686512,-0.402726899608982,1.6339987820144,-1.35296472648279,-1.29449576101916,"Y"
0.905898363831315,0.20054959661444,0.499150191020123,-0.0218636620560808,1.22618160555868,1.3044896155894,0.438887678926577,"Y"
0.561032781456222,-0.3695652082384,-0.44178693384602,-0.133096114295787,-0.465093927791446,-0.336284127421479,-1.74687304445814,"Y"
5.31252615875975,4.06064483535722,0.196811286142804,-2.62348833137825,1.40662853678419,0.236623544446153,-1.15978038644274,"Y"
-0.0925998089236544,-1.40461817970491,-2.26561887777004,1.43051951053996,-0.603761843644704,-0.0911403397228264,0.453609219213047,"Y"
-0.47057605284133,0.135518797561243,2.46699120892718,-3.11192437387517,-2.10526664927177,-1.81469922753818,2.15644147705755,"Y"
1.205700894675,-0.173600644324053,0.879154498145439,0.54604970485604,1.2856803870602,1.7574923829036,0.978518213446159,"Y"
5.54671512692789,-0.959546966181321,0.770183667648209,1.55579488595332,-0.287550293243142,0.481085277713855,-1.26467266448237,"Y"
-2.18631889974319,0.297153112848418,0.370229664636159,0.0317688933350917,0.0352085638914905,-0.381501928402149,-0.838270432427887,"Y"
-1.06555128649477,-0.758753587321436,-2.27531739420404,-0.484605987878281,-2.45072264472231,-5.55878372633644,3.17529972878537,"Y"
4.8670802862019,-0.161389315163447,3.00132482865642,-1.43906094222637,1.30895106820981,0.323536682199959,1.24926535458967,"Y"
0.271117330879298,1.55096167064907,-1.9167770486337,-0.393825292058726,2.75811752977946,0.923528937078036,2.46360481016247,"Y"
1.53426209127788,-0.739093527512409,-0.790464008493549,2.19631744764142,-2.66454597765189,-2.47829087070119,2.8548970617818,"Y"
-1.3433116249836,0.297799183468064,0.730473604492213,0.60925533726545,2.29397784440266,-2.23475062408376,2.11227225385341,"Y"
1.58507091860775,-0.514846773174538,-0.82680275778375,0.401223083934236,-3.02545115092369,1.23798625547278,-0.770358908459119,"Y"
5.84261840438505,0.068893651721031,0.269278966333188,-1.4153053273293,-1.30633009696154,-0.36658848535433,0.10218527091991,"Y"
1.96432145251492,-0.313525392261003,1.12051029585161,-1.96647982732828,-0.709928100414548,-0.669915541503578,0.734162832029533,"Y"
-1.39590648887767,-0.260631667925842,-0.269777774790409,-0.410758511818264,-2.7508088607112,-0.419671075603711,0.438308742896126,"Y"
0.303943347629236,-0.826442053612204,-1.11047213496857,0.0621274116467023,-0.6141589888813,0.892950899895253,-0.234871020591407,"Y"
-2.44647803285187,-0.453991743520353,0.103096733647668,-0.389844505218877,1.05684848229928,1.46027406200302,1.3217079135686,"Y"
1.96707506946256,-0.591317925456413,-1.30432167949512,-0.514592062466837,1.65045229228436,0.904834571816682,1.53209571402386,"Y"
0.174041671648132,-0.571734505415353,-1.36152420695996,0.830659145102483,-0.136428103000531,1.01112308477568,0.170023336447647,"Y"
1.85252734044428,-0.75203989626946,-0.344865631892026,1.45363963435437,-2.90457820646388,-2.5185415407801,1.30393200957905,"Y"
4.01686250022127,-0.741214876691198,-0.809570774758124,-1.25746472648417,1.52817960241388,-1.1736419649155,-0.488336579851359,"Y"
3.47863421033522,-0.328127097078462,0.967752131511757,-1.33963738253632,0.289343074025888,-1.62513161795963,-0.0869042895833147,"Y"
6.02969465514285,-2.80926974832664,1.17002518443985,0.236772842380249,-4.02273001396993,0.663066306325199,1.17717342498674,"Y"
-1.97584356953292,0.509480077433861,1.2480470123634,-1.00831632304291,-0.655398359908074,0.878407361364808,0.463109850407893,"Y"
-1.83979538050715,0.143448950361655,0.316461203300907,-1.35311667356791,0.754484947121065,1.90585765460912,0.919884536831923,"Y"
3.3830770762656,-0.221185886169876,1.60439785592802,-1.45627569824812,0.313816716382618,0.708529200324472,-0.959658360022735,"Y"
-1.47957857326695,0.307484045223775,-0.273604008158001,-0.88827850885139,-1.36353896551477,-0.202212367376919,-0.314278226917469,"Y"
4.68094587265858,-0.313409349035881,3.43707419152729,-0.961887595432657,1.12746832239482,0.79188789703039,0.882866121228362,"Y"
-1.73341165409504,0.550757359957731,0.224320962450988,-0.653740970368552,1.57392159830634,1.43919051906441,0.300059587498494,"Y"
-0.0547544152133649,-0.305399873540964,-1.49626853973599,0.812649058622838,0.601409906969321,0.566160174615835,-0.78740819831198,"Y"
0.27268245847567,-0.0197923912211732,1.36529998350758,-1.20519650867999,-1.70237661353358,0.590330703358766,-0.0720763813860331,"Y"
1.16504061491529,0.163546398137558,0.442758176781249,-2.94393254922706,2.02711351631364,-3.00456766409349,0.0861594782131389,"Y"
-1.65718500431951,0.239699141286175,0.37876653892674,-0.903465221498969,-0.398443231958021,-2.55573363296993,-1.01368001372978,"Y"
1.24675192297336,4.07392789768313,-0.27191277678846,-1.98634715158442,0.0581059249439507,1.215296629458,0.176026776989987,"Y"
-1.20025660106917,0.561648079529508,-0.434913318799535,0.170705060238679,1.9964290073596,1.17115170784495,-2.2271931192936,"Y"
-1.47333610930671,-0.966366446266283,1.8220490119106,-2.73546776864837,0.100547907957788,-2.59790358417883,-0.725816435870484,"Y"
-2.90395390980214,-0.165785883644903,-0.0410314243575423,-0.858480686675415,-0.0769167359562396,1.69008094181355,0.501263745711954,"Y"
-0.918261825694726,0.389902053238673,0.624093804519665,-0.805981947446574,1.79475332529024,-0.333259800658938,-0.159528246562873,"Y"
2.75160785953915,-0.446436697715022,1.39768439057471,-1.65942238781004,0.110045031861432,0.00968896376207981,-0.148511798255444,"Y"
-1.95622983312389,-1.02314279536522,-1.50439459847368,1.43411504565646,1.27496066745305,-0.12803844417011,-0.521762373380997,"Y"
0.715998368723107,-0.226574204728521,-1.5400444425182,0.281956397529658,-0.14819490308452,0.137993118226886,-1.0487168556781,"Y"
6.11145788637601,-0.53506416399055,1.49822089773173,-0.528444550174407,-1.1751743691966,-0.271445979451018,-0.961686773360707,"Y"
4.48732038977544,-0.301416763573697,0.22192360364828,0.166939757802496,0.15697424891008,1.88004744468433,-0.664086285452488,"Y"
-1.50181589336254,0.573921484479242,0.322107597515698,-1.30441456382823,2.56910051150059,-2.13624526378974,-0.622739357912078,"Y"
0.640465750322285,0.885548977189996,2.24634788064564,-1.88767035622067,-1.7335386922918,-2.09588176430062,0.114521881038253,"Y"
-0.818248782405558,-0.131151518270649,-0.91201122545217,-1.49055792250051,1.44992592350194,-0.681263780385653,-0.397549522001625,"Y"
-1.90533457754487,0.450012456321487,-0.417461360322218,-0.815695520200281,0.805901429129175,1.41595781536436,1.46433743281763,"Y"
1.2409472851749,-0.754751243513162,-1.57804247407683,-0.218403184257835,0.195608393855412,-1.53332471375829,0.183274373269965,"Y"
-0.293311325341265,0.046537681851252,1.18624019908482,-0.645565643184951,0.324942213243615,1.44453060060648,-1.38634466631408,"Y"
5.1552146198452,1.65134314910477,1.23538819592636,-0.736097891589317,-2.25164964432893,0.269552552894041,-0.434027889636036,"Y"
5.20649729919945,-1.16603674415349,-0.812143377695183,-0.0487350272911197,-2.33135124894083,-0.00887281916091555,-0.445450974417352,"Y"
-1.20686308549809,0.261245612481798,0.411636317166162,-1.28876072166982,1.27922146127668,1.39016104288586,-0.524625105292728,"Y"
-1.54007440022146,-0.323168712209426,-1.57048365576545,-0.517996140665383,0.324300312237751,-0.0375352547842266,-0.606399610673045,"Y"
0.346780479184512,0.4200225475624,1.65555245370872,-1.70018030724914,-0.62245490177843,-0.586322618045087,0.0632798514313515,"Y"
3.212808106162,1.53219617744394,-1.42414160889896,0.242526341409507,-2.66554469711665,-0.494518783676472,-0.808183163067593,"Y"
4.39841927503071,-0.953735888022503,1.71549917494644,1.2040193684312,-3.78587430378344,0.800889750143376,0.64378640642652,"Y"
4.40720627057352,1.34788472677951,1.2962780742222,-0.486345677030972,-0.544422718679939,0.140893739847312,1.78206164042816,"Y"
-1.82561421046494,0.108312753384472,-0.731359883751344,-0.217610255739902,0.133971335454182,-0.483448606886352,-1.99836336824123,"Y"
-3.31856966193278,0.399983551788453,-2.57877015401592,1.39559197350948,1.28936913707737,-0.137267367893675,-1.43206469347855,"Y"
-0.812533872325051,-0.724694560944687,-1.26744809141168,-0.5041551593984,-1.70324952003139,-0.891542042479843,-2.75435762622299,"Y"
0.637058520291752,-0.914113058961711,-1.4131216867644,1.6103977067757,-0.873998305978344,0.150508683079944,-0.0982376721923564,"Y"
-0.821554018911809,-0.480464821625513,-2.00863995278343,0.230622013405603,0.579875994247869,0.876534358133127,-0.720257695412588,"Y"
4.28403705663694,-1.10320328134932,-1.02191009462827,-0.329562769999783,-1.73271154606471,-0.21939856367078,-1.4293951500412,"Y"
0.512523869030252,0.236222417472366,1.55405161077835,-2.91348799206662,2.42284715255924,-0.438967258775722,-1.98227704008116,"Y"
0.31147629048039,1.02833505401326,2.20170644461338,-1.07846330872066,1.76279870792638,0.377526775725452,-0.212090382192224,"Y"
-1.51526300280751,0.367629511680071,1.24078359469206,1.28865708878891,-1.6204817037201,-0.204110972147018,0.578121749993321,"Y"
-2.1544649326133,0.676157968630957,1.20166968241313,-0.714193257630887,0.78624326649998,-2.27807838987566,-1.26289861478471,"Y"
3.702729538087,-0.51871600953205,1.61959225417732,2.38505236734692,1.07480234792288,-1.39553697133377,-1.54221235276301,"Y"
0.869627035776807,0.698290735163529,3.30709843015354,-2.89601422070851,1.65393149231941,2.36184739614737,-3.26672777658798,"Y"
0.340499621794008,0.0690945069929547,1.37833993101794,2.25224230331961,0.0191511329616383,-0.737723984007306,-0.192792163423208,"Y"
-1.52505768792533,0.791174481081665,2.8688010971112,2.89613835815675,-0.746579924688585,-0.387135441527412,1.3815950687977,"Y"
0.682845700065981,-0.150911579245223,1.03401793384141,-0.829981628639314,0.733108585578198,0.853191521690183,-0.134005735455705,"Y"
-2.71184601512186,-0.010678057197145,-1.37858540560569,-0.312862471106208,-2.27665463764054,-1.32214820582284,0.376060464012014,"Y"
4.99900308909767,0.169453812062318,2.73974532711114,1.77427772728199,0.444913341538044,-1.14503437993688,-0.898748271047979,"Y"
2.4958771817159,-1.49026221768518,-2.52243506507295,0.530191950180062,-3.19671630577874,-0.851819020268746,2.10517875488549,"Y"
-1.89663417756862,-0.341642128840891,-2.08065204840136,0.572749162624833,1.65783599942034,0.812099408179329,0.882829910824773,"Y"
2.11898418796994,-0.456969536881809,-0.658554653415129,-2.73821145492026,-1.21578055028543,-1.76112935257492,-0.474154864068769,"Y"
4.00547009702016,-0.099358375659625,2.13014684421129,0.939489738013274,-1.28894900030056,0.0376914520180782,-1.67178870915796,"Y"
3.716844472357,-0.609755067290167,0.548573974158958,-1.00069834295363,0.509345914689955,-1.10576504300925,-0.592582619686332,"Y"
4.88273315928068,-0.148092208332854,2.01935860631728,-2.19872769039443,-0.182017005672105,0.106550642145705,0.680134781614426,"Y"
4.36980347962645,1.51430347768549,4.30406563312887,-2.14364084257016,0.32270703116247,1.21538055557032,2.78447085209272,"Y"
-2.34162932305745,0.613148733501791,1.41242725783761,-1.13197272313952,0.146023693751015,-1.65793886643679,-1.02466112142307,"Y"
1.75950745829465,-0.492774146344813,-0.518179861036326,0.707002514412035,1.09765895033241,0.834809200344935,-0.809062431663365,"Y"
0.00430491563158301,-1.23984353609538,-2.4279789103677,0.0259287810391737,2.51842387919029,-1.74980933013853,1.97259613454556,"Y"
-0.950660052209923,-0.335608705884814,-1.5544801651213,-0.465709249229283,-2.22198723173294,-1.79785698413021,-0.636166693421164,"Y"
3.50751719719332,-0.631257976673281,-0.18643540678893,-1.17461931759263,-0.44216717561314,0.0645571493054664,-2.24429672914845,"Y"
0.591968309600936,-0.252749387561843,-0.46085947652328,0.140470617445294,0.222715893252368,0.015104933492211,-0.687924207227054,"Y"
3.84187549508041,-0.291312997215976,1.41724859093633,-2.21909152482069,0.980911012216742,0.166590124181678,-1.21362529881173,"Y"
-1.89391890916735,-0.897997657002785,-0.330654475612763,-1.16762452973551,0.850156312928294,1.25355264812314,0.473730912541065,"Y"
-1.83396569252836,0.619355671070218,1.03179103881265,-0.0726682332030665,0.0304410690685393,-2.78029819872403,-1.11009460785376,"Y"
2.36352897293638,-0.942198843155289,-0.702654490275557,0.371661527893737,1.03102075085328,-1.07433215875517,1.88092693346946,"Y"
-2.86197878388787,-0.0167689081470059,-1.67858784202788,-0.332749663989684,-0.712977639556163,0.754602125252641,-1.59616328279384,"Y"
1.84506381418389,-1.2114405763966,-1.93803104487491,-0.650646572317344,0.185282021699911,-3.2150265989012,2.05915796189283,"Y"
-1.39824926581501,4.94148897192828,-0.719820563049539,-0.123266518652428,-0.384652079724103,1.81321859960617,0.397284466772903,"Y"
-0.222979881514713,0.860414765287817,4.24538256659874,-2.48291303546628,0.962584559318659,0.531561397615418,2.21475455598378,"Y"
4.45675577110101,-0.596894557293446,1.09063557942331,-0.880590578086422,-0.311672052788502,-0.313584205465737,-0.155465538268025,"Y"
-1.61862365321809,1.1891922047392,0.710189374441699,-1.60143289291586,-1.27346466691336,-0.684750449969006,-1.09025997304139,"Y"
-2.02099061611109,0.97876768171451,1.29034426702014,2.57113390840809,-5.95980274014953,-3.0162634289176,3.72188406938669,"Y"
1.73018045829957,-0.0131101904204017,0.872176324762206,-1.17887594313118,1.02030745458185,-1.18807331110932,-1.10896104296777,"Y"
-1.53703323934488,0.48945561670666,0.232465937064396,-0.840799953569249,-0.450537644934856,-0.500045621937984,-1.7696115041759,"Y"
0.114743223239965,-0.0716804545823794,-0.33926351401792,-0.271176397719289,0.530533242520437,0.146359642206835,-0.077122766245465,"Y"
1.39000087749748,3.01387890786333,0.459780745390768,-0.928009211410998,0.740442273964451,1.20220566649924,2.00672697139709,"Y"
5.18791936311712,-0.713418421210247,1.1453928443336,-1.33371009074901,0.621243139582974,-1.05299182036775,1.38784005197469,"Y"
-1.58059117627654,-0.51846091805995,0.906328077576376,-2.21966770563311,0.828029856019456,0.2493434699926,1.10433388596871,"Y"
-1.94519439605413,-0.387556501388386,-1.07911356902783,-0.522549333141789,-0.650450159101811,-1.74755312116279,-0.965123139041696,"Y"
-1.71342341041351,0.165044099138514,-0.307151499248924,0.302629972970733,0.564793294751128,-0.533817125313221,-0.927363381389004,"Y"
5.18866436944206,-0.383000145319255,4.15446524853118,-4.0040716958804,0.0908768080462622,0.648924167988594,0.195700090793156,"Y"
-2.88560432184097,0.619303038911689,0.950557867517305,0.889341978910224,0.911390173718992,0.54976491174159,2.68695212665339,"Y"
4.05926657042213,0.821354062479327,-0.23094811747293,0.469798539619414,-0.731437821088697,-2.2345264736672,-0.391819875687604,"Y"
-1.91857385660768,0.52949624426912,0.885602007038958,-1.18242614334319,1.57162595696221,1.41864202648507,1.12712867375721,"Y"
-0.597003893039534,0.0200549119342183,0.675837211089772,-1.12665857088946,-0.496292357749338,1.59199440772514,0.0203706912411514,"Y"
0.780194868733572,0.206276756969902,2.19487656896176,-2.58482799283396,1.07639990579753,0.493217853416135,0.00331731346906304,"Y"
0.699236805514601,-0.15835256850737,2.14448068322608,0.115760919241585,-0.120642382539092,1.40546713823868,0.225360792558302,"Y"
-2.00105991014631,0.102375746483839,0.149667458904498,-1.15009244939361,-0.344780884469699,0.785000680546183,0.533397633587179,"Y"
3.22941215442363,-1.19748235810864,1.47330809731939,-2.00931488374002,1.60922790291842,-0.368721581964209,-1.15717656114765,"Y"
0.0892153555379279,-0.0110048892851383,-1.58211427368734,0.718169965680058,1.83022668727012,0.0567319536603583,-0.840505016071063,"Y"
3.78733964851119,-0.725511458354564,1.38315778049588,-2.65399796791848,1.42225456703783,0.43570245606085,1.2719882795388,"Y"
-1.92531203124656,0.32714453195409,-0.245453432242955,-0.323651734636742,0.887891170034325,0.269327297224343,-0.43911079418406,"Y"
2.44630119054424,-0.633360929432453,0.869560473308198,0.114024760782313,-0.759050327529607,3.07088097423323,2.54162392262263,"Y"
-0.139421148358168,-0.219480968836242,-1.57880560158407,0.379871438258746,-1.58419154584082,-0.481183256208331,0.886857459455827,"Y"
-0.296321464284428,-1.04393411292921,-2.46590009737371,-0.656131053783269,-0.83115367611533,-1.84372508082969,0.296636588716537,"Y"
-1.87285394161429,0.217625981470514,-0.43751730381409,-0.922294064134585,-1.6217191016038,-0.908628229380904,0.906222485782152,"Y"
-2.82960511947682,0.763805144887394,0.866600464572646,-0.706349739770407,0.115918424848154,-2.27652551366491,-0.939590449131841,"Y"
-0.68869461358984,2.32786068309877,0.166352334640086,-1.92553893042511,0.690483139253697,-3.16547896443163,0.420728984966916,"Y"
-1.7534291825854,-0.635372418374921,-1.41749250875198,-0.039227195611451,-0.740168919589178,-1.82042167484571,-1.59158193898216,"Y"
2.13528192095502,-0.300909550842078,0.230733318446314,0.533988799385348,0.646376322657418,0.371037155035125,0.701844630376294,"Y"
-1.20731833700203,0.123861438074548,-0.796084205507712,0.0849748779931639,-1.76665820925331,-0.401316624210583,-0.903140546421386,"Y"
2.61769103364454,21.8929877019351,-6.77859144792173,1.7039956286853,-0.871250632695958,-0.878026756988887,1.10901997391313,"Y"
-0.62862603171709,-0.427580137712548,-1.02671554932872,-1.19137179939998,0.129910507941826,-0.442592405951791,-1.37261158306481,"Y"
2.65425132646461,-1.08452705873048,-1.96410099504425,0.0174456783027723,-0.609482410969418,-0.0860189492203306,-0.944654292153407,"Y"
-1.65205709266989,0.360755865186408,1.28606313831974,-1.34606720064107,-0.862805314432981,0.95082730326267,0.253598008653417,"Y"
-0.279465776468361,-1.12931377839348,-3.52598088528237,2.32745483870121,0.0518838801534153,-1.05424957413034,1.66650783415518,"Y"
-1.91510832490267,0.811022111518414,-0.504090614723535,-1.56453185972773,-0.0523200694179122,0.753285762203713,0.31558200578544,"Y"
-1.51313151388456,-0.778820800976209,0.0885397215490971,-0.664415828232504,-0.0921451992780667,1.76484156339065,0.0534355804457143,"Y"
2.79833554810239,-0.926519537908779,-0.80263560064759,-0.999683857757024,1.88816284795959,0.528288246291088,0.348120092770791,"Y"
0.103631133488302,-0.922981281545053,-0.845309734084183,-0.644637250182991,-0.606391808222707,-6.54816941110575,1.21510676583088,"Y"
0.552147100908075,-0.177552809126667,0.0571613306058109,0.245942755573165,-0.234276096324995,-2.03065329458606,-0.550906852181149,"Y"
-0.275439644038311,0.449401331484614,1.52032165380114,0.541262224198648,3.01313932005863,-2.04193128150479,1.53619534371573,"Y"
1.27250745440972,-0.531211005299898,1.59268813286708,-0.803949156185959,-0.536137739567956,0.386232367816653,2.6585319954647,"Y"
-1.8291980056407,0.0248075646149897,0.0116124082268426,-1.89882207888478,-0.516251688008477,-0.831413527358561,-0.539064738640023,"Y"
4.10695360779144,-0.131648713219031,1.28953292586316,-0.334802789917921,1.30072497987997,-0.473725626906523,0.141539965566359,"Y"
3.7413888913616,-0.357914387131722,1.59517992114568,-2.36260041677364,0.616132920798983,-2.06491950593066,-0.283255962167239,"Y"
-1.13575084358934,0.0601187825271414,0.182152082213534,-2.06559443588892,1.28012853904848,0.124009276476302,0.216993552641301,"Y"
-0.971227527593606,-0.0294325830109726,-1.13071679641619,0.891838630958791,0.647447857410721,1.29179408142803,0.478687760178609,"Y"
3.66185548716074,-0.564455472887904,1.36574737037386,-0.74866475957132,0.83063947888857,1.08040098891032,0.267558648357469,"Y"
-2.25289009823774,-0.0601045455361685,-0.274650320290863,0.185419349229452,0.426081993381474,1.65814346181784,0.519975850680894,"Y"
0.191639410129127,-0.0773327604607194,0.24629845517317,-0.632367718083426,0.409698183036739,-0.303201200994647,-2.12628648281667,"Y"
1.91872847850534,-0.51418661296823,-0.912685834761087,1.44626455982077,0.533280101477272,-2.03291210097629,1.65901054248986,"Y"
-0.375089818610549,2.39830960850873,0.660613266542656,1.43941626438855,0.717155390787723,0.0398733352983252,-1.60891877100984,"Y"
-0.881268037073956,0.689568694330861,-1.00637560431745,-0.758032932194315,-2.11029136739226,1.08866346267015,0.468615186966766,"Y"
0.937450941122869,-0.18640934129835,0.83438099480082,-1.22205976217787,-0.742886179334472,1.72351289610768,0.336866642263343,"Y"
2.6904189907403,-0.467861079087058,1.50007022742983,-0.945212407699552,-1.30972739356044,-0.610734949678735,-3.19370684719996,"Y"
-1.15722834034047,-0.282341571623581,1.49643900233815,-2.01590487956761,0.999421538837354,-2.04335484605607,-1.51213346562691,"Y"
1.34193867555452,-0.103950405928468,0.248355441465996,-0.849700819829893,2.40744622375258,-0.886109479572784,0.609764256440386,"Y"
0.803791370086232,-0.704119328166958,-0.715009459507337,-0.0852051283947193,0.856725234951544,-0.0130051724054657,1.31288938635593,"Y"
-0.465585678432034,0.291620871354915,2.18230110109327,-1.55843728663432,0.00165424602723319,1.36160068163782,1.40492587882796,"Y"
0.266649655870926,0.360193861953922,1.96012838946187,-1.83321287190785,2.29804827859728,-0.338831578288613,0.969712356144991,"Y"
2.76715185218581,-0.0300515556268161,0.470860837289338,2.16876084019535,0.123368964294789,-0.441915245355416,-2.2706978368133,"Y"
-0.775156005595465,-0.974572093757274,-2.9272514252256,0.932779258572141,0.748098885413058,-0.207599710466311,0.849535945494135,"Y"
-0.165292898272716,-1.44961013119551,-3.17938567958082,0.883397856335614,0.0940836275303563,0.597194545819753,-0.648584523795833,"Y"
-1.79177739376677,0.308024091540144,0.875815721023904,0.486686831163492,1.7841799917366,-4.33010133695624,-0.538496484004939,"Y"
-0.931265759294193,0.710920047569684,1.96012755026225,0.0508918764901043,0.253372474978086,0.783712044237519,0.140441934516953,"Y"
0.279390590636231,-0.388736301618975,-1.20337094216768,-0.716479659024867,0.408744249840434,0.1601599197884,-0.252006283856004,"Y"
-2.89044206647729,-0.214997465074684,-1.14546706244026,-0.0464605105890226,0.363478063926347,0.874488850653363,0.352187257484088,"Y"
4.77248466602327,-0.881294399280775,-0.2399637651629,-0.780889129681015,0.550030532952354,1.52472480428063,-0.657769056633066,"Y"
-1.40992187486805,0.641306182173118,5.05106492083803,4.46751139645246,-0.594216098520761,-0.567175237372309,-0.333066269013993,"Y"
2.37933461196064,9.64245163176244,-2.46766187712453,1.30074328132111,0.0374512890016444,0.049830048590129,0.0525427119635388,"Y"
1.3197098587818,-0.80550578299325,0.013348189717816,2.15907758974361,0.1910626578051,0.300583857220285,0.241870323905202,"Y"
-1.84942057270735,0.107881505976935,0.284179722198992,-0.432298405928048,-0.225061253650734,-0.957915492618011,-1.30052764380715,"Y"
3.18345413788154,1.47029917460903,1.2613021933691,-0.776788519223935,0.205470362838742,0.90945861299445,-0.747267398753741,"Y"
2.68532493127376,-0.295500922471159,-1.82720247945686,0.677111375831485,-0.487099655577144,1.14860618679716,-0.0289709307567976,"Y"
-1.69585625183358,0.334831511499474,-0.409179512171323,0.332450998126262,0.131663385223738,-0.232194969051155,-1.14733238270612,"Y"
-0.174653308713011,-0.0455469967351203,-0.0957917411467029,-1.77325699875859,-0.726323506509054,0.476826185815213,-0.528563008301403,"Y"
4.17269244383469,0.201120614457668,0.888744757393973,0.103470153151058,-1.75334864596545,-0.118679257836253,0.0501036414258767,"Y"
2.5097302097277,-0.168100421917366,1.12436178446561,-3.66776348595146,1.21546587343567,0.221486315668512,0.595845960103441,"Y"
-0.910399370905766,0.09063482782584,-0.210098866549335,-1.6993061220433,2.07631824169263,0.722129133444645,0.139479911337168,"Y"
-1.8309821878413,0.102301693551336,-1.02564425228216,-0.151484299612867,0.243183922846666,1.09830077517157,-0.274895761927311,"Y"
-3.17059595654433,1.44249851662448,4.12656650396029,-1.17668045561139,0.231582493258713,0.783406811469314,2.00985199826268,"Y"
1.42384609640531,0.117752160548694,0.69560574695177,0.543001822053296,1.29446606227229,0.650980516953319,0.101371311230025,"Y"
-1.41830264486455,-0.738833951789361,-2.84069109488094,0.446823263541123,-0.975212935115078,-0.885039349720663,-0.50427229215427,"Y"
-0.656251982910856,-1.06555368489368,-2.08919088473032,0.0781088675677169,1.08918345380688,0.118880775096,1.07076383695881,"Y"
5.95209455950373,-1.36911276608353,-0.291739480323081,-0.306578070778865,-2.70929951202422,0.207497230682272,-0.923709346529095,"Y"
1.73386639825713,0.109956427299967,1.32948330589471,-1.4398098448531,1.69962570741293,-0.498994372200774,-0.132614844210974,"Y"
3.0168485784999,-0.65847563555023,0.31268835619271,0.494212943046346,-1.97977081441541,-0.257660090678435,-1.13337448659569,"Y"
-1.41093991689078,0.127926103748443,-0.38955884847435,-0.404808680586884,-0.461846727775245,0.658998016293274,-0.941653096159553,"Y"
0.715789034087847,-1.10752992117982,-2.46379748954002,1.22767127950859,-0.211859539399205,1.61645933427563,-1.91374376005833,"Y"
4.37789706248838,1.17057177416292,-1.0473245388098,-1.6348061301732,-0.832482139671575,-1.96985595927191,0.227577860227382,"Y"
-0.514041597628303,-0.239391342645553,-0.606398929280297,-0.91308006359513,1.03369053684104,0.174951158265198,-0.806727143859978,"Y"
0.163688574818923,-0.587418253905375,-2.02642182218792,2.91795397373868,0.181915510596109,-1.52007618705088,1.17147270665339,"Y"
-0.216250526025446,-0.376827009179959,-0.126554504736291,-2.36471444650435,1.11555104285424,-0.123575390408983,1.05510613121329,"Y"
-1.35980759666146,0.119938532855482,-0.184823527234004,-0.645896582878526,0.290332603231781,0.343051068155105,-0.305346049352001,"Y"
5.48656274303409,-0.983490236003229,-1.25250836540372,-1.13331342557181,0.801367195141271,-0.503274569687113,-3.65281811867945,"Y"
1.16289658408066,-0.504692111336053,-2.36649711429159,0.646108296331536,2.39108984990859,-0.324987942766101,0.037788761965787,"Y"
1.31927088268294,-0.155893041603442,1.20984587688806,-1.76607718041332,0.66582099858844,-2.52729562696028,-1.06774715299185,"Y"
0.43067819942529,-0.705519518637381,1.41766241105787,-0.326476292360215,0.315181463573585,0.0233369174855902,-0.458465488726222,"Y"
0.800274719849625,0.509489469494984,0.340987230604944,0.225129126259089,1.02363890629908,1.52341805143012,1.48487227687221,"Y"
1.79469670443524,0.533996220784068,-0.944764261523875,-0.665865095771479,1.38101578329524,0.0318163915138313,0.110868585080189,"Y"
1.78758375537501,-0.168392547142632,-1.93463408871658,-0.747398737158784,-0.00177831756896166,-2.08556239218708,0.702205727494591,"Y"
-2.42799990806516,0.351703874271264,-0.317334521538433,-1.38785561417208,1.41693515882213,0.675160011978066,0.166432231943042,"Y"
-0.0439788379682984,-0.998526176710237,-2.22776476547062,0.867304689013654,0.350900690036019,0.252491409270238,-1.01074976938074,"Y"
1.93805453324627,-0.639686387174199,2.11992602805142,3.52482729092461,-0.943146364395007,-1.60232496804999,1.50470545501771,"Y"
-1.4511123021324,0.28833949893949,0.115172975316915,-2.33458350933564,1.81661824641544,-2.23494449281069,-1.01410204396122,"Y"
0.317939461147269,0.629459846271419,0.278930005597871,0.946360674732006,-2.54498710908415,0.0126871045242929,-0.160777006456151,"Y"
2.01230301982437,-0.45545863638145,0.826144393976831,-0.999692853482707,0.377164177115927,0.467829087253923,-1.18981861599754,"Y"
-1.8680856047572,0.169194661812904,1.07645929684323,-1.08982998453581,-1.02272355325892,-1.86532969788706,-0.753913042296084,"Y"
0.805669026008926,-0.490815908273204,0.605378494439566,-3.59472709803951,1.79733944668302,-0.888114244806296,0.693411881582665,"Y"
-1.19280915715922,0.0745729965861866,2.26110985682943,-1.27759214894111,-1.26133327096142,-0.816026646360132,1.01102024691023,"Y"
-1.68039115225939,0.154541271372223,0.328413054855224,-0.100329415429343,0.805127740110061,-0.0461456961329443,0.203057166466352,"Y"
1.23716670492879,-0.622034040693411,-1.78545181072136,-0.0629272180945599,1.8626071473642,-0.300974213615209,-1.22430821245796,"Y"
1.26429518048761,-0.360826035852015,-0.458381405762963,-0.00580275073004023,2.6414439898578,1.2735956245944,2.26884609851374,"Y"
0.580965059263901,-1.15992181236267,-1.49446205732074,0.643398462317716,0.721297028319904,2.52500952513621,1.58058228471547,"Y"
-0.325845551401005,3.07579899855911,-0.536278627705217,-1.73522820354227,-1.37633017509469,-0.490385489433808,0.206272909580828,"Y"
-1.46964138843617,-0.103493104040748,-1.25361937582493,-0.831423426508996,-1.34840022384942,0.591664916364722,-0.144045062388298,"Y"
0.517240130923044,-0.992989231930631,-2.83717196584034,1.07693145149732,-1.70317980491431,0.0977340280343915,-3.06827944319908,"Y"
0.653122079574342,0.139320118532447,1.21807032060065,-0.644185576157831,-0.263896152122044,-0.123756828132569,-1.12769783218561,"Y"
2.51290164361966,-2.3119793392116,-0.0137814746537788,-1.81932541655758,-0.336820423263866,-4.33784844162417,2.82212165916642,"Y"
0.128592121401773,0.716611784642614,5.92507482349531,-0.578265796802334,-1.21207657300799,1.75375063754981,2.58900871470052,"Y"
1.26340427303764,1.39796482758599,2.93014768253458,2.89161004389421,-0.11069636834885,0.0513802248830462,0.535940579836939,"Y"
3.65378924225908,0.819820988506048,0.793093898268513,-0.814619332684832,0.671227926163739,1.04006380196874,0.0702611177865409,"Y"
-2.12230144814894,0.673741826360593,-0.15938411484157,-1.91961763374533,-1.50195709708076,1.17615263552625,0.192475336397121,"Y"
4.39136407324734,-1.93468907194019,-0.496826433085177,3.39099602339192,-0.490624209381955,0.268483259874792,2.25797778680728,"Y"
2.16454922893391,-0.698792702175136,-1.57744613350431,-0.38189113022789,1.80248303102338,0.193300991207413,0.497655663277846,"Y"
0.323007668530111,2.48558606791982,1.09729042246789,-2.56510891371485,1.7839120387208,-4.83286830665493,0.999778068442707,"Y"
-0.339913279605784,0.225192621392148,2.02348728227365,2.02096742706769,-0.541414045224264,-2.58100417576539,-0.928394863323138,"Y"
1.83944127614488,-1.44650985469126,-1.72500389732978,0.266459590617274,-1.1451666095591,0.112009597948577,-0.469641907082777,"Y"
-1.52196488546897,0.364733025631801,1.43283231503975,-0.983617634859018,0.671493718169965,-2.50514385492717,-1.149976847519,"Y"
3.92420221749825,1.26791839643618,2.42327412262888,-3.5784971493118,1.19499714306914,0.266165579677603,-0.177411480156676,"Y"
-2.01601943698563,0.261417018968886,0.684952015663913,-0.760476520331906,-0.863454926494481,1.06806414996165,0.0519408718767109,"Y"
3.19053470204588,-0.906475995627662,-1.36469800832958,-0.24808154256569,0.854799246885006,0.338381920878909,0.590179608874728,"Y"
-0.918866360647016,0.791308586753416,1.34570748713551,-0.249193898086359,1.81415227261407,-0.186901747604147,-0.896186636154256,"Y"
0.610671268015431,3.19336352664751,-2.6536583475512,5.13747511102768,2.92970774081548,-1.21229961322622,2.36446834878273,"Y"
-1.92032480553785,-0.598060994519206,-0.786776386170298,-0.544073932821257,0.270130067199993,0.936497874781229,0.571704709445572,"Y"
4.34463878554583,-0.283443545935101,2.93334156468003,-1.26714591466934,1.42940882334612,0.266078077540527,-1.90892894446295,"Y"
3.43174095350746,-0.60943891821554,0.996208541603742,-0.470797781120097,0.348122242310032,2.59777765934994,1.17804906077863,"Y"
1.97114041153399,-0.585189514206905,-2.09166793787192,0.265101945747147,0.691031978466881,1.21761241764507,0.026572517203327,"Y"
-1.33699790652056,0.29132453539084,0.0741079136383317,-1.0915500655606,0.275459921073346,-0.0807531929478524,-1.14757909404617,"Y"
3.43399326514852,-0.716400781223056,-0.519186701914104,-1.21818996559369,0.490673806859649,-4.27963160335124,1.93712985215039,"Y"
0.124876369251304,-0.693229773817419,-0.367815594126019,0.327181185418589,-0.795011209707574,0.0608966460811487,0.45897506896518,"Y"
-0.61212470001481,-0.0560473036130158,-0.238450715331202,-2.33924819192083,1.95935755003652,-2.66424058060144,-0.913882088824505,"Y"
0.133911939372918,-0.471632332516608,-3.03187078703256,1.11576799592795,0.657251870439458,-0.996655836243638,0.175711975954985,"Y"
1.51197580282901,-0.864791513691204,-0.443373850056369,0.200798543193062,0.351707856422178,1.62145552444748,-1.08026570132441,"Y"
-0.889650184373357,-0.0893460300022671,0.639180320166405,-0.143824376202492,0.924038544545579,1.31918343331343,0.423756954745036,"Y"
-3.1313675343512,0.935466417769089,1.51791260286145,-0.493191285689448,0.0256460228396845,1.22279570010354,-0.188121071394737,"Y"
-0.363880173091807,0.179291306516802,0.432260558697188,-0.579529164079522,0.780058363952208,0.815596377539196,-0.047099310216563,"Y"
0.287770657040424,0.0491983962441608,-0.13255398148475,1.06727612424787,0.351656715431358,-0.3485817069021,-1.54182662508568,"Y"
3.34088926580485,0.210206973970471,4.38469593787346,0.443862731372738,-2.75363168700824,-2.20480713565557,0.64048315665498,"Y"
-2.62889066315007,-0.492821684306659,1.30543175904676,-0.505499847240484,0.627855549291111,-2.8528472084817,-1.06279814523754,"Y"
0.0694935823748061,11.351257667213,0.146430696910609,1.77927493198991,-1.24635102542548,0.402733542058416,2.02010082416541,"Y"
-0.0395183836246553,0.291650149086986,-1.99348641866876,1.49042405305619,1.06866495387483,0.0672705691488482,0.220965494928731,"Y"
-0.954025799315152,1.10399404740312,-0.176104101348553,-0.89592613190829,0.486581372909266,2.43188921814874,1.65612271924885,"Y"
2.59986912025881,-0.580657947392931,0.171964088539099,-1.10676543752091,0.956750217015265,0.675407915424461,1.11492672334313,"Y"
-1.62069399641572,0.187673036321144,0.35761625091102,-1.11321894349343,0.591372914580434,-2.16684949472549,-1.24116161545834,"Y"
0.272829004914887,0.112834904972029,0.26813224441661,-1.59812632932389,1.3301877754311,1.14772377877864,0.85386363227971,"Y"
-0.0665786191081871,-0.0502727539204775,0.435511082439761,-0.873447949183097,-0.0732789741715575,2.19689471884225,0.485274115466214,"Y"
1.65501860523754,-0.230904280386896,-1.69076751962568,0.322958637428066,-0.386159905129616,-1.54500029542075,-2.95221246616632,"Y"
-2.59544604551991,-0.0418560883805819,0.0121350448433253,-1.68876827633396,-0.466203047597549,-0.145581066966999,0.11177003696931,"Y"
-2.97550562115744,0.305856782329389,1.2628617500455,-1.29961477892707,-1.0804244547293,-2.74141667810827,-1.80240391321487,"Y"
3.11908052089476,-0.621671283785247,1.79453680963017,-0.714055131140994,0.367608674104068,-0.388131976116979,0.41730494993734,"Y"
-1.56157748670665,0.181096870150492,0.167289774931649,-0.577580865315524,0.446307284080025,1.28324628650152,0.142533307249556,"Y"
2.47647713456119,-0.523644852199443,0.0267929777915862,0.215156091624004,1.61200253819508,0.324511428744174,0.351836102845858,"Y"
-1.26800687179097,-0.216888037314748,-0.952344076797736,-1.10441332679498,-0.237353302186023,-1.41991132942379,-0.899912116468991,"Y"
3.29283647100616,0.0527800288453864,2.52242858252466,-1.8182006468559,-0.0695923630793502,-1.59003173284352,-0.371699801256893,"Y"
5.090764812161,-1.5292221463517,-1.48237998764026,-0.239659528671972,-2.98367480122868,-3.01844835725369,2.55719251491436,"Y"
3.19814784516135,-0.710105845707563,1.24693784017853,-2.58722153146805,0.604373172900648,-1.44761977282748,1.76260028841403,"Y"
4.03945026228253,-0.681855821162703,0.179987493440835,-0.0151150225235982,-1.51016685489926,0.135629310821522,-0.661493676500284,"Y"
-0.32590247186726,0.156796045756249,-0.404145605229679,-0.0961161743008243,-0.389419901859967,-0.475752683703225,0.419459940016613,"Y"
-0.768997371644312,-1.06339464898337,-2.43908828691963,1.27028073362354,-0.0983723464506026,0.371163112970932,-0.193429268698428,"Y"
-1.99180883623503,0.112014842137181,-0.333663114900871,-1.00440180770865,-0.602264019735184,-0.65801551330997,-1.53755453844798,"Y"
0.766108883421936,0.43321139072041,3.18788579594218,-1.94126636231653,0.803178250112739,0.568433051650768,1.58703383607675,"Y"
1.06409811182629,0.588836536139682,1.82529156684516,1.89775042649114,2.26028816192435,-0.426443301712393,-2.29861490028625,"Y"
3.27799176967704,-0.120255462563838,1.16575675055809,0.249535901401702,2.15377764489231,-0.41869476323782,-1.28479491397561,"Y"
-0.958260732427989,0.145208545349256,0.563507560412481,-1.37952661496374,-0.711576854531702,-2.6569785144373,-1.29017381847296,"Y"
-0.0286260178444661,-0.256491165028662,-1.56603968513316,0.877042335914333,0.231067065114341,-0.880237379570866,1.18551959084907,"Y"
-0.399841971514536,-0.0436614145368112,-0.5024987705592,-0.267773678363642,0.0203373056671622,0.875748290442229,-0.627148238092679,"Y"
-1.67635167705311,-0.211137115449759,-0.665838438287336,-1.0030631900844,0.641278773010388,1.05853885357232,0.701775147870871,"Y"
-1.70374666789127,0.455868178330913,1.19818029951257,-1.69042049162816,-0.0221266268797232,-1.37576815477721,0.391031784569263,"Y"
-1.49503037642304,0.117452627826946,1.0250678517481,-1.71545891660713,-3.07031080417227,-2.30783892382966,0.685106348367274,"Y"
-2.45467149220288,0.349877400150423,-0.310325439952537,-0.261486758676805,-0.0731285735191791,0.480697233793183,0.627286597362221,"Y"
2.08507325621707,-1.24768489012777,-1.95592663866742,0.363873491740155,-2.25550358445357,-0.405341313806341,-0.653218857880432,"Y"
-1.23351907606736,-0.0481552072466368,-0.180248275257757,-1.47623094135842,0.512769726800667,0.564065597125753,-0.0332273760163695,"Y"
4.2699091594802,-0.413767650644292,-1.78918165335851,-1.00356133102678,-4.1898488699008,-1.75693698033738,-0.838060615491117,"Y"
-2.08484291331538,-0.108437274149905,-0.813171111886709,-0.586054642258827,-0.00371046679617455,1.97484950949082,0.759572237926467,"Y"
1.23403099618349,1.41415949827478,5.50823033267602,1.13195471396119,0.602345768550014,-0.793731870117298,5.75904303403101,"Y"
-1.68379425384488,0.0328489568873425,0.558432718130866,-1.83350843157243,0.0375375929947012,-2.66439893588168,-1.28273785201943,"Y"
1.23518985982762,4.07877665356482,1.49191223598234,-3.11725562209924,3.64653323359747,5.85819448351877,-8.29601015421728,"Y"
-0.235829258938978,3.41526950013998,0.313750021973655,-1.5636328814217,-0.75722189988966,0.776390542793963,0.1666417097703,"Y"
1.1498369213605,0.378784037225649,1.10582955154414,-1.33850116707919,2.58642916023335,-0.449386832152406,1.08217298382926,"Y"
3.43333113400689,0.399185076015981,3.39471909344228,-2.6367875946983,1.81733883913129,-0.764576829720613,-1.29614741971351,"Y"
-0.955551669289274,0.595128891324158,0.831357926448175,-0.724405123326784,0.133944871711768,-0.65245642107692,-1.36406613326249,"Y"
-0.303026148004205,3.16952842003293,0.758701541649156,-2.77428791568599,1.85111469784057,0.0788727994098786,-0.856404852041633,"Y"
-0.544068817782469,-0.0601511345729525,0.0545342857287348,2.55391021383255,-0.554147138728926,0.962566772601197,-0.900734063370046,"Y"
-1.097372725208,0.638433248388534,1.16107331443965,-1.6725166044684,0.79345522559092,1.6602915796647,0.728032446153766,"Y"
3.90062492159307,0.296425506293178,2.27511516406551,-0.699803678162995,-0.0361429407270573,0.437096107843308,-0.813432058736877,"Y"
0.903182613889137,-0.751924099802029,-1.47033277783237,-2.04820008887507,-2.39705709541829,-2.0072268558045,-1.06841800560759,"Y"
-1.14149194180679,-0.230332839676548,-1.81722222933531,0.629390125745066,-0.488682475639602,0.905283031770831,2.21424386560793,"Y"
0.822363132755491,-0.192915233802147,-0.383377584620316,0.72718581707543,-0.614698143022172,0.475906762330721,0.903987476901649,"Y"
-0.252357132320473,-0.699766448739203,-2.90635786983331,1.39366357095549,1.43210910784257,-0.419315025450929,0.0533954947706663,"Y"
0.104903269935679,-1.14634696045288,-1.99460281415371,-0.687428903680278,-0.600253421317716,-0.855040199868945,-1.16932184309343,"Y"
-1.51908257603864,0.482476679023583,0.523896300744695,-0.444672312372115,1.30891302465622,0.527563689550658,-1.29127661078116,"Y"
1.65277843708642,0.00218268452651739,1.6193577670862,0.500526274482422,-0.619240421515981,0.692284780210693,1.39383374845054,"Y"
0.0951419693132746,0.743819001486182,4.13819467169394,-2.17780007679641,0.115954434499364,0.0954559850650018,-0.797907764942337,"Y"
0.969341637048621,0.126303410455627,2.22050507264775,-1.97394798471628,1.31782242889354,0.244443719470759,0.217092337524906,"Y"
0.706366703599932,0.318882128915496,0.38861659089645,0.310493668539763,1.40488851602812,0.333593800938977,-1.2150808340234,"Y"
-1.33418571806972,0.157099223357461,-0.0638411520015527,-1.95425126982795,2.12013390632041,1.17495933600739,0.452531256215554,"Y"
-0.592168634453693,-1.11440490485342,0.114552493373961,-1.75506958814594,-0.127836716233695,-2.36446018758686,1.35216379294377,"Y"
1.46773386412162,0.22436958651633,2.68106921681963,-1.69770107989541,0.120980740633855,0.835754782780513,-0.967041481635366,"Y"
3.65615776751257,23.676245132389,-2.92392738444988,0.0721410156942673,0.601721393532144,-0.689494220259229,1.36583010504486,"Y"
-0.589433962415589,0.11825681852232,-0.826652969320391,1.99827700200471,0.872916216212626,-0.116940965279914,0.136948558162524,"Y"
-0.177482082692162,0.0336593098122837,0.566528024975174,-2.57111374594105,1.4146909345231,-1.81176427631966,-0.654637490225559,"Y"
-1.85172508506996,0.168092402869645,-0.712211384440606,-1.03374652728373,-0.496420946494269,2.09139018704204,0.443587411260641,"Y"
4.86649971947866,2.79553587630081,1.22659271101376,-2.57589277137365,1.24294030549617,-1.54915119359694,0.584734547291764,"Y"
4.92574312296178,-0.346688719185406,1.27821374568308,-1.88328556442928,0.327506740448017,1.07436595309008,0.457354612317254,"Y"
-0.0700733741829115,2.53783337180715,1.43911622095395,-1.10267710067208,2.04412806565815,-0.267534359698637,-2.4317157708035,"Y"
0.0802576573875182,-0.127122901470518,0.841579620318335,-1.75794689658179,1.72378685961131,-1.48739106241263,0.60188815930055,"Y"
-0.735042950630558,0.333960401354611,1.55794810997927,-0.0575357381243798,-0.44460584546606,-0.337153434411225,-0.461468257055337,"Y"
3.37057852686465,1.64035106506913,-1.91948040864368,0.0576276630310517,0.529910253059615,-1.36977836112785,-1.15102209199573,"Y"
0.098087210624365,-0.304108630031269,-2.49840273700632,-0.203090634466424,0.934177430757972,-0.547474152313178,-2.08201162601359,"Y"
3.47543270275464,-0.377028775289162,0.965924938018705,-1.71773502947665,-0.772356313629513,-1.96870275755548,0.427681203559663,"Y"
7.20273170475617,0.597688072418605,0.385216868997363,-1.63118362285753,0.420300552408938,-0.425953155306475,-0.893490884091111,"Y"
-0.969126097748596,0.3316409662407,0.330501316736003,1.46514861817575,0.520260602325662,-2.13638521781963,0.880513764783232,"Y"
2.58080972766274,-0.836407626356795,-1.25457371872997,-1.50609704326464,-0.846197295818271,-1.78646879614143,-0.97235585647698,"Y"
-2.3067209490756,0.0217042761576031,0.250081059681071,-1.88583329211693,-0.751963879866266,-0.442666402218193,0.25069566176424,"Y"
1.66825043147564,-0.58663280015456,-0.946291796166853,0.983243775460679,1.07669592718564,1.3005586291644,-1.12334928861023,"Y"
2.964768696124,-0.0402499315373687,1.60837429946605,-1.45034096123344,0.45347783094574,0.337772652103197,-0.361060131973323,"Y"
0.944940199766954,-0.403526715970042,-0.526111751253632,-1.02822736676484,0.254659463656056,-0.415048453166786,-0.513875264673592,"Y"
-1.32101718531628,0.0578526613387953,0.672807818329816,-3.15222294242262,0.683841561476583,-0.508523910282609,0.487976024997225,"Y"
1.94026188263182,4.39321856463029,-2.35857318185972,-1.17132131061579,0.750609139847532,-1.35153946555575,-0.731156753716654,"Y"
0.591696873616147,-0.299214691966866,-0.436694292615783,-0.160504117743434,0.404322192032598,-0.138592537194064,-0.495104312264747,"Y"
-0.254179778384998,-0.491377121587798,0.603636627424111,-0.441518857100412,-1.30089793758777,2.13976729920148,-0.140471882561222,"Y"
-1.28439232601594,-0.350270742249283,-2.42739664253629,0.834338046851291,2.2289568111941,-0.38109373614299,1.74020655600254,"Y"
-2.43010618280907,0.796154897841488,0.618671389320542,-0.475832788629036,-0.79457875331563,-0.62439918799984,-1.2513133378746,"Y"
0.133458407479587,0.397121209084094,2.34846137114068,-1.10837129342607,0.0542363399226787,0.650089205389959,-0.438240947658547,"Y"
3.07262576578411,-0.591256196220325,-1.08717736541026,-0.536006170865664,-0.222089416796889,-1.13029094099187,-2.1280812759394,"Y"
-0.513586775151015,0.99243962802439,2.02174739980352,-2.5869297985844,1.49330408764008,1.14322124182815,0.029797862516234,"Y"
-0.864518924088395,0.405710550490725,-2.44756974519036,1.01913907140364,-0.24243740908303,0.640854293446524,1.77139924870431,"Y"
0.437065977759175,-1.35381696998763,-3.26397098262926,0.309587728475325,1.25541570101847,-1.7586678735493,4.17288892929533,"Y"
-1.04043292716978,-0.177449968086878,-0.137471965494756,-0.879100251639284,-1.21978867073717,-0.474396683687288,0.48809383868075,"Y"
-1.27649396491665,0.365794447460829,0.224485869523931,-1.03634867128118,-0.330420286304429,2.05211002061673,1.31760746821849,"Y"
-1.20005105787879,0.0432577412163094,2.69732197252382,1.69882160237842,-1.647190280442,4.06862053522445,-1.45454480968293,"Y"
-0.2082007641769,-0.162088722500652,-0.45466528868781,-1.37744826591116,0.16117869942566,-0.0362225649546479,-0.671715029738726,"Y"
-3.15643440126606,0.0918399770206371,-1.01654056294301,-0.735947632551124,-0.0549963198141794,0.930825996496602,0.127293886952892,"Y"
4.20910539621481,-0.290967897494504,1.40288242257201,-1.79974080557669,0.751506190953406,-0.765449901527751,-0.110556002116965,"Y"
2.49711882551593,4.54532712875091,2.1704077087288,-1.5396622108323,-0.424326439302957,0.743873114573184,3.7760735338366,"Y"
-2.7601186399491,0.122263158243695,-0.318505137740524,-1.86152167289411,-0.971881283976489,0.749193237352463,0.150195738741929,"Y"
0.69345953784615,-0.409747021396985,-1.30812381905586,0.446235035292723,-1.74953647097412,1.48402127229852,-1.98891814338705,"Y"
2.97421528315144,2.18413579086792,1.70429421812163,-0.381493943411169,0.996028064596146,0.998733123588273,0.388209436635538,"Y"
-1.22525252832555,0.773282443810888,1.73798036865555,0.236766062763628,0.114834042194171,-0.27042303730212,-0.342982663097241,"Y"
4.93873061742806,3.09243555962304,-0.491399266667892,-2.42942679866846,-0.20906655507757,1.58242846805181,-0.905344418904973,"Y"
-1.60392295295582,0.197759605538532,0.701253303117774,0.0449139132394683,-1.19682729497551,-0.627575466547538,-0.546190253238894,"Y"
-2.0336431045568,0.0919425837700774,-0.939689583193586,1.78032315389253,-0.330981046914397,-0.260521066797407,0.419911572095032,"Y"
2.46762791358231,-0.662721792497072,-1.37503229276959,0.0734426158014884,0.347576294546188,1.74763804136627,-0.219659120492037,"Y"
0.0496735073983772,-0.0613617379669223,-0.801629203228854,-0.14178586335748,1.12418185932588,-1.11619956306606,-1.39342941727882,"Y"
-0.216787205889806,-0.534948794878013,-2.34957142426854,-0.602975163100413,0.797800120424567,-0.638979547685596,-0.0800769968619828,"Y"
1.80035391307569,0.465177513944639,3.61952093837964,7.11214859055959,0.90455440713552,1.74076529364295,-1.39285564386131,"Y"
1.41107598545892,0.414684838173751,1.58057404206671,-0.406593635590618,1.79798993955196,-0.631702228284327,-0.91273489279131,"Y"
-2.47839284713599,0.0512506174451116,-0.524942856471824,-0.503373957540706,0.163501666684263,-1.83283056546646,-1.31543042228671,"Y"
1.29650823838842,-0.0450126108264719,0.354470829309583,-0.482326872928406,-0.250307941587066,-0.350418650024357,-1.12604474822029,"Y"
-0.854021258408355,3.39103412533094,1.4824311552113,-1.09331925749028,0.905496239561413,1.1644898819545,-0.884927926237859,"Y"
0.709071767889183,0.595466911188635,1.77547850023263,-1.43350421644475,2.59337684135833,-0.0353073339039305,-0.460301563112907,"Y"
4.91966342753795,5.82151718225731,-0.955372218867771,-1.67271707320908,-0.547154756795193,0.803465311328417,-0.356463281612672,"Y"
1.84344436067299,0.651302147407229,1.04212313845517,2.68533805136233,2.43629061505473,0.590619166183618,-1.28798091037404,"Y"
-0.904678541789813,0.50048270467125,0.565626776115748,-0.979721529458343,1.18222835517577,1.30405244280086,-0.472575917033283,"Y"
-0.133600970735431,-0.236461485440218,-0.473370511753014,0.834267488010196,1.12142214695976,-0.404672152683197,-0.22825359896185,"Y"
1.05344735945854,0.677774665398402,1.29980363494137,0.0567667521762483,-0.116081512982987,0.0154831005045628,1.61634368693925,"Y"
1.53265374040202,-0.479059469222842,-1.3626580662277,0.105225054657622,0.827862461289113,0.340969760794528,0.966249150660233,"Y"
-0.233998084451432,-0.194681350510541,-0.543441938064863,0.904334862796424,0.525393478366415,1.53527865475536,0.306464683107661,"Y"
1.40064850026729,2.24836719791628,0.968297117468552,2.13903020744001,0.47168988609379,-0.0476615632025077,2.72367483190198,"Y"
-0.554337592288746,0.171278508165747,0.664132227487433,-0.213241444991293,0.0712561953038122,1.88896072953326,0.284327810664386,"Y"
-1.12478687691158,0.0362333998209405,-0.610578806000686,1.93558300116177,3.01278242013804,-0.931171842994354,0.25649251529405,"Y"
-1.24225805424048,0.626142948226319,1.00293775809935,-0.479329955908662,2.17296592755102,-0.353503787465019,-0.266798617819849,"Y"
-0.069912687638537,-0.164940388792498,-0.645840236073972,-0.131237299141598,0.657820186063137,0.187634802381511,-1.22219788999132,"Y"
5.34111435050627,-0.161396876681477,2.63023205309615,-0.22714507857927,1.36430327360455,0.352858593734413,-0.162169796821367,"Y"
-0.380386163965648,4.86480266787017,1.91339712344486,7.4740743723347,0.409619810685816,-1.91231152678134,-1.44943206348025,"Y"
4.39311055693482,-0.617846310772674,0.0800224330940673,-1.56359312090283,0.471341207888714,-1.92164297401442,-0.599330732682038,"Y"
