citrus fruit,semi-finished bread,margarine,ready soups,Column 5,Column 6,Column 7,Column 8,Column 9,Column 10,Column 11,Column 12,Column 13,Column 14,Column 15,Column 16,Column 17,Column 18,Column 19,Column 20,Column 21,Column 22,Column 23,Column 24,Column 25,Column 26,Column 27,Column 28,Column 29,Column 30,Column 31,Column 32
other vegetables,whole milk,condensed milk,long life bakery product,,,,,,,,,,,,,,,,,,,,,,,,,,,,
whole milk,butter,yogurt,rice,abrasive cleaner,,,,,,,,,,,,,,,,,,,,,,,,,,,
other vegetables,UHT-milk,rolls/buns,bottled beer,liquor (appetizer),,,,,,,,,,,,,,,,,,,,,,,,,,,
potted plants,,,,,,,,,,,,,,,,,,,,,,,,,,,,,,,
fruit/vegetable juice,,,,,,,,,,,,,,,,,,,,,,,,,,,,,,,
packaged fruit/vegetables,,,,,,,,,,,,,,,,,,,,,,,,,,,,,,,
tropical fruit,cream cheese,processed cheese,detergent,newspapers,,,,,,,,,,,,,,,,,,,,,,,,,,,
tropical fruit,root vegetables,other vegetables,frozen dessert,rolls/buns,flour,sweet spreads,salty snack,waffles,candy,bathroom cleaner,,,,,,,,,,,,,,,,,,,,,
other vegetables,,,,,,,,,,,,,,,,,,,,,,,,,,,,,,,
brown bread,soda,fruit/vegetable juice,canned beer,newspapers,shopping bags,,,,,,,,,,,,,,,,,,,,,,,,,,
hamburger meat,other vegetables,rolls/buns,spices,bottled water,hygiene articles,napkins,,,,,,,,,,,,,,,,,,,,,,,,,
pastry,soda,,,,,,,,,,,,,,,,,,,,,,,,,,,,,,
sausage,rolls/buns,soda,canned beer,specialty bar,shopping bags,,,,,,,,,,,,,,,,,,,,,,,,,,
butter milk,yogurt,cream cheese,spread cheese,rolls/buns,bottled water,soda,newspapers,,,,,,,,,,,,,,,,,,,,,,,,
pastry,bottled water,,,,,,,,,,,,,,,,,,,,,,,,,,,,,,
root vegetables,other vegetables,butter,curd,whipped/sour cream,UHT-milk,hard cheese,rolls/buns,bottled water,long life bakery product,,,,,,,,,,,,,,,,,,,,,,
whole milk,yogurt,processed cheese,pickled vegetables,soda,,,,,,,,,,,,,,,,,,,,,,,,,,,
rolls/buns,oil,bottled water,chewing gum,chocolate marshmallow,hygiene articles,napkins,,,,,,,,,,,,,,,,,,,,,,,,,
ham,beef,whipped/sour cream,ice cream,rolls/buns,cat food,,,,,,,,,,,,,,,,,,,,,,,,,,
rolls/buns,pastry,sugar,,,,,,,,,,,,,,,,,,,,,,,,,,,,,
other vegetables,whole milk,frozen vegetables,canned fish,salty snack,seasonal products,detergent,,,,,,,,,,,,,,,,,,,,,,,,,
sausage,beef,whole milk,,,,,,,,,,,,,,,,,,,,,,,,,,,,,
other vegetables,whole milk,rolls/buns,sugar,,,,,,,,,,,,,,,,,,,,,,,,,,,,
citrus fruit,whole milk,curd,butter milk,pastry,,,,,,,,,,,,,,,,,,,,,,,,,,,
chocolate,,,,,,,,,,,,,,,,,,,,,,,,,,,,,,,
root vegetables,onions,hard cheese,frozen vegetables,,,,,,,,,,,,,,,,,,,,,,,,,,,,
coffee,newspapers,,,,,,,,,,,,,,,,,,,,,,,,,,,,,,
pork,other vegetables,whipped/sour cream,,,,,,,,,,,,,,,,,,,,,,,,,,,,,
berries,yogurt,,,,,,,,,,,,,,,,,,,,,,,,,,,,,,
soda,,,,,,,,,,,,,,,,,,,,,,,,,,,,,,,
grapes,photo/film,,,,,,,,,,,,,,,,,,,,,,,,,,,,,,
soda,misc. beverages,,,,,,,,,,,,,,,,,,,,,,,,,,,,,,
soda,,,,,,,,,,,,,,,,,,,,,,,,,,,,,,,
whole milk,whipped/sour cream,rolls/buns,soda,waffles,candy,cling film/bags,,,,,,,,,,,,,,,,,,,,,,,,,
processed cheese,,,,,,,,,,,,,,,,,,,,,,,,,,,,,,,
frankfurter,sausage,root vegetables,other vegetables,rolls/buns,oil,pickled vegetables,bottled beer,chewing gum,dishes,,,,,,,,,,,,,,,,,,,,,,
berries,whipped/sour cream,,,,,,,,,,,,,,,,,,,,,,,,,,,,,,
citrus fruit,berries,UHT-milk,processed cheese,,,,,,,,,,,,,,,,,,,,,,,,,,,,
frankfurter,sausage,long life bakery product,waffles,,,,,,,,,,,,,,,,,,,,,,,,,,,,
berries,soda,,,,,,,,,,,,,,,,,,,,,,,,,,,,,,
curd,flour,liquor (appetizer),,,,,,,,,,,,,,,,,,,,,,,,,,,,,
tropical fruit,other vegetables,coffee,,,,,,,,,,,,,,,,,,,,,,,,,,,,,
soda,,,,,,,,,,,,,,,,,,,,,,,,,,,,,,,
rolls/buns,Instant food products,,,,,,,,,,,,,,,,,,,,,,,,,,,,,,
frankfurter,sausage,whole milk,rolls/buns,margarine,,,,,,,,,,,,,,,,,,,,,,,,,,,
whole milk,,,,,,,,,,,,,,,,,,,,,,,,,,,,,,,
hamburger meat,citrus fruit,onions,rolls/buns,bottled water,dental care,,,,,,,,,,,,,,,,,,,,,,,,,,
other vegetables,whole milk,meat spreads,cake bar,chocolate,shopping bags,,,,,,,,,,,,,,,,,,,,,,,,,,
tropical fruit,other vegetables,packaged fruit/vegetables,whole milk,snack products,,,,,,,,,,,,,,,,,,,,,,,,,,,
tropical fruit,specialty cheese,bottled water,,,,,,,,,,,,,,,,,,,,,,,,,,,,,
finished products,other vegetables,frozen vegetables,bottled beer,,,,,,,,,,,,,,,,,,,,,,,,,,,,
ham,whole milk,rolls/buns,,,,,,,,,,,,,,,,,,,,,,,,,,,,,
rolls/buns,canned beer,,,,,,,,,,,,,,,,,,,,,,,,,,,,,,
other vegetables,,,,,,,,,,,,,,,,,,,,,,,,,,,,,,,
dog food,,,,,,,,,,,,,,,,,,,,,,,,,,,,,,,
specialty bar,,,,,,,,,,,,,,,,,,,,,,,,,,,,,,,
beef,berries,root vegetables,whole milk,dessert,spread cheese,brown bread,,,,,,,,,,,,,,,,,,,,,,,,,
canned beer,,,,,,,,,,,,,,,,,,,,,,,,,,,,,,,
canned beer,,,,,,,,,,,,,,,,,,,,,,,,,,,,,,,
curd,rolls/buns,,,,,,,,,,,,,,,,,,,,,,,,,,,,,,
canned beer,,,,,,,,,,,,,,,,,,,,,,,,,,,,,,,
citrus fruit,pastry,,,,,,,,,,,,,,,,,,,,,,,,,,,,,,
rolls/buns,pastry,soda,,,,,,,,,,,,,,,,,,,,,,,,,,,,,
butter,yogurt,bottled water,soda,make up remover,hygiene articles,,,,,,,,,,,,,,,,,,,,,,,,,,
beverages,,,,,,,,,,,,,,,,,,,,,,,,,,,,,,,
newspapers,,,,,,,,,,,,,,,,,,,,,,,,,,,,,,,
cleaner,female sanitary products,,,,,,,,,,,,,,,,,,,,,,,,,,,,,,
white wine,,,,,,,,,,,,,,,,,,,,,,,,,,,,,,,
meat,curd,bottled beer,cake bar,,,,,,,,,,,,,,,,,,,,,,,,,,,,
meat,citrus fruit,other vegetables,curd,dessert,butter milk,beverages,cream cheese,rolls/buns,brown bread,tea,bottled water,,,,,,,,,,,,,,,,,,,,
whole milk,mustard,bottled water,,,,,,,,,,,,,,,,,,,,,,,,,,,,,
citrus fruit,whole milk,rolls/buns,,,,,,,,,,,,,,,,,,,,,,,,,,,,,
frankfurter,beef,hamburger meat,grapes,root vegetables,whole milk,butter,frozen dessert,potato products,bottled water,bottled beer,,,,,,,,,,,,,,,,,,,,,
whole milk,beverages,,,,,,,,,,,,,,,,,,,,,,,,,,,,,,
pork,,,,,,,,,,,,,,,,,,,,,,,,,,,,,,,
chocolate,,,,,,,,,,,,,,,,,,,,,,,,,,,,,,,
canned beer,,,,,,,,,,,,,,,,,,,,,,,,,,,,,,,
root vegetables,,,,,,,,,,,,,,,,,,,,,,,,,,,,,,,
meat,citrus fruit,berries,root vegetables,whole milk,soda,,,,,,,,,,,,,,,,,,,,,,,,,,
frankfurter,rolls/buns,bottled water,fruit/vegetable juice,hygiene articles,,,,,,,,,,,,,,,,,,,,,,,,,,,
tropical fruit,root vegetables,herbs,whole milk,butter milk,whipped/sour cream,flour,hygiene articles,,,,,,,,,,,,,,,,,,,,,,,,
chicken,pip fruit,other vegetables,whole milk,dessert,yogurt,whipped/sour cream,rolls/buns,pasta,soda,waffles,,,,,,,,,,,,,,,,,,,,,
turkey,pip fruit,salad dressing,pastry,,,,,,,,,,,,,,,,,,,,,,,,,,,,
citrus fruit,tropical fruit,,,,,,,,,,,,,,,,,,,,,,,,,,,,,,
citrus fruit,other vegetables,rolls/buns,salty snack,shopping bags,,,,,,,,,,,,,,,,,,,,,,,,,,,
sausage,,,,,,,,,,,,,,,,,,,,,,,,,,,,,,,
chicken,other vegetables,whole milk,vinegar,oil,bottled water,canned beer,napkins,newspapers,,,,,,,,,,,,,,,,,,,,,,,
hamburger meat,root vegetables,other vegetables,whole milk,yogurt,whipped/sour cream,specialty cheese,flour,margarine,,,,,,,,,,,,,,,,,,,,,,,
candy,,,,,,,,,,,,,,,,,,,,,,,,,,,,,,,
beef,citrus fruit,other vegetables,yogurt,,,,,,,,,,,,,,,,,,,,,,,,,,,,
canned beer,,,,,,,,,,,,,,,,,,,,,,,,,,,,,,,
bottled beer,,,,,,,,,,,,,,,,,,,,,,,,,,,,,,,
onions,soda,chewing gum,chocolate,newspapers,,,,,,,,,,,,,,,,,,,,,,,,,,,
beef,white bread,pastry,pasta,soap,,,,,,,,,,,,,,,,,,,,,,,,,,,
ice cream,,,,,,,,,,,,,,,,,,,,,,,,,,,,,,,
meat,hard cheese,bottled beer,,,,,,,,,,,,,,,,,,,,,,,,,,,,,
other vegetables,yogurt,brown bread,instant coffee,,,,,,,,,,,,,,,,,,,,,,,,,,,,
domestic eggs,brown bread,photo/film,,,,,,,,,,,,,,,,,,,,,,,,,,,,,
berries,root vegetables,other vegetables,curd,butter milk,cream cheese,roll products,margarine,misc. beverages,specialty chocolate,detergent,,,,,,,,,,,,,,,,,,,,,
margarine,hygiene articles,,,,,,,,,,,,,,,,,,,,,,,,,,,,,,
ham,other vegetables,whipped/sour cream,hard cheese,rolls/buns,soda,misc. beverages,chocolate,candy,,,,,,,,,,,,,,,,,,,,,,,
yogurt,,,,,,,,,,,,,,,,,,,,,,,,,,,,,,,
shopping bags,,,,,,,,,,,,,,,,,,,,,,,,,,,,,,,
frankfurter,rolls/buns,,,,,,,,,,,,,,,,,,,,,,,,,,,,,,
salt,salty snack,cookware,,,,,,,,,,,,,,,,,,,,,,,,,,,,,
oil,,,,,,,,,,,,,,,,,,,,,,,,,,,,,,,
other vegetables,butter,specialty chocolate,,,,,,,,,,,,,,,,,,,,,,,,,,,,,
berries,whipped/sour cream,cereals,waffles,shopping bags,,,,,,,,,,,,,,,,,,,,,,,,,,,
frozen vegetables,,,,,,,,,,,,,,,,,,,,,,,,,,,,,,,
pastry,fruit/vegetable juice,,,,,,,,,,,,,,,,,,,,,,,,,,,,,,
frankfurter,sausage,root vegetables,yogurt,whipped/sour cream,pastry,napkins,,,,,,,,,,,,,,,,,,,,,,,,,
butter milk,yogurt,,,,,,,,,,,,,,,,,,,,,,,,,,,,,,
newspapers,,,,,,,,,,,,,,,,,,,,,,,,,,,,,,,
yogurt,rolls/buns,pastry,bottled water,soda,shopping bags,,,,,,,,,,,,,,,,,,,,,,,,,,
sausage,whole milk,coffee,,,,,,,,,,,,,,,,,,,,,,,,,,,,,
yogurt,chocolate,,,,,,,,,,,,,,,,,,,,,,,,,,,,,,
domestic eggs,rolls/buns,dish cleaner,hygiene articles,,,,,,,,,,,,,,,,,,,,,,,,,,,,
whole milk,butter milk,yogurt,sliced cheese,rolls/buns,sweet spreads,coffee,fruit/vegetable juice,long life bakery product,shopping bags,,,,,,,,,,,,,,,,,,,,,,
other vegetables,whole milk,rolls/buns,Instant food products,,,,,,,,,,,,,,,,,,,,,,,,,,,,
tropical fruit,other vegetables,,,,,,,,,,,,,,,,,,,,,,,,,,,,,,
frankfurter,yogurt,,,,,,,,,,,,,,,,,,,,,,,,,,,,,,
other vegetables,whole milk,rolls/buns,margarine,bottled water,bottled beer,,,,,,,,,,,,,,,,,,,,,,,,,,
sausage,ham,hamburger meat,whole milk,soda,softener,newspapers,,,,,,,,,,,,,,,,,,,,,,,,,
domestic eggs,rolls/buns,specialty bar,napkins,,,,,,,,,,,,,,,,,,,,,,,,,,,,
pork,citrus fruit,tropical fruit,root vegetables,other vegetables,curd,hygiene articles,,,,,,,,,,,,,,,,,,,,,,,,,
other vegetables,pet care,,,,,,,,,,,,,,,,,,,,,,,,,,,,,,
whole milk,,,,,,,,,,,,,,,,,,,,,,,,,,,,,,,
salty snack,,,,,,,,,,,,,,,,,,,,,,,,,,,,,,,
onions,other vegetables,pastry,bottled water,soda,napkins,,,,,,,,,,,,,,,,,,,,,,,,,,
beef,tropical fruit,root vegetables,onions,other vegetables,instant coffee,soda,,,,,,,,,,,,,,,,,,,,,,,,,
rolls/buns,brown bread,bottled water,,,,,,,,,,,,,,,,,,,,,,,,,,,,,
soda,canned beer,liquor (appetizer),hygiene articles,napkins,newspapers,,,,,,,,,,,,,,,,,,,,,,,,,,
sausage,ham,other vegetables,ice cream,white bread,,,,,,,,,,,,,,,,,,,,,,,,,,,
sausage,other vegetables,curd,yogurt,whipped/sour cream,frozen vegetables,rolls/buns,roll products,,,,,,,,,,,,,,,,,,,,,,,,
yogurt,rolls/buns,,,,,,,,,,,,,,,,,,,,,,,,,,,,,,
Instant food products,,,,,,,,,,,,,,,,,,,,,,,,,,,,,,,
frankfurter,rolls/buns,pastry,snack products,specialty bar,,,,,,,,,,,,,,,,,,,,,,,,,,,
other vegetables,whole milk,cream cheese,,,,,,,,,,,,,,,,,,,,,,,,,,,,,
frankfurter,root vegetables,pickled vegetables,soda,seasonal products,,,,,,,,,,,,,,,,,,,,,,,,,,,
bottled water,,,,,,,,,,,,,,,,,,,,,,,,,,,,,,,
hamburger meat,whole milk,curd,pasta,canned beer,,,,,,,,,,,,,,,,,,,,,,,,,,,
ice cream,,,,,,,,,,,,,,,,,,,,,,,,,,,,,,,
pastry,bottled water,,,,,,,,,,,,,,,,,,,,,,,,,,,,,,
meat,other vegetables,hard cheese,frozen meals,bottled water,soda,,,,,,,,,,,,,,,,,,,,,,,,,,
other vegetables,packaged fruit/vegetables,UHT-milk,bottled water,,,,,,,,,,,,,,,,,,,,,,,,,,,,
specialty bar,,,,,,,,,,,,,,,,,,,,,,,,,,,,,,,
whole milk,cream cheese,coffee,,,,,,,,,,,,,,,,,,,,,,,,,,,,,
citrus fruit,other vegetables,soda,,,,,,,,,,,,,,,,,,,,,,,,,,,,,
whole milk,dessert,bottled water,,,,,,,,,,,,,,,,,,,,,,,,,,,,,
whole milk,curd,,,,,,,,,,,,,,,,,,,,,,,,,,,,,,
whole milk,,,,,,,,,,,,,,,,,,,,,,,,,,,,,,,
bottled water,candy,,,,,,,,,,,,,,,,,,,,,,,,,,,,,,
whole milk,yogurt,frozen potato products,margarine,bottled water,fruit/vegetable juice,salty snack,,,,,,,,,,,,,,,,,,,,,,,,,
soda,,,,,,,,,,,,,,,,,,,,,,,,,,,,,,,
tropical fruit,whole milk,beverages,white bread,pasta,shopping bags,,,,,,,,,,,,,,,,,,,,,,,,,,
soda,female sanitary products,,,,,,,,,,,,,,,,,,,,,,,,,,,,,,
tropical fruit,root vegetables,whole milk,frozen vegetables,honey,baking powder,coffee,red/blush wine,chocolate marshmallow,,,,,,,,,,,,,,,,,,,,,,,
citrus fruit,bottled water,,,,,,,,,,,,,,,,,,,,,,,,,,,,,,
whole milk,,,,,,,,,,,,,,,,,,,,,,,,,,,,,,,
pip fruit,whole milk,curd,pastry,bottled water,,,,,,,,,,,,,,,,,,,,,,,,,,,
specialty chocolate,,,,,,,,,,,,,,,,,,,,,,,,,,,,,,,
rolls/buns,soda,snack products,newspapers,,,,,,,,,,,,,,,,,,,,,,,,,,,,
canned beer,,,,,,,,,,,,,,,,,,,,,,,,,,,,,,,
rolls/buns,coffee,long life bakery product,detergent,shopping bags,,,,,,,,,,,,,,,,,,,,,,,,,,,
pip fruit,whole milk,bottled water,candy,,,,,,,,,,,,,,,,,,,,,,,,,,,,
beverages,,,,,,,,,,,,,,,,,,,,,,,,,,,,,,,
frozen vegetables,bottled beer,,,,,,,,,,,,,,,,,,,,,,,,,,,,,,
hamburger meat,UHT-milk,salty snack,,,,,,,,,,,,,,,,,,,,,,,,,,,,,
grapes,root vegetables,frozen vegetables,domestic eggs,white wine,,,,,,,,,,,,,,,,,,,,,,,,,,,
citrus fruit,frozen vegetables,rolls/buns,canned beer,salty snack,,,,,,,,,,,,,,,,,,,,,,,,,,,
frankfurter,whole milk,rolls/buns,margarine,baking powder,bottled beer,,,,,,,,,,,,,,,,,,,,,,,,,,
whole milk,red/blush wine,,,,,,,,,,,,,,,,,,,,,,,,,,,,,,
pork,tropical fruit,whole milk,curd,yogurt,hard cheese,frozen meals,frozen dessert,domestic eggs,cereals,baking powder,fruit/vegetable juice,soap,,,,,,,,,,,,,,,,,,,
chicken,pastry,,,,,,,,,,,,,,,,,,,,,,,,,,,,,,
specialty bar,,,,,,,,,,,,,,,,,,,,,,,,,,,,,,,
root vegetables,brown bread,,,,,,,,,,,,,,,,,,,,,,,,,,,,,,
rolls/buns,soda,,,,,,,,,,,,,,,,,,,,,,,,,,,,,,
whole milk,processed cheese,brown bread,pastry,soda,,,,,,,,,,,,,,,,,,,,,,,,,,,
ham,rolls/buns,white wine,,,,,,,,,,,,,,,,,,,,,,,,,,,,,
canned beer,,,,,,,,,,,,,,,,,,,,,,,,,,,,,,,
soap,,,,,,,,,,,,,,,,,,,,,,,,,,,,,,,
frozen chicken,,,,,,,,,,,,,,,,,,,,,,,,,,,,,,,
tropical fruit,curd,yogurt,rolls/buns,brown bread,bottled water,bottled beer,seasonal products,,,,,,,,,,,,,,,,,,,,,,,,
beef,citrus fruit,curd,rolls/buns,oil,margarine,specialty bar,detergent,newspapers,,,,,,,,,,,,,,,,,,,,,,,
beef,citrus fruit,tropical fruit,yogurt,UHT-milk,frozen vegetables,rolls/buns,bottled water,skin care,,,,,,,,,,,,,,,,,,,,,,,
meat,beef,herbs,whole milk,frozen dessert,rolls/buns,semi-finished bread,flour,oil,coffee,potted plants,,,,,,,,,,,,,,,,,,,,,
yogurt,bottled water,,,,,,,,,,,,,,,,,,,,,,,,,,,,,,
beef,other vegetables,whole milk,brown bread,pastry,salty snack,abrasive cleaner,shopping bags,,,,,,,,,,,,,,,,,,,,,,,,
rolls/buns,canned beer,,,,,,,,,,,,,,,,,,,,,,,,,,,,,,
tropical fruit,domestic eggs,rolls/buns,pastry,,,,,,,,,,,,,,,,,,,,,,,,,,,,
coffee,soda,,,,,,,,,,,,,,,,,,,,,,,,,,,,,,
rolls/buns,pastry,newspapers,,,,,,,,,,,,,,,,,,,,,,,,,,,,,
whole milk,rolls/buns,detergent,,,,,,,,,,,,,,,,,,,,,,,,,,,,,
frankfurter,citrus fruit,bottled beer,salty snack,,,,,,,,,,,,,,,,,,,,,,,,,,,,
domestic eggs,,,,,,,,,,,,,,,,,,,,,,,,,,,,,,,
chicken,butter,newspapers,,,,,,,,,,,,,,,,,,,,,,,,,,,,,
pastry,coffee,,,,,,,,,,,,,,,,,,,,,,,,,,,,,,
root vegetables,other vegetables,whole milk,sliced cheese,frozen vegetables,frozen fish,frozen dessert,chocolate,,,,,,,,,,,,,,,,,,,,,,,,
detergent,,,,,,,,,,,,,,,,,,,,,,,,,,,,,,,
yogurt,salt,jam,sparkling wine,cleaner,,,,,,,,,,,,,,,,,,,,,,,,,,,
tropical fruit,curd,sliced cheese,rolls/buns,soda,,,,,,,,,,,,,,,,,,,,,,,,,,,
curd,UHT-milk,artif. sweetener,dental care,,,,,,,,,,,,,,,,,,,,,,,,,,,,
rolls/buns,soda,fruit/vegetable juice,canned beer,white wine,long life bakery product,shopping bags,,,,,,,,,,,,,,,,,,,,,,,,,
whole milk,curd,sliced cheese,cat food,coffee,,,,,,,,,,,,,,,,,,,,,,,,,,,
frankfurter,beef,butter,,,,,,,,,,,,,,,,,,,,,,,,,,,,,
rolls/buns,soda,snack products,shopping bags,,,,,,,,,,,,,,,,,,,,,,,,,,,,
chicken,onions,other vegetables,whole milk,brown bread,white wine,red/blush wine,,,,,,,,,,,,,,,,,,,,,,,,,
sausage,other vegetables,whole milk,curd,hard cheese,soda,candy,newspapers,,,,,,,,,,,,,,,,,,,,,,,,
frankfurter,citrus fruit,pastry,margarine,ready soups,instant coffee,shopping bags,,,,,,,,,,,,,,,,,,,,,,,,,
canned beer,,,,,,,,,,,,,,,,,,,,,,,,,,,,,,,
yogurt,specialty bar,,,,,,,,,,,,,,,,,,,,,,,,,,,,,,
whipped/sour cream,specialty bar,,,,,,,,,,,,,,,,,,,,,,,,,,,,,,
beverages,rolls/buns,,,,,,,,,,,,,,,,,,,,,,,,,,,,,,
rolls/buns,,,,,,,,,,,,,,,,,,,,,,,,,,,,,,,
bottled water,soda,,,,,,,,,,,,,,,,,,,,,,,,,,,,,,
beef,pip fruit,root vegetables,rolls/buns,margarine,,,,,,,,,,,,,,,,,,,,,,,,,,,
meat,beef,other vegetables,whole milk,butter,domestic eggs,rolls/buns,,,,,,,,,,,,,,,,,,,,,,,,,
chicken,onions,herbs,hygiene articles,,,,,,,,,,,,,,,,,,,,,,,,,,,,
sausage,tropical fruit,semi-finished bread,,,,,,,,,,,,,,,,,,,,,,,,,,,,,
tropical fruit,pastry,flour,rum,,,,,,,,,,,,,,,,,,,,,,,,,,,,
dessert,beverages,bottled water,,,,,,,,,,,,,,,,,,,,,,,,,,,,,
coffee,,,,,,,,,,,,,,,,,,,,,,,,,,,,,,,
pork,tropical fruit,rolls/buns,semi-finished bread,bottled beer,newspapers,,,,,,,,,,,,,,,,,,,,,,,,,,
frozen dessert,brandy,,,,,,,,,,,,,,,,,,,,,,,,,,,,,,
chicken,other vegetables,packaged fruit/vegetables,condensed milk,frozen vegetables,fruit/vegetable juice,,,,,,,,,,,,,,,,,,,,,,,,,,
vinegar,oil,,,,,,,,,,,,,,,,,,,,,,,,,,,,,,
rolls/buns,soda,specialty bar,,,,,,,,,,,,,,,,,,,,,,,,,,,,,
whole milk,,,,,,,,,,,,,,,,,,,,,,,,,,,,,,,
rolls/buns,newspapers,,,,,,,,,,,,,,,,,,,,,,,,,,,,,,
frankfurter,citrus fruit,whipped/sour cream,cream cheese,rolls/buns,baking powder,seasonal products,napkins,,,,,,,,,,,,,,,,,,,,,,,,
other vegetables,whole milk,margarine,bottled beer,,,,,,,,,,,,,,,,,,,,,,,,,,,,
ham,chicken,citrus fruit,berries,onions,whole milk,curd,yogurt,frozen vegetables,rolls/buns,margarine,soda,liquor (appetizer),cake bar,candy,seasonal products,skin care,,,,,,,,,,,,,,,
packaged fruit/vegetables,whole milk,dessert,yogurt,UHT-milk,margarine,bottled water,long life bakery product,,,,,,,,,,,,,,,,,,,,,,,,
pastry,,,,,,,,,,,,,,,,,,,,,,,,,,,,,,,
citrus fruit,tropical fruit,grapes,yogurt,rolls/buns,margarine,canned fruit,bottled water,soda,misc. beverages,candy,female sanitary products,shopping bags,,,,,,,,,,,,,,,,,,,
root vegetables,whole milk,yogurt,rolls/buns,,,,,,,,,,,,,,,,,,,,,,,,,,,,
beef,whole milk,frozen vegetables,brown bread,pastry,coffee,,,,,,,,,,,,,,,,,,,,,,,,,,
whole milk,chewing gum,,,,,,,,,,,,,,,,,,,,,,,,,,,,,,
pork,grapes,UHT-milk,brown bread,margarine,,,,,,,,,,,,,,,,,,,,,,,,,,,
pip fruit,herbs,other vegetables,whole milk,coffee,female sanitary products,hygiene articles,shopping bags,,,,,,,,,,,,,,,,,,,,,,,,
tropical fruit,curd,rolls/buns,organic products,newspapers,,,,,,,,,,,,,,,,,,,,,,,,,,,
beef,root vegetables,other vegetables,whole milk,butter,soft cheese,hard cheese,domestic eggs,pasta,coffee,candles,,,,,,,,,,,,,,,,,,,,,
meat,beef,tropical fruit,pip fruit,other vegetables,whipped/sour cream,soft cheese,frozen meals,margarine,coffee,fruit/vegetable juice,potted plants,,,,,,,,,,,,,,,,,,,,
meat,other vegetables,whole milk,beverages,rolls/buns,margarine,chocolate,napkins,newspapers,,,,,,,,,,,,,,,,,,,,,,,
citrus fruit,tropical fruit,pip fruit,,,,,,,,,,,,,,,,,,,,,,,,,,,,,
turkey,root vegetables,other vegetables,curd,bottled beer,specialty chocolate,,,,,,,,,,,,,,,,,,,,,,,,,,
citrus fruit,onions,whole milk,curd,yogurt,rolls/buns,pasta,mustard,dog food,canned beer,,,,,,,,,,,,,,,,,,,,,,
newspapers,,,,,,,,,,,,,,,,,,,,,,,,,,,,,,,
nuts/prunes,whole milk,semi-finished bread,jam,soda,potted plants,shopping bags,,,,,,,,,,,,,,,,,,,,,,,,,
coffee,,,,,,,,,,,,,,,,,,,,,,,,,,,,,,,
meat,root vegetables,whipped/sour cream,beverages,cream cheese,waffles,dishes,,,,,,,,,,,,,,,,,,,,,,,,,
berries,whole milk,whipped/sour cream,margarine,organic products,fruit/vegetable juice,shopping bags,,,,,,,,,,,,,,,,,,,,,,,,,
beef,root vegetables,bottled beer,chocolate,shopping bags,,,,,,,,,,,,,,,,,,,,,,,,,,,
sugar,,,,,,,,,,,,,,,,,,,,,,,,,,,,,,,
berries,frozen vegetables,pet care,instant coffee,,,,,,,,,,,,,,,,,,,,,,,,,,,,
sausage,chicken,citrus fruit,berries,root vegetables,curd,beverages,abrasive cleaner,,,,,,,,,,,,,,,,,,,,,,,,
root vegetables,whole milk,white bread,brown bread,sweet spreads,dog food,brandy,shopping bags,,,,,,,,,,,,,,,,,,,,,,,,
fruit/vegetable juice,,,,,,,,,,,,,,,,,,,,,,,,,,,,,,,
berries,whipped/sour cream,,,,,,,,,,,,,,,,,,,,,,,,,,,,,,
pork,beef,,,,,,,,,,,,,,,,,,,,,,,,,,,,,,
curd,butter milk,yogurt,sliced cheese,coffee,,,,,,,,,,,,,,,,,,,,,,,,,,,
pork,berries,whipped/sour cream,beverages,flour,oil,soda,chocolate,newspapers,,,,,,,,,,,,,,,,,,,,,,,
white bread,,,,,,,,,,,,,,,,,,,,,,,,,,,,,,,
potato products,flower (seeds),,,,,,,,,,,,,,,,,,,,,,,,,,,,,,
root vegetables,onions,yogurt,rolls/buns,coffee,bottled water,dishes,,,,,,,,,,,,,,,,,,,,,,,,,
chicken,hamburger meat,UHT-milk,soda,canned beer,bathroom cleaner,newspapers,,,,,,,,,,,,,,,,,,,,,,,,,
fish,cream cheese,coffee,,,,,,,,,,,,,,,,,,,,,,,,,,,,,
chicken,pork,whole milk,frozen vegetables,brown bread,vinegar,bottled beer,red/blush wine,newspapers,,,,,,,,,,,,,,,,,,,,,,,
tropical fruit,whole milk,,,,,,,,,,,,,,,,,,,,,,,,,,,,,,
whole milk,rolls/buns,chocolate,,,,,,,,,,,,,,,,,,,,,,,,,,,,,
sliced cheese,pastry,newspapers,,,,,,,,,,,,,,,,,,,,,,,,,,,,,
salty snack,,,,,,,,,,,,,,,,,,,,,,,,,,,,,,,
whole milk,curd,cream cheese,flour,coffee,bottled water,misc. beverages,newspapers,,,,,,,,,,,,,,,,,,,,,,,,
soda,canned beer,shopping bags,,,,,,,,,,,,,,,,,,,,,,,,,,,,,
tropical fruit,root vegetables,frozen vegetables,ice cream,bottled water,cling film/bags,,,,,,,,,,,,,,,,,,,,,,,,,,
frankfurter,turkey,root vegetables,other vegetables,yogurt,rolls/buns,pastry,ready soups,,,,,,,,,,,,,,,,,,,,,,,,
soda,bottled beer,,,,,,,,,,,,,,,,,,,,,,,,,,,,,,
frankfurter,popcorn,,,,,,,,,,,,,,,,,,,,,,,,,,,,,,
berries,whole milk,whipped/sour cream,pickled vegetables,detergent,newspapers,,,,,,,,,,,,,,,,,,,,,,,,,,
canned beer,,,,,,,,,,,,,,,,,,,,,,,,,,,,,,,
frankfurter,pork,white bread,canned vegetables,soda,,,,,,,,,,,,,,,,,,,,,,,,,,,
frankfurter,hamburger meat,whole milk,butter,curd,flour,rice,oil,sugar,mustard,salty snack,chocolate,chocolate marshmallow,dish cleaner,dental care,,,,,,,,,,,,,,,,,
frankfurter,rolls/buns,,,,,,,,,,,,,,,,,,,,,,,,,,,,,,
newspapers,,,,,,,,,,,,,,,,,,,,,,,,,,,,,,,
beef,grapes,berries,whole milk,yogurt,rolls/buns,newspapers,potted plants,,,,,,,,,,,,,,,,,,,,,,,,
specialty chocolate,potted plants,,,,,,,,,,,,,,,,,,,,,,,,,,,,,,
whole milk,rolls/buns,shopping bags,,,,,,,,,,,,,,,,,,,,,,,,,,,,,
sausage,bottled water,red/blush wine,,,,,,,,,,,,,,,,,,,,,,,,,,,,,
whole milk,whipped/sour cream,baking powder,,,,,,,,,,,,,,,,,,,,,,,,,,,,,
whole milk,frozen meals,newspapers,,,,,,,,,,,,,,,,,,,,,,,,,,,,,
butter,pasta,canned fish,softener,flower (seeds),,,,,,,,,,,,,,,,,,,,,,,,,,,
UHT-milk,salt,soda,specialty chocolate,shopping bags,,,,,,,,,,,,,,,,,,,,,,,,,,,
bottled beer,liquor,red/blush wine,,,,,,,,,,,,,,,,,,,,,,,,,,,,,
grapes,,,,,,,,,,,,,,,,,,,,,,,,,,,,,,,
pork,other vegetables,soda,,,,,,,,,,,,,,,,,,,,,,,,,,,,,
frankfurter,chicken,pork,tropical fruit,root vegetables,other vegetables,yogurt,UHT-milk,mayonnaise,brown bread,pastry,flour,mustard,coffee,cocoa drinks,fruit/vegetable juice,salty snack,long life bakery product,chocolate,seasonal products,,,,,,,,,,,,
whole milk,newspapers,,,,,,,,,,,,,,,,,,,,,,,,,,,,,,
packaged fruit/vegetables,dessert,mayonnaise,oil,soda,waffles,chocolate,flower (seeds),shopping bags,,,,,,,,,,,,,,,,,,,,,,,
pork,whole milk,curd,yogurt,whipped/sour cream,cream cheese,domestic eggs,white bread,sugar,baking powder,coffee,cocoa drinks,salty snack,waffles,candy,napkins,,,,,,,,,,,,,,,,
citrus fruit,other vegetables,whole milk,curd,yogurt,whipped/sour cream,cream cheese,pastry,vinegar,oil,coffee,long life bakery product,detergent,cleaner,napkins,newspapers,,,,,,,,,,,,,,,,
sausage,curd,frozen meals,domestic eggs,cake bar,seasonal products,detergent,cleaner,house keeping products,potted plants,shopping bags,,,,,,,,,,,,,,,,,,,,,
citrus fruit,onions,,,,,,,,,,,,,,,,,,,,,,,,,,,,,,
onions,domestic eggs,soda,hygiene articles,,,,,,,,,,,,,,,,,,,,,,,,,,,,
tropical fruit,pip fruit,grapes,root vegetables,herbs,yogurt,baking powder,seasonal products,potted plants,shopping bags,,,,,,,,,,,,,,,,,,,,,,
berries,root vegetables,other vegetables,butter,hard cheese,domestic eggs,rolls/buns,fruit/vegetable juice,sparkling wine,hygiene articles,,,,,,,,,,,,,,,,,,,,,,
whole milk,butter,pasta,misc. beverages,,,,,,,,,,,,,,,,,,,,,,,,,,,,
citrus fruit,berries,butter milk,yogurt,,,,,,,,,,,,,,,,,,,,,,,,,,,,
beef,grapes,nuts/prunes,root vegetables,onions,other vegetables,cream,soft cheese,sliced cheese,hard cheese,domestic eggs,rolls/buns,pastry,mustard,specialty chocolate,specialty bar,dental care,shopping bags,,,,,,,,,,,,,,
margarine,newspapers,,,,,,,,,,,,,,,,,,,,,,,,,,,,,,
butter milk,yogurt,,,,,,,,,,,,,,,,,,,,,,,,,,,,,,
chocolate,,,,,,,,,,,,,,,,,,,,,,,,,,,,,,,
coffee,misc. beverages,bottled beer,,,,,,,,,,,,,,,,,,,,,,,,,,,,,
bottled beer,liquor,,,,,,,,,,,,,,,,,,,,,,,,,,,,,,
sausage,whole milk,whipped/sour cream,pasta,pet care,fruit/vegetable juice,,,,,,,,,,,,,,,,,,,,,,,,,,
frankfurter,other vegetables,specialty cheese,chewing gum,,,,,,,,,,,,,,,,,,,,,,,,,,,,
ice cream,,,,,,,,,,,,,,,,,,,,,,,,,,,,,,,
sausage,citrus fruit,pip fruit,root vegetables,other vegetables,whole milk,yogurt,whipped/sour cream,spread cheese,frozen vegetables,pastry,instant coffee,soda,fruit/vegetable juice,hygiene articles,,,,,,,,,,,,,,,,,
canned vegetables,,,,,,,,,,,,,,,,,,,,,,,,,,,,,,,
frozen fish,canned beer,red/blush wine,,,,,,,,,,,,,,,,,,,,,,,,,,,,,
soda,misc. beverages,,,,,,,,,,,,,,,,,,,,,,,,,,,,,,
whole milk,frozen vegetables,,,,,,,,,,,,,,,,,,,,,,,,,,,,,,
whipped/sour cream,,,,,,,,,,,,,,,,,,,,,,,,,,,,,,,
frankfurter,pip fruit,root vegetables,curd,yogurt,UHT-milk,white bread,pastry,instant coffee,waffles,dish cleaner,,,,,,,,,,,,,,,,,,,,,
canned fish,,,,,,,,,,,,,,,,,,,,,,,,,,,,,,,
chicken,other vegetables,white wine,specialty chocolate,,,,,,,,,,,,,,,,,,,,,,,,,,,,
specialty chocolate,,,,,,,,,,,,,,,,,,,,,,,,,,,,,,,
UHT-milk,domestic eggs,brown bread,coffee,soda,canned beer,liquor (appetizer),newspapers,,,,,,,,,,,,,,,,,,,,,,,,
cookware,,,,,,,,,,,,,,,,,,,,,,,,,,,,,,,
citrus fruit,yogurt,UHT-milk,cream cheese,dish cleaner,house keeping products,shopping bags,,,,,,,,,,,,,,,,,,,,,,,,,
tropical fruit,pip fruit,other vegetables,cream cheese,soda,bottled beer,,,,,,,,,,,,,,,,,,,,,,,,,,
semi-finished bread,,,,,,,,,,,,,,,,,,,,,,,,,,,,,,,
meat,other vegetables,packaged fruit/vegetables,cream cheese,margarine,bottled water,salty snack,,,,,,,,,,,,,,,,,,,,,,,,,
root vegetables,whipped/sour cream,salt,fruit/vegetable juice,salty snack,,,,,,,,,,,,,,,,,,,,,,,,,,,
grapes,brown bread,bottled beer,white wine,,,,,,,,,,,,,,,,,,,,,,,,,,,,
root vegetables,skin care,,,,,,,,,,,,,,,,,,,,,,,,,,,,,,
finished products,other vegetables,soda,fruit/vegetable juice,,,,,,,,,,,,,,,,,,,,,,,,,,,,
dessert,,,,,,,,,,,,,,,,,,,,,,,,,,,,,,,
sparkling wine,,,,,,,,,,,,,,,,,,,,,,,,,,,,,,,
other vegetables,nut snack,,,,,,,,,,,,,,,,,,,,,,,,,,,,,,
sausage,yogurt,pastry,margarine,soda,bottled beer,flower (seeds),,,,,,,,,,,,,,,,,,,,,,,,,
pip fruit,other vegetables,butter,yogurt,whipped/sour cream,brown bread,pastry,fruit/vegetable juice,detergent,,,,,,,,,,,,,,,,,,,,,,,
ham,hamburger meat,onions,other vegetables,processed cheese,frozen vegetables,domestic eggs,rolls/buns,white bread,cookware,shopping bags,,,,,,,,,,,,,,,,,,,,,
citrus fruit,grapes,curd,bottled water,waffles,,,,,,,,,,,,,,,,,,,,,,,,,,,
pork,frozen meals,frozen fish,shopping bags,,,,,,,,,,,,,,,,,,,,,,,,,,,,
ham,grapes,spread cheese,ice cream,frozen potato products,white bread,oil,pudding powder,,,,,,,,,,,,,,,,,,,,,,,,
grapes,specialty cheese,pasta,coffee,bottled water,soda,canned beer,brandy,white wine,,,,,,,,,,,,,,,,,,,,,,,
turkey,whole milk,UHT-milk,fruit/vegetable juice,,,,,,,,,,,,,,,,,,,,,,,,,,,,
sausage,other vegetables,pasta,oil,margarine,coffee,syrup,canned beer,napkins,light bulbs,shopping bags,,,,,,,,,,,,,,,,,,,,,
sausage,meat,other vegetables,brown bread,canned fish,bottled water,canned beer,liquor (appetizer),shopping bags,,,,,,,,,,,,,,,,,,,,,,,
sausage,citrus fruit,pip fruit,mayonnaise,brown bread,shopping bags,,,,,,,,,,,,,,,,,,,,,,,,,,
grapes,pastry,salty snack,light bulbs,shopping bags,,,,,,,,,,,,,,,,,,,,,,,,,,,
other vegetables,yogurt,processed cheese,ketchup,bottled water,male cosmetics,,,,,,,,,,,,,,,,,,,,,,,,,,
potted plants,,,,,,,,,,,,,,,,,,,,,,,,,,,,,,,
prosecco,hygiene articles,potted plants,,,,,,,,,,,,,,,,,,,,,,,,,,,,,
rolls/buns,canned fish,canned beer,,,,,,,,,,,,,,,,,,,,,,,,,,,,,
beef,root vegetables,other vegetables,butter,yogurt,rolls/buns,flour,,,,,,,,,,,,,,,,,,,,,,,,,
rolls/buns,white wine,,,,,,,,,,,,,,,,,,,,,,,,,,,,,,
sausage,citrus fruit,whole milk,cream cheese,processed cheese,frozen vegetables,rolls/buns,pastry,fruit/vegetable juice,chewing gum,,,,,,,,,,,,,,,,,,,,,,
yogurt,UHT-milk,rolls/buns,,,,,,,,,,,,,,,,,,,,,,,,,,,,,
citrus fruit,root vegetables,other vegetables,whole milk,curd,yogurt,whipped/sour cream,hard cheese,cream cheese,domestic eggs,flour,rice,oil,margarine,sugar,,,,,,,,,,,,,,,,,
pork,whole milk,margarine,soda,canned beer,newspapers,,,,,,,,,,,,,,,,,,,,,,,,,,
chicken,pork,pip fruit,other vegetables,whole milk,tidbits,frozen fish,rolls/buns,margarine,baking powder,soda,bottled beer,white wine,waffles,chocolate,candy,,,,,,,,,,,,,,,,
citrus fruit,cake bar,baby cosmetics,shopping bags,,,,,,,,,,,,,,,,,,,,,,,,,,,,
fruit/vegetable juice,,,,,,,,,,,,,,,,,,,,,,,,,,,,,,,
frankfurter,pip fruit,other vegetables,yogurt,spread cheese,rolls/buns,white bread,pastry,coffee,soda,waffles,hygiene articles,,,,,,,,,,,,,,,,,,,,
condensed milk,bottled water,misc. beverages,bottled beer,bathroom cleaner,,,,,,,,,,,,,,,,,,,,,,,,,,,
bottled water,soda,,,,,,,,,,,,,,,,,,,,,,,,,,,,,,
cling film/bags,,,,,,,,,,,,,,,,,,,,,,,,,,,,,,,
tropical fruit,sliced cheese,domestic eggs,zwieback,,,,,,,,,,,,,,,,,,,,,,,,,,,,
frozen potato products,potted plants,,,,,,,,,,,,,,,,,,,,,,,,,,,,,,
frankfurter,sausage,packaged fruit/vegetables,soda,,,,,,,,,,,,,,,,,,,,,,,,,,,,
frankfurter,other vegetables,zwieback,,,,,,,,,,,,,,,,,,,,,,,,,,,,,
hamburger meat,pip fruit,whole milk,curd,beverages,brandy,male cosmetics,cookware,shopping bags,,,,,,,,,,,,,,,,,,,,,,,
chicken,berries,mayonnaise,frozen vegetables,salty snack,newspapers,,,,,,,,,,,,,,,,,,,,,,,,,,
rolls/buns,,,,,,,,,,,,,,,,,,,,,,,,,,,,,,,
sausage,tropical fruit,whole milk,yogurt,processed cheese,pastry,margarine,Instant food products,coffee,popcorn,house keeping products,,,,,,,,,,,,,,,,,,,,,
frozen potato products,bottled water,soda,,,,,,,,,,,,,,,,,,,,,,,,,,,,,
frankfurter,whole milk,whipped/sour cream,curd cheese,domestic eggs,margarine,baking powder,cat food,bottled water,canned beer,candy,napkins,,,,,,,,,,,,,,,,,,,,
sausage,root vegetables,other vegetables,whole milk,butter,whipped/sour cream,processed cheese,sugar,baking powder,jam,coffee,bottled water,soda,fruit/vegetable juice,salty snack,long life bakery product,candy,napkins,,,,,,,,,,,,,,
canned beer,,,,,,,,,,,,,,,,,,,,,,,,,,,,,,,
canned beer,,,,,,,,,,,,,,,,,,,,,,,,,,,,,,,
frankfurter,sausage,tropical fruit,whole milk,yogurt,pastry,sugar,bottled water,soda,fruit/vegetable juice,,,,,,,,,,,,,,,,,,,,,,
chicken,hamburger meat,other vegetables,rolls/buns,shopping bags,,,,,,,,,,,,,,,,,,,,,,,,,,,
dessert,UHT-milk,bottled water,soda,canned beer,chewing gum,softener,shopping bags,,,,,,,,,,,,,,,,,,,,,,,,
pork,citrus fruit,other vegetables,domestic eggs,margarine,canned beer,,,,,,,,,,,,,,,,,,,,,,,,,,
pork,root vegetables,onions,other vegetables,whole milk,napkins,shopping bags,,,,,,,,,,,,,,,,,,,,,,,,,
whipped/sour cream,beverages,fruit/vegetable juice,chocolate,,,,,,,,,,,,,,,,,,,,,,,,,,,,
whole milk,frozen vegetables,specialty chocolate,,,,,,,,,,,,,,,,,,,,,,,,,,,,,
pork,beef,whole milk,curd,rolls/buns,pastry,,,,,,,,,,,,,,,,,,,,,,,,,,
coffee,shopping bags,,,,,,,,,,,,,,,,,,,,,,,,,,,,,,
rolls/buns,waffles,,,,,,,,,,,,,,,,,,,,,,,,,,,,,,
cream cheese,rolls/buns,,,,,,,,,,,,,,,,,,,,,,,,,,,,,,
sausage,meat,chicken,root vegetables,other vegetables,whole milk,salt,salty snack,,,,,,,,,,,,,,,,,,,,,,,,
ham,whole milk,hard cheese,frozen meals,rolls/buns,rice,soups,baking powder,canned vegetables,bottled beer,female sanitary products,,,,,,,,,,,,,,,,,,,,,
chicken,pork,root vegetables,onions,packaged fruit/vegetables,butter,hard cheese,salt,bottled water,bottled beer,,,,,,,,,,,,,,,,,,,,,,
tropical fruit,pip fruit,whole milk,chewing gum,chocolate,,,,,,,,,,,,,,,,,,,,,,,,,,,
sausage,pork,,,,,,,,,,,,,,,,,,,,,,,,,,,,,,
root vegetables,other vegetables,yogurt,,,,,,,,,,,,,,,,,,,,,,,,,,,,,
oil,dish cleaner,newspapers,,,,,,,,,,,,,,,,,,,,,,,,,,,,,
canned beer,,,,,,,,,,,,,,,,,,,,,,,,,,,,,,,
meat,beef,tropical fruit,pip fruit,berries,other vegetables,whole milk,white bread,brown bread,sugar,detergent,,,,,,,,,,,,,,,,,,,,,
citrus fruit,pip fruit,grapes,other vegetables,dessert,butter milk,yogurt,domestic eggs,flour,oil,sugar,ketchup,detergent,dish cleaner,,,,,,,,,,,,,,,,,,
tropical fruit,whole milk,hard cheese,rolls/buns,cat food,bottled water,dish cleaner,,,,,,,,,,,,,,,,,,,,,,,,,
cat food,soda,,,,,,,,,,,,,,,,,,,,,,,,,,,,,,
sausage,yogurt,salty snack,,,,,,,,,,,,,,,,,,,,,,,,,,,,,
root vegetables,whole milk,butter,yogurt,whipped/sour cream,soft cheese,cream cheese,domestic eggs,brown bread,jam,misc. beverages,fruit/vegetable juice,napkins,potted plants,,,,,,,,,,,,,,,,,,
chicken,root vegetables,roll products,vinegar,shopping bags,,,,,,,,,,,,,,,,,,,,,,,,,,,
citrus fruit,frozen meals,canned beer,red/blush wine,salty snack,,,,,,,,,,,,,,,,,,,,,,,,,,,
chicken,other vegetables,whole milk,domestic eggs,pastry,canned beer,,,,,,,,,,,,,,,,,,,,,,,,,,
butter,yogurt,dog food,,,,,,,,,,,,,,,,,,,,,,,,,,,,,
ham,dessert,frozen meals,frozen dessert,white bread,sweet spreads,soda,long life bakery product,specialty bar,hygiene articles,newspapers,shopping bags,,,,,,,,,,,,,,,,,,,,
whole milk,butter milk,soda,chewing gum,shopping bags,,,,,,,,,,,,,,,,,,,,,,,,,,,
citrus fruit,misc. beverages,liquor,cling film/bags,,,,,,,,,,,,,,,,,,,,,,,,,,,,
canned beer,,,,,,,,,,,,,,,,,,,,,,,,,,,,,,,
frankfurter,packaged fruit/vegetables,brown bread,margarine,waffles,,,,,,,,,,,,,,,,,,,,,,,,,,,
bottled beer,,,,,,,,,,,,,,,,,,,,,,,,,,,,,,,
frozen meals,pet care,soda,,,,,,,,,,,,,,,,,,,,,,,,,,,,,
frankfurter,sausage,whole milk,butter,dessert,pastry,fruit/vegetable juice,,,,,,,,,,,,,,,,,,,,,,,,,
tropical fruit,other vegetables,packaged fruit/vegetables,whole milk,frozen meals,white bread,instant coffee,soda,female sanitary products,newspapers,potted plants,shopping bags,,,,,,,,,,,,,,,,,,,,
yogurt,sugar,instant coffee,,,,,,,,,,,,,,,,,,,,,,,,,,,,,
yogurt,rolls/buns,pastry,soda,,,,,,,,,,,,,,,,,,,,,,,,,,,,
dessert,misc. beverages,,,,,,,,,,,,,,,,,,,,,,,,,,,,,,
sausage,domestic eggs,coffee,soda,,,,,,,,,,,,,,,,,,,,,,,,,,,,
herbs,,,,,,,,,,,,,,,,,,,,,,,,,,,,,,,
frankfurter,pork,specialty fat,specialty bar,,,,,,,,,,,,,,,,,,,,,,,,,,,,
oil,,,,,,,,,,,,,,,,,,,,,,,,,,,,,,,
sausage,other vegetables,sliced cheese,rolls/buns,coffee,soda,shopping bags,,,,,,,,,,,,,,,,,,,,,,,,,
sausage,waffles,,,,,,,,,,,,,,,,,,,,,,,,,,,,,,
whole milk,bottled water,soda,canned beer,,,,,,,,,,,,,,,,,,,,,,,,,,,,
other vegetables,misc. beverages,long life bakery product,chocolate,candy,shopping bags,,,,,,,,,,,,,,,,,,,,,,,,,,
frozen fruits,detergent,,,,,,,,,,,,,,,,,,,,,,,,,,,,,,
yogurt,,,,,,,,,,,,,,,,,,,,,,,,,,,,,,,
whole milk,soda,,,,,,,,,,,,,,,,,,,,,,,,,,,,,,
canned beer,,,,,,,,,,,,,,,,,,,,,,,,,,,,,,,
chicken,whole milk,,,,,,,,,,,,,,,,,,,,,,,,,,,,,,
whole milk,shopping bags,,,,,,,,,,,,,,,,,,,,,,,,,,,,,,
ham,whole milk,curd,dessert,,,,,,,,,,,,,,,,,,,,,,,,,,,,
tropical fruit,pip fruit,grapes,ice cream,frozen potato products,rolls/buns,pastry,soda,misc. beverages,salty snack,long life bakery product,chewing gum,specialty bar,napkins,photo/film,,,,,,,,,,,,,,,,,
meat,bottled beer,shopping bags,,,,,,,,,,,,,,,,,,,,,,,,,,,,,
liver loaf,tropical fruit,pip fruit,grapes,whole milk,curd,whipped/sour cream,frozen vegetables,baking powder,,,,,,,,,,,,,,,,,,,,,,,
root vegetables,whole milk,butter,domestic eggs,flour,oil,sugar,baking powder,white wine,specialty chocolate,shopping bags,,,,,,,,,,,,,,,,,,,,,
brown bread,specialty chocolate,shopping bags,,,,,,,,,,,,,,,,,,,,,,,,,,,,,
newspapers,,,,,,,,,,,,,,,,,,,,,,,,,,,,,,,
brandy,,,,,,,,,,,,,,,,,,,,,,,,,,,,,,,
sausage,whole milk,brown bread,pastry,,,,,,,,,,,,,,,,,,,,,,,,,,,,
canned beer,,,,,,,,,,,,,,,,,,,,,,,,,,,,,,,
yogurt,beverages,rolls/buns,fruit/vegetable juice,potted plants,,,,,,,,,,,,,,,,,,,,,,,,,,,
other vegetables,whole milk,soups,bottled water,bottled beer,,,,,,,,,,,,,,,,,,,,,,,,,,,
soda,fruit/vegetable juice,,,,,,,,,,,,,,,,,,,,,,,,,,,,,,
ham,other vegetables,whole milk,frozen vegetables,,,,,,,,,,,,,,,,,,,,,,,,,,,,
whipped/sour cream,,,,,,,,,,,,,,,,,,,,,,,,,,,,,,,
canned beer,,,,,,,,,,,,,,,,,,,,,,,,,,,,,,,
fish,dessert,yogurt,cling film/bags,,,,,,,,,,,,,,,,,,,,,,,,,,,,
baby cosmetics,,,,,,,,,,,,,,,,,,,,,,,,,,,,,,,
sausage,condensed milk,rolls/buns,coffee,,,,,,,,,,,,,,,,,,,,,,,,,,,,
rolls/buns,soda,waffles,shopping bags,,,,,,,,,,,,,,,,,,,,,,,,,,,,
yogurt,,,,,,,,,,,,,,,,,,,,,,,,,,,,,,,
napkins,dishes,,,,,,,,,,,,,,,,,,,,,,,,,,,,,,
meat,whole milk,frozen potato products,margarine,soda,detergent,,,,,,,,,,,,,,,,,,,,,,,,,,
rolls/buns,,,,,,,,,,,,,,,,,,,,,,,,,,,,,,,
butter,yogurt,rolls/buns,jam,soda,,,,,,,,,,,,,,,,,,,,,,,,,,,
sausage,fish,other vegetables,brown bread,shopping bags,,,,,,,,,,,,,,,,,,,,,,,,,,,
frankfurter,whole milk,,,,,,,,,,,,,,,,,,,,,,,,,,,,,,
turkey,citrus fruit,tropical fruit,grapes,root vegetables,onions,other vegetables,rolls/buns,brown bread,pastry,pickled vegetables,jam,cat food,fruit/vegetable juice,napkins,,,,,,,,,,,,,,,,,
whole milk,curd,ice cream,Instant food products,canned fish,newspapers,,,,,,,,,,,,,,,,,,,,,,,,,,
frozen vegetables,brown bread,,,,,,,,,,,,,,,,,,,,,,,,,,,,,,
citrus fruit,whole milk,domestic eggs,canned fruit,dog food,misc. beverages,detergent,,,,,,,,,,,,,,,,,,,,,,,,,
rolls/buns,canned fish,soda,,,,,,,,,,,,,,,,,,,,,,,,,,,,,
meat,onions,other vegetables,chewing gum,dishes,,,,,,,,,,,,,,,,,,,,,,,,,,,
liver loaf,beef,pip fruit,packaged fruit/vegetables,whole milk,pastry,margarine,,,,,,,,,,,,,,,,,,,,,,,,,
frankfurter,root vegetables,rolls/buns,vinegar,sugar,mustard,cat food,napkins,,,,,,,,,,,,,,,,,,,,,,,,
chicken,whole milk,rolls/buns,flour,salt,vinegar,sugar,,,,,,,,,,,,,,,,,,,,,,,,,
root vegetables,other vegetables,whole milk,rolls/buns,bottled water,dishes,newspapers,,,,,,,,,,,,,,,,,,,,,,,,,
pastry,long life bakery product,shopping bags,,,,,,,,,,,,,,,,,,,,,,,,,,,,,
sausage,pip fruit,whipped/sour cream,detergent,dental care,,,,,,,,,,,,,,,,,,,,,,,,,,,
pastry,,,,,,,,,,,,,,,,,,,,,,,,,,,,,,,
sausage,root vegetables,other vegetables,whole milk,dessert,canned fruit,soda,snack products,waffles,shopping bags,,,,,,,,,,,,,,,,,,,,,,
pip fruit,root vegetables,whole milk,ice cream,bottled beer,detergent,,,,,,,,,,,,,,,,,,,,,,,,,,
citrus fruit,tropical fruit,coffee,,,,,,,,,,,,,,,,,,,,,,,,,,,,,
hamburger meat,other vegetables,whipped/sour cream,pastry,napkins,,,,,,,,,,,,,,,,,,,,,,,,,,,
beverages,,,,,,,,,,,,,,,,,,,,,,,,,,,,,,,
whole milk,yogurt,whipped/sour cream,soft cheese,candy,,,,,,,,,,,,,,,,,,,,,,,,,,,
frankfurter,yogurt,beverages,brown bread,specialty chocolate,candy,,,,,,,,,,,,,,,,,,,,,,,,,,
ice cream,,,,,,,,,,,,,,,,,,,,,,,,,,,,,,,
rolls/buns,canned beer,shopping bags,,,,,,,,,,,,,,,,,,,,,,,,,,,,,
pastry,soda,,,,,,,,,,,,,,,,,,,,,,,,,,,,,,
chicken,other vegetables,whole milk,curd,ice cream,rolls/buns,sugar,soda,napkins,potted plants,,,,,,,,,,,,,,,,,,,,,,
yogurt,condensed milk,rolls/buns,pickled vegetables,bottled water,brandy,,,,,,,,,,,,,,,,,,,,,,,,,,
chicken,citrus fruit,onions,bottled water,,,,,,,,,,,,,,,,,,,,,,,,,,,,
root vegetables,,,,,,,,,,,,,,,,,,,,,,,,,,,,,,,
whole milk,rolls/buns,,,,,,,,,,,,,,,,,,,,,,,,,,,,,,
tropical fruit,soft cheese,rolls/buns,chocolate,,,,,,,,,,,,,,,,,,,,,,,,,,,,
pip fruit,,,,,,,,,,,,,,,,,,,,,,,,,,,,,,,
frankfurter,pork,pip fruit,,,,,,,,,,,,,,,,,,,,,,,,,,,,,
sausage,white bread,bottled beer,,,,,,,,,,,,,,,,,,,,,,,,,,,,,
citrus fruit,other vegetables,whole milk,,,,,,,,,,,,,,,,,,,,,,,,,,,,,
rolls/buns,margarine,newspapers,,,,,,,,,,,,,,,,,,,,,,,,,,,,,
canned beer,,,,,,,,,,,,,,,,,,,,,,,,,,,,,,,
frankfurter,citrus fruit,tropical fruit,whole milk,butter,whipped/sour cream,,,,,,,,,,,,,,,,,,,,,,,,,,
rolls/buns,,,,,,,,,,,,,,,,,,,,,,,,,,,,,,,
whole milk,rolls/buns,,,,,,,,,,,,,,,,,,,,,,,,,,,,,,
whole milk,frozen vegetables,,,,,,,,,,,,,,,,,,,,,,,,,,,,,,
ham,pip fruit,herbs,other vegetables,butter,rolls/buns,white bread,oil,canned fish,soda,,,,,,,,,,,,,,,,,,,,,,
beef,citrus fruit,pip fruit,yogurt,rolls/buns,flour,margarine,soups,bottled water,,,,,,,,,,,,,,,,,,,,,,,
soda,waffles,,,,,,,,,,,,,,,,,,,,,,,,,,,,,,
whole milk,yogurt,beverages,mustard,bottled water,newspapers,,,,,,,,,,,,,,,,,,,,,,,,,,
pork,other vegetables,,,,,,,,,,,,,,,,,,,,,,,,,,,,,,
turkey,other vegetables,whole milk,oil,instant coffee,specialty bar,,,,,,,,,,,,,,,,,,,,,,,,,,
rolls/buns,,,,,,,,,,,,,,,,,,,,,,,,,,,,,,,
citrus fruit,other vegetables,whole milk,margarine,bottled beer,newspapers,,,,,,,,,,,,,,,,,,,,,,,,,,
whipped/sour cream,,,,,,,,,,,,,,,,,,,,,,,,,,,,,,,
candy,,,,,,,,,,,,,,,,,,,,,,,,,,,,,,,
tropical fruit,berries,pickled vegetables,pet care,soda,,,,,,,,,,,,,,,,,,,,,,,,,,,
citrus fruit,tropical fruit,grapes,dessert,cream cheese,rolls/buns,bottled water,fruit/vegetable juice,,,,,,,,,,,,,,,,,,,,,,,,
nuts/prunes,rolls/buns,soda,,,,,,,,,,,,,,,,,,,,,,,,,,,,,
ham,rolls/buns,,,,,,,,,,,,,,,,,,,,,,,,,,,,,,
sausage,other vegetables,,,,,,,,,,,,,,,,,,,,,,,,,,,,,,
rolls/buns,soda,,,,,,,,,,,,,,,,,,,,,,,,,,,,,,
berries,other vegetables,butter milk,yogurt,sliced cheese,rolls/buns,soda,,,,,,,,,,,,,,,,,,,,,,,,,
beef,herbs,whole milk,,,,,,,,,,,,,,,,,,,,,,,,,,,,,
pip fruit,whole milk,whipped/sour cream,baking powder,,,,,,,,,,,,,,,,,,,,,,,,,,,,
coffee,,,,,,,,,,,,,,,,,,,,,,,,,,,,,,,
other vegetables,domestic eggs,,,,,,,,,,,,,,,,,,,,,,,,,,,,,,
tropical fruit,whole milk,sliced cheese,mayonnaise,rolls/buns,mustard,,,,,,,,,,,,,,,,,,,,,,,,,,
whole milk,white bread,salty snack,,,,,,,,,,,,,,,,,,,,,,,,,,,,,
canned beer,,,,,,,,,,,,,,,,,,,,,,,,,,,,,,,
rolls/buns,,,,,,,,,,,,,,,,,,,,,,,,,,,,,,,
coffee,,,,,,,,,,,,,,,,,,,,,,,,,,,,,,,
soda,long life bakery product,,,,,,,,,,,,,,,,,,,,,,,,,,,,,,
canned beer,,,,,,,,,,,,,,,,,,,,,,,,,,,,,,,
pip fruit,roll products,potted plants,,,,,,,,,,,,,,,,,,,,,,,,,,,,,
whole milk,baking powder,bottled water,soda,cooking chocolate,candles,,,,,,,,,,,,,,,,,,,,,,,,,,
chocolate,,,,,,,,,,,,,,,,,,,,,,,,,,,,,,,
dessert,sliced cheese,hard cheese,white bread,brown bread,,,,,,,,,,,,,,,,,,,,,,,,,,,
pork,citrus fruit,soda,canned beer,chocolate,hygiene articles,,,,,,,,,,,,,,,,,,,,,,,,,,
tropical fruit,,,,,,,,,,,,,,,,,,,,,,,,,,,,,,,
frozen fish,hygiene articles,shopping bags,,,,,,,,,,,,,,,,,,,,,,,,,,,,,
beverages,pastry,,,,,,,,,,,,,,,,,,,,,,,,,,,,,,
pastry,soda,,,,,,,,,,,,,,,,,,,,,,,,,,,,,,
pip fruit,whole milk,,,,,,,,,,,,,,,,,,,,,,,,,,,,,,
sausage,mayonnaise,misc. beverages,candy,,,,,,,,,,,,,,,,,,,,,,,,,,,,
misc. beverages,,,,,,,,,,,,,,,,,,,,,,,,,,,,,,,
yogurt,UHT-milk,soda,red/blush wine,waffles,,,,,,,,,,,,,,,,,,,,,,,,,,,
other vegetables,,,,,,,,,,,,,,,,,,,,,,,,,,,,,,,
citrus fruit,UHT-milk,zwieback,bottled water,hygiene articles,,,,,,,,,,,,,,,,,,,,,,,,,,,
pork,bottled water,bottled beer,,,,,,,,,,,,,,,,,,,,,,,,,,,,,
whole milk,,,,,,,,,,,,,,,,,,,,,,,,,,,,,,,
butter,rolls/buns,newspapers,,,,,,,,,,,,,,,,,,,,,,,,,,,,,
chicken,dessert,yogurt,frozen vegetables,domestic eggs,salt,pasta,specialty fat,bottled water,newspapers,,,,,,,,,,,,,,,,,,,,,,
frankfurter,root vegetables,whole milk,butter milk,whipped/sour cream,rolls/buns,pastry,vinegar,coffee,bottled water,dish cleaner,female sanitary products,,,,,,,,,,,,,,,,,,,,
tropical fruit,napkins,,,,,,,,,,,,,,,,,,,,,,,,,,,,,,
whole milk,,,,,,,,,,,,,,,,,,,,,,,,,,,,,,,
citrus fruit,root vegetables,other vegetables,salt,bottled water,chewing gum,,,,,,,,,,,,,,,,,,,,,,,,,,
citrus fruit,rolls/buns,bottled water,red/blush wine,newspapers,,,,,,,,,,,,,,,,,,,,,,,,,,,
root vegetables,,,,,,,,,,,,,,,,,,,,,,,,,,,,,,,
pip fruit,napkins,,,,,,,,,,,,,,,,,,,,,,,,,,,,,,
sausage,butter,pastry,canned beer,shopping bags,,,,,,,,,,,,,,,,,,,,,,,,,,,
sauces,red/blush wine,dish cleaner,,,,,,,,,,,,,,,,,,,,,,,,,,,,,
rolls/buns,fruit/vegetable juice,,,,,,,,,,,,,,,,,,,,,,,,,,,,,,
rolls/buns,meat spreads,,,,,,,,,,,,,,,,,,,,,,,,,,,,,,
butter,whipped/sour cream,domestic eggs,rolls/buns,,,,,,,,,,,,,,,,,,,,,,,,,,,,
rolls/buns,bottled water,soda,,,,,,,,,,,,,,,,,,,,,,,,,,,,,
whole milk,yogurt,sliced cheese,mayonnaise,rolls/buns,pasta,specialty chocolate,,,,,,,,,,,,,,,,,,,,,,,,,
other vegetables,whole milk,frozen potato products,rolls/buns,pasta,instant coffee,soda,fruit/vegetable juice,bottled beer,cake bar,seasonal products,,,,,,,,,,,,,,,,,,,,,
margarine,,,,,,,,,,,,,,,,,,,,,,,,,,,,,,,
other vegetables,packaged fruit/vegetables,frozen dessert,rolls/buns,soda,,,,,,,,,,,,,,,,,,,,,,,,,,,
napkins,,,,,,,,,,,,,,,,,,,,,,,,,,,,,,,
ice cream,,,,,,,,,,,,,,,,,,,,,,,,,,,,,,,
bottled water,,,,,,,,,,,,,,,,,,,,,,,,,,,,,,,
citrus fruit,whole milk,sliced cheese,rolls/buns,pastry,roll products,coffee,bottled water,soda,bottled beer,canned beer,rum,waffles,chocolate,,,,,,,,,,,,,,,,,,
bottled water,liquor (appetizer),specialty bar,,,,,,,,,,,,,,,,,,,,,,,,,,,,,
pip fruit,berries,root vegetables,other vegetables,whole milk,whipped/sour cream,,,,,,,,,,,,,,,,,,,,,,,,,,
whole milk,curd,yogurt,frozen vegetables,margarine,ketchup,cereals,canned fish,soda,cling film/bags,,,,,,,,,,,,,,,,,,,,,,
hamburger meat,whole milk,curd,dessert,,,,,,,,,,,,,,,,,,,,,,,,,,,,
butter,,,,,,,,,,,,,,,,,,,,,,,,,,,,,,,
onions,bottled water,soda,canned beer,chewing gum,male cosmetics,napkins,cling film/bags,,,,,,,,,,,,,,,,,,,,,,,,
sausage,ham,meat,pork,tropical fruit,pip fruit,grapes,other vegetables,whole milk,butter,whipped/sour cream,frozen meals,frozen fish,ice cream,domestic eggs,pastry,soda,syrup,detergent,,,,,,,,,,,,,
other vegetables,soda,,,,,,,,,,,,,,,,,,,,,,,,,,,,,,
chicken,other vegetables,whole milk,,,,,,,,,,,,,,,,,,,,,,,,,,,,,
tropical fruit,pip fruit,whole milk,curd,yogurt,frozen vegetables,frozen meals,white bread,instant coffee,misc. beverages,bottled beer,hygiene articles,,,,,,,,,,,,,,,,,,,,
pork,root vegetables,brown bread,soda,bottled beer,,,,,,,,,,,,,,,,,,,,,,,,,,,
root vegetables,other vegetables,whole milk,bottled water,bottled beer,,,,,,,,,,,,,,,,,,,,,,,,,,,
canned beer,specialty chocolate,,,,,,,,,,,,,,,,,,,,,,,,,,,,,,
sweet spreads,coffee,chocolate,seasonal products,,,,,,,,,,,,,,,,,,,,,,,,,,,,
beef,potted plants,,,,,,,,,,,,,,,,,,,,,,,,,,,,,,
ham,tropical fruit,specialty cheese,long life bakery product,hygiene articles,newspapers,,,,,,,,,,,,,,,,,,,,,,,,,,
hard cheese,newspapers,,,,,,,,,,,,,,,,,,,,,,,,,,,,,,
hygiene articles,,,,,,,,,,,,,,,,,,,,,,,,,,,,,,,
herbs,,,,,,,,,,,,,,,,,,,,,,,,,,,,,,,
canned beer,,,,,,,,,,,,,,,,,,,,,,,,,,,,,,,
shopping bags,,,,,,,,,,,,,,,,,,,,,,,,,,,,,,,
pork,pip fruit,other vegetables,whole milk,yogurt,ketchup,pickled vegetables,soda,detergent,,,,,,,,,,,,,,,,,,,,,,,
ice cream,bottled water,,,,,,,,,,,,,,,,,,,,,,,,,,,,,,
sausage,dessert,soda,,,,,,,,,,,,,,,,,,,,,,,,,,,,,
other vegetables,pastry,,,,,,,,,,,,,,,,,,,,,,,,,,,,,,
root vegetables,canned vegetables,soda,shopping bags,,,,,,,,,,,,,,,,,,,,,,,,,,,,
pastry,salty snack,,,,,,,,,,,,,,,,,,,,,,,,,,,,,,
other vegetables,frozen vegetables,pastry,specialty bar,,,,,,,,,,,,,,,,,,,,,,,,,,,,
citrus fruit,tropical fruit,whole milk,domestic eggs,pastry,bottled water,salty snack,,,,,,,,,,,,,,,,,,,,,,,,,
white bread,,,,,,,,,,,,,,,,,,,,,,,,,,,,,,,
citrus fruit,berries,onions,other vegetables,condensed milk,soft cheese,oil,pickled vegetables,specialty vegetables,coffee,bottled water,soda,bottled beer,dish cleaner,male cosmetics,cling film/bags,,,,,,,,,,,,,,,,
whole milk,,,,,,,,,,,,,,,,,,,,,,,,,,,,,,,
citrus fruit,other vegetables,frozen meals,rice,canned beer,salty snack,,,,,,,,,,,,,,,,,,,,,,,,,,
pork,other vegetables,whipped/sour cream,,,,,,,,,,,,,,,,,,,,,,,,,,,,,
whole milk,yogurt,cream cheese,oil,pickled vegetables,cat food,misc. beverages,long life bakery product,chocolate,specialty bar,dishes,,,,,,,,,,,,,,,,,,,,,
whole milk,margarine,bottled water,,,,,,,,,,,,,,,,,,,,,,,,,,,,,
root vegetables,curd,dessert,whipped/sour cream,pastry,sauces,coffee,soda,fruit/vegetable juice,newspapers,,,,,,,,,,,,,,,,,,,,,,
citrus fruit,tropical fruit,other vegetables,,,,,,,,,,,,,,,,,,,,,,,,,,,,,
soda,,,,,,,,,,,,,,,,,,,,,,,,,,,,,,,
shopping bags,,,,,,,,,,,,,,,,,,,,,,,,,,,,,,,
pip fruit,sugar,,,,,,,,,,,,,,,,,,,,,,,,,,,,,,
root vegetables,onions,other vegetables,yogurt,frozen meals,vinegar,canned vegetables,soda,salty snack,napkins,,,,,,,,,,,,,,,,,,,,,,
bottled water,,,,,,,,,,,,,,,,,,,,,,,,,,,,,,,
whole milk,pastry,fruit/vegetable juice,canned beer,specialty chocolate,,,,,,,,,,,,,,,,,,,,,,,,,,,
whole milk,cream cheese,oil,bottled water,fruit/vegetable juice,potted plants,,,,,,,,,,,,,,,,,,,,,,,,,,
canned beer,,,,,,,,,,,,,,,,,,,,,,,,,,,,,,,
whole milk,ice cream,pastry,coffee,shopping bags,,,,,,,,,,,,,,,,,,,,,,,,,,,
root vegetables,onions,whipped/sour cream,UHT-milk,frozen dessert,margarine,syrup,,,,,,,,,,,,,,,,,,,,,,,,,
brown bread,,,,,,,,,,,,,,,,,,,,,,,,,,,,,,,
other vegetables,dessert,waffles,light bulbs,,,,,,,,,,,,,,,,,,,,,,,,,,,,
sausage,ham,chicken,other vegetables,whole milk,butter,whipped/sour cream,cream cheese,,,,,,,,,,,,,,,,,,,,,,,,
sausage,pip fruit,onions,spices,cat food,bottled beer,newspapers,,,,,,,,,,,,,,,,,,,,,,,,,
other vegetables,yogurt,,,,,,,,,,,,,,,,,,,,,,,,,,,,,,
onions,dessert,yogurt,domestic eggs,rolls/buns,brown bread,pastry,cat food,bottled water,soda,fruit/vegetable juice,long life bakery product,chocolate,female sanitary products,napkins,,,,,,,,,,,,,,,,,
other vegetables,whole milk,yogurt,spices,,,,,,,,,,,,,,,,,,,,,,,,,,,,
chicken,pork,beef,berries,sliced cheese,jam,shopping bags,,,,,,,,,,,,,,,,,,,,,,,,,
chicken,canned beer,shopping bags,,,,,,,,,,,,,,,,,,,,,,,,,,,,,
whole milk,specialty fat,soda,,,,,,,,,,,,,,,,,,,,,,,,,,,,,
ham,whole milk,domestic eggs,pastry,oil,baking powder,chewing gum,chocolate marshmallow,,,,,,,,,,,,,,,,,,,,,,,,
whole milk,yogurt,spread cheese,semi-finished bread,baking powder,soda,cake bar,chocolate,specialty bar,,,,,,,,,,,,,,,,,,,,,,,
ham,whole milk,dessert,processed cheese,bottled water,soda,fruit/vegetable juice,chocolate,,,,,,,,,,,,,,,,,,,,,,,,
bottled beer,canned beer,,,,,,,,,,,,,,,,,,,,,,,,,,,,,,
citrus fruit,whole milk,baking powder,cocoa drinks,skin care,shopping bags,,,,,,,,,,,,,,,,,,,,,,,,,,
canned beer,,,,,,,,,,,,,,,,,,,,,,,,,,,,,,,
butter milk,hard cheese,,,,,,,,,,,,,,,,,,,,,,,,,,,,,,
pastry,soda,,,,,,,,,,,,,,,,,,,,,,,,,,,,,,
sausage,tropical fruit,other vegetables,whole milk,yogurt,coffee,shopping bags,,,,,,,,,,,,,,,,,,,,,,,,,
soda,,,,,,,,,,,,,,,,,,,,,,,,,,,,,,,
pork,whole milk,rolls/buns,artif. sweetener,baking powder,specialty chocolate,house keeping products,newspapers,,,,,,,,,,,,,,,,,,,,,,,,
citrus fruit,whole milk,whipped/sour cream,rolls/buns,pastry,,,,,,,,,,,,,,,,,,,,,,,,,,,
frankfurter,sausage,other vegetables,domestic eggs,ketchup,canned fish,soda,long life bakery product,shopping bags,,,,,,,,,,,,,,,,,,,,,,,
sausage,ham,finished products,frozen meals,salty snack,long life bakery product,waffles,shopping bags,,,,,,,,,,,,,,,,,,,,,,,,
beverages,,,,,,,,,,,,,,,,,,,,,,,,,,,,,,,
frankfurter,onions,soft cheese,white bread,pastry,salt,chocolate,newspapers,shopping bags,,,,,,,,,,,,,,,,,,,,,,,
berries,onions,whipped/sour cream,brown bread,pasta,liquor,dishes,,,,,,,,,,,,,,,,,,,,,,,,,
soda,bottled beer,,,,,,,,,,,,,,,,,,,,,,,,,,,,,,
chicken,citrus fruit,yogurt,UHT-milk,soft cheese,rolls/buns,margarine,mustard,coffee,kitchen towels,candles,,,,,,,,,,,,,,,,,,,,,
bottled water,fruit/vegetable juice,,,,,,,,,,,,,,,,,,,,,,,,,,,,,,
fruit/vegetable juice,,,,,,,,,,,,,,,,,,,,,,,,,,,,,,,
tropical fruit,other vegetables,yogurt,mayonnaise,mustard,newspapers,,,,,,,,,,,,,,,,,,,,,,,,,,
tropical fruit,other vegetables,whole milk,curd,frozen dessert,rolls/buns,margarine,jam,,,,,,,,,,,,,,,,,,,,,,,,
butter,,,,,,,,,,,,,,,,,,,,,,,,,,,,,,,
citrus fruit,tropical fruit,pip fruit,grapes,onions,other vegetables,sliced cheese,cream cheese,mayonnaise,ice cream,frozen dessert,margarine,mustard,soups,pickled vegetables,coffee,long life bakery product,chocolate,seasonal products,female sanitary products,hygiene articles,cling film/bags,,,,,,,,,,
frankfurter,frozen potato products,,,,,,,,,,,,,,,,,,,,,,,,,,,,,,
other vegetables,bottled beer,,,,,,,,,,,,,,,,,,,,,,,,,,,,,,
pip fruit,soda,cake bar,specialty chocolate,,,,,,,,,,,,,,,,,,,,,,,,,,,,
frankfurter,sausage,other vegetables,hard cheese,rolls/buns,,,,,,,,,,,,,,,,,,,,,,,,,,,
whole milk,yogurt,,,,,,,,,,,,,,,,,,,,,,,,,,,,,,
soda,,,,,,,,,,,,,,,,,,,,,,,,,,,,,,,
chicken,hamburger meat,other vegetables,,,,,,,,,,,,,,,,,,,,,,,,,,,,,
root vegetables,herbs,frozen vegetables,bottled water,shopping bags,,,,,,,,,,,,,,,,,,,,,,,,,,,
dessert,rolls/buns,bottled water,specialty bar,,,,,,,,,,,,,,,,,,,,,,,,,,,,
tropical fruit,other vegetables,whole milk,mustard,bottled water,,,,,,,,,,,,,,,,,,,,,,,,,,,
soda,,,,,,,,,,,,,,,,,,,,,,,,,,,,,,,
sweet spreads,soda,waffles,,,,,,,,,,,,,,,,,,,,,,,,,,,,,
other vegetables,whole milk,pastry,flour,margarine,canned fish,long life bakery product,chocolate,,,,,,,,,,,,,,,,,,,,,,,,
whole milk,hard cheese,coffee,,,,,,,,,,,,,,,,,,,,,,,,,,,,,
citrus fruit,whole milk,butter,pastry,semi-finished bread,coffee,candy,newspapers,shopping bags,,,,,,,,,,,,,,,,,,,,,,,
salty snack,,,,,,,,,,,,,,,,,,,,,,,,,,,,,,,
frankfurter,sausage,hard cheese,soda,nut snack,shopping bags,,,,,,,,,,,,,,,,,,,,,,,,,,
frankfurter,chicken,brown bread,oil,,,,,,,,,,,,,,,,,,,,,,,,,,,,
root vegetables,bottled water,bottled beer,,,,,,,,,,,,,,,,,,,,,,,,,,,,,
soda,,,,,,,,,,,,,,,,,,,,,,,,,,,,,,,
butter,yogurt,whipped/sour cream,,,,,,,,,,,,,,,,,,,,,,,,,,,,,
chewing gum,,,,,,,,,,,,,,,,,,,,,,,,,,,,,,,
other vegetables,,,,,,,,,,,,,,,,,,,,,,,,,,,,,,,
whole milk,butter,hard cheese,white wine,,,,,,,,,,,,,,,,,,,,,,,,,,,,
sausage,ham,citrus fruit,other vegetables,butter,hard cheese,curd cheese,domestic eggs,rolls/buns,brown bread,margarine,soda,candy,,,,,,,,,,,,,,,,,,,
hamburger meat,whole milk,whipped/sour cream,,,,,,,,,,,,,,,,,,,,,,,,,,,,,
citrus fruit,pip fruit,,,,,,,,,,,,,,,,,,,,,,,,,,,,,,
yogurt,pastry,,,,,,,,,,,,,,,,,,,,,,,,,,,,,,
frankfurter,ham,pip fruit,domestic eggs,,,,,,,,,,,,,,,,,,,,,,,,,,,,
dish cleaner,napkins,,,,,,,,,,,,,,,,,,,,,,,,,,,,,,
sauces,specialty chocolate,,,,,,,,,,,,,,,,,,,,,,,,,,,,,,
citrus fruit,tropical fruit,whole milk,butter milk,beverages,soda,shopping bags,,,,,,,,,,,,,,,,,,,,,,,,,
beverages,soft cheese,rolls/buns,sugar,misc. beverages,candy,,,,,,,,,,,,,,,,,,,,,,,,,,
ice cream,chocolate marshmallow,,,,,,,,,,,,,,,,,,,,,,,,,,,,,,
bottled water,soda,bottled beer,dental care,,,,,,,,,,,,,,,,,,,,,,,,,,,,
whole milk,butter milk,yogurt,,,,,,,,,,,,,,,,,,,,,,,,,,,,,
waffles,,,,,,,,,,,,,,,,,,,,,,,,,,,,,,,
butter,sliced cheese,misc. beverages,fruit/vegetable juice,,,,,,,,,,,,,,,,,,,,,,,,,,,,
frankfurter,tropical fruit,dessert,rolls/buns,brown bread,seasonal products,flower (seeds),,,,,,,,,,,,,,,,,,,,,,,,,
yogurt,bottled beer,liquor (appetizer),chewing gum,,,,,,,,,,,,,,,,,,,,,,,,,,,,
whole milk,yogurt,hard cheese,rolls/buns,bottled water,,,,,,,,,,,,,,,,,,,,,,,,,,,
pork,other vegetables,whole milk,canned fish,coffee,specialty bar,candy,,,,,,,,,,,,,,,,,,,,,,,,,
beverages,,,,,,,,,,,,,,,,,,,,,,,,,,,,,,,
other vegetables,,,,,,,,,,,,,,,,,,,,,,,,,,,,,,,
frankfurter,whole milk,yogurt,processed cheese,ice cream,frozen dessert,rolls/buns,white bread,brown bread,sugar,coffee,bottled water,soda,bottled beer,candy,,,,,,,,,,,,,,,,,
chocolate,specialty bar,,,,,,,,,,,,,,,,,,,,,,,,,,,,,,
whole milk,beverages,bottled water,cake bar,newspapers,,,,,,,,,,,,,,,,,,,,,,,,,,,
meat,beef,root vegetables,butter,flour,fruit/vegetable juice,whisky,white wine,napkins,,,,,,,,,,,,,,,,,,,,,,,
rolls/buns,specialty chocolate,,,,,,,,,,,,,,,,,,,,,,,,,,,,,,
instant coffee,,,,,,,,,,,,,,,,,,,,,,,,,,,,,,,
pork,beverages,flour,margarine,bottled beer,,,,,,,,,,,,,,,,,,,,,,,,,,,
tropical fruit,berries,root vegetables,whole milk,yogurt,cream cheese,rolls/buns,bottled water,soda,,,,,,,,,,,,,,,,,,,,,,,
frankfurter,meat,berries,root vegetables,butter,whipped/sour cream,frozen vegetables,domestic eggs,rolls/buns,oil,specialty fat,spices,baking powder,bottled beer,waffles,napkins,,,,,,,,,,,,,,,,
pip fruit,root vegetables,other vegetables,whole milk,yogurt,,,,,,,,,,,,,,,,,,,,,,,,,,,
sausage,pip fruit,bottled water,,,,,,,,,,,,,,,,,,,,,,,,,,,,,
oil,margarine,bottled water,red/blush wine,waffles,,,,,,,,,,,,,,,,,,,,,,,,,,,
sausage,rolls/buns,shopping bags,,,,,,,,,,,,,,,,,,,,,,,,,,,,,
pork,hamburger meat,,,,,,,,,,,,,,,,,,,,,,,,,,,,,,
whole milk,butter milk,domestic eggs,,,,,,,,,,,,,,,,,,,,,,,,,,,,,
sausage,pork,berries,other vegetables,whole milk,rolls/buns,brown bread,roll products,margarine,sweet spreads,softener,,,,,,,,,,,,,,,,,,,,,
other vegetables,soda,bottled beer,shopping bags,,,,,,,,,,,,,,,,,,,,,,,,,,,,
rolls/buns,pastry,soda,,,,,,,,,,,,,,,,,,,,,,,,,,,,,
brown bread,bottled water,bottled beer,,,,,,,,,,,,,,,,,,,,,,,,,,,,,
processed cheese,,,,,,,,,,,,,,,,,,,,,,,,,,,,,,,
hamburger meat,citrus fruit,other vegetables,whole milk,curd,yogurt,misc. beverages,,,,,,,,,,,,,,,,,,,,,,,,,
pasta,fruit/vegetable juice,,,,,,,,,,,,,,,,,,,,,,,,,,,,,,
rolls/buns,soda,specialty bar,,,,,,,,,,,,,,,,,,,,,,,,,,,,,
sliced cheese,rolls/buns,canned beer,,,,,,,,,,,,,,,,,,,,,,,,,,,,,
sausage,,,,,,,,,,,,,,,,,,,,,,,,,,,,,,,
domestic eggs,soda,,,,,,,,,,,,,,,,,,,,,,,,,,,,,,
ham,beef,citrus fruit,tropical fruit,cream cheese,bottled water,newspapers,,,,,,,,,,,,,,,,,,,,,,,,,
other vegetables,,,,,,,,,,,,,,,,,,,,,,,,,,,,,,,
rolls/buns,,,,,,,,,,,,,,,,,,,,,,,,,,,,,,,
hamburger meat,root vegetables,other vegetables,roll products,,,,,,,,,,,,,,,,,,,,,,,,,,,,
whole milk,yogurt,frozen potato products,brown bread,napkins,,,,,,,,,,,,,,,,,,,,,,,,,,,
rolls/buns,,,,,,,,,,,,,,,,,,,,,,,,,,,,,,,
snack products,chocolate,,,,,,,,,,,,,,,,,,,,,,,,,,,,,,
mustard,,,,,,,,,,,,,,,,,,,,,,,,,,,,,,,
sausage,pork,soda,,,,,,,,,,,,,,,,,,,,,,,,,,,,,
frozen meals,frozen fish,chocolate,,,,,,,,,,,,,,,,,,,,,,,,,,,,,
sausage,citrus fruit,other vegetables,yogurt,hard cheese,pastry,canned vegetables,soda,,,,,,,,,,,,,,,,,,,,,,,,
sausage,rolls/buns,soda,,,,,,,,,,,,,,,,,,,,,,,,,,,,,
herbs,whole milk,,,,,,,,,,,,,,,,,,,,,,,,,,,,,,
domestic eggs,margarine,bottled water,,,,,,,,,,,,,,,,,,,,,,,,,,,,,
citrus fruit,tropical fruit,other vegetables,whole milk,yogurt,specialty cheese,,,,,,,,,,,,,,,,,,,,,,,,,,
bottled beer,,,,,,,,,,,,,,,,,,,,,,,,,,,,,,,
frankfurter,root vegetables,onions,condensed milk,mayonnaise,frozen vegetables,Instant food products,,,,,,,,,,,,,,,,,,,,,,,,,
whole milk,spread cheese,,,,,,,,,,,,,,,,,,,,,,,,,,,,,,
soda,hygiene articles,napkins,,,,,,,,,,,,,,,,,,,,,,,,,,,,,
beef,herbs,other vegetables,whole milk,dessert,yogurt,whipped/sour cream,mayonnaise,domestic eggs,brown bread,sweet spreads,cat food,soda,fruit/vegetable juice,,,,,,,,,,,,,,,,,,
sausage,,,,,,,,,,,,,,,,,,,,,,,,,,,,,,,
tropical fruit,cat food,bottled water,soda,bottled beer,white wine,hygiene articles,,,,,,,,,,,,,,,,,,,,,,,,,
frankfurter,pip fruit,other vegetables,whole milk,butter,yogurt,fruit/vegetable juice,shopping bags,,,,,,,,,,,,,,,,,,,,,,,,
pip fruit,root vegetables,whole milk,whipped/sour cream,processed cheese,white bread,flour,fruit/vegetable juice,napkins,,,,,,,,,,,,,,,,,,,,,,,
pip fruit,yogurt,bottled water,canned beer,chewing gum,napkins,,,,,,,,,,,,,,,,,,,,,,,,,,
root vegetables,onions,other vegetables,whole milk,whipped/sour cream,specialty cheese,frozen meals,rolls/buns,white bread,pastry,canned vegetables,sweet spreads,,,,,,,,,,,,,,,,,,,,
tropical fruit,whole milk,spread cheese,cat food,coffee,bottled water,soda,misc. beverages,fruit/vegetable juice,shopping bags,,,,,,,,,,,,,,,,,,,,,,
sausage,pip fruit,hard cheese,rolls/buns,soda,,,,,,,,,,,,,,,,,,,,,,,,,,,
yogurt,frozen fish,ice cream,,,,,,,,,,,,,,,,,,,,,,,,,,,,,
yogurt,whipped/sour cream,hard cheese,ketchup,,,,,,,,,,,,,,,,,,,,,,,,,,,,
other vegetables,whole milk,coffee,,,,,,,,,,,,,,,,,,,,,,,,,,,,,
yogurt,rolls/buns,misc. beverages,,,,,,,,,,,,,,,,,,,,,,,,,,,,,
condensed milk,coffee,,,,,,,,,,,,,,,,,,,,,,,,,,,,,,
other vegetables,oil,,,,,,,,,,,,,,,,,,,,,,,,,,,,,,
citrus fruit,rolls/buns,snack products,,,,,,,,,,,,,,,,,,,,,,,,,,,,,
sausage,,,,,,,,,,,,,,,,,,,,,,,,,,,,,,,
root vegetables,yogurt,beverages,flour,,,,,,,,,,,,,,,,,,,,,,,,,,,,
soda,,,,,,,,,,,,,,,,,,,,,,,,,,,,,,,
chicken,citrus fruit,tropical fruit,root vegetables,other vegetables,whole milk,,,,,,,,,,,,,,,,,,,,,,,,,,
beef,yogurt,rolls/buns,cat food,napkins,dishes,newspapers,,,,,,,,,,,,,,,,,,,,,,,,,
cat food,coffee,,,,,,,,,,,,,,,,,,,,,,,,,,,,,,
rolls/buns,soda,newspapers,,,,,,,,,,,,,,,,,,,,,,,,,,,,,
frankfurter,whole milk,UHT-milk,hard cheese,mayonnaise,rolls/buns,brown bread,margarine,newspapers,,,,,,,,,,,,,,,,,,,,,,,
sausage,pip fruit,whole milk,rolls/buns,soda,chewing gum,shopping bags,,,,,,,,,,,,,,,,,,,,,,,,,
sausage,tropical fruit,pip fruit,rolls/buns,pastry,margarine,,,,,,,,,,,,,,,,,,,,,,,,,,
whole milk,rolls/buns,pastry,,,,,,,,,,,,,,,,,,,,,,,,,,,,,
pork,butter,hard cheese,cream cheese,,,,,,,,,,,,,,,,,,,,,,,,,,,,
pip fruit,other vegetables,whole milk,butter,curd,rolls/buns,margarine,baking powder,bottled water,bottled beer,canned beer,cooking chocolate,napkins,,,,,,,,,,,,,,,,,,,
bottled water,white wine,newspapers,,,,,,,,,,,,,,,,,,,,,,,,,,,,,
chicken,beef,tropical fruit,root vegetables,onions,other vegetables,pickled vegetables,canned fish,bottled water,misc. beverages,fruit/vegetable juice,napkins,,,,,,,,,,,,,,,,,,,,
whole milk,newspapers,,,,,,,,,,,,,,,,,,,,,,,,,,,,,,
citrus fruit,other vegetables,yogurt,spread cheese,rolls/buns,soda,chocolate,newspapers,,,,,,,,,,,,,,,,,,,,,,,,
photo/film,,,,,,,,,,,,,,,,,,,,,,,,,,,,,,,
UHT-milk,ice cream,domestic eggs,oil,soda,cling film/bags,,,,,,,,,,,,,,,,,,,,,,,,,,
organic sausage,chicken,citrus fruit,grapes,other vegetables,butter,yogurt,whipped/sour cream,rolls/buns,seasonal products,hygiene articles,,,,,,,,,,,,,,,,,,,,,
meat,root vegetables,whole milk,newspapers,,,,,,,,,,,,,,,,,,,,,,,,,,,,
sausage,other vegetables,yogurt,mayonnaise,rolls/buns,bottled water,soda,canned beer,shopping bags,,,,,,,,,,,,,,,,,,,,,,,
soda,,,,,,,,,,,,,,,,,,,,,,,,,,,,,,,
pork,citrus fruit,,,,,,,,,,,,,,,,,,,,,,,,,,,,,,
other vegetables,butter,yogurt,rolls/buns,pastry,margarine,,,,,,,,,,,,,,,,,,,,,,,,,,
pastry,,,,,,,,,,,,,,,,,,,,,,,,,,,,,,,
sausage,citrus fruit,whole milk,yogurt,beverages,pasta,waffles,specialty chocolate,,,,,,,,,,,,,,,,,,,,,,,,
sausage,citrus fruit,other vegetables,hard cheese,cream cheese,frozen dessert,artif. sweetener,coffee,cling film/bags,newspapers,,,,,,,,,,,,,,,,,,,,,,
bottled beer,,,,,,,,,,,,,,,,,,,,,,,,,,,,,,,
tropical fruit,whole milk,,,,,,,,,,,,,,,,,,,,,,,,,,,,,,
chicken,sugar,photo/film,,,,,,,,,,,,,,,,,,,,,,,,,,,,,
sausage,ham,pip fruit,whole milk,butter milk,yogurt,hard cheese,spread cheese,rolls/buns,pastry,margarine,salty snack,shopping bags,,,,,,,,,,,,,,,,,,,
hard cheese,white bread,brown bread,,,,,,,,,,,,,,,,,,,,,,,,,,,,,
chicken,,,,,,,,,,,,,,,,,,,,,,,,,,,,,,,
frankfurter,beef,citrus fruit,whole milk,rolls/buns,semi-finished bread,coffee,bottled beer,,,,,,,,,,,,,,,,,,,,,,,,
pastry,mustard,bottled beer,,,,,,,,,,,,,,,,,,,,,,,,,,,,,
tropical fruit,rolls/buns,pastry,,,,,,,,,,,,,,,,,,,,,,,,,,,,,
liver loaf,beef,onions,specialty chocolate,napkins,shopping bags,,,,,,,,,,,,,,,,,,,,,,,,,,
root vegetables,whole milk,rolls/buns,specialty chocolate,,,,,,,,,,,,,,,,,,,,,,,,,,,,
root vegetables,yogurt,pastry,,,,,,,,,,,,,,,,,,,,,,,,,,,,,
other vegetables,rolls/buns,soda,,,,,,,,,,,,,,,,,,,,,,,,,,,,,
butter milk,soft cheese,rolls/buns,,,,,,,,,,,,,,,,,,,,,,,,,,,,,
tropical fruit,whole milk,cat food,popcorn,specialty bar,,,,,,,,,,,,,,,,,,,,,,,,,,,
citrus fruit,rolls/buns,pastry,soda,potted plants,shopping bags,,,,,,,,,,,,,,,,,,,,,,,,,,
chicken,onions,other vegetables,whole milk,frozen fish,brown bread,soda,white wine,,,,,,,,,,,,,,,,,,,,,,,,
soda,chewing gum,newspapers,photo/film,,,,,,,,,,,,,,,,,,,,,,,,,,,,
root vegetables,other vegetables,whole milk,butter,mustard,bottled water,flower (seeds),,,,,,,,,,,,,,,,,,,,,,,,,
tropical fruit,candy,,,,,,,,,,,,,,,,,,,,,,,,,,,,,,
meat,whole milk,yogurt,soda,male cosmetics,,,,,,,,,,,,,,,,,,,,,,,,,,,
canned beer,salty snack,,,,,,,,,,,,,,,,,,,,,,,,,,,,,,
cream cheese,,,,,,,,,,,,,,,,,,,,,,,,,,,,,,,
pork,root vegetables,onions,other vegetables,margarine,sugar,spices,,,,,,,,,,,,,,,,,,,,,,,,,
sausage,other vegetables,yogurt,bottled water,soda,canned beer,shopping bags,,,,,,,,,,,,,,,,,,,,,,,,,
canned beer,,,,,,,,,,,,,,,,,,,,,,,,,,,,,,,
pastry,soda,,,,,,,,,,,,,,,,,,,,,,,,,,,,,,
rolls/buns,coffee,red/blush wine,chewing gum,,,,,,,,,,,,,,,,,,,,,,,,,,,,
rolls/buns,,,,,,,,,,,,,,,,,,,,,,,,,,,,,,,
canned beer,,,,,,,,,,,,,,,,,,,,,,,,,,,,,,,
canned beer,,,,,,,,,,,,,,,,,,,,,,,,,,,,,,,
beef,root vegetables,other vegetables,whole milk,dessert,yogurt,rolls/buns,margarine,jam,soda,liquor (appetizer),waffles,chocolate marshmallow,candy,bathroom cleaner,light bulbs,,,,,,,,,,,,,,,,
rolls/buns,pastry,,,,,,,,,,,,,,,,,,,,,,,,,,,,,,
sausage,turkey,beef,citrus fruit,herbs,flour,margarine,Instant food products,bottled water,,,,,,,,,,,,,,,,,,,,,,,
whole milk,pastry,soda,,,,,,,,,,,,,,,,,,,,,,,,,,,,,
dessert,beverages,ice cream,soda,,,,,,,,,,,,,,,,,,,,,,,,,,,,
whole milk,curd,margarine,,,,,,,,,,,,,,,,,,,,,,,,,,,,,
sausage,yogurt,cream,,,,,,,,,,,,,,,,,,,,,,,,,,,,,
organic sausage,rolls/buns,,,,,,,,,,,,,,,,,,,,,,,,,,,,,,
citrus fruit,root vegetables,other vegetables,whipped/sour cream,processed cheese,rolls/buns,newspapers,,,,,,,,,,,,,,,,,,,,,,,,,
hamburger meat,root vegetables,frozen vegetables,rolls/buns,brown bread,margarine,soda,fruit/vegetable juice,white wine,kitchen towels,newspapers,,,,,,,,,,,,,,,,,,,,,
canned beer,,,,,,,,,,,,,,,,,,,,,,,,,,,,,,,
frankfurter,sausage,whole milk,margarine,sauces,chocolate,,,,,,,,,,,,,,,,,,,,,,,,,,
citrus fruit,,,,,,,,,,,,,,,,,,,,,,,,,,,,,,,
whipped/sour cream,condensed milk,domestic eggs,flour,oil,sugar,,,,,,,,,,,,,,,,,,,,,,,,,,
frankfurter,rolls/buns,,,,,,,,,,,,,,,,,,,,,,,,,,,,,,
chicken,UHT-milk,frozen vegetables,ice cream,pickled vegetables,bottled beer,newspapers,shopping bags,,,,,,,,,,,,,,,,,,,,,,,,
sausage,tropical fruit,other vegetables,butter,sliced cheese,domestic eggs,rolls/buns,brown bread,napkins,,,,,,,,,,,,,,,,,,,,,,,
ham,rolls/buns,soda,shopping bags,,,,,,,,,,,,,,,,,,,,,,,,,,,,
tropical fruit,nuts/prunes,whole milk,whipped/sour cream,waffles,newspapers,,,,,,,,,,,,,,,,,,,,,,,,,,
other vegetables,white bread,newspapers,,,,,,,,,,,,,,,,,,,,,,,,,,,,,
pork,tropical fruit,root vegetables,whipped/sour cream,UHT-milk,frozen vegetables,roll products,oil,bottled water,candy,,,,,,,,,,,,,,,,,,,,,,
frankfurter,,,,,,,,,,,,,,,,,,,,,,,,,,,,,,,
berries,cookware,flower (seeds),,,,,,,,,,,,,,,,,,,,,,,,,,,,,
whole milk,butter,curd,frozen vegetables,bottled water,bottled beer,detergent,potted plants,shopping bags,,,,,,,,,,,,,,,,,,,,,,,
sausage,sliced cheese,cream cheese,candy,shopping bags,,,,,,,,,,,,,,,,,,,,,,,,,,,
frozen meals,pastry,pasta,,,,,,,,,,,,,,,,,,,,,,,,,,,,,
hamburger meat,hard cheese,pasta,canned vegetables,,,,,,,,,,,,,,,,,,,,,,,,,,,,
tropical fruit,onions,spread cheese,coffee,canned beer,liquor (appetizer),red/blush wine,dental care,light bulbs,newspapers,,,,,,,,,,,,,,,,,,,,,,
soda,,,,,,,,,,,,,,,,,,,,,,,,,,,,,,,
bottled water,soda,,,,,,,,,,,,,,,,,,,,,,,,,,,,,,
frozen meals,,,,,,,,,,,,,,,,,,,,,,,,,,,,,,,
pip fruit,whole milk,rolls/buns,pickled vegetables,waffles,,,,,,,,,,,,,,,,,,,,,,,,,,,
ham,whipped/sour cream,beverages,domestic eggs,fruit/vegetable juice,,,,,,,,,,,,,,,,,,,,,,,,,,,
butter,napkins,,,,,,,,,,,,,,,,,,,,,,,,,,,,,,
dessert,soft cheese,rolls/buns,,,,,,,,,,,,,,,,,,,,,,,,,,,,,
sausage,finished products,beverages,domestic eggs,pastry,salty snack,,,,,,,,,,,,,,,,,,,,,,,,,,
whole milk,newspapers,,,,,,,,,,,,,,,,,,,,,,,,,,,,,,
pip fruit,whole milk,pastry,waffles,cake bar,specialty bar,shopping bags,,,,,,,,,,,,,,,,,,,,,,,,,
citrus fruit,whole milk,,,,,,,,,,,,,,,,,,,,,,,,,,,,,,
frankfurter,beef,brown bread,margarine,soda,candy,,,,,,,,,,,,,,,,,,,,,,,,,,
ham,tropical fruit,pip fruit,grapes,berries,other vegetables,curd,dessert,yogurt,rolls/buns,margarine,honey,specialty chocolate,detergent,napkins,cling film/bags,,,,,,,,,,,,,,,,
sausage,root vegetables,whole milk,rolls/buns,brown bread,margarine,soda,long life bakery product,cake bar,,,,,,,,,,,,,,,,,,,,,,,
root vegetables,whole milk,rolls/buns,,,,,,,,,,,,,,,,,,,,,,,,,,,,,
chicken,citrus fruit,root vegetables,other vegetables,beverages,ice cream,rice,Instant food products,sweet spreads,canned fish,soda,fruit/vegetable juice,red/blush wine,newspapers,shopping bags,,,,,,,,,,,,,,,,,
long life bakery product,,,,,,,,,,,,,,,,,,,,,,,,,,,,,,,
beef,root vegetables,white wine,shopping bags,,,,,,,,,,,,,,,,,,,,,,,,,,,,
salty snack,,,,,,,,,,,,,,,,,,,,,,,,,,,,,,,
hamburger meat,photo/film,,,,,,,,,,,,,,,,,,,,,,,,,,,,,,
beef,,,,,,,,,,,,,,,,,,,,,,,,,,,,,,,
frozen meals,bottled beer,,,,,,,,,,,,,,,,,,,,,,,,,,,,,,
whole milk,cereals,,,,,,,,,,,,,,,,,,,,,,,,,,,,,,
bottled water,soda,,,,,,,,,,,,,,,,,,,,,,,,,,,,,,
whole milk,napkins,,,,,,,,,,,,,,,,,,,,,,,,,,,,,,
waffles,,,,,,,,,,,,,,,,,,,,,,,,,,,,,,,
shopping bags,,,,,,,,,,,,,,,,,,,,,,,,,,,,,,,
pork,beef,other vegetables,curd,whipped/sour cream,specialty cheese,dental care,shopping bags,,,,,,,,,,,,,,,,,,,,,,,,
pork,,,,,,,,,,,,,,,,,,,,,,,,,,,,,,,
frankfurter,root vegetables,bottled beer,shopping bags,,,,,,,,,,,,,,,,,,,,,,,,,,,,
bottled water,misc. beverages,bottled beer,,,,,,,,,,,,,,,,,,,,,,,,,,,,,
hamburger meat,whole milk,canned vegetables,soda,,,,,,,,,,,,,,,,,,,,,,,,,,,,
root vegetables,onions,other vegetables,whole milk,curd,yogurt,frozen fish,waffles,,,,,,,,,,,,,,,,,,,,,,,,
frozen fish,,,,,,,,,,,,,,,,,,,,,,,,,,,,,,,
potted plants,,,,,,,,,,,,,,,,,,,,,,,,,,,,,,,
fruit/vegetable juice,,,,,,,,,,,,,,,,,,,,,,,,,,,,,,,
tropical fruit,,,,,,,,,,,,,,,,,,,,,,,,,,,,,,,
yogurt,misc. beverages,,,,,,,,,,,,,,,,,,,,,,,,,,,,,,
canned beer,,,,,,,,,,,,,,,,,,,,,,,,,,,,,,,
bottled water,,,,,,,,,,,,,,,,,,,,,,,,,,,,,,,
newspapers,,,,,,,,,,,,,,,,,,,,,,,,,,,,,,,
roll products,misc. beverages,,,,,,,,,,,,,,,,,,,,,,,,,,,,,,
soft cheese,,,,,,,,,,,,,,,,,,,,,,,,,,,,,,,
frozen meals,,,,,,,,,,,,,,,,,,,,,,,,,,,,,,,
frankfurter,pork,tropical fruit,whole milk,whipped/sour cream,frozen vegetables,frozen fish,margarine,newspapers,,,,,,,,,,,,,,,,,,,,,,,
other vegetables,margarine,coffee,canned beer,flower (seeds),,,,,,,,,,,,,,,,,,,,,,,,,,,
other vegetables,whole milk,bottled water,soda,fruit/vegetable juice,salty snack,dental care,newspapers,,,,,,,,,,,,,,,,,,,,,,,,
sausage,whole milk,domestic eggs,rolls/buns,fruit/vegetable juice,light bulbs,,,,,,,,,,,,,,,,,,,,,,,,,,
white wine,,,,,,,,,,,,,,,,,,,,,,,,,,,,,,,
frankfurter,tropical fruit,root vegetables,whole milk,curd,dessert,frozen vegetables,pastry,instant coffee,tea,newspapers,,,,,,,,,,,,,,,,,,,,,
meat,,,,,,,,,,,,,,,,,,,,,,,,,,,,,,,
chicken,soda,liquor,white wine,shopping bags,,,,,,,,,,,,,,,,,,,,,,,,,,,
other vegetables,hard cheese,processed cheese,cereals,pickled vegetables,long life bakery product,specialty chocolate,,,,,,,,,,,,,,,,,,,,,,,,,
other vegetables,whole milk,processed cheese,white bread,soda,newspapers,,,,,,,,,,,,,,,,,,,,,,,,,,
yogurt,frozen vegetables,,,,,,,,,,,,,,,,,,,,,,,,,,,,,,
root vegetables,whole milk,rolls/buns,,,,,,,,,,,,,,,,,,,,,,,,,,,,,
shopping bags,,,,,,,,,,,,,,,,,,,,,,,,,,,,,,,
whole milk,dessert,butter milk,,,,,,,,,,,,,,,,,,,,,,,,,,,,,
hamburger meat,pip fruit,other vegetables,whole milk,yogurt,cream cheese,margarine,sugar,baking powder,meat spreads,bottled water,chewing gum,,,,,,,,,,,,,,,,,,,,
whole milk,rolls/buns,salty snack,chocolate,newspapers,,,,,,,,,,,,,,,,,,,,,,,,,,,
beef,hamburger meat,tropical fruit,root vegetables,onions,other vegetables,whole milk,butter,yogurt,whipped/sour cream,sliced cheese,mayonnaise,frozen vegetables,frozen potato products,rolls/buns,white bread,rice,oil,specialty fat,specialty vegetables,canned fish,coffee,instant coffee,bottled beer,liquor (appetizer),long life bakery product,chocolate,napkins,house keeping products,,,
pork,beef,packaged fruit/vegetables,pastry,,,,,,,,,,,,,,,,,,,,,,,,,,,,
bottled water,,,,,,,,,,,,,,,,,,,,,,,,,,,,,,,
citrus fruit,tropical fruit,other vegetables,whole milk,butter,whipped/sour cream,domestic eggs,sugar,salty snack,long life bakery product,napkins,shopping bags,,,,,,,,,,,,,,,,,,,,
other vegetables,soda,bottled beer,,,,,,,,,,,,,,,,,,,,,,,,,,,,,
chicken,root vegetables,onions,other vegetables,frozen vegetables,cake bar,,,,,,,,,,,,,,,,,,,,,,,,,,
curd,cake bar,,,,,,,,,,,,,,,,,,,,,,,,,,,,,,
pork,beef,frozen vegetables,frozen meals,potato products,margarine,napkins,cookware,,,,,,,,,,,,,,,,,,,,,,,,
frankfurter,meat,whole milk,roll products,flour,pickled vegetables,bottled beer,napkins,shopping bags,,,,,,,,,,,,,,,,,,,,,,,
specialty cheese,chewing gum,,,,,,,,,,,,,,,,,,,,,,,,,,,,,,
frankfurter,beef,pip fruit,whole milk,yogurt,whipped/sour cream,cream cheese,frozen vegetables,flour,margarine,canned vegetables,pickled vegetables,coffee,bottled water,soda,misc. beverages,fruit/vegetable juice,salty snack,waffles,potted plants,,,,,,,,,,,,
citrus fruit,tropical fruit,dessert,condensed milk,margarine,,,,,,,,,,,,,,,,,,,,,,,,,,,
other vegetables,white bread,,,,,,,,,,,,,,,,,,,,,,,,,,,,,,
other vegetables,,,,,,,,,,,,,,,,,,,,,,,,,,,,,,,
beef,,,,,,,,,,,,,,,,,,,,,,,,,,,,,,,
root vegetables,,,,,,,,,,,,,,,,,,,,,,,,,,,,,,,
beef,other vegetables,,,,,,,,,,,,,,,,,,,,,,,,,,,,,,
sausage,ham,grapes,other vegetables,bottled water,misc. beverages,brandy,shopping bags,,,,,,,,,,,,,,,,,,,,,,,,
other vegetables,,,,,,,,,,,,,,,,,,,,,,,,,,,,,,,
sausage,beef,citrus fruit,tropical fruit,nuts/prunes,root vegetables,other vegetables,whole milk,mayonnaise,oil,baking powder,pickled vegetables,chocolate,newspapers,,,,,,,,,,,,,,,,,,
flour,sugar,cat food,misc. beverages,waffles,,,,,,,,,,,,,,,,,,,,,,,,,,,
frankfurter,rolls/buns,margarine,soda,,,,,,,,,,,,,,,,,,,,,,,,,,,,
chicken,other vegetables,whole milk,domestic eggs,oil,margarine,sugar,coffee,bottled beer,specialty bar,candy,,,,,,,,,,,,,,,,,,,,,
beef,other vegetables,margarine,soda,,,,,,,,,,,,,,,,,,,,,,,,,,,,
whole milk,frozen meals,specialty chocolate,,,,,,,,,,,,,,,,,,,,,,,,,,,,,
other vegetables,potted plants,,,,,,,,,,,,,,,,,,,,,,,,,,,,,,
zwieback,long life bakery product,dental care,,,,,,,,,,,,,,,,,,,,,,,,,,,,,
onions,yogurt,ice cream,,,,,,,,,,,,,,,,,,,,,,,,,,,,,
soda,,,,,,,,,,,,,,,,,,,,,,,,,,,,,,,
coffee,,,,,,,,,,,,,,,,,,,,,,,,,,,,,,,
tropical fruit,other vegetables,butter milk,curd cheese,sugar,fruit/vegetable juice,bottled beer,chocolate,candles,,,,,,,,,,,,,,,,,,,,,,,
pip fruit,soft cheese,tidbits,,,,,,,,,,,,,,,,,,,,,,,,,,,,,
oil,,,,,,,,,,,,,,,,,,,,,,,,,,,,,,,
sausage,other vegetables,cream cheese,domestic eggs,soda,,,,,,,,,,,,,,,,,,,,,,,,,,,
UHT-milk,cream cheese,spread cheese,rolls/buns,,,,,,,,,,,,,,,,,,,,,,,,,,,,
baking powder,,,,,,,,,,,,,,,,,,,,,,,,,,,,,,,
bottled water,bottled beer,,,,,,,,,,,,,,,,,,,,,,,,,,,,,,
rolls/buns,soda,canned beer,,,,,,,,,,,,,,,,,,,,,,,,,,,,,
brown bread,bottled water,specialty bar,,,,,,,,,,,,,,,,,,,,,,,,,,,,,
soda,,,,,,,,,,,,,,,,,,,,,,,,,,,,,,,
pastry,,,,,,,,,,,,,,,,,,,,,,,,,,,,,,,
citrus fruit,herbs,other vegetables,curd,,,,,,,,,,,,,,,,,,,,,,,,,,,,
citrus fruit,,,,,,,,,,,,,,,,,,,,,,,,,,,,,,,
whole milk,dessert,soda,bottled beer,,,,,,,,,,,,,,,,,,,,,,,,,,,,
liquor,,,,,,,,,,,,,,,,,,,,,,,,,,,,,,,
tropical fruit,dessert,yogurt,domestic eggs,oil,fruit/vegetable juice,,,,,,,,,,,,,,,,,,,,,,,,,,
beef,citrus fruit,root vegetables,bottled water,soda,fruit/vegetable juice,potted plants,,,,,,,,,,,,,,,,,,,,,,,,,
chicken,butter,UHT-milk,spread cheese,bottled beer,salty snack,waffles,chewing gum,,,,,,,,,,,,,,,,,,,,,,,,
sausage,rolls/buns,misc. beverages,fruit/vegetable juice,,,,,,,,,,,,,,,,,,,,,,,,,,,,
whole milk,,,,,,,,,,,,,,,,,,,,,,,,,,,,,,,
meat,other vegetables,white bread,newspapers,,,,,,,,,,,,,,,,,,,,,,,,,,,,
sausage,meat,other vegetables,frozen vegetables,rolls/buns,,,,,,,,,,,,,,,,,,,,,,,,,,,
sausage,brown bread,roll products,coffee,dish cleaner,,,,,,,,,,,,,,,,,,,,,,,,,,,
ham,other vegetables,yogurt,domestic eggs,semi-finished bread,newspapers,,,,,,,,,,,,,,,,,,,,,,,,,,
pork,other vegetables,rolls/buns,canned fish,chocolate,,,,,,,,,,,,,,,,,,,,,,,,,,,
canned beer,specialty bar,,,,,,,,,,,,,,,,,,,,,,,,,,,,,,
tropical fruit,whole milk,margarine,sugar,,,,,,,,,,,,,,,,,,,,,,,,,,,,
margarine,,,,,,,,,,,,,,,,,,,,,,,,,,,,,,,
pip fruit,canned beer,white wine,,,,,,,,,,,,,,,,,,,,,,,,,,,,,
other vegetables,bottled water,bottled beer,waffles,,,,,,,,,,,,,,,,,,,,,,,,,,,,
other vegetables,frozen fish,vinegar,,,,,,,,,,,,,,,,,,,,,,,,,,,,,
root vegetables,UHT-milk,rolls/buns,brown bread,pastry,bottled water,,,,,,,,,,,,,,,,,,,,,,,,,,
bottled beer,,,,,,,,,,,,,,,,,,,,,,,,,,,,,,,
sausage,packaged fruit/vegetables,whole milk,brown bread,bottled water,newspapers,,,,,,,,,,,,,,,,,,,,,,,,,,
canned beer,,,,,,,,,,,,,,,,,,,,,,,,,,,,,,,
frankfurter,sausage,pork,sliced cheese,pastry,margarine,newspapers,,,,,,,,,,,,,,,,,,,,,,,,,
bottled water,,,,,,,,,,,,,,,,,,,,,,,,,,,,,,,
frankfurter,pork,citrus fruit,other vegetables,domestic eggs,pastry,ketchup,pickled vegetables,soda,syrup,skin care,newspapers,,,,,,,,,,,,,,,,,,,,
sausage,whole milk,UHT-milk,rolls/buns,sugar,canned beer,shopping bags,,,,,,,,,,,,,,,,,,,,,,,,,
whole milk,pastry,,,,,,,,,,,,,,,,,,,,,,,,,,,,,,
canned beer,,,,,,,,,,,,,,,,,,,,,,,,,,,,,,,
meat,other vegetables,whole milk,whipped/sour cream,rolls/buns,margarine,soda,shopping bags,,,,,,,,,,,,,,,,,,,,,,,,
citrus fruit,tropical fruit,root vegetables,other vegetables,whole milk,whipped/sour cream,curd cheese,frozen vegetables,soups,cat food,chewing gum,,,,,,,,,,,,,,,,,,,,,
other vegetables,salty snack,dishes,house keeping products,,,,,,,,,,,,,,,,,,,,,,,,,,,,
tropical fruit,other vegetables,whipped/sour cream,beverages,hard cheese,cream cheese,flour,sweet spreads,soda,long life bakery product,,,,,,,,,,,,,,,,,,,,,,
whole milk,curd,semi-finished bread,baking powder,soda,,,,,,,,,,,,,,,,,,,,,,,,,,,
other vegetables,,,,,,,,,,,,,,,,,,,,,,,,,,,,,,,
ice cream,,,,,,,,,,,,,,,,,,,,,,,,,,,,,,,
turkey,other vegetables,whipped/sour cream,canned vegetables,instant coffee,bottled water,red/blush wine,,,,,,,,,,,,,,,,,,,,,,,,,
root vegetables,whole milk,yogurt,whipped/sour cream,rolls/buns,baking powder,liqueur,,,,,,,,,,,,,,,,,,,,,,,,,
sausage,meat,rolls/buns,canned beer,popcorn,nut snack,waffles,shopping bags,,,,,,,,,,,,,,,,,,,,,,,,
pickled vegetables,canned fish,soda,bottled beer,chewing gum,candles,,,,,,,,,,,,,,,,,,,,,,,,,,
frankfurter,sausage,packaged fruit/vegetables,condensed milk,,,,,,,,,,,,,,,,,,,,,,,,,,,,
pork,root vegetables,shopping bags,,,,,,,,,,,,,,,,,,,,,,,,,,,,,
soda,,,,,,,,,,,,,,,,,,,,,,,,,,,,,,,
pork,whole milk,sliced cheese,,,,,,,,,,,,,,,,,,,,,,,,,,,,,
frozen fish,canned beer,waffles,,,,,,,,,,,,,,,,,,,,,,,,,,,,,
pork,other vegetables,yogurt,white bread,bottled beer,napkins,shopping bags,,,,,,,,,,,,,,,,,,,,,,,,,
UHT-milk,bottled water,specialty chocolate,,,,,,,,,,,,,,,,,,,,,,,,,,,,,
misc. beverages,,,,,,,,,,,,,,,,,,,,,,,,,,,,,,,
specialty chocolate,,,,,,,,,,,,,,,,,,,,,,,,,,,,,,,
sausage,,,,,,,,,,,,,,,,,,,,,,,,,,,,,,,
whole milk,yogurt,soda,canned beer,,,,,,,,,,,,,,,,,,,,,,,,,,,,
herbs,bottled water,napkins,,,,,,,,,,,,,,,,,,,,,,,,,,,,,
frankfurter,whipped/sour cream,condensed milk,rolls/buns,bottled water,soda,bottled beer,specialty bar,,,,,,,,,,,,,,,,,,,,,,,,
other vegetables,frozen potato products,coffee,salty snack,specialty chocolate,shopping bags,,,,,,,,,,,,,,,,,,,,,,,,,,
frankfurter,citrus fruit,canned vegetables,coffee,,,,,,,,,,,,,,,,,,,,,,,,,,,,
whole milk,,,,,,,,,,,,,,,,,,,,,,,,,,,,,,,
pastry,syrup,,,,,,,,,,,,,,,,,,,,,,,,,,,,,,
pork,pip fruit,other vegetables,butter,rice,margarine,soda,waffles,shopping bags,,,,,,,,,,,,,,,,,,,,,,,
packaged fruit/vegetables,,,,,,,,,,,,,,,,,,,,,,,,,,,,,,,
other vegetables,pet care,,,,,,,,,,,,,,,,,,,,,,,,,,,,,,
whole milk,,,,,,,,,,,,,,,,,,,,,,,,,,,,,,,
pip fruit,whole milk,domestic eggs,margarine,soda,chocolate,napkins,,,,,,,,,,,,,,,,,,,,,,,,,
liquor,,,,,,,,,,,,,,,,,,,,,,,,,,,,,,,
domestic eggs,misc. beverages,,,,,,,,,,,,,,,,,,,,,,,,,,,,,,
pork,root vegetables,cream cheese,frozen fish,flour,sugar,decalcifier,shopping bags,,,,,,,,,,,,,,,,,,,,,,,,
butter milk,,,,,,,,,,,,,,,,,,,,,,,,,,,,,,,
organic sausage,citrus fruit,whole milk,whipped/sour cream,hard cheese,rolls/buns,pastry,bottled beer,long life bakery product,detergent,napkins,house keeping products,candles,,,,,,,,,,,,,,,,,,,
brown bread,bottled water,soda,canned beer,,,,,,,,,,,,,,,,,,,,,,,,,,,,
ice cream,,,,,,,,,,,,,,,,,,,,,,,,,,,,,,,
whole milk,pickled vegetables,bottled water,fruit/vegetable juice,candy,,,,,,,,,,,,,,,,,,,,,,,,,,,
sausage,finished products,beef,citrus fruit,onions,other vegetables,whole milk,dessert,frozen dessert,brown bread,canned vegetables,canned fruit,soda,,,,,,,,,,,,,,,,,,,
ham,meat,whole milk,dessert,butter milk,whipped/sour cream,sliced cheese,rolls/buns,soda,fruit/vegetable juice,,,,,,,,,,,,,,,,,,,,,,
liquor,,,,,,,,,,,,,,,,,,,,,,,,,,,,,,,
frozen chicken,fruit/vegetable juice,bottled beer,shopping bags,,,,,,,,,,,,,,,,,,,,,,,,,,,,
berries,root vegetables,packaged fruit/vegetables,whipped/sour cream,UHT-milk,instant coffee,,,,,,,,,,,,,,,,,,,,,,,,,,
dessert,fruit/vegetable juice,nut snack,specialty bar,,,,,,,,,,,,,,,,,,,,,,,,,,,,
pip fruit,white bread,coffee,soda,fruit/vegetable juice,bottled beer,sparkling wine,,,,,,,,,,,,,,,,,,,,,,,,,
tropical fruit,UHT-milk,pastry,chocolate,napkins,shopping bags,,,,,,,,,,,,,,,,,,,,,,,,,,
candles,,,,,,,,,,,,,,,,,,,,,,,,,,,,,,,
sausage,beef,tropical fruit,onions,frozen vegetables,domestic eggs,white bread,semi-finished bread,sugar,baking powder,canned fish,coffee,seasonal products,,,,,,,,,,,,,,,,,,,
ham,hamburger meat,whole milk,yogurt,domestic eggs,white bread,Instant food products,chocolate,,,,,,,,,,,,,,,,,,,,,,,,
white wine,,,,,,,,,,,,,,,,,,,,,,,,,,,,,,,
soda,fruit/vegetable juice,,,,,,,,,,,,,,,,,,,,,,,,,,,,,,
margarine,misc. beverages,,,,,,,,,,,,,,,,,,,,,,,,,,,,,,
other vegetables,coffee,bottled water,salty snack,,,,,,,,,,,,,,,,,,,,,,,,,,,,
rolls/buns,potted plants,,,,,,,,,,,,,,,,,,,,,,,,,,,,,,
chicken,whipped/sour cream,ice cream,frozen potato products,soda,candy,shopping bags,,,,,,,,,,,,,,,,,,,,,,,,,
pip fruit,berries,whole milk,yogurt,hard cheese,frozen vegetables,popcorn,,,,,,,,,,,,,,,,,,,,,,,,,
pork,root vegetables,other vegetables,dessert,condensed milk,hard cheese,specialty cheese,frozen vegetables,ice cream,pickled vegetables,canned fish,cat food,salty snack,nut snack,waffles,seasonal products,,,,,,,,,,,,,,,,
onions,,,,,,,,,,,,,,,,,,,,,,,,,,,,,,,
sausage,hamburger meat,rolls/buns,soda,,,,,,,,,,,,,,,,,,,,,,,,,,,,
whole milk,bottled water,,,,,,,,,,,,,,,,,,,,,,,,,,,,,,
pork,whole milk,dessert,frozen vegetables,bottled water,cleaner,,,,,,,,,,,,,,,,,,,,,,,,,,
shopping bags,,,,,,,,,,,,,,,,,,,,,,,,,,,,,,,
sausage,tropical fruit,berries,whole milk,butter,rolls/buns,roll products,vinegar,sugar,jam,candles,,,,,,,,,,,,,,,,,,,,,
canned beer,shopping bags,,,,,,,,,,,,,,,,,,,,,,,,,,,,,,
citrus fruit,other vegetables,butter,rolls/buns,,,,,,,,,,,,,,,,,,,,,,,,,,,,
bottled beer,,,,,,,,,,,,,,,,,,,,,,,,,,,,,,,
potato products,,,,,,,,,,,,,,,,,,,,,,,,,,,,,,,
bottled beer,shopping bags,,,,,,,,,,,,,,,,,,,,,,,,,,,,,,
soda,canned beer,,,,,,,,,,,,,,,,,,,,,,,,,,,,,,
rolls/buns,,,,,,,,,,,,,,,,,,,,,,,,,,,,,,,
frankfurter,whole milk,frozen vegetables,frozen fish,cling film/bags,house keeping products,flower (seeds),shopping bags,,,,,,,,,,,,,,,,,,,,,,,,
soda,specialty chocolate,,,,,,,,,,,,,,,,,,,,,,,,,,,,,,
pip fruit,whole milk,butter,cream cheese,domestic eggs,shopping bags,,,,,,,,,,,,,,,,,,,,,,,,,,
onions,mayonnaise,rolls/buns,mustard,fruit/vegetable juice,,,,,,,,,,,,,,,,,,,,,,,,,,,
bottled beer,chocolate,,,,,,,,,,,,,,,,,,,,,,,,,,,,,,
beverages,long life bakery product,,,,,,,,,,,,,,,,,,,,,,,,,,,,,,
whole milk,cream cheese,brown bread,misc. beverages,shopping bags,,,,,,,,,,,,,,,,,,,,,,,,,,,
yogurt,,,,,,,,,,,,,,,,,,,,,,,,,,,,,,,
citrus fruit,whole milk,yogurt,sliced cheese,brown bread,margarine,dog food,shopping bags,,,,,,,,,,,,,,,,,,,,,,,,
brown bread,,,,,,,,,,,,,,,,,,,,,,,,,,,,,,,
nuts/prunes,,,,,,,,,,,,,,,,,,,,,,,,,,,,,,,
fruit/vegetable juice,cake bar,,,,,,,,,,,,,,,,,,,,,,,,,,,,,,
sausage,tropical fruit,whole milk,rolls/buns,soda,,,,,,,,,,,,,,,,,,,,,,,,,,,
soda,,,,,,,,,,,,,,,,,,,,,,,,,,,,,,,
beef,berries,dessert,bottled water,hygiene articles,,,,,,,,,,,,,,,,,,,,,,,,,,,
soda,,,,,,,,,,,,,,,,,,,,,,,,,,,,,,,
sausage,butter milk,pet care,coffee,,,,,,,,,,,,,,,,,,,,,,,,,,,,
tropical fruit,frozen meals,frozen fish,salty snack,long life bakery product,chocolate,specialty chocolate,,,,,,,,,,,,,,,,,,,,,,,,,
pip fruit,fruit/vegetable juice,,,,,,,,,,,,,,,,,,,,,,,,,,,,,,
ham,root vegetables,whole milk,curd,yogurt,frozen meals,domestic eggs,white bread,roll products,flour,pasta,sugar,meat spreads,chewing gum,,,,,,,,,,,,,,,,,,
dessert,UHT-milk,cream cheese,domestic eggs,brown bread,coffee,bottled water,soda,shopping bags,,,,,,,,,,,,,,,,,,,,,,,
whole milk,,,,,,,,,,,,,,,,,,,,,,,,,,,,,,,
soda,chocolate,,,,,,,,,,,,,,,,,,,,,,,,,,,,,,
root vegetables,shopping bags,,,,,,,,,,,,,,,,,,,,,,,,,,,,,,
tropical fruit,nuts/prunes,whole milk,cream cheese,domestic eggs,rolls/buns,white bread,flour,margarine,cat food,bottled water,bottled beer,softener,hygiene articles,napkins,,,,,,,,,,,,,,,,,
yogurt,brown bread,,,,,,,,,,,,,,,,,,,,,,,,,,,,,,
soda,,,,,,,,,,,,,,,,,,,,,,,,,,,,,,,
curd,UHT-milk,spread cheese,pasta,Instant food products,soda,shopping bags,,,,,,,,,,,,,,,,,,,,,,,,,
brown bread,margarine,,,,,,,,,,,,,,,,,,,,,,,,,,,,,,
cooking chocolate,,,,,,,,,,,,,,,,,,,,,,,,,,,,,,,
tropical fruit,berries,rolls/buns,pastry,margarine,coffee,shopping bags,,,,,,,,,,,,,,,,,,,,,,,,,
root vegetables,whipped/sour cream,frozen vegetables,domestic eggs,rolls/buns,,,,,,,,,,,,,,,,,,,,,,,,,,,
yogurt,,,,,,,,,,,,,,,,,,,,,,,,,,,,,,,
hamburger meat,dessert,sliced cheese,pickled vegetables,toilet cleaner,,,,,,,,,,,,,,,,,,,,,,,,,,,
sausage,whole milk,pastry,salty snack,kitchen towels,,,,,,,,,,,,,,,,,,,,,,,,,,,
chocolate,,,,,,,,,,,,,,,,,,,,,,,,,,,,,,,
root vegetables,whole milk,,,,,,,,,,,,,,,,,,,,,,,,,,,,,,
citrus fruit,root vegetables,whole milk,coffee,,,,,,,,,,,,,,,,,,,,,,,,,,,,
chicken,tropical fruit,brown bread,pickled vegetables,soda,canned beer,,,,,,,,,,,,,,,,,,,,,,,,,,
other vegetables,whole milk,whipped/sour cream,jam,soda,shopping bags,,,,,,,,,,,,,,,,,,,,,,,,,,
pork,pip fruit,onions,other vegetables,whole milk,dessert,yogurt,whisky,,,,,,,,,,,,,,,,,,,,,,,,
root vegetables,herbs,other vegetables,whole milk,rolls/buns,roll products,soda,shopping bags,,,,,,,,,,,,,,,,,,,,,,,,
other vegetables,whole milk,frozen potato products,,,,,,,,,,,,,,,,,,,,,,,,,,,,,
chocolate,candy,,,,,,,,,,,,,,,,,,,,,,,,,,,,,,
shopping bags,,,,,,,,,,,,,,,,,,,,,,,,,,,,,,,
UHT-milk,artif. sweetener,bottled water,,,,,,,,,,,,,,,,,,,,,,,,,,,,,
other vegetables,UHT-milk,sauces,fruit/vegetable juice,shopping bags,,,,,,,,,,,,,,,,,,,,,,,,,,,
berries,,,,,,,,,,,,,,,,,,,,,,,,,,,,,,,
soda,,,,,,,,,,,,,,,,,,,,,,,,,,,,,,,
salty snack,,,,,,,,,,,,,,,,,,,,,,,,,,,,,,,
pork,,,,,,,,,,,,,,,,,,,,,,,,,,,,,,,
domestic eggs,,,,,,,,,,,,,,,,,,,,,,,,,,,,,,,
frankfurter,sausage,processed cheese,rolls/buns,liquor,,,,,,,,,,,,,,,,,,,,,,,,,,,
butter,oil,margarine,specialty fat,chocolate,candy,,,,,,,,,,,,,,,,,,,,,,,,,,
berries,other vegetables,yogurt,pastry,shopping bags,,,,,,,,,,,,,,,,,,,,,,,,,,,
frankfurter,other vegetables,frozen vegetables,waffles,cake bar,,,,,,,,,,,,,,,,,,,,,,,,,,,
frankfurter,sausage,butter,flour,sugar,soda,chocolate,,,,,,,,,,,,,,,,,,,,,,,,,
soda,bottled beer,,,,,,,,,,,,,,,,,,,,,,,,,,,,,,
other vegetables,frozen vegetables,domestic eggs,rolls/buns,canned vegetables,soda,hygiene articles,flower (seeds),shopping bags,,,,,,,,,,,,,,,,,,,,,,,
beef,curd,cream cheese,soda,photo/film,,,,,,,,,,,,,,,,,,,,,,,,,,,
other vegetables,,,,,,,,,,,,,,,,,,,,,,,,,,,,,,,
cat food,bottled water,soda,white wine,salty snack,napkins,kitchen towels,,,,,,,,,,,,,,,,,,,,,,,,,
frankfurter,rolls/buns,,,,,,,,,,,,,,,,,,,,,,,,,,,,,,
sausage,pip fruit,whole milk,yogurt,sliced cheese,cream cheese,pastry,soda,shopping bags,,,,,,,,,,,,,,,,,,,,,,,
sausage,tropical fruit,whole milk,bottled beer,,,,,,,,,,,,,,,,,,,,,,,,,,,,
fish,liquor,,,,,,,,,,,,,,,,,,,,,,,,,,,,,,
rolls/buns,,,,,,,,,,,,,,,,,,,,,,,,,,,,,,,
frozen dessert,,,,,,,,,,,,,,,,,,,,,,,,,,,,,,,
frankfurter,chicken,ice cream,rolls/buns,,,,,,,,,,,,,,,,,,,,,,,,,,,,
frankfurter,citrus fruit,tropical fruit,pip fruit,grapes,root vegetables,other vegetables,whole milk,yogurt,frozen meals,frozen fish,frozen dessert,brown bread,,,,,,,,,,,,,,,,,,,
liver loaf,brown bread,bottled water,canned beer,,,,,,,,,,,,,,,,,,,,,,,,,,,,
frozen fish,rolls/buns,pastry,,,,,,,,,,,,,,,,,,,,,,,,,,,,,
sausage,sliced cheese,pickled vegetables,,,,,,,,,,,,,,,,,,,,,,,,,,,,,
chocolate,,,,,,,,,,,,,,,,,,,,,,,,,,,,,,,
frankfurter,hamburger meat,brown bread,salt,pasta,canned vegetables,,,,,,,,,,,,,,,,,,,,,,,,,,
whole milk,whipped/sour cream,pastry,bottled water,,,,,,,,,,,,,,,,,,,,,,,,,,,,
ham,citrus fruit,butter milk,yogurt,cream cheese,rolls/buns,dog food,female sanitary products,napkins,potted plants,,,,,,,,,,,,,,,,,,,,,,
chicken,tropical fruit,pip fruit,other vegetables,yogurt,pastry,bottled beer,red/blush wine,,,,,,,,,,,,,,,,,,,,,,,,
tropical fruit,pip fruit,whole milk,rolls/buns,pastry,fruit/vegetable juice,salty snack,detergent,make up remover,,,,,,,,,,,,,,,,,,,,,,,
citrus fruit,whole milk,butter,curd,yogurt,soft cheese,,,,,,,,,,,,,,,,,,,,,,,,,,
whole milk,,,,,,,,,,,,,,,,,,,,,,,,,,,,,,,
beverages,long life bakery product,,,,,,,,,,,,,,,,,,,,,,,,,,,,,,
ice cream,oil,bottled beer,,,,,,,,,,,,,,,,,,,,,,,,,,,,,
grapes,berries,other vegetables,curd,sliced cheese,pastry,misc. beverages,salty snack,detergent,hygiene articles,napkins,,,,,,,,,,,,,,,,,,,,,
photo/film,,,,,,,,,,,,,,,,,,,,,,,,,,,,,,,
coffee,bottled beer,,,,,,,,,,,,,,,,,,,,,,,,,,,,,,
sausage,tropical fruit,semi-finished bread,soda,salty snack,shopping bags,,,,,,,,,,,,,,,,,,,,,,,,,,
hamburger meat,tropical fruit,pip fruit,root vegetables,Instant food products,soda,waffles,newspapers,shopping bags,,,,,,,,,,,,,,,,,,,,,,,
light bulbs,,,,,,,,,,,,,,,,,,,,,,,,,,,,,,,
pet care,bottled water,,,,,,,,,,,,,,,,,,,,,,,,,,,,,,
chicken,hamburger meat,citrus fruit,whole milk,butter,yogurt,whipped/sour cream,curd cheese,pickled vegetables,,,,,,,,,,,,,,,,,,,,,,,
rolls/buns,white bread,,,,,,,,,,,,,,,,,,,,,,,,,,,,,,
soda,,,,,,,,,,,,,,,,,,,,,,,,,,,,,,,
tropical fruit,root vegetables,other vegetables,bottled water,soda,bottled beer,prosecco,chocolate,hygiene articles,,,,,,,,,,,,,,,,,,,,,,,
hamburger meat,,,,,,,,,,,,,,,,,,,,,,,,,,,,,,,
bottled beer,,,,,,,,,,,,,,,,,,,,,,,,,,,,,,,
rolls/buns,,,,,,,,,,,,,,,,,,,,,,,,,,,,,,,
grapes,salty snack,specialty bar,candy,,,,,,,,,,,,,,,,,,,,,,,,,,,,
canned beer,,,,,,,,,,,,,,,,,,,,,,,,,,,,,,,
other vegetables,sweet spreads,,,,,,,,,,,,,,,,,,,,,,,,,,,,,,
rolls/buns,pastry,napkins,newspapers,,,,,,,,,,,,,,,,,,,,,,,,,,,,
root vegetables,,,,,,,,,,,,,,,,,,,,,,,,,,,,,,,
pork,whole milk,dessert,,,,,,,,,,,,,,,,,,,,,,,,,,,,,
other vegetables,white bread,pastry,shopping bags,,,,,,,,,,,,,,,,,,,,,,,,,,,,
waffles,,,,,,,,,,,,,,,,,,,,,,,,,,,,,,,
UHT-milk,brown bread,,,,,,,,,,,,,,,,,,,,,,,,,,,,,,
canned beer,,,,,,,,,,,,,,,,,,,,,,,,,,,,,,,
sausage,chicken,citrus fruit,,,,,,,,,,,,,,,,,,,,,,,,,,,,,
other vegetables,,,,,,,,,,,,,,,,,,,,,,,,,,,,,,,
frankfurter,rolls/buns,soda,fruit/vegetable juice,shopping bags,,,,,,,,,,,,,,,,,,,,,,,,,,,
pip fruit,rolls/buns,prosecco,seasonal products,potted plants,shopping bags,,,,,,,,,,,,,,,,,,,,,,,,,,
bottled beer,liquor,,,,,,,,,,,,,,,,,,,,,,,,,,,,,,
ham,whole milk,yogurt,soda,red/blush wine,,,,,,,,,,,,,,,,,,,,,,,,,,,
whole milk,butter milk,specialty bar,,,,,,,,,,,,,,,,,,,,,,,,,,,,,
chicken,tropical fruit,pip fruit,other vegetables,yogurt,soft cheese,domestic eggs,roll products,fruit/vegetable juice,dish cleaner,,,,,,,,,,,,,,,,,,,,,,
bottled beer,,,,,,,,,,,,,,,,,,,,,,,,,,,,,,,
sausage,chicken,beef,other vegetables,butter,dessert,whipped/sour cream,UHT-milk,soft cheese,frozen meals,brown bread,pasta,oil,specialty fat,pudding powder,pickled vegetables,specialty bar,,,,,,,,,,,,,,,
whole milk,dessert,oil,,,,,,,,,,,,,,,,,,,,,,,,,,,,,
yogurt,,,,,,,,,,,,,,,,,,,,,,,,,,,,,,,
butter,yogurt,rolls/buns,soda,,,,,,,,,,,,,,,,,,,,,,,,,,,,
canned beer,,,,,,,,,,,,,,,,,,,,,,,,,,,,,,,
pip fruit,canned beer,,,,,,,,,,,,,,,,,,,,,,,,,,,,,,
rolls/buns,soda,fruit/vegetable juice,,,,,,,,,,,,,,,,,,,,,,,,,,,,,
pip fruit,onions,whole milk,yogurt,frozen vegetables,frozen fish,rolls/buns,semi-finished bread,margarine,bottled beer,,,,,,,,,,,,,,,,,,,,,,
chicken,root vegetables,whole milk,rolls/buns,brown bread,,,,,,,,,,,,,,,,,,,,,,,,,,,
sausage,brown bread,margarine,bottled beer,,,,,,,,,,,,,,,,,,,,,,,,,,,,
frankfurter,tropical fruit,other vegetables,whole milk,rolls/buns,pet care,soda,fruit/vegetable juice,make up remover,,,,,,,,,,,,,,,,,,,,,,,
whole milk,domestic eggs,newspapers,,,,,,,,,,,,,,,,,,,,,,,,,,,,,
canned beer,,,,,,,,,,,,,,,,,,,,,,,,,,,,,,,
baking powder,coffee,photo/film,,,,,,,,,,,,,,,,,,,,,,,,,,,,,
meat,chicken,hamburger meat,citrus fruit,whole milk,butter,butter milk,yogurt,soft cheese,frozen vegetables,domestic eggs,rolls/buns,fruit/vegetable juice,seasonal products,,,,,,,,,,,,,,,,,,
tropical fruit,cream cheese,mayonnaise,rolls/buns,white bread,ready soups,baking powder,canned fish,long life bakery product,,,,,,,,,,,,,,,,,,,,,,,
other vegetables,whipped/sour cream,,,,,,,,,,,,,,,,,,,,,,,,,,,,,,
meat,chicken,pork,root vegetables,whole milk,rolls/buns,detergent,,,,,,,,,,,,,,,,,,,,,,,,,
citrus fruit,pip fruit,whole milk,sliced cheese,salty snack,,,,,,,,,,,,,,,,,,,,,,,,,,,
yogurt,,,,,,,,,,,,,,,,,,,,,,,,,,,,,,,
dishes,,,,,,,,,,,,,,,,,,,,,,,,,,,,,,,
pork,pip fruit,curd,roll products,margarine,soups,coffee,napkins,newspapers,,,,,,,,,,,,,,,,,,,,,,,
pip fruit,root vegetables,other vegetables,whole milk,,,,,,,,,,,,,,,,,,,,,,,,,,,,
berries,root vegetables,yogurt,whipped/sour cream,specialty fat,white wine,kitchen towels,,,,,,,,,,,,,,,,,,,,,,,,,
hamburger meat,tropical fruit,yogurt,frozen vegetables,domestic eggs,rolls/buns,meat spreads,cat food,soda,misc. beverages,,,,,,,,,,,,,,,,,,,,,,
canned beer,,,,,,,,,,,,,,,,,,,,,,,,,,,,,,,
turkey,tropical fruit,root vegetables,other vegetables,curd,whipped/sour cream,liquor (appetizer),,,,,,,,,,,,,,,,,,,,,,,,,
beverages,soda,,,,,,,,,,,,,,,,,,,,,,,,,,,,,,
bottled beer,,,,,,,,,,,,,,,,,,,,,,,,,,,,,,,
pastry,soda,,,,,,,,,,,,,,,,,,,,,,,,,,,,,,
pip fruit,other vegetables,whole milk,,,,,,,,,,,,,,,,,,,,,,,,,,,,,
whole milk,whipped/sour cream,rolls/buns,potted plants,,,,,,,,,,,,,,,,,,,,,,,,,,,,
frankfurter,meat,,,,,,,,,,,,,,,,,,,,,,,,,,,,,,
pork,root vegetables,other vegetables,mayonnaise,domestic eggs,rolls/buns,mustard,fruit/vegetable juice,chewing gum,dishes,,,,,,,,,,,,,,,,,,,,,,
other vegetables,whole milk,butter,white bread,canned vegetables,soda,snack products,cake bar,chocolate,,,,,,,,,,,,,,,,,,,,,,,
citrus fruit,root vegetables,onions,other vegetables,domestic eggs,white bread,cake bar,,,,,,,,,,,,,,,,,,,,,,,,,
beef,root vegetables,herbs,other vegetables,whole milk,butter,curd,whipped/sour cream,rolls/buns,pastry,margarine,,,,,,,,,,,,,,,,,,,,,
whole milk,rolls/buns,bottled beer,,,,,,,,,,,,,,,,,,,,,,,,,,,,,
nuts/prunes,rolls/buns,,,,,,,,,,,,,,,,,,,,,,,,,,,,,,
chicken,pork,citrus fruit,root vegetables,herbs,other vegetables,whole milk,butter,frozen dessert,domestic eggs,rolls/buns,bottled water,bottled beer,,,,,,,,,,,,,,,,,,,
tropical fruit,other vegetables,yogurt,domestic eggs,rolls/buns,pastry,semi-finished bread,zwieback,oil,margarine,organic products,coffee,bottled water,soda,snack products,waffles,chocolate marshmallow,candy,seasonal products,,,,,,,,,,,,,
finished products,other vegetables,whole milk,yogurt,curd cheese,brown bread,pastry,potato products,baking powder,soda,specialty chocolate,candy,seasonal products,,,,,,,,,,,,,,,,,,,
abrasive cleaner,napkins,,,,,,,,,,,,,,,,,,,,,,,,,,,,,,
bottled water,,,,,,,,,,,,,,,,,,,,,,,,,,,,,,,
beef,citrus fruit,tropical fruit,other vegetables,condensed milk,processed cheese,bottled water,soda,cling film/bags,,,,,,,,,,,,,,,,,,,,,,,
whole milk,,,,,,,,,,,,,,,,,,,,,,,,,,,,,,,
tropical fruit,root vegetables,sliced cheese,processed cheese,margarine,bottled water,soda,misc. beverages,,,,,,,,,,,,,,,,,,,,,,,,
butter milk,domestic eggs,rolls/buns,soda,specialty chocolate,,,,,,,,,,,,,,,,,,,,,,,,,,,
frankfurter,chicken,pork,other vegetables,yogurt,whipped/sour cream,soft cheese,rolls/buns,instant coffee,bottled water,napkins,,,,,,,,,,,,,,,,,,,,,
citrus fruit,candy,,,,,,,,,,,,,,,,,,,,,,,,,,,,,,
margarine,,,,,,,,,,,,,,,,,,,,,,,,,,,,,,,
sausage,citrus fruit,other vegetables,whole milk,whipped/sour cream,sliced cheese,cream cheese,domestic eggs,rolls/buns,pastry,sugar,baking powder,,,,,,,,,,,,,,,,,,,,
sausage,newspapers,,,,,,,,,,,,,,,,,,,,,,,,,,,,,,
chicken,other vegetables,whole milk,curd,domestic eggs,rolls/buns,softener,,,,,,,,,,,,,,,,,,,,,,,,,
root vegetables,butter,margarine,,,,,,,,,,,,,,,,,,,,,,,,,,,,,
photo/film,,,,,,,,,,,,,,,,,,,,,,,,,,,,,,,
pip fruit,,,,,,,,,,,,,,,,,,,,,,,,,,,,,,,
root vegetables,whole milk,whipped/sour cream,frozen meals,flour,oil,waffles,seasonal products,napkins,house keeping products,photo/film,shopping bags,,,,,,,,,,,,,,,,,,,,
finished products,beef,citrus fruit,pip fruit,root vegetables,whole milk,semi-finished bread,potato products,rice,soda,fruit/vegetable juice,candy,potted plants,shopping bags,,,,,,,,,,,,,,,,,,
beverages,frozen vegetables,soda,fruit/vegetable juice,popcorn,newspapers,,,,,,,,,,,,,,,,,,,,,,,,,,
other vegetables,,,,,,,,,,,,,,,,,,,,,,,,,,,,,,,
canned beer,,,,,,,,,,,,,,,,,,,,,,,,,,,,,,,
canned beer,,,,,,,,,,,,,,,,,,,,,,,,,,,,,,,
citrus fruit,pip fruit,butter,rolls/buns,oil,soda,bottled beer,brandy,red/blush wine,sparkling wine,,,,,,,,,,,,,,,,,,,,,,
frankfurter,soda,,,,,,,,,,,,,,,,,,,,,,,,,,,,,,
pip fruit,chewing gum,,,,,,,,,,,,,,,,,,,,,,,,,,,,,,
tropical fruit,shopping bags,,,,,,,,,,,,,,,,,,,,,,,,,,,,,,
citrus fruit,tropical fruit,root vegetables,other vegetables,yogurt,whipped/sour cream,frozen vegetables,ice cream,rolls/buns,salt,sugar,soda,napkins,newspapers,,,,,,,,,,,,,,,,,,
other vegetables,rolls/buns,brown bread,,,,,,,,,,,,,,,,,,,,,,,,,,,,,
sausage,beverages,rolls/buns,misc. beverages,waffles,shopping bags,,,,,,,,,,,,,,,,,,,,,,,,,,
margarine,soda,,,,,,,,,,,,,,,,,,,,,,,,,,,,,,
root vegetables,other vegetables,yogurt,UHT-milk,sugar,coffee,soda,misc. beverages,canned beer,dishes,newspapers,,,,,,,,,,,,,,,,,,,,,
pip fruit,,,,,,,,,,,,,,,,,,,,,,,,,,,,,,,
chicken,citrus fruit,root vegetables,other vegetables,brown bread,pastry,salty snack,napkins,,,,,,,,,,,,,,,,,,,,,,,,
chicken,liquor (appetizer),,,,,,,,,,,,,,,,,,,,,,,,,,,,,,
whole milk,yogurt,bottled water,canned beer,,,,,,,,,,,,,,,,,,,,,,,,,,,,
citrus fruit,pip fruit,root vegetables,yogurt,margarine,dishes,,,,,,,,,,,,,,,,,,,,,,,,,,
frankfurter,citrus fruit,onions,other vegetables,curd,whipped/sour cream,frozen dessert,domestic eggs,white bread,vinegar,baking powder,,,,,,,,,,,,,,,,,,,,,
yogurt,popcorn,cleaner,newspapers,,,,,,,,,,,,,,,,,,,,,,,,,,,,
rolls/buns,sugar,coffee,canned beer,shopping bags,,,,,,,,,,,,,,,,,,,,,,,,,,,
berries,margarine,coffee,specialty bar,shopping bags,,,,,,,,,,,,,,,,,,,,,,,,,,,
rolls/buns,,,,,,,,,,,,,,,,,,,,,,,,,,,,,,,
sausage,meat,other vegetables,yogurt,whipped/sour cream,domestic eggs,semi-finished bread,instant coffee,bottled water,soda,bottled beer,newspapers,shopping bags,,,,,,,,,,,,,,,,,,,
rolls/buns,,,,,,,,,,,,,,,,,,,,,,,,,,,,,,,
sausage,whole milk,rolls/buns,,,,,,,,,,,,,,,,,,,,,,,,,,,,,
butter milk,pastry,,,,,,,,,,,,,,,,,,,,,,,,,,,,,,
whole milk,whipped/sour cream,hard cheese,rolls/buns,semi-finished bread,pet care,newspapers,,,,,,,,,,,,,,,,,,,,,,,,,
berries,other vegetables,whole milk,sliced cheese,margarine,bottled water,potted plants,,,,,,,,,,,,,,,,,,,,,,,,,
curd,white bread,pastry,soda,salty snack,popcorn,waffles,chewing gum,chocolate,specialty chocolate,,,,,,,,,,,,,,,,,,,,,,
potted plants,,,,,,,,,,,,,,,,,,,,,,,,,,,,,,,
citrus fruit,tropical fruit,whole milk,butter,curd,yogurt,whipped/sour cream,rolls/buns,pastry,,,,,,,,,,,,,,,,,,,,,,,
coffee,soda,waffles,,,,,,,,,,,,,,,,,,,,,,,,,,,,,
sausage,tropical fruit,whole milk,,,,,,,,,,,,,,,,,,,,,,,,,,,,,
pastry,potted plants,,,,,,,,,,,,,,,,,,,,,,,,,,,,,,
chicken,white wine,shopping bags,,,,,,,,,,,,,,,,,,,,,,,,,,,,,
tropical fruit,pip fruit,root vegetables,curd,yogurt,flour,margarine,sugar,bottled water,newspapers,,,,,,,,,,,,,,,,,,,,,,
tropical fruit,pip fruit,whole milk,yogurt,ice cream,frozen dessert,domestic eggs,pastry,flour,margarine,coffee,cake bar,napkins,shopping bags,,,,,,,,,,,,,,,,,,
pip fruit,whole milk,margarine,cocoa drinks,bottled water,,,,,,,,,,,,,,,,,,,,,,,,,,,
ham,domestic eggs,pastry,long life bakery product,waffles,specialty chocolate,dishes,shopping bags,,,,,,,,,,,,,,,,,,,,,,,,
canned beer,,,,,,,,,,,,,,,,,,,,,,,,,,,,,,,
frankfurter,sausage,ham,tropical fruit,rolls/buns,pastry,chocolate,napkins,,,,,,,,,,,,,,,,,,,,,,,,
UHT-milk,newspapers,,,,,,,,,,,,,,,,,,,,,,,,,,,,,,
pork,pet care,newspapers,,,,,,,,,,,,,,,,,,,,,,,,,,,,,
other vegetables,rolls/buns,pastry,bottled beer,,,,,,,,,,,,,,,,,,,,,,,,,,,,
beef,citrus fruit,butter,fruit/vegetable juice,,,,,,,,,,,,,,,,,,,,,,,,,,,,
other vegetables,,,,,,,,,,,,,,,,,,,,,,,,,,,,,,,
soda,,,,,,,,,,,,,,,,,,,,,,,,,,,,,,,
sausage,tropical fruit,whole milk,yogurt,whipped/sour cream,white bread,bottled water,,,,,,,,,,,,,,,,,,,,,,,,,
soda,candy,,,,,,,,,,,,,,,,,,,,,,,,,,,,,,
sausage,whole milk,butter,domestic eggs,white bread,margarine,candy,softener,flower (seeds),shopping bags,,,,,,,,,,,,,,,,,,,,,,
pork,whipped/sour cream,hard cheese,cream cheese,spread cheese,mayonnaise,white bread,bottled water,soda,fruit/vegetable juice,,,,,,,,,,,,,,,,,,,,,,
whipped/sour cream,pet care,soda,canned beer,softener,shopping bags,,,,,,,,,,,,,,,,,,,,,,,,,,
frankfurter,root vegetables,onions,other vegetables,butter,domestic eggs,pasta,canned beer,,,,,,,,,,,,,,,,,,,,,,,,
seasonal products,shopping bags,,,,,,,,,,,,,,,,,,,,,,,,,,,,,,
canned beer,white wine,specialty chocolate,seasonal products,shopping bags,,,,,,,,,,,,,,,,,,,,,,,,,,,
sausage,,,,,,,,,,,,,,,,,,,,,,,,,,,,,,,
pet care,,,,,,,,,,,,,,,,,,,,,,,,,,,,,,,
pet care,,,,,,,,,,,,,,,,,,,,,,,,,,,,,,,
tropical fruit,other vegetables,whole milk,sliced cheese,frozen dessert,brown bread,pastry,semi-finished bread,canned fish,cat food,soda,napkins,newspapers,shopping bags,,,,,,,,,,,,,,,,,,
chicken,berries,other vegetables,pastry,roll products,oil,sugar,,,,,,,,,,,,,,,,,,,,,,,,,
sausage,root vegetables,sugar,sweet spreads,fruit/vegetable juice,bottled beer,salty snack,shopping bags,,,,,,,,,,,,,,,,,,,,,,,,
sausage,pip fruit,other vegetables,whole milk,butter,dessert,butter milk,yogurt,whipped/sour cream,hard cheese,mayonnaise,oil,mustard,baking powder,popcorn,long life bakery product,chocolate,candy,,,,,,,,,,,,,,
tropical fruit,dessert,yogurt,syrup,hygiene articles,,,,,,,,,,,,,,,,,,,,,,,,,,,
curd cheese,rolls/buns,cake bar,,,,,,,,,,,,,,,,,,,,,,,,,,,,,
coffee,,,,,,,,,,,,,,,,,,,,,,,,,,,,,,,
sausage,finished products,hamburger meat,citrus fruit,tropical fruit,pip fruit,other vegetables,butter,UHT-milk,specialty cheese,pastry,roll products,pasta,organic products,baking powder,canned vegetables,cat food,chewing gum,chocolate,potted plants,flower (seeds),,,,,,,,,,,
pork,citrus fruit,other vegetables,dessert,white bread,kitchen towels,candles,newspapers,,,,,,,,,,,,,,,,,,,,,,,,
root vegetables,onions,other vegetables,whole milk,butter,yogurt,soft cheese,domestic eggs,rice,bottled water,soda,,,,,,,,,,,,,,,,,,,,,
herbs,whole milk,yogurt,hard cheese,domestic eggs,flour,margarine,sugar,baking powder,canned fish,misc. beverages,canned beer,,,,,,,,,,,,,,,,,,,,
frankfurter,sausage,pork,root vegetables,whole milk,yogurt,frozen meals,bottled beer,,,,,,,,,,,,,,,,,,,,,,,,
yogurt,bottled water,soda,bottled beer,chocolate,female sanitary products,,,,,,,,,,,,,,,,,,,,,,,,,,
yogurt,bottled water,,,,,,,,,,,,,,,,,,,,,,,,,,,,,,
berries,,,,,,,,,,,,,,,,,,,,,,,,,,,,,,,
berries,,,,,,,,,,,,,,,,,,,,,,,,,,,,,,,
other vegetables,whole milk,fruit/vegetable juice,chocolate,,,,,,,,,,,,,,,,,,,,,,,,,,,,
chicken,beef,root vegetables,whole milk,curd,whipped/sour cream,flour,oil,sugar,salty snack,,,,,,,,,,,,,,,,,,,,,,
tropical fruit,,,,,,,,,,,,,,,,,,,,,,,,,,,,,,,
pip fruit,bottled water,soda,fruit/vegetable juice,canned beer,newspapers,,,,,,,,,,,,,,,,,,,,,,,,,,
sausage,pastry,waffles,,,,,,,,,,,,,,,,,,,,,,,,,,,,,
sausage,root vegetables,yogurt,brown bread,,,,,,,,,,,,,,,,,,,,,,,,,,,,
bottled water,canned beer,white wine,,,,,,,,,,,,,,,,,,,,,,,,,,,,,
whole milk,whipped/sour cream,rolls/buns,shopping bags,,,,,,,,,,,,,,,,,,,,,,,,,,,,
chocolate marshmallow,,,,,,,,,,,,,,,,,,,,,,,,,,,,,,,
tropical fruit,berries,whole milk,white bread,margarine,fruit/vegetable juice,hygiene articles,napkins,shopping bags,,,,,,,,,,,,,,,,,,,,,,,
whole milk,whipped/sour cream,,,,,,,,,,,,,,,,,,,,,,,,,,,,,,
whole milk,curd,pastry,fruit/vegetable juice,newspapers,,,,,,,,,,,,,,,,,,,,,,,,,,,
other vegetables,bottled beer,canned beer,white wine,detergent,softener,newspapers,,,,,,,,,,,,,,,,,,,,,,,,,
onions,whole milk,butter,yogurt,frozen fish,fruit/vegetable juice,,,,,,,,,,,,,,,,,,,,,,,,,,
berries,fruit/vegetable juice,waffles,specialty bar,,,,,,,,,,,,,,,,,,,,,,,,,,,,
other vegetables,whole milk,brown bread,,,,,,,,,,,,,,,,,,,,,,,,,,,,,
hamburger meat,,,,,,,,,,,,,,,,,,,,,,,,,,,,,,,
pastry,bottled water,newspapers,,,,,,,,,,,,,,,,,,,,,,,,,,,,,
canned beer,,,,,,,,,,,,,,,,,,,,,,,,,,,,,,,
pip fruit,other vegetables,curd,yogurt,whipped/sour cream,sugar,canned vegetables,fruit/vegetable juice,,,,,,,,,,,,,,,,,,,,,,,,
pork,whole milk,UHT-milk,newspapers,,,,,,,,,,,,,,,,,,,,,,,,,,,,
newspapers,flower soil/fertilizer,,,,,,,,,,,,,,,,,,,,,,,,,,,,,,
hamburger meat,other vegetables,whole milk,potted plants,,,,,,,,,,,,,,,,,,,,,,,,,,,,
root vegetables,herbs,other vegetables,whole milk,yogurt,rolls/buns,flour,margarine,cereals,fruit/vegetable juice,potted plants,,,,,,,,,,,,,,,,,,,,,
frankfurter,sausage,pork,onions,herbs,whole milk,sliced cheese,curd cheese,domestic eggs,rolls/buns,bottled beer,candy,,,,,,,,,,,,,,,,,,,,
soda,,,,,,,,,,,,,,,,,,,,,,,,,,,,,,,
bottled beer,,,,,,,,,,,,,,,,,,,,,,,,,,,,,,,
pip fruit,root vegetables,other vegetables,whole milk,rolls/buns,brown bread,canned beer,newspapers,potted plants,,,,,,,,,,,,,,,,,,,,,,,
brown bread,,,,,,,,,,,,,,,,,,,,,,,,,,,,,,,
beef,other vegetables,soft cheese,pastry,long life bakery product,specialty chocolate,,,,,,,,,,,,,,,,,,,,,,,,,,
long life bakery product,,,,,,,,,,,,,,,,,,,,,,,,,,,,,,,
onions,whole milk,domestic eggs,rolls/buns,margarine,bottled water,newspapers,,,,,,,,,,,,,,,,,,,,,,,,,
rolls/buns,white bread,coffee,,,,,,,,,,,,,,,,,,,,,,,,,,,,,
whole milk,butter,soft cheese,,,,,,,,,,,,,,,,,,,,,,,,,,,,,
other vegetables,whole milk,curd,cream cheese,frozen vegetables,roll products,sugar,soda,bottled beer,salty snack,popcorn,,,,,,,,,,,,,,,,,,,,,
root vegetables,onions,other vegetables,,,,,,,,,,,,,,,,,,,,,,,,,,,,,
pip fruit,root vegetables,onions,other vegetables,frozen vegetables,pastry,,,,,,,,,,,,,,,,,,,,,,,,,,
rolls/buns,,,,,,,,,,,,,,,,,,,,,,,,,,,,,,,
citrus fruit,tropical fruit,pip fruit,root vegetables,other vegetables,,,,,,,,,,,,,,,,,,,,,,,,,,,
pastry,,,,,,,,,,,,,,,,,,,,,,,,,,,,,,,
other vegetables,whole milk,frozen vegetables,semi-finished bread,vinegar,dog food,salty snack,long life bakery product,potted plants,,,,,,,,,,,,,,,,,,,,,,,
ham,whole milk,white bread,newspapers,,,,,,,,,,,,,,,,,,,,,,,,,,,,
sausage,whole milk,sliced cheese,rolls/buns,brown bread,bottled beer,,,,,,,,,,,,,,,,,,,,,,,,,,
soda,cling film/bags,house keeping products,,,,,,,,,,,,,,,,,,,,,,,,,,,,,
sausage,rolls/buns,shopping bags,,,,,,,,,,,,,,,,,,,,,,,,,,,,,
sausage,citrus fruit,yogurt,tidbits,domestic eggs,rolls/buns,meat spreads,soda,,,,,,,,,,,,,,,,,,,,,,,,
canned beer,,,,,,,,,,,,,,,,,,,,,,,,,,,,,,,
beef,hamburger meat,pip fruit,root vegetables,whole milk,butter milk,yogurt,whipped/sour cream,pasta,sugar,cereals,,,,,,,,,,,,,,,,,,,,,
pork,margarine,dishes,,,,,,,,,,,,,,,,,,,,,,,,,,,,,
tropical fruit,berries,herbs,rice,shopping bags,,,,,,,,,,,,,,,,,,,,,,,,,,,
sausage,chicken,whole milk,processed cheese,frozen vegetables,rolls/buns,rice,margarine,sugar,canned fruit,pickled vegetables,hygiene articles,,,,,,,,,,,,,,,,,,,,
pickled vegetables,bottled water,fruit/vegetable juice,newspapers,,,,,,,,,,,,,,,,,,,,,,,,,,,,
white bread,,,,,,,,,,,,,,,,,,,,,,,,,,,,,,,
frankfurter,bottled beer,,,,,,,,,,,,,,,,,,,,,,,,,,,,,,
tropical fruit,whole milk,curd,yogurt,rolls/buns,specialty bar,,,,,,,,,,,,,,,,,,,,,,,,,,
sausage,ham,pork,other vegetables,whole milk,dessert,whipped/sour cream,semi-finished bread,pudding powder,fruit/vegetable juice,salty snack,long life bakery product,,,,,,,,,,,,,,,,,,,,
frankfurter,sausage,liver loaf,beef,tropical fruit,pip fruit,root vegetables,onions,whole milk,butter,yogurt,whipped/sour cream,sliced cheese,cream cheese,frozen meals,frozen potato products,domestic eggs,rolls/buns,roll products,salt,rice,margarine,jam,coffee,long life bakery product,waffles,hygiene articles,,,,,
tropical fruit,root vegetables,whole milk,whipped/sour cream,frozen vegetables,domestic eggs,red/blush wine,,,,,,,,,,,,,,,,,,,,,,,,,
bottled water,soda,,,,,,,,,,,,,,,,,,,,,,,,,,,,,,
pork,pip fruit,root vegetables,other vegetables,curd,butter milk,margarine,newspapers,,,,,,,,,,,,,,,,,,,,,,,,
pip fruit,other vegetables,yogurt,whipped/sour cream,domestic eggs,brown bread,specialty vegetables,coffee,specialty chocolate,potted plants,,,,,,,,,,,,,,,,,,,,,,
specialty chocolate,,,,,,,,,,,,,,,,,,,,,,,,,,,,,,,
sausage,beef,tropical fruit,other vegetables,butter,yogurt,UHT-milk,condensed milk,sliced cheese,salt,soups,sweet spreads,newspapers,,,,,,,,,,,,,,,,,,,
hamburger meat,root vegetables,other vegetables,whole milk,soft cheese,house keeping products,newspapers,,,,,,,,,,,,,,,,,,,,,,,,,
tropical fruit,grapes,root vegetables,other vegetables,rolls/buns,tea,bottled beer,,,,,,,,,,,,,,,,,,,,,,,,,
pip fruit,,,,,,,,,,,,,,,,,,,,,,,,,,,,,,,
fruit/vegetable juice,seasonal products,,,,,,,,,,,,,,,,,,,,,,,,,,,,,,
whole milk,domestic eggs,oil,,,,,,,,,,,,,,,,,,,,,,,,,,,,,
long life bakery product,candy,,,,,,,,,,,,,,,,,,,,,,,,,,,,,,
frankfurter,whipped/sour cream,coffee,,,,,,,,,,,,,,,,,,,,,,,,,,,,,
soft cheese,rolls/buns,brown bread,syrup,newspapers,shopping bags,,,,,,,,,,,,,,,,,,,,,,,,,,
pip fruit,coffee,,,,,,,,,,,,,,,,,,,,,,,,,,,,,,
tropical fruit,root vegetables,rolls/buns,newspapers,,,,,,,,,,,,,,,,,,,,,,,,,,,,
whole milk,butter,yogurt,rolls/buns,candles,newspapers,,,,,,,,,,,,,,,,,,,,,,,,,,
bottled beer,,,,,,,,,,,,,,,,,,,,,,,,,,,,,,,
whole milk,curd,whipped/sour cream,,,,,,,,,,,,,,,,,,,,,,,,,,,,,
hamburger meat,condensed milk,pastry,fruit/vegetable juice,salty snack,candles,,,,,,,,,,,,,,,,,,,,,,,,,,
yogurt,UHT-milk,frozen dessert,bottled water,bottled beer,,,,,,,,,,,,,,,,,,,,,,,,,,,
bottled beer,,,,,,,,,,,,,,,,,,,,,,,,,,,,,,,
pickled vegetables,,,,,,,,,,,,,,,,,,,,,,,,,,,,,,,
chicken,beef,root vegetables,other vegetables,whole milk,whipped/sour cream,pasta,soda,,,,,,,,,,,,,,,,,,,,,,,,
frankfurter,chocolate,,,,,,,,,,,,,,,,,,,,,,,,,,,,,,
chicken,pork,other vegetables,UHT-milk,white bread,pastry,pasta,soda,specialty bar,,,,,,,,,,,,,,,,,,,,,,,
beef,root vegetables,other vegetables,whole milk,domestic eggs,rolls/buns,brown bread,soda,fruit/vegetable juice,red/blush wine,snack products,dishes,light bulbs,shopping bags,,,,,,,,,,,,,,,,,,
yogurt,canned vegetables,potted plants,,,,,,,,,,,,,,,,,,,,,,,,,,,,,
whole milk,frozen vegetables,frozen meals,cereals,bottled beer,,,,,,,,,,,,,,,,,,,,,,,,,,,
other vegetables,yogurt,whipped/sour cream,newspapers,,,,,,,,,,,,,,,,,,,,,,,,,,,,
fish,tropical fruit,pip fruit,berries,whole milk,curd,yogurt,whipped/sour cream,condensed milk,instant coffee,long life bakery product,cake bar,napkins,,,,,,,,,,,,,,,,,,,
citrus fruit,tropical fruit,pip fruit,root vegetables,onions,other vegetables,whole milk,yogurt,rolls/buns,brown bread,soda,fruit/vegetable juice,,,,,,,,,,,,,,,,,,,,
bottled water,,,,,,,,,,,,,,,,,,,,,,,,,,,,,,,
onions,,,,,,,,,,,,,,,,,,,,,,,,,,,,,,,
root vegetables,soda,red/blush wine,prosecco,waffles,,,,,,,,,,,,,,,,,,,,,,,,,,,
citrus fruit,tropical fruit,root vegetables,other vegetables,whole milk,,,,,,,,,,,,,,,,,,,,,,,,,,,
bottled beer,,,,,,,,,,,,,,,,,,,,,,,,,,,,,,,
roll products,dog food,soda,fruit/vegetable juice,bottled beer,napkins,,,,,,,,,,,,,,,,,,,,,,,,,,
butter milk,cream cheese,rolls/buns,misc. beverages,newspapers,,,,,,,,,,,,,,,,,,,,,,,,,,,
bottled beer,,,,,,,,,,,,,,,,,,,,,,,,,,,,,,,
chicken,other vegetables,frozen vegetables,canned beer,shopping bags,,,,,,,,,,,,,,,,,,,,,,,,,,,
butter,curd,,,,,,,,,,,,,,,,,,,,,,,,,,,,,,
bottled water,,,,,,,,,,,,,,,,,,,,,,,,,,,,,,,
hamburger meat,butter,zwieback,Instant food products,soda,misc. beverages,,,,,,,,,,,,,,,,,,,,,,,,,,
whipped/sour cream,domestic eggs,candles,,,,,,,,,,,,,,,,,,,,,,,,,,,,,
yogurt,bottled water,,,,,,,,,,,,,,,,,,,,,,,,,,,,,,
canned beer,,,,,,,,,,,,,,,,,,,,,,,,,,,,,,,
pork,root vegetables,herbs,other vegetables,whole milk,processed cheese,domestic eggs,margarine,fruit/vegetable juice,hygiene articles,,,,,,,,,,,,,,,,,,,,,,
rolls/buns,,,,,,,,,,,,,,,,,,,,,,,,,,,,,,,
citrus fruit,other vegetables,,,,,,,,,,,,,,,,,,,,,,,,,,,,,,
tropical fruit,fruit/vegetable juice,candy,,,,,,,,,,,,,,,,,,,,,,,,,,,,,
tropical fruit,packaged fruit/vegetables,,,,,,,,,,,,,,,,,,,,,,,,,,,,,,
ham,hamburger meat,whole milk,processed cheese,white bread,potato products,artif. sweetener,instant coffee,bottled water,soda,fruit/vegetable juice,salty snack,specialty bar,detergent,shopping bags,,,,,,,,,,,,,,,,,
bottled beer,shopping bags,,,,,,,,,,,,,,,,,,,,,,,,,,,,,,
other vegetables,UHT-milk,cream,,,,,,,,,,,,,,,,,,,,,,,,,,,,,
finished products,citrus fruit,tropical fruit,grapes,berries,root vegetables,other vegetables,whole milk,spread cheese,brown bread,pastry,potato products,fruit/vegetable juice,chocolate,potted plants,shopping bags,,,,,,,,,,,,,,,,
misc. beverages,,,,,,,,,,,,,,,,,,,,,,,,,,,,,,,
frankfurter,curd,frozen potato products,soda,dish cleaner,,,,,,,,,,,,,,,,,,,,,,,,,,,
citrus fruit,pip fruit,pickled vegetables,bottled water,newspapers,,,,,,,,,,,,,,,,,,,,,,,,,,,
bottled water,bottled beer,,,,,,,,,,,,,,,,,,,,,,,,,,,,,,
canned beer,chewing gum,,,,,,,,,,,,,,,,,,,,,,,,,,,,,,
hamburger meat,other vegetables,whole milk,spread cheese,soda,canned beer,chocolate,specialty bar,,,,,,,,,,,,,,,,,,,,,,,,
whipped/sour cream,rolls/buns,,,,,,,,,,,,,,,,,,,,,,,,,,,,,,
canned beer,,,,,,,,,,,,,,,,,,,,,,,,,,,,,,,
meat,root vegetables,other vegetables,yogurt,whipped/sour cream,hard cheese,frozen fruits,ice cream,domestic eggs,sweet spreads,long life bakery product,shopping bags,,,,,,,,,,,,,,,,,,,,
tropical fruit,berries,root vegetables,other vegetables,yogurt,cream cheese,rolls/buns,soda,shopping bags,,,,,,,,,,,,,,,,,,,,,,,
whole milk,butter,yogurt,beverages,dishes,,,,,,,,,,,,,,,,,,,,,,,,,,,
butter,sliced cheese,frozen meals,rolls/buns,brown bread,canned fruit,fruit/vegetable juice,long life bakery product,,,,,,,,,,,,,,,,,,,,,,,,
sausage,citrus fruit,butter,domestic eggs,rolls/buns,margarine,soda,,,,,,,,,,,,,,,,,,,,,,,,,
whole milk,brown bread,pastry,pasta,margarine,sugar,soda,canned beer,,,,,,,,,,,,,,,,,,,,,,,,
dog food,,,,,,,,,,,,,,,,,,,,,,,,,,,,,,,
salty snack,,,,,,,,,,,,,,,,,,,,,,,,,,,,,,,
root vegetables,whipped/sour cream,oil,pet care,,,,,,,,,,,,,,,,,,,,,,,,,,,,
other vegetables,cake bar,,,,,,,,,,,,,,,,,,,,,,,,,,,,,,
sausage,citrus fruit,other vegetables,whipped/sour cream,frozen vegetables,margarine,bottled beer,hygiene articles,,,,,,,,,,,,,,,,,,,,,,,,
organic sausage,turkey,tropical fruit,pip fruit,root vegetables,other vegetables,whole milk,dessert,butter milk,yogurt,cream cheese,processed cheese,white bread,sauces,bottled beer,waffles,candy,,,,,,,,,,,,,,,
frozen meals,canned fruit,,,,,,,,,,,,,,,,,,,,,,,,,,,,,,
mustard,,,,,,,,,,,,,,,,,,,,,,,,,,,,,,,
meat,pip fruit,dessert,processed cheese,domestic eggs,rolls/buns,white bread,brown bread,pastry,semi-finished bread,candy,cookware,,,,,,,,,,,,,,,,,,,,
pip fruit,yogurt,,,,,,,,,,,,,,,,,,,,,,,,,,,,,,
root vegetables,,,,,,,,,,,,,,,,,,,,,,,,,,,,,,,
whipped/sour cream,pastry,bottled water,,,,,,,,,,,,,,,,,,,,,,,,,,,,,
whole milk,canned beer,,,,,,,,,,,,,,,,,,,,,,,,,,,,,,
cream cheese,oil,canned beer,waffles,hygiene articles,candles,,,,,,,,,,,,,,,,,,,,,,,,,,
whole milk,brown bread,bottled beer,newspapers,,,,,,,,,,,,,,,,,,,,,,,,,,,,
sausage,hard cheese,rolls/buns,specialty fat,mustard,long life bakery product,seasonal products,napkins,dishes,,,,,,,,,,,,,,,,,,,,,,,
whole milk,coffee,,,,,,,,,,,,,,,,,,,,,,,,,,,,,,
soups,,,,,,,,,,,,,,,,,,,,,,,,,,,,,,,
canned beer,,,,,,,,,,,,,,,,,,,,,,,,,,,,,,,
meat,pork,tropical fruit,root vegetables,other vegetables,,,,,,,,,,,,,,,,,,,,,,,,,,,
cream cheese,rolls/buns,,,,,,,,,,,,,,,,,,,,,,,,,,,,,,
frankfurter,sausage,tropical fruit,root vegetables,whole milk,sliced cheese,frozen vegetables,mustard,pickled vegetables,salty snack,,,,,,,,,,,,,,,,,,,,,,
bottled water,,,,,,,,,,,,,,,,,,,,,,,,,,,,,,,
citrus fruit,curd,UHT-milk,,,,,,,,,,,,,,,,,,,,,,,,,,,,,
other vegetables,soft cheese,,,,,,,,,,,,,,,,,,,,,,,,,,,,,,
whole milk,rolls/buns,chewing gum,,,,,,,,,,,,,,,,,,,,,,,,,,,,,
sausage,yogurt,pastry,cat food,,,,,,,,,,,,,,,,,,,,,,,,,,,,
finished products,candy,,,,,,,,,,,,,,,,,,,,,,,,,,,,,,
skin care,napkins,,,,,,,,,,,,,,,,,,,,,,,,,,,,,,
bottled beer,,,,,,,,,,,,,,,,,,,,,,,,,,,,,,,
brown bread,canned beer,detergent,softener,,,,,,,,,,,,,,,,,,,,,,,,,,,,
liver loaf,root vegetables,onions,UHT-milk,cream cheese,soda,flower (seeds),,,,,,,,,,,,,,,,,,,,,,,,,
yogurt,fruit/vegetable juice,,,,,,,,,,,,,,,,,,,,,,,,,,,,,,
hamburger meat,tropical fruit,other vegetables,whole milk,butter,yogurt,whipped/sour cream,hard cheese,white bread,Instant food products,tea,soda,bottled beer,specialty bar,,,,,,,,,,,,,,,,,,
bottled beer,,,,,,,,,,,,,,,,,,,,,,,,,,,,,,,
pip fruit,soda,chewing gum,,,,,,,,,,,,,,,,,,,,,,,,,,,,,
tropical fruit,butter,rolls/buns,canned fish,dog food,shopping bags,,,,,,,,,,,,,,,,,,,,,,,,,,
dessert,,,,,,,,,,,,,,,,,,,,,,,,,,,,,,,
root vegetables,other vegetables,whole milk,frozen fish,honey,Instant food products,canned fish,dishes,,,,,,,,,,,,,,,,,,,,,,,,
cream cheese,instant coffee,salty snack,waffles,kitchen towels,shopping bags,,,,,,,,,,,,,,,,,,,,,,,,,,
canned beer,,,,,,,,,,,,,,,,,,,,,,,,,,,,,,,
canned beer,,,,,,,,,,,,,,,,,,,,,,,,,,,,,,,
sausage,yogurt,rolls/buns,,,,,,,,,,,,,,,,,,,,,,,,,,,,,
rolls/buns,pastry,sugar,,,,,,,,,,,,,,,,,,,,,,,,,,,,,
curd,soda,cake bar,,,,,,,,,,,,,,,,,,,,,,,,,,,,,
frankfurter,whole milk,butter,dessert,,,,,,,,,,,,,,,,,,,,,,,,,,,,
bottled water,,,,,,,,,,,,,,,,,,,,,,,,,,,,,,,
soda,,,,,,,,,,,,,,,,,,,,,,,,,,,,,,,
citrus fruit,specialty fat,,,,,,,,,,,,,,,,,,,,,,,,,,,,,,
frozen meals,,,,,,,,,,,,,,,,,,,,,,,,,,,,,,,
whipped/sour cream,frozen vegetables,frozen meals,,,,,,,,,,,,,,,,,,,,,,,,,,,,,
frankfurter,butter,brown bread,,,,,,,,,,,,,,,,,,,,,,,,,,,,,
bottled beer,liquor,,,,,,,,,,,,,,,,,,,,,,,,,,,,,,
instant coffee,photo/film,,,,,,,,,,,,,,,,,,,,,,,,,,,,,,
frankfurter,,,,,,,,,,,,,,,,,,,,,,,,,,,,,,,
curd,UHT-milk,bottled water,,,,,,,,,,,,,,,,,,,,,,,,,,,,,
citrus fruit,root vegetables,onions,whole milk,brown bread,,,,,,,,,,,,,,,,,,,,,,,,,,,
rolls/buns,soda,chewing gum,,,,,,,,,,,,,,,,,,,,,,,,,,,,,
bottled beer,,,,,,,,,,,,,,,,,,,,,,,,,,,,,,,
beverages,,,,,,,,,,,,,,,,,,,,,,,,,,,,,,,
pork,root vegetables,brown bread,pastry,,,,,,,,,,,,,,,,,,,,,,,,,,,,
sausage,pork,whole milk,pastry,,,,,,,,,,,,,,,,,,,,,,,,,,,,
hamburger meat,other vegetables,whole milk,cream,oil,sugar,baking powder,canned beer,baby cosmetics,,,,,,,,,,,,,,,,,,,,,,,
root vegetables,other vegetables,yogurt,rolls/buns,bottled water,chocolate,napkins,,,,,,,,,,,,,,,,,,,,,,,,,
dessert,brown bread,,,,,,,,,,,,,,,,,,,,,,,,,,,,,,
coffee,,,,,,,,,,,,,,,,,,,,,,,,,,,,,,,
pip fruit,condensed milk,sugar,coffee,bottled water,long life bakery product,,,,,,,,,,,,,,,,,,,,,,,,,,
sausage,other vegetables,salt,male cosmetics,newspapers,,,,,,,,,,,,,,,,,,,,,,,,,,,
whole milk,rolls/buns,syrup,,,,,,,,,,,,,,,,,,,,,,,,,,,,,
cookware,,,,,,,,,,,,,,,,,,,,,,,,,,,,,,,
sausage,beverages,rolls/buns,,,,,,,,,,,,,,,,,,,,,,,,,,,,,
butter,napkins,,,,,,,,,,,,,,,,,,,,,,,,,,,,,,
rolls/buns,pastry,coffee,,,,,,,,,,,,,,,,,,,,,,,,,,,,,
pasta,specialty chocolate,dishes,,,,,,,,,,,,,,,,,,,,,,,,,,,,,
semi-finished bread,bottled beer,liquor,,,,,,,,,,,,,,,,,,,,,,,,,,,,,
beef,spread cheese,domestic eggs,cat food,white wine,shopping bags,,,,,,,,,,,,,,,,,,,,,,,,,,
candy,,,,,,,,,,,,,,,,,,,,,,,,,,,,,,,
bottled water,,,,,,,,,,,,,,,,,,,,,,,,,,,,,,,
whole milk,white bread,pet care,bottled water,softener,,,,,,,,,,,,,,,,,,,,,,,,,,,
other vegetables,UHT-milk,semi-finished bread,margarine,canned vegetables,bottled water,cake bar,shopping bags,,,,,,,,,,,,,,,,,,,,,,,,
tropical fruit,yogurt,beverages,,,,,,,,,,,,,,,,,,,,,,,,,,,,,
yogurt,sugar,shopping bags,,,,,,,,,,,,,,,,,,,,,,,,,,,,,
pork,onions,domestic eggs,pastry,soda,shopping bags,,,,,,,,,,,,,,,,,,,,,,,,,,
whole milk,frozen vegetables,,,,,,,,,,,,,,,,,,,,,,,,,,,,,,
specialty bar,house keeping products,,,,,,,,,,,,,,,,,,,,,,,,,,,,,,
dessert,soda,,,,,,,,,,,,,,,,,,,,,,,,,,,,,,
pork,tropical fruit,hard cheese,margarine,soda,bottled beer,napkins,,,,,,,,,,,,,,,,,,,,,,,,,
cat food,white wine,,,,,,,,,,,,,,,,,,,,,,,,,,,,,,
whole milk,brown bread,margarine,soda,bottled beer,,,,,,,,,,,,,,,,,,,,,,,,,,,
other vegetables,rolls/buns,hair spray,,,,,,,,,,,,,,,,,,,,,,,,,,,,,
domestic eggs,,,,,,,,,,,,,,,,,,,,,,,,,,,,,,,
canned beer,,,,,,,,,,,,,,,,,,,,,,,,,,,,,,,
whole milk,,,,,,,,,,,,,,,,,,,,,,,,,,,,,,,
sausage,frozen vegetables,rolls/buns,soda,red/blush wine,,,,,,,,,,,,,,,,,,,,,,,,,,,
whipped/sour cream,margarine,long life bakery product,,,,,,,,,,,,,,,,,,,,,,,,,,,,,
tropical fruit,whipped/sour cream,jam,,,,,,,,,,,,,,,,,,,,,,,,,,,,,
pip fruit,soda,sparkling wine,,,,,,,,,,,,,,,,,,,,,,,,,,,,,
other vegetables,whole milk,frozen potato products,white bread,pastry,soda,fruit/vegetable juice,specialty bar,,,,,,,,,,,,,,,,,,,,,,,,
whole milk,,,,,,,,,,,,,,,,,,,,,,,,,,,,,,,
other vegetables,whole milk,mustard,prosecco,specialty chocolate,female sanitary products,,,,,,,,,,,,,,,,,,,,,,,,,,
sausage,other vegetables,dessert,yogurt,condensed milk,hard cheese,spread cheese,bottled water,fruit/vegetable juice,shopping bags,,,,,,,,,,,,,,,,,,,,,,
brown bread,soda,canned beer,napkins,shopping bags,,,,,,,,,,,,,,,,,,,,,,,,,,,
liquor (appetizer),,,,,,,,,,,,,,,,,,,,,,,,,,,,,,,
rolls/buns,meat spreads,,,,,,,,,,,,,,,,,,,,,,,,,,,,,,
bottled water,,,,,,,,,,,,,,,,,,,,,,,,,,,,,,,
citrus fruit,root vegetables,margarine,cat food,shopping bags,,,,,,,,,,,,,,,,,,,,,,,,,,,
whole milk,dessert,butter milk,yogurt,pastry,margarine,bottled water,soda,,,,,,,,,,,,,,,,,,,,,,,,
liver loaf,root vegetables,other vegetables,processed cheese,pastry,sugar,detergent,,,,,,,,,,,,,,,,,,,,,,,,,
pastry,long life bakery product,,,,,,,,,,,,,,,,,,,,,,,,,,,,,,
rolls/buns,brown bread,,,,,,,,,,,,,,,,,,,,,,,,,,,,,,
meat,chicken,root vegetables,onions,whole milk,soda,,,,,,,,,,,,,,,,,,,,,,,,,,
brown bread,pasta,oil,margarine,soda,newspapers,,,,,,,,,,,,,,,,,,,,,,,,,,
dessert,yogurt,,,,,,,,,,,,,,,,,,,,,,,,,,,,,,
coffee,,,,,,,,,,,,,,,,,,,,,,,,,,,,,,,
yogurt,rolls/buns,,,,,,,,,,,,,,,,,,,,,,,,,,,,,,
hamburger meat,other vegetables,pickled vegetables,,,,,,,,,,,,,,,,,,,,,,,,,,,,,
pork,tropical fruit,yogurt,frozen vegetables,rolls/buns,margarine,spices,,,,,,,,,,,,,,,,,,,,,,,,,
root vegetables,herbs,other vegetables,,,,,,,,,,,,,,,,,,,,,,,,,,,,,
bottled beer,,,,,,,,,,,,,,,,,,,,,,,,,,,,,,,
whole milk,butter,sugar,,,,,,,,,,,,,,,,,,,,,,,,,,,,,
white wine,,,,,,,,,,,,,,,,,,,,,,,,,,,,,,,
ice cream,sparkling wine,,,,,,,,,,,,,,,,,,,,,,,,,,,,,,
other vegetables,,,,,,,,,,,,,,,,,,,,,,,,,,,,,,,
beverages,photo/film,,,,,,,,,,,,,,,,,,,,,,,,,,,,,,
dessert,spread cheese,rolls/buns,brown bread,soda,canned beer,newspapers,,,,,,,,,,,,,,,,,,,,,,,,,
white wine,,,,,,,,,,,,,,,,,,,,,,,,,,,,,,,
dog food,canned beer,,,,,,,,,,,,,,,,,,,,,,,,,,,,,,
soda,,,,,,,,,,,,,,,,,,,,,,,,,,,,,,,
root vegetables,whole milk,hard cheese,specialty cheese,,,,,,,,,,,,,,,,,,,,,,,,,,,,
waffles,specialty chocolate,,,,,,,,,,,,,,,,,,,,,,,,,,,,,,
sausage,whole milk,yogurt,whipped/sour cream,pastry,fruit/vegetable juice,candy,,,,,,,,,,,,,,,,,,,,,,,,,
sausage,meat,yogurt,,,,,,,,,,,,,,,,,,,,,,,,,,,,,
whisky,,,,,,,,,,,,,,,,,,,,,,,,,,,,,,,
rubbing alcohol,,,,,,,,,,,,,,,,,,,,,,,,,,,,,,,
specialty chocolate,,,,,,,,,,,,,,,,,,,,,,,,,,,,,,,
nut snack,,,,,,,,,,,,,,,,,,,,,,,,,,,,,,,
pork,soda,fruit/vegetable juice,bottled beer,liquor,,,,,,,,,,,,,,,,,,,,,,,,,,,
chocolate,,,,,,,,,,,,,,,,,,,,,,,,,,,,,,,
beverages,rolls/buns,soda,seasonal products,,,,,,,,,,,,,,,,,,,,,,,,,,,,
sausage,whole milk,,,,,,,,,,,,,,,,,,,,,,,,,,,,,,
frankfurter,meat,butter milk,tidbits,domestic eggs,brown bread,sugar,pickled vegetables,,,,,,,,,,,,,,,,,,,,,,,,
whole milk,newspapers,,,,,,,,,,,,,,,,,,,,,,,,,,,,,,
beef,hamburger meat,root vegetables,other vegetables,butter,curd,dessert,yogurt,cream cheese,frozen meals,pastry,potato products,Instant food products,soda,napkins,house keeping products,newspapers,,,,,,,,,,,,,,,
pip fruit,soda,canned beer,,,,,,,,,,,,,,,,,,,,,,,,,,,,,
pip fruit,whipped/sour cream,hard cheese,bottled water,fruit/vegetable juice,,,,,,,,,,,,,,,,,,,,,,,,,,,
ice cream,rolls/buns,chocolate,,,,,,,,,,,,,,,,,,,,,,,,,,,,,
beef,,,,,,,,,,,,,,,,,,,,,,,,,,,,,,,
soda,,,,,,,,,,,,,,,,,,,,,,,,,,,,,,,
other vegetables,canned beer,,,,,,,,,,,,,,,,,,,,,,,,,,,,,,
root vegetables,herbs,other vegetables,whole milk,yogurt,whipped/sour cream,frozen vegetables,frozen fruits,baking powder,pickled vegetables,fruit/vegetable juice,sparkling wine,long life bakery product,shopping bags,,,,,,,,,,,,,,,,,,
canned beer,long life bakery product,,,,,,,,,,,,,,,,,,,,,,,,,,,,,,
sausage,,,,,,,,,,,,,,,,,,,,,,,,,,,,,,,
frozen meals,soda,specialty chocolate,,,,,,,,,,,,,,,,,,,,,,,,,,,,,
berries,brown bread,,,,,,,,,,,,,,,,,,,,,,,,,,,,,,
yogurt,beverages,soda,shopping bags,,,,,,,,,,,,,,,,,,,,,,,,,,,,
domestic eggs,waffles,napkins,,,,,,,,,,,,,,,,,,,,,,,,,,,,,
bottled beer,prosecco,,,,,,,,,,,,,,,,,,,,,,,,,,,,,,
chicken,tropical fruit,domestic eggs,white wine,,,,,,,,,,,,,,,,,,,,,,,,,,,,
canned beer,,,,,,,,,,,,,,,,,,,,,,,,,,,,,,,
frankfurter,tropical fruit,other vegetables,whole milk,butter,frozen meals,fruit/vegetable juice,,,,,,,,,,,,,,,,,,,,,,,,,
white wine,,,,,,,,,,,,,,,,,,,,,,,,,,,,,,,
fruit/vegetable juice,long life bakery product,newspapers,,,,,,,,,,,,,,,,,,,,,,,,,,,,,
other vegetables,brown bread,pastry,bottled water,canned beer,,,,,,,,,,,,,,,,,,,,,,,,,,,
other vegetables,whole milk,dessert,chewing gum,,,,,,,,,,,,,,,,,,,,,,,,,,,,
chocolate,specialty chocolate,,,,,,,,,,,,,,,,,,,,,,,,,,,,,,
frankfurter,whole milk,white bread,brown bread,,,,,,,,,,,,,,,,,,,,,,,,,,,,
processed cheese,white bread,sugar,cat food,soda,fruit/vegetable juice,candy,shopping bags,,,,,,,,,,,,,,,,,,,,,,,,
tropical fruit,dessert,yogurt,soda,candy,,,,,,,,,,,,,,,,,,,,,,,,,,,
whole milk,yogurt,pastry,sweet spreads,soda,,,,,,,,,,,,,,,,,,,,,,,,,,,
tropical fruit,whole milk,newspapers,shopping bags,,,,,,,,,,,,,,,,,,,,,,,,,,,,
other vegetables,,,,,,,,,,,,,,,,,,,,,,,,,,,,,,,
frankfurter,tropical fruit,pip fruit,dessert,beverages,domestic eggs,flour,margarine,Instant food products,canned fruit,jam,,,,,,,,,,,,,,,,,,,,,
meat,other vegetables,salty snack,,,,,,,,,,,,,,,,,,,,,,,,,,,,,
coffee,instant coffee,,,,,,,,,,,,,,,,,,,,,,,,,,,,,,
rolls/buns,pastry,,,,,,,,,,,,,,,,,,,,,,,,,,,,,,
ice cream,semi-finished bread,,,,,,,,,,,,,,,,,,,,,,,,,,,,,,
pip fruit,butter milk,UHT-milk,ice cream,rolls/buns,male cosmetics,newspapers,,,,,,,,,,,,,,,,,,,,,,,,,
soft cheese,ice cream,,,,,,,,,,,,,,,,,,,,,,,,,,,,,,
ice cream,bottled beer,prosecco,dishes,shopping bags,,,,,,,,,,,,,,,,,,,,,,,,,,,
root vegetables,other vegetables,white bread,baking powder,,,,,,,,,,,,,,,,,,,,,,,,,,,,
coffee,tea,,,,,,,,,,,,,,,,,,,,,,,,,,,,,,
ice cream,,,,,,,,,,,,,,,,,,,,,,,,,,,,,,,
pork,rolls/buns,,,,,,,,,,,,,,,,,,,,,,,,,,,,,,
misc. beverages,dishes,,,,,,,,,,,,,,,,,,,,,,,,,,,,,,
whole milk,meat spreads,fruit/vegetable juice,,,,,,,,,,,,,,,,,,,,,,,,,,,,,
onions,frozen meals,,,,,,,,,,,,,,,,,,,,,,,,,,,,,,
tropical fruit,other vegetables,UHT-milk,domestic eggs,potted plants,,,,,,,,,,,,,,,,,,,,,,,,,,,
ice cream,,,,,,,,,,,,,,,,,,,,,,,,,,,,,,,
meat,other vegetables,whole milk,hard cheese,fruit/vegetable juice,long life bakery product,,,,,,,,,,,,,,,,,,,,,,,,,,
whole milk,hard cheese,rolls/buns,bottled water,,,,,,,,,,,,,,,,,,,,,,,,,,,,
pip fruit,whole milk,,,,,,,,,,,,,,,,,,,,,,,,,,,,,,
oil,,,,,,,,,,,,,,,,,,,,,,,,,,,,,,,
frankfurter,tropical fruit,other vegetables,dessert,UHT-milk,cream cheese,brown bread,pastry,hygiene articles,,,,,,,,,,,,,,,,,,,,,,,
tropical fruit,whipped/sour cream,hygiene articles,,,,,,,,,,,,,,,,,,,,,,,,,,,,,
frozen vegetables,,,,,,,,,,,,,,,,,,,,,,,,,,,,,,,
pork,other vegetables,whole milk,frozen vegetables,brown bread,roll products,canned vegetables,sparkling wine,chocolate,dental care,,,,,,,,,,,,,,,,,,,,,,
tropical fruit,pip fruit,UHT-milk,cream cheese,pasta,sauces,baking powder,cat food,pet care,bottled water,bottled beer,salty snack,shopping bags,,,,,,,,,,,,,,,,,,,
whole milk,yogurt,domestic eggs,rolls/buns,fruit/vegetable juice,long life bakery product,specialty chocolate,specialty bar,,,,,,,,,,,,,,,,,,,,,,,,
sausage,tropical fruit,yogurt,frozen meals,cat food,bottled water,soda,bottled beer,waffles,,,,,,,,,,,,,,,,,,,,,,,
whole milk,brown bread,,,,,,,,,,,,,,,,,,,,,,,,,,,,,,
butter milk,brown bread,,,,,,,,,,,,,,,,,,,,,,,,,,,,,,
herbs,whole milk,curd,cat food,soda,,,,,,,,,,,,,,,,,,,,,,,,,,,
butter,spread cheese,ice cream,rolls/buns,soda,long life bakery product,chocolate,chocolate marshmallow,,,,,,,,,,,,,,,,,,,,,,,,
UHT-milk,sugar,coffee,canned beer,,,,,,,,,,,,,,,,,,,,,,,,,,,,
frankfurter,mayonnaise,margarine,mustard,ketchup,seasonal products,,,,,,,,,,,,,,,,,,,,,,,,,,
sausage,berries,sliced cheese,cream cheese,,,,,,,,,,,,,,,,,,,,,,,,,,,,
hamburger meat,berries,other vegetables,UHT-milk,hard cheese,processed cheese,canned vegetables,soda,waffles,specialty bar,newspapers,,,,,,,,,,,,,,,,,,,,,
tropical fruit,whole milk,newspapers,,,,,,,,,,,,,,,,,,,,,,,,,,,,,
softener,newspapers,,,,,,,,,,,,,,,,,,,,,,,,,,,,,,
root vegetables,,,,,,,,,,,,,,,,,,,,,,,,,,,,,,,
pip fruit,misc. beverages,chewing gum,specialty chocolate,shopping bags,,,,,,,,,,,,,,,,,,,,,,,,,,,
tropical fruit,pip fruit,root vegetables,onions,other vegetables,whole milk,whipped/sour cream,misc. beverages,fruit/vegetable juice,red/blush wine,salty snack,detergent,shopping bags,,,,,,,,,,,,,,,,,,,
newspapers,,,,,,,,,,,,,,,,,,,,,,,,,,,,,,,
frankfurter,beef,whole milk,,,,,,,,,,,,,,,,,,,,,,,,,,,,,
fish,UHT-milk,cream cheese,ice cream,,,,,,,,,,,,,,,,,,,,,,,,,,,,
chewing gum,specialty bar,,,,,,,,,,,,,,,,,,,,,,,,,,,,,,
canned beer,,,,,,,,,,,,,,,,,,,,,,,,,,,,,,,
dessert,,,,,,,,,,,,,,,,,,,,,,,,,,,,,,,
UHT-milk,domestic eggs,rolls/buns,fruit/vegetable juice,newspapers,,,,,,,,,,,,,,,,,,,,,,,,,,,
canned beer,,,,,,,,,,,,,,,,,,,,,,,,,,,,,,,
canned beer,,,,,,,,,,,,,,,,,,,,,,,,,,,,,,,
pip fruit,soda,,,,,,,,,,,,,,,,,,,,,,,,,,,,,,
whole milk,domestic eggs,,,,,,,,,,,,,,,,,,,,,,,,,,,,,,
canned beer,,,,,,,,,,,,,,,,,,,,,,,,,,,,,,,
canned beer,,,,,,,,,,,,,,,,,,,,,,,,,,,,,,,
frankfurter,hamburger meat,grapes,other vegetables,whole milk,butter milk,whipped/sour cream,mayonnaise,white bread,roll products,sauces,salty snack,waffles,chocolate,,,,,,,,,,,,,,,,,,
tropical fruit,root vegetables,onions,other vegetables,curd,whipped/sour cream,spread cheese,white bread,bottled water,soda,,,,,,,,,,,,,,,,,,,,,,
frankfurter,sausage,organic sausage,white bread,brown bread,waffles,chocolate,,,,,,,,,,,,,,,,,,,,,,,,,
tropical fruit,berries,root vegetables,butter,UHT-milk,bottled water,soda,,,,,,,,,,,,,,,,,,,,,,,,,
fruit/vegetable juice,potted plants,,,,,,,,,,,,,,,,,,,,,,,,,,,,,,
beef,whole milk,pastry,flour,pickled vegetables,,,,,,,,,,,,,,,,,,,,,,,,,,,
other vegetables,cream cheese,,,,,,,,,,,,,,,,,,,,,,,,,,,,,,
rolls/buns,,,,,,,,,,,,,,,,,,,,,,,,,,,,,,,
tropical fruit,root vegetables,whole milk,yogurt,whipped/sour cream,rolls/buns,margarine,sugar,Instant food products,bottled water,,,,,,,,,,,,,,,,,,,,,,
whole milk,sugar,cat food,,,,,,,,,,,,,,,,,,,,,,,,,,,,,
beef,rolls/buns,,,,,,,,,,,,,,,,,,,,,,,,,,,,,,
frankfurter,beef,other vegetables,cream cheese,domestic eggs,baking powder,salty snack,shopping bags,,,,,,,,,,,,,,,,,,,,,,,,
tropical fruit,bottled water,,,,,,,,,,,,,,,,,,,,,,,,,,,,,,
sausage,pork,white wine,,,,,,,,,,,,,,,,,,,,,,,,,,,,,
root vegetables,other vegetables,cream cheese,chocolate,,,,,,,,,,,,,,,,,,,,,,,,,,,,
chicken,hamburger meat,herbs,dessert,beverages,oil,soda,dish cleaner,,,,,,,,,,,,,,,,,,,,,,,,
whole milk,rolls/buns,bottled water,,,,,,,,,,,,,,,,,,,,,,,,,,,,,
citrus fruit,dessert,yogurt,UHT-milk,frozen vegetables,frozen fish,zwieback,spices,waffles,,,,,,,,,,,,,,,,,,,,,,,
other vegetables,whole milk,,,,,,,,,,,,,,,,,,,,,,,,,,,,,,
sausage,chicken,other vegetables,whole milk,whipped/sour cream,domestic eggs,rolls/buns,house keeping products,,,,,,,,,,,,,,,,,,,,,,,,
zwieback,cat food,dish cleaner,,,,,,,,,,,,,,,,,,,,,,,,,,,,,
tropical fruit,yogurt,UHT-milk,bottled water,soda,,,,,,,,,,,,,,,,,,,,,,,,,,,
root vegetables,rolls/buns,,,,,,,,,,,,,,,,,,,,,,,,,,,,,,
rolls/buns,margarine,bottled water,bottled beer,,,,,,,,,,,,,,,,,,,,,,,,,,,,
whole milk,yogurt,brown bread,chocolate,newspapers,,,,,,,,,,,,,,,,,,,,,,,,,,,
other vegetables,white bread,pickled vegetables,soda,shopping bags,,,,,,,,,,,,,,,,,,,,,,,,,,,
citrus fruit,pip fruit,other vegetables,whole milk,frozen vegetables,bottled water,,,,,,,,,,,,,,,,,,,,,,,,,,
frankfurter,whole milk,yogurt,frozen vegetables,coffee,bottled water,bottled beer,,,,,,,,,,,,,,,,,,,,,,,,,
soda,bottled beer,specialty bar,,,,,,,,,,,,,,,,,,,,,,,,,,,,,
citrus fruit,tropical fruit,pip fruit,other vegetables,curd,butter milk,UHT-milk,frozen meals,brown bread,semi-finished bread,spices,fruit/vegetable juice,hygiene articles,,,,,,,,,,,,,,,,,,,
tropical fruit,,,,,,,,,,,,,,,,,,,,,,,,,,,,,,,
rolls/buns,,,,,,,,,,,,,,,,,,,,,,,,,,,,,,,
citrus fruit,other vegetables,,,,,,,,,,,,,,,,,,,,,,,,,,,,,,
cream cheese,coffee,chocolate,candy,make up remover,shopping bags,,,,,,,,,,,,,,,,,,,,,,,,,,
citrus fruit,root vegetables,other vegetables,coffee,liquor,chocolate,candy,seasonal products,flower (seeds),shopping bags,,,,,,,,,,,,,,,,,,,,,,
frankfurter,citrus fruit,other vegetables,butter milk,yogurt,whipped/sour cream,rolls/buns,brown bread,pickled vegetables,canned fish,tea,,,,,,,,,,,,,,,,,,,,,
root vegetables,onions,whole milk,curd,yogurt,whipped/sour cream,soft cheese,cream cheese,curd cheese,frozen fish,rolls/buns,waffles,,,,,,,,,,,,,,,,,,,,
beef,,,,,,,,,,,,,,,,,,,,,,,,,,,,,,,
sausage,fish,curd,processed cheese,pastry,,,,,,,,,,,,,,,,,,,,,,,,,,,
pork,domestic eggs,soda,,,,,,,,,,,,,,,,,,,,,,,,,,,,,
artif. sweetener,,,,,,,,,,,,,,,,,,,,,,,,,,,,,,,
frankfurter,ham,tropical fruit,yogurt,curd cheese,frozen fish,zwieback,margarine,fruit/vegetable juice,,,,,,,,,,,,,,,,,,,,,,,
frankfurter,whole milk,white bread,margarine,bottled beer,detergent,potted plants,,,,,,,,,,,,,,,,,,,,,,,,,
whole milk,,,,,,,,,,,,,,,,,,,,,,,,,,,,,,,
pork,,,,,,,,,,,,,,,,,,,,,,,,,,,,,,,
condensed milk,margarine,fruit/vegetable juice,canned beer,,,,,,,,,,,,,,,,,,,,,,,,,,,,
frankfurter,sausage,rolls/buns,brown bread,soda,shopping bags,,,,,,,,,,,,,,,,,,,,,,,,,,
sausage,root vegetables,beverages,rolls/buns,soda,,,,,,,,,,,,,,,,,,,,,,,,,,,
dessert,,,,,,,,,,,,,,,,,,,,,,,,,,,,,,,
sausage,tropical fruit,whole milk,whipped/sour cream,specialty cheese,soda,skin care,,,,,,,,,,,,,,,,,,,,,,,,,
frankfurter,rolls/buns,bottled water,,,,,,,,,,,,,,,,,,,,,,,,,,,,,
chicken,pip fruit,other vegetables,butter,soft cheese,frozen vegetables,long life bakery product,candles,,,,,,,,,,,,,,,,,,,,,,,,
house keeping products,,,,,,,,,,,,,,,,,,,,,,,,,,,,,,,
canned beer,shopping bags,,,,,,,,,,,,,,,,,,,,,,,,,,,,,,
curd,semi-finished bread,baking powder,,,,,,,,,,,,,,,,,,,,,,,,,,,,,
sausage,yogurt,,,,,,,,,,,,,,,,,,,,,,,,,,,,,,
sausage,pip fruit,root vegetables,onions,whole milk,butter,dessert,soft cheese,cream cheese,specialty cheese,domestic eggs,salt,pasta,vinegar,oil,mustard,ketchup,canned vegetables,pickled vegetables,canned fish,instant coffee,tea,misc. beverages,bottled beer,white wine,chocolate,abrasive cleaner,hygiene articles,,,,
citrus fruit,root vegetables,other vegetables,,,,,,,,,,,,,,,,,,,,,,,,,,,,,
canned beer,,,,,,,,,,,,,,,,,,,,,,,,,,,,,,,
canned beer,,,,,,,,,,,,,,,,,,,,,,,,,,,,,,,
other vegetables,bottled beer,house keeping products,,,,,,,,,,,,,,,,,,,,,,,,,,,,,
pork,beef,root vegetables,other vegetables,whole milk,UHT-milk,frozen vegetables,rice,baking powder,dog food,soda,,,,,,,,,,,,,,,,,,,,,
beef,other vegetables,whipped/sour cream,newspapers,,,,,,,,,,,,,,,,,,,,,,,,,,,,
meat,pip fruit,other vegetables,brown bread,roll products,soda,,,,,,,,,,,,,,,,,,,,,,,,,,
whole milk,bottled water,,,,,,,,,,,,,,,,,,,,,,,,,,,,,,
chicken,frozen vegetables,frozen meals,frozen dessert,,,,,,,,,,,,,,,,,,,,,,,,,,,,
pork,beef,other vegetables,whipped/sour cream,waffles,chewing gum,,,,,,,,,,,,,,,,,,,,,,,,,,
chicken,curd,butter milk,UHT-milk,rolls/buns,fruit/vegetable juice,newspapers,,,,,,,,,,,,,,,,,,,,,,,,,
other vegetables,whole milk,yogurt,rolls/buns,,,,,,,,,,,,,,,,,,,,,,,,,,,,
hamburger meat,dessert,soda,fruit/vegetable juice,,,,,,,,,,,,,,,,,,,,,,,,,,,,
canned beer,,,,,,,,,,,,,,,,,,,,,,,,,,,,,,,
bottled water,canned beer,white wine,,,,,,,,,,,,,,,,,,,,,,,,,,,,,
pork,hamburger meat,tropical fruit,pip fruit,other vegetables,whipped/sour cream,beverages,white bread,,,,,,,,,,,,,,,,,,,,,,,,
sausage,rolls/buns,pastry,bottled water,,,,,,,,,,,,,,,,,,,,,,,,,,,,
turkey,pip fruit,other vegetables,whole milk,frozen vegetables,,,,,,,,,,,,,,,,,,,,,,,,,,,
whole milk,bottled beer,,,,,,,,,,,,,,,,,,,,,,,,,,,,,,
soda,,,,,,,,,,,,,,,,,,,,,,,,,,,,,,,
frankfurter,finished products,chicken,other vegetables,whole milk,curd,flour,pasta,salty snack,,,,,,,,,,,,,,,,,,,,,,,
other vegetables,whole milk,curd,yogurt,cream cheese,pastry,salty snack,,,,,,,,,,,,,,,,,,,,,,,,,
pip fruit,soda,bottled beer,canned beer,waffles,chocolate,,,,,,,,,,,,,,,,,,,,,,,,,,
other vegetables,butter,soda,bottled beer,liquor,rum,chocolate marshmallow,hygiene articles,newspapers,,,,,,,,,,,,,,,,,,,,,,,
condensed milk,rolls/buns,brown bread,coffee,bottled water,soda,,,,,,,,,,,,,,,,,,,,,,,,,,
ice cream,brown bread,,,,,,,,,,,,,,,,,,,,,,,,,,,,,,
chicken,whole milk,frozen meals,domestic eggs,brown bread,ketchup,dog food,misc. beverages,napkins,,,,,,,,,,,,,,,,,,,,,,,
UHT-milk,ice cream,bottled water,soda,shopping bags,,,,,,,,,,,,,,,,,,,,,,,,,,,
pastry,soda,,,,,,,,,,,,,,,,,,,,,,,,,,,,,,
citrus fruit,root vegetables,whole milk,yogurt,whipped/sour cream,condensed milk,rolls/buns,flour,long life bakery product,,,,,,,,,,,,,,,,,,,,,,,
chicken,citrus fruit,root vegetables,other vegetables,butter,sweet spreads,coffee,,,,,,,,,,,,,,,,,,,,,,,,,
citrus fruit,root vegetables,margarine,misc. beverages,long life bakery product,waffles,,,,,,,,,,,,,,,,,,,,,,,,,,
specialty chocolate,,,,,,,,,,,,,,,,,,,,,,,,,,,,,,,
other vegetables,whole milk,yogurt,,,,,,,,,,,,,,,,,,,,,,,,,,,,,
pork,root vegetables,whole milk,UHT-milk,frozen meals,softener,shopping bags,,,,,,,,,,,,,,,,,,,,,,,,,
soda,,,,,,,,,,,,,,,,,,,,,,,,,,,,,,,
sausage,whole milk,yogurt,hard cheese,domestic eggs,brown bread,salty snack,waffles,chocolate,newspapers,,,,,,,,,,,,,,,,,,,,,,
meat,chicken,citrus fruit,other vegetables,whole milk,yogurt,frozen vegetables,white bread,napkins,,,,,,,,,,,,,,,,,,,,,,,
rolls/buns,,,,,,,,,,,,,,,,,,,,,,,,,,,,,,,
chicken,hamburger meat,grapes,other vegetables,whipped/sour cream,brown bread,canned beer,sparkling wine,flower (seeds),,,,,,,,,,,,,,,,,,,,,,,
canned beer,,,,,,,,,,,,,,,,,,,,,,,,,,,,,,,
condensed milk,soda,,,,,,,,,,,,,,,,,,,,,,,,,,,,,,
margarine,long life bakery product,candles,,,,,,,,,,,,,,,,,,,,,,,,,,,,,
processed cheese,rolls/buns,soda,flower (seeds),,,,,,,,,,,,,,,,,,,,,,,,,,,,
soda,,,,,,,,,,,,,,,,,,,,,,,,,,,,,,,
pork,pip fruit,root vegetables,curd,yogurt,whipped/sour cream,UHT-milk,domestic eggs,salt,margarine,ketchup,,,,,,,,,,,,,,,,,,,,,
whipped/sour cream,,,,,,,,,,,,,,,,,,,,,,,,,,,,,,,
hard cheese,salt,canned vegetables,,,,,,,,,,,,,,,,,,,,,,,,,,,,,
pork,hamburger meat,other vegetables,whole milk,brown bread,margarine,bottled water,bottled beer,flower (seeds),,,,,,,,,,,,,,,,,,,,,,,
sausage,potted plants,,,,,,,,,,,,,,,,,,,,,,,,,,,,,,
other vegetables,curd cheese,,,,,,,,,,,,,,,,,,,,,,,,,,,,,,
Instant food products,long life bakery product,specialty chocolate,cling film/bags,house keeping products,,,,,,,,,,,,,,,,,,,,,,,,,,,
ham,tropical fruit,butter,cream cheese,domestic eggs,white bread,pastry,tea,fruit/vegetable juice,chocolate,shopping bags,,,,,,,,,,,,,,,,,,,,,
sausage,chicken,pork,root vegetables,other vegetables,whole milk,rolls/buns,fruit/vegetable juice,canned beer,,,,,,,,,,,,,,,,,,,,,,,
ham,tropical fruit,newspapers,,,,,,,,,,,,,,,,,,,,,,,,,,,,,
tropical fruit,rolls/buns,chocolate,chocolate marshmallow,newspapers,,,,,,,,,,,,,,,,,,,,,,,,,,,
canned beer,,,,,,,,,,,,,,,,,,,,,,,,,,,,,,,
whole milk,yogurt,bottled beer,,,,,,,,,,,,,,,,,,,,,,,,,,,,,
hamburger meat,berries,other vegetables,,,,,,,,,,,,,,,,,,,,,,,,,,,,,
organic sausage,other vegetables,liquor (appetizer),red/blush wine,,,,,,,,,,,,,,,,,,,,,,,,,,,,
sausage,beef,citrus fruit,tropical fruit,berries,root vegetables,whole milk,white bread,brown bread,fruit/vegetable juice,bottled beer,cling film/bags,,,,,,,,,,,,,,,,,,,,
root vegetables,other vegetables,whole milk,pastry,cling film/bags,shopping bags,,,,,,,,,,,,,,,,,,,,,,,,,,
ham,organic sausage,tropical fruit,pip fruit,onions,other vegetables,whole milk,butter,curd,yogurt,sliced cheese,salt,margarine,jam,bottled beer,chewing gum,abrasive cleaner,,,,,,,,,,,,,,,
pip fruit,frozen meals,ice cream,fruit/vegetable juice,,,,,,,,,,,,,,,,,,,,,,,,,,,,
other vegetables,white bread,soda,bottled beer,,,,,,,,,,,,,,,,,,,,,,,,,,,,
sugar,,,,,,,,,,,,,,,,,,,,,,,,,,,,,,,
condensed milk,pastry,female sanitary products,shopping bags,,,,,,,,,,,,,,,,,,,,,,,,,,,,
frankfurter,meat,pork,citrus fruit,yogurt,whipped/sour cream,frozen vegetables,frozen potato products,soda,,,,,,,,,,,,,,,,,,,,,,,
pork,tropical fruit,yogurt,white bread,fruit/vegetable juice,,,,,,,,,,,,,,,,,,,,,,,,,,,
citrus fruit,soda,misc. beverages,,,,,,,,,,,,,,,,,,,,,,,,,,,,,
house keeping products,,,,,,,,,,,,,,,,,,,,,,,,,,,,,,,
pip fruit,,,,,,,,,,,,,,,,,,,,,,,,,,,,,,,
beverages,UHT-milk,zwieback,misc. beverages,,,,,,,,,,,,,,,,,,,,,,,,,,,,
tropical fruit,pip fruit,berries,ice cream,white bread,,,,,,,,,,,,,,,,,,,,,,,,,,,
coffee,red/blush wine,,,,,,,,,,,,,,,,,,,,,,,,,,,,,,
frankfurter,sausage,onions,other vegetables,curd,dessert,condensed milk,soft cheese,rolls/buns,pastry,potato products,soda,rum,specialty chocolate,shopping bags,,,,,,,,,,,,,,,,,
light bulbs,,,,,,,,,,,,,,,,,,,,,,,,,,,,,,,
bottled water,soda,female sanitary products,,,,,,,,,,,,,,,,,,,,,,,,,,,,,
frankfurter,other vegetables,,,,,,,,,,,,,,,,,,,,,,,,,,,,,,
curd cheese,bottled beer,,,,,,,,,,,,,,,,,,,,,,,,,,,,,,
whole milk,cream cheese,roll products,napkins,dishes,cling film/bags,,,,,,,,,,,,,,,,,,,,,,,,,,
ham,tropical fruit,dog food,soda,canned beer,,,,,,,,,,,,,,,,,,,,,,,,,,,
chewing gum,,,,,,,,,,,,,,,,,,,,,,,,,,,,,,,
sausage,root vegetables,packaged fruit/vegetables,yogurt,frozen potato products,brown bread,soda,candy,,,,,,,,,,,,,,,,,,,,,,,,
other vegetables,condensed milk,coffee,detergent,,,,,,,,,,,,,,,,,,,,,,,,,,,,
whole milk,pastry,,,,,,,,,,,,,,,,,,,,,,,,,,,,,,
canned beer,,,,,,,,,,,,,,,,,,,,,,,,,,,,,,,
specialty chocolate,,,,,,,,,,,,,,,,,,,,,,,,,,,,,,,
frankfurter,sausage,tropical fruit,whole milk,yogurt,whipped/sour cream,white bread,flour,oil,soda,hygiene articles,,,,,,,,,,,,,,,,,,,,,
ham,whole milk,white bread,bottled beer,,,,,,,,,,,,,,,,,,,,,,,,,,,,
other vegetables,soft cheese,frozen meals,brown bread,canned fish,,,,,,,,,,,,,,,,,,,,,,,,,,,
canned beer,,,,,,,,,,,,,,,,,,,,,,,,,,,,,,,
beef,,,,,,,,,,,,,,,,,,,,,,,,,,,,,,,
other vegetables,yogurt,white bread,,,,,,,,,,,,,,,,,,,,,,,,,,,,,
sausage,yogurt,rolls/buns,,,,,,,,,,,,,,,,,,,,,,,,,,,,,
pork,newspapers,,,,,,,,,,,,,,,,,,,,,,,,,,,,,,
berries,other vegetables,yogurt,margarine,mustard,fruit/vegetable juice,detergent,,,,,,,,,,,,,,,,,,,,,,,,,
liver loaf,dessert,domestic eggs,soda,cleaner,shopping bags,,,,,,,,,,,,,,,,,,,,,,,,,,
chicken,other vegetables,,,,,,,,,,,,,,,,,,,,,,,,,,,,,,
dessert,long life bakery product,,,,,,,,,,,,,,,,,,,,,,,,,,,,,,
pork,beef,soda,canned beer,,,,,,,,,,,,,,,,,,,,,,,,,,,,
tropical fruit,pip fruit,whole milk,yogurt,frozen meals,rolls/buns,soda,candy,kitchen towels,,,,,,,,,,,,,,,,,,,,,,,
soda,misc. beverages,,,,,,,,,,,,,,,,,,,,,,,,,,,,,,
chicken,root vegetables,,,,,,,,,,,,,,,,,,,,,,,,,,,,,,
beverages,specialty bar,,,,,,,,,,,,,,,,,,,,,,,,,,,,,,
whole milk,bottled beer,rum,,,,,,,,,,,,,,,,,,,,,,,,,,,,,
semi-finished bread,bottled beer,liquor,,,,,,,,,,,,,,,,,,,,,,,,,,,,,
sausage,hamburger meat,whole milk,dessert,rolls/buns,specialty chocolate,detergent,,,,,,,,,,,,,,,,,,,,,,,,,
whole milk,whipped/sour cream,pastry,salty snack,long life bakery product,chewing gum,,,,,,,,,,,,,,,,,,,,,,,,,,
meat,tropical fruit,other vegetables,candy,,,,,,,,,,,,,,,,,,,,,,,,,,,,
soda,,,,,,,,,,,,,,,,,,,,,,,,,,,,,,,
sausage,hamburger meat,packaged fruit/vegetables,whole milk,processed cheese,frozen vegetables,rolls/buns,white bread,tea,long life bakery product,cling film/bags,photo/film,,,,,,,,,,,,,,,,,,,,
herbs,other vegetables,sliced cheese,cream cheese,salt,oil,margarine,fruit/vegetable juice,bottled beer,chewing gum,hygiene articles,,,,,,,,,,,,,,,,,,,,,
whole milk,butter milk,,,,,,,,,,,,,,,,,,,,,,,,,,,,,,
other vegetables,,,,,,,,,,,,,,,,,,,,,,,,,,,,,,,
whipped/sour cream,,,,,,,,,,,,,,,,,,,,,,,,,,,,,,,
grapes,root vegetables,whole milk,curd,whipped/sour cream,jam,,,,,,,,,,,,,,,,,,,,,,,,,,
other vegetables,whole milk,brown bread,cat food,chewing gum,napkins,,,,,,,,,,,,,,,,,,,,,,,,,,
whole milk,jam,canned fish,waffles,,,,,,,,,,,,,,,,,,,,,,,,,,,,
candy,,,,,,,,,,,,,,,,,,,,,,,,,,,,,,,
pork,other vegetables,curd,whipped/sour cream,brown bread,oil,sugar,ketchup,salty snack,,,,,,,,,,,,,,,,,,,,,,,
salty snack,,,,,,,,,,,,,,,,,,,,,,,,,,,,,,,
tropical fruit,root vegetables,whole milk,butter,chocolate,,,,,,,,,,,,,,,,,,,,,,,,,,,
frozen vegetables,,,,,,,,,,,,,,,,,,,,,,,,,,,,,,,
pastry,soda,,,,,,,,,,,,,,,,,,,,,,,,,,,,,,
pork,white bread,make up remover,napkins,,,,,,,,,,,,,,,,,,,,,,,,,,,,
sausage,rolls/buns,soda,,,,,,,,,,,,,,,,,,,,,,,,,,,,,
berries,pastry,seasonal products,shopping bags,,,,,,,,,,,,,,,,,,,,,,,,,,,,
curd,rolls/buns,long life bakery product,,,,,,,,,,,,,,,,,,,,,,,,,,,,,
coffee,soda,,,,,,,,,,,,,,,,,,,,,,,,,,,,,,
other vegetables,whole milk,rolls/buns,,,,,,,,,,,,,,,,,,,,,,,,,,,,,
frankfurter,other vegetables,whole milk,coffee,hygiene articles,,,,,,,,,,,,,,,,,,,,,,,,,,,
sausage,citrus fruit,whole milk,pastry,bottled water,soda,bottled beer,canned beer,,,,,,,,,,,,,,,,,,,,,,,,
ice cream,,,,,,,,,,,,,,,,,,,,,,,,,,,,,,,
frankfurter,soft cheese,rolls/buns,canned beer,,,,,,,,,,,,,,,,,,,,,,,,,,,,
ham,,,,,,,,,,,,,,,,,,,,,,,,,,,,,,,
root vegetables,yogurt,cat food,coffee,cling film/bags,,,,,,,,,,,,,,,,,,,,,,,,,,,
bottled water,,,,,,,,,,,,,,,,,,,,,,,,,,,,,,,
ham,yogurt,cling film/bags,,,,,,,,,,,,,,,,,,,,,,,,,,,,,
coffee,,,,,,,,,,,,,,,,,,,,,,,,,,,,,,,
canned beer,,,,,,,,,,,,,,,,,,,,,,,,,,,,,,,
pip fruit,whole milk,,,,,,,,,,,,,,,,,,,,,,,,,,,,,,
bottled beer,,,,,,,,,,,,,,,,,,,,,,,,,,,,,,,
fruit/vegetable juice,,,,,,,,,,,,,,,,,,,,,,,,,,,,,,,
pork,berries,onions,,,,,,,,,,,,,,,,,,,,,,,,,,,,,
tropical fruit,pip fruit,whole milk,flower soil/fertilizer,,,,,,,,,,,,,,,,,,,,,,,,,,,,
pip fruit,berries,yogurt,,,,,,,,,,,,,,,,,,,,,,,,,,,,,
pastry,,,,,,,,,,,,,,,,,,,,,,,,,,,,,,,
berries,butter,domestic eggs,soda,red/blush wine,,,,,,,,,,,,,,,,,,,,,,,,,,,
whole milk,margarine,,,,,,,,,,,,,,,,,,,,,,,,,,,,,,
UHT-milk,,,,,,,,,,,,,,,,,,,,,,,,,,,,,,,
root vegetables,whole milk,curd,,,,,,,,,,,,,,,,,,,,,,,,,,,,,
citrus fruit,whipped/sour cream,,,,,,,,,,,,,,,,,,,,,,,,,,,,,,
berries,whipped/sour cream,domestic eggs,,,,,,,,,,,,,,,,,,,,,,,,,,,,,
long life bakery product,,,,,,,,,,,,,,,,,,,,,,,,,,,,,,,
soda,,,,,,,,,,,,,,,,,,,,,,,,,,,,,,,
photo/film,,,,,,,,,,,,,,,,,,,,,,,,,,,,,,,
sausage,whole milk,canned beer,,,,,,,,,,,,,,,,,,,,,,,,,,,,,
citrus fruit,root vegetables,other vegetables,ice cream,,,,,,,,,,,,,,,,,,,,,,,,,,,,
root vegetables,whole milk,butter,rice,bottled water,soda,canned beer,white wine,specialty chocolate,detergent,decalcifier,candles,,,,,,,,,,,,,,,,,,,,
hard cheese,pasta,canned vegetables,canned fish,soda,,,,,,,,,,,,,,,,,,,,,,,,,,,
soda,nut snack,flower (seeds),,,,,,,,,,,,,,,,,,,,,,,,,,,,,
fruit/vegetable juice,hygiene articles,napkins,,,,,,,,,,,,,,,,,,,,,,,,,,,,,
whipped/sour cream,frozen vegetables,newspapers,,,,,,,,,,,,,,,,,,,,,,,,,,,,,
photo/film,,,,,,,,,,,,,,,,,,,,,,,,,,,,,,,
whole milk,margarine,soda,napkins,photo/film,,,,,,,,,,,,,,,,,,,,,,,,,,,
butter,curd,,,,,,,,,,,,,,,,,,,,,,,,,,,,,,
frozen fish,,,,,,,,,,,,,,,,,,,,,,,,,,,,,,,
chicken,packaged fruit/vegetables,butter,condensed milk,rolls/buns,,,,,,,,,,,,,,,,,,,,,,,,,,,
beverages,,,,,,,,,,,,,,,,,,,,,,,,,,,,,,,
pork,,,,,,,,,,,,,,,,,,,,,,,,,,,,,,,
whole milk,,,,,,,,,,,,,,,,,,,,,,,,,,,,,,,
other vegetables,frozen vegetables,domestic eggs,soda,canned beer,liquor,shopping bags,,,,,,,,,,,,,,,,,,,,,,,,,
coffee,,,,,,,,,,,,,,,,,,,,,,,,,,,,,,,
sausage,hamburger meat,tropical fruit,pip fruit,other vegetables,sliced cheese,hard cheese,frozen fish,rolls/buns,brown bread,pastry,sauces,organic products,canned fruit,popcorn,dental care,napkins,kitchen towels,,,,,,,,,,,,,,
soda,canned beer,chocolate,,,,,,,,,,,,,,,,,,,,,,,,,,,,,
whipped/sour cream,brown bread,,,,,,,,,,,,,,,,,,,,,,,,,,,,,,
sausage,tropical fruit,,,,,,,,,,,,,,,,,,,,,,,,,,,,,,
rolls/buns,specialty chocolate,,,,,,,,,,,,,,,,,,,,,,,,,,,,,,
citrus fruit,tropical fruit,onions,packaged fruit/vegetables,yogurt,napkins,,,,,,,,,,,,,,,,,,,,,,,,,,
whole milk,bottled beer,,,,,,,,,,,,,,,,,,,,,,,,,,,,,,
ham,pork,whole milk,yogurt,hard cheese,spread cheese,rolls/buns,white bread,brown bread,pastry,chocolate,abrasive cleaner,dental care,napkins,newspapers,shopping bags,,,,,,,,,,,,,,,,
soda,snack products,detergent,,,,,,,,,,,,,,,,,,,,,,,,,,,,,
tropical fruit,yogurt,soda,newspapers,shopping bags,,,,,,,,,,,,,,,,,,,,,,,,,,,
semi-finished bread,bottled beer,liquor,candy,,,,,,,,,,,,,,,,,,,,,,,,,,,,
citrus fruit,rolls/buns,specialty bar,,,,,,,,,,,,,,,,,,,,,,,,,,,,,
soda,fruit/vegetable juice,,,,,,,,,,,,,,,,,,,,,,,,,,,,,,
misc. beverages,,,,,,,,,,,,,,,,,,,,,,,,,,,,,,,
yogurt,specialty bar,,,,,,,,,,,,,,,,,,,,,,,,,,,,,,
meat,beef,root vegetables,other vegetables,butter,yogurt,frozen vegetables,frozen meals,coffee,long life bakery product,shopping bags,,,,,,,,,,,,,,,,,,,,,
frankfurter,onions,pickled vegetables,,,,,,,,,,,,,,,,,,,,,,,,,,,,,
pastry,,,,,,,,,,,,,,,,,,,,,,,,,,,,,,,
coffee,,,,,,,,,,,,,,,,,,,,,,,,,,,,,,,
pork,tropical fruit,pip fruit,processed cheese,spread cheese,curd cheese,bottled beer,,,,,,,,,,,,,,,,,,,,,,,,,
pork,citrus fruit,dessert,whipped/sour cream,cream cheese,salty snack,dishes,,,,,,,,,,,,,,,,,,,,,,,,,
ham,beef,tropical fruit,whole milk,curd,yogurt,rolls/buns,ready soups,cat food,,,,,,,,,,,,,,,,,,,,,,,
root vegetables,herbs,,,,,,,,,,,,,,,,,,,,,,,,,,,,,,
whole milk,yogurt,hard cheese,cream cheese,margarine,sugar,misc. beverages,detergent,dishes,,,,,,,,,,,,,,,,,,,,,,,
bottled beer,,,,,,,,,,,,,,,,,,,,,,,,,,,,,,,
bottled beer,,,,,,,,,,,,,,,,,,,,,,,,,,,,,,,
meat,rolls/buns,,,,,,,,,,,,,,,,,,,,,,,,,,,,,,
dessert,bottled beer,candy,,,,,,,,,,,,,,,,,,,,,,,,,,,,,
dessert,pastry,canned beer,,,,,,,,,,,,,,,,,,,,,,,,,,,,,
other vegetables,whole milk,yogurt,bottled water,liquor (appetizer),,,,,,,,,,,,,,,,,,,,,,,,,,,
frankfurter,citrus fruit,grapes,rolls/buns,pastry,fruit/vegetable juice,chocolate,candy,shopping bags,,,,,,,,,,,,,,,,,,,,,,,
citrus fruit,grapes,whipped/sour cream,flour,margarine,sugar,soups,baking powder,long life bakery product,waffles,chocolate,specialty bar,dish cleaner,female sanitary products,cling film/bags,,,,,,,,,,,,,,,,,
pastry,cake bar,,,,,,,,,,,,,,,,,,,,,,,,,,,,,,
sausage,pork,citrus fruit,bottled water,soda,misc. beverages,canned beer,red/blush wine,,,,,,,,,,,,,,,,,,,,,,,,
bottled water,,,,,,,,,,,,,,,,,,,,,,,,,,,,,,,
meat,root vegetables,whole milk,butter,processed cheese,domestic eggs,bottled water,soda,hygiene articles,,,,,,,,,,,,,,,,,,,,,,,
beef,tropical fruit,whole milk,beverages,frozen vegetables,,,,,,,,,,,,,,,,,,,,,,,,,,,
frankfurter,meat,pork,beef,berries,other vegetables,whole milk,domestic eggs,Instant food products,coffee,skin care,,,,,,,,,,,,,,,,,,,,,
yogurt,soft cheese,rolls/buns,specialty bar,,,,,,,,,,,,,,,,,,,,,,,,,,,,
chicken,other vegetables,whole milk,frozen vegetables,rolls/buns,pastry,,,,,,,,,,,,,,,,,,,,,,,,,,
tropical fruit,other vegetables,yogurt,,,,,,,,,,,,,,,,,,,,,,,,,,,,,
rolls/buns,,,,,,,,,,,,,,,,,,,,,,,,,,,,,,,
candy,,,,,,,,,,,,,,,,,,,,,,,,,,,,,,,
butter milk,salt,vinegar,cat food,,,,,,,,,,,,,,,,,,,,,,,,,,,,
frankfurter,beef,other vegetables,whole milk,domestic eggs,rolls/buns,,,,,,,,,,,,,,,,,,,,,,,,,,
frankfurter,butter milk,rolls/buns,coffee,,,,,,,,,,,,,,,,,,,,,,,,,,,,
sausage,liver loaf,whole milk,cream cheese,rolls/buns,salt,,,,,,,,,,,,,,,,,,,,,,,,,,
specialty bar,,,,,,,,,,,,,,,,,,,,,,,,,,,,,,,
chicken,other vegetables,oil,,,,,,,,,,,,,,,,,,,,,,,,,,,,,
whole milk,newspapers,,,,,,,,,,,,,,,,,,,,,,,,,,,,,,
rolls/buns,,,,,,,,,,,,,,,,,,,,,,,,,,,,,,,
bottled water,soda,misc. beverages,flower soil/fertilizer,,,,,,,,,,,,,,,,,,,,,,,,,,,,
nuts/prunes,,,,,,,,,,,,,,,,,,,,,,,,,,,,,,,
packaged fruit/vegetables,frozen fish,napkins,,,,,,,,,,,,,,,,,,,,,,,,,,,,,
pip fruit,whole milk,yogurt,pastry,seasonal products,male cosmetics,,,,,,,,,,,,,,,,,,,,,,,,,,
soda,napkins,,,,,,,,,,,,,,,,,,,,,,,,,,,,,,
liver loaf,rolls/buns,soda,,,,,,,,,,,,,,,,,,,,,,,,,,,,,
tropical fruit,whole milk,butter milk,brown bread,shopping bags,,,,,,,,,,,,,,,,,,,,,,,,,,,
sausage,hamburger meat,tropical fruit,whole milk,sliced cheese,rolls/buns,oil,Instant food products,soda,,,,,,,,,,,,,,,,,,,,,,,
whipped/sour cream,domestic eggs,salt,sugar,canned vegetables,soda,canned beer,dish cleaner,hygiene articles,shopping bags,,,,,,,,,,,,,,,,,,,,,,
chicken,whole milk,,,,,,,,,,,,,,,,,,,,,,,,,,,,,,
bottled water,soda,,,,,,,,,,,,,,,,,,,,,,,,,,,,,,
pork,hygiene articles,,,,,,,,,,,,,,,,,,,,,,,,,,,,,,
ice cream,brown bread,bottled water,soda,,,,,,,,,,,,,,,,,,,,,,,,,,,,
pork,brown bread,bottled water,soda,,,,,,,,,,,,,,,,,,,,,,,,,,,,
sausage,citrus fruit,yogurt,detergent,soap,,,,,,,,,,,,,,,,,,,,,,,,,,,
rolls/buns,bottled water,canned beer,newspapers,,,,,,,,,,,,,,,,,,,,,,,,,,,,
yogurt,,,,,,,,,,,,,,,,,,,,,,,,,,,,,,,
pork,root vegetables,other vegetables,,,,,,,,,,,,,,,,,,,,,,,,,,,,,
soda,,,,,,,,,,,,,,,,,,,,,,,,,,,,,,,
hamburger meat,tropical fruit,pip fruit,grapes,berries,packaged fruit/vegetables,whipped/sour cream,coffee,cake bar,shopping bags,,,,,,,,,,,,,,,,,,,,,,
frankfurter,other vegetables,whole milk,curd,frozen fish,domestic eggs,margarine,tea,bottled beer,canned beer,,,,,,,,,,,,,,,,,,,,,,
whipped/sour cream,,,,,,,,,,,,,,,,,,,,,,,,,,,,,,,
fish,coffee,,,,,,,,,,,,,,,,,,,,,,,,,,,,,,
other vegetables,butter milk,cream cheese,rolls/buns,,,,,,,,,,,,,,,,,,,,,,,,,,,,
sausage,rolls/buns,specialty chocolate,,,,,,,,,,,,,,,,,,,,,,,,,,,,,
citrus fruit,tropical fruit,butter milk,yogurt,rolls/buns,,,,,,,,,,,,,,,,,,,,,,,,,,,
sausage,rolls/buns,fruit/vegetable juice,,,,,,,,,,,,,,,,,,,,,,,,,,,,,
soda,specialty bar,,,,,,,,,,,,,,,,,,,,,,,,,,,,,,
domestic eggs,soda,hygiene articles,,,,,,,,,,,,,,,,,,,,,,,,,,,,,
citrus fruit,instant coffee,fruit/vegetable juice,canned beer,chocolate,candy,house keeping products,shopping bags,,,,,,,,,,,,,,,,,,,,,,,,
citrus fruit,butter,,,,,,,,,,,,,,,,,,,,,,,,,,,,,,
pip fruit,whole milk,newspapers,,,,,,,,,,,,,,,,,,,,,,,,,,,,,
canned beer,,,,,,,,,,,,,,,,,,,,,,,,,,,,,,,
sausage,other vegetables,butter,pastry,soda,dishes,,,,,,,,,,,,,,,,,,,,,,,,,,
beef,root vegetables,,,,,,,,,,,,,,,,,,,,,,,,,,,,,,
whipped/sour cream,curd cheese,specialty chocolate,abrasive cleaner,,,,,,,,,,,,,,,,,,,,,,,,,,,,
chocolate,,,,,,,,,,,,,,,,,,,,,,,,,,,,,,,
salty snack,newspapers,photo/film,,,,,,,,,,,,,,,,,,,,,,,,,,,,,
soda,canned beer,,,,,,,,,,,,,,,,,,,,,,,,,,,,,,
bottled beer,canned beer,,,,,,,,,,,,,,,,,,,,,,,,,,,,,,
citrus fruit,dessert,seasonal products,,,,,,,,,,,,,,,,,,,,,,,,,,,,,
grapes,whole milk,ice cream,bottled water,chocolate,,,,,,,,,,,,,,,,,,,,,,,,,,,
shopping bags,,,,,,,,,,,,,,,,,,,,,,,,,,,,,,,
seasonal products,,,,,,,,,,,,,,,,,,,,,,,,,,,,,,,
yogurt,soda,,,,,,,,,,,,,,,,,,,,,,,,,,,,,,
pastry,soda,specialty bar,,,,,,,,,,,,,,,,,,,,,,,,,,,,,
onions,other vegetables,specialty cheese,bottled water,shopping bags,,,,,,,,,,,,,,,,,,,,,,,,,,,
liver loaf,whole milk,yogurt,frozen potato products,domestic eggs,rolls/buns,misc. beverages,,,,,,,,,,,,,,,,,,,,,,,,,
frozen meals,,,,,,,,,,,,,,,,,,,,,,,,,,,,,,,
potted plants,shopping bags,,,,,,,,,,,,,,,,,,,,,,,,,,,,,,
sausage,beef,root vegetables,other vegetables,curd,cereals,soda,waffles,,,,,,,,,,,,,,,,,,,,,,,,
shopping bags,,,,,,,,,,,,,,,,,,,,,,,,,,,,,,,
berries,soda,,,,,,,,,,,,,,,,,,,,,,,,,,,,,,
tropical fruit,,,,,,,,,,,,,,,,,,,,,,,,,,,,,,,
rolls/buns,,,,,,,,,,,,,,,,,,,,,,,,,,,,,,,
tropical fruit,soda,,,,,,,,,,,,,,,,,,,,,,,,,,,,,,
potted plants,,,,,,,,,,,,,,,,,,,,,,,,,,,,,,,
chicken,whole milk,,,,,,,,,,,,,,,,,,,,,,,,,,,,,,
citrus fruit,tropical fruit,root vegetables,other vegetables,whole milk,specialty cheese,canned vegetables,,,,,,,,,,,,,,,,,,,,,,,,,
misc. beverages,,,,,,,,,,,,,,,,,,,,,,,,,,,,,,,
other vegetables,whole milk,pastry,margarine,coffee,shopping bags,,,,,,,,,,,,,,,,,,,,,,,,,,
pork,herbs,whole milk,yogurt,whipped/sour cream,frozen vegetables,oil,liquor (appetizer),,,,,,,,,,,,,,,,,,,,,,,,
cereals,pet care,salty snack,shopping bags,,,,,,,,,,,,,,,,,,,,,,,,,,,,
dish cleaner,,,,,,,,,,,,,,,,,,,,,,,,,,,,,,,
pork,butter,soda,hygiene articles,,,,,,,,,,,,,,,,,,,,,,,,,,,,
yogurt,long life bakery product,,,,,,,,,,,,,,,,,,,,,,,,,,,,,,
sausage,berries,packaged fruit/vegetables,specialty fat,,,,,,,,,,,,,,,,,,,,,,,,,,,,
tropical fruit,other vegetables,whole milk,dessert,white bread,bottled water,misc. beverages,cake bar,,,,,,,,,,,,,,,,,,,,,,,,
cream cheese,rolls/buns,,,,,,,,,,,,,,,,,,,,,,,,,,,,,,
whole milk,,,,,,,,,,,,,,,,,,,,,,,,,,,,,,,
other vegetables,,,,,,,,,,,,,,,,,,,,,,,,,,,,,,,
chicken,citrus fruit,tropical fruit,grapes,other vegetables,whole milk,yogurt,domestic eggs,flour,oil,coffee,fruit/vegetable juice,,,,,,,,,,,,,,,,,,,,
waffles,,,,,,,,,,,,,,,,,,,,,,,,,,,,,,,
berries,whole milk,butter,whipped/sour cream,domestic eggs,flour,meat spreads,canned fish,bottled water,liquor,shopping bags,,,,,,,,,,,,,,,,,,,,,
canned beer,specialty bar,,,,,,,,,,,,,,,,,,,,,,,,,,,,,,
domestic eggs,chocolate marshmallow,newspapers,,,,,,,,,,,,,,,,,,,,,,,,,,,,,
whole milk,dessert,pastry,long life bakery product,,,,,,,,,,,,,,,,,,,,,,,,,,,,
beef,citrus fruit,pip fruit,,,,,,,,,,,,,,,,,,,,,,,,,,,,,
coffee,,,,,,,,,,,,,,,,,,,,,,,,,,,,,,,
beverages,,,,,,,,,,,,,,,,,,,,,,,,,,,,,,,
fish,other vegetables,packaged fruit/vegetables,cat food,pet care,coffee,bottled water,red/blush wine,,,,,,,,,,,,,,,,,,,,,,,,
whole milk,rolls/buns,pastry,,,,,,,,,,,,,,,,,,,,,,,,,,,,,
meat,chicken,pork,hamburger meat,citrus fruit,onions,other vegetables,yogurt,UHT-milk,spread cheese,domestic eggs,rolls/buns,margarine,bottled water,canned beer,female sanitary products,shopping bags,,,,,,,,,,,,,,,
rolls/buns,soda,,,,,,,,,,,,,,,,,,,,,,,,,,,,,,
whole milk,ice cream,soda,,,,,,,,,,,,,,,,,,,,,,,,,,,,,
pastry,bottled beer,liquor,red/blush wine,,,,,,,,,,,,,,,,,,,,,,,,,,,,
yogurt,frozen meals,soda,,,,,,,,,,,,,,,,,,,,,,,,,,,,,
ham,tropical fruit,butter,yogurt,processed cheese,white bread,soda,fruit/vegetable juice,specialty bar,,,,,,,,,,,,,,,,,,,,,,,
sausage,tropical fruit,berries,whole milk,butter,dessert,pastry,soda,fruit/vegetable juice,long life bakery product,chewing gum,hygiene articles,,,,,,,,,,,,,,,,,,,,
pork,beef,citrus fruit,root vegetables,herbs,other vegetables,roll products,bottled water,bottled beer,specialty chocolate,,,,,,,,,,,,,,,,,,,,,,
citrus fruit,,,,,,,,,,,,,,,,,,,,,,,,,,,,,,,
brown bread,meat spreads,bottled water,fruit/vegetable juice,,,,,,,,,,,,,,,,,,,,,,,,,,,,
whipped/sour cream,,,,,,,,,,,,,,,,,,,,,,,,,,,,,,,
soda,cake bar,candy,,,,,,,,,,,,,,,,,,,,,,,,,,,,,
ham,finished products,whipped/sour cream,hard cheese,pasta,,,,,,,,,,,,,,,,,,,,,,,,,,,
pork,tropical fruit,soda,canned beer,liquor (appetizer),newspapers,,,,,,,,,,,,,,,,,,,,,,,,,,
canned vegetables,bottled water,,,,,,,,,,,,,,,,,,,,,,,,,,,,,,
sausage,pip fruit,other vegetables,hard cheese,brown bread,oil,hygiene articles,,,,,,,,,,,,,,,,,,,,,,,,,
domestic eggs,canned beer,,,,,,,,,,,,,,,,,,,,,,,,,,,,,,
citrus fruit,tropical fruit,yogurt,frozen fish,rolls/buns,canned vegetables,soda,fruit/vegetable juice,red/blush wine,chocolate,candy,seasonal products,hygiene articles,,,,,,,,,,,,,,,,,,,
beef,root vegetables,hygiene articles,,,,,,,,,,,,,,,,,,,,,,,,,,,,,
yogurt,seasonal products,,,,,,,,,,,,,,,,,,,,,,,,,,,,,,
sausage,pork,root vegetables,other vegetables,whole milk,butter,yogurt,whipped/sour cream,sliced cheese,zwieback,sugar,coffee,,,,,,,,,,,,,,,,,,,,
tropical fruit,seasonal products,,,,,,,,,,,,,,,,,,,,,,,,,,,,,,
chicken,pork,beef,other vegetables,salt,bottled water,,,,,,,,,,,,,,,,,,,,,,,,,,
other vegetables,whole milk,yogurt,rolls/buns,ketchup,canned vegetables,napkins,photo/film,,,,,,,,,,,,,,,,,,,,,,,,
frankfurter,turkey,tropical fruit,grapes,root vegetables,other vegetables,whole milk,frozen vegetables,frozen meals,frozen potato products,pastry,pickled vegetables,sweet spreads,soda,misc. beverages,salty snack,cake bar,chocolate,detergent,house keeping products,,,,,,,,,,,,
pet care,,,,,,,,,,,,,,,,,,,,,,,,,,,,,,,
misc. beverages,,,,,,,,,,,,,,,,,,,,,,,,,,,,,,,
brown bread,,,,,,,,,,,,,,,,,,,,,,,,,,,,,,,
tropical fruit,yogurt,beverages,rolls/buns,waffles,specialty chocolate,shopping bags,,,,,,,,,,,,,,,,,,,,,,,,,
citrus fruit,root vegetables,yogurt,hard cheese,fruit/vegetable juice,,,,,,,,,,,,,,,,,,,,,,,,,,,
sausage,other vegetables,rolls/buns,brown bread,margarine,sugar,bottled water,canned beer,shopping bags,,,,,,,,,,,,,,,,,,,,,,,
frankfurter,citrus fruit,tropical fruit,whole milk,white bread,chewing gum,,,,,,,,,,,,,,,,,,,,,,,,,,
chocolate,potted plants,shopping bags,,,,,,,,,,,,,,,,,,,,,,,,,,,,,
chicken,pip fruit,root vegetables,herbs,whole milk,frozen vegetables,domestic eggs,,,,,,,,,,,,,,,,,,,,,,,,,
hamburger meat,tropical fruit,root vegetables,other vegetables,yogurt,whipped/sour cream,cream cheese,rolls/buns,baking powder,,,,,,,,,,,,,,,,,,,,,,,
meat,turkey,hamburger meat,citrus fruit,pip fruit,whole milk,butter,yogurt,specialty cheese,rolls/buns,brown bread,Instant food products,bottled beer,specialty chocolate,newspapers,,,,,,,,,,,,,,,,,
detergent,softener,shopping bags,,,,,,,,,,,,,,,,,,,,,,,,,,,,,
citrus fruit,whole milk,potted plants,,,,,,,,,,,,,,,,,,,,,,,,,,,,,
waffles,,,,,,,,,,,,,,,,,,,,,,,,,,,,,,,
whole milk,yogurt,rolls/buns,soups,coffee,,,,,,,,,,,,,,,,,,,,,,,,,,,
frankfurter,sausage,hamburger meat,pip fruit,other vegetables,whole milk,dessert,frozen meals,domestic eggs,soda,,,,,,,,,,,,,,,,,,,,,,
citrus fruit,tropical fruit,yogurt,rolls/buns,red/blush wine,,,,,,,,,,,,,,,,,,,,,,,,,,,
pork,root vegetables,whole milk,pickled vegetables,coffee,,,,,,,,,,,,,,,,,,,,,,,,,,,
citrus fruit,berries,whole milk,butter milk,whipped/sour cream,frozen vegetables,mustard,baking powder,soda,fruit/vegetable juice,liquor (appetizer),nut snack,cooking chocolate,,,,,,,,,,,,,,,,,,,
whole milk,,,,,,,,,,,,,,,,,,,,,,,,,,,,,,,
tropical fruit,berries,other vegetables,whole milk,butter,yogurt,cream cheese,brown bread,,,,,,,,,,,,,,,,,,,,,,,,
hamburger meat,whole milk,white bread,brown bread,sugar,fruit/vegetable juice,,,,,,,,,,,,,,,,,,,,,,,,,,
citrus fruit,whole milk,butter milk,UHT-milk,domestic eggs,rolls/buns,semi-finished bread,margarine,bottled water,,,,,,,,,,,,,,,,,,,,,,,
red/blush wine,specialty bar,,,,,,,,,,,,,,,,,,,,,,,,,,,,,,
other vegetables,whole milk,white bread,,,,,,,,,,,,,,,,,,,,,,,,,,,,,
whole milk,roll products,semi-finished bread,margarine,pet care,instant coffee,soda,bottled beer,salty snack,popcorn,long life bakery product,,,,,,,,,,,,,,,,,,,,,
frankfurter,whole milk,bottled water,,,,,,,,,,,,,,,,,,,,,,,,,,,,,
soda,,,,,,,,,,,,,,,,,,,,,,,,,,,,,,,
pip fruit,yogurt,soft cheese,brown bread,seasonal products,,,,,,,,,,,,,,,,,,,,,,,,,,,
condensed milk,rolls/buns,sugar,cat food,,,,,,,,,,,,,,,,,,,,,,,,,,,,
soda,long life bakery product,shopping bags,,,,,,,,,,,,,,,,,,,,,,,,,,,,,
pork,other vegetables,rolls/buns,,,,,,,,,,,,,,,,,,,,,,,,,,,,,
sausage,ham,root vegetables,other vegetables,soft cheese,sliced cheese,mustard,specialty vegetables,bottled beer,rum,long life bakery product,,,,,,,,,,,,,,,,,,,,,
sausage,citrus fruit,pip fruit,whole milk,butter milk,,,,,,,,,,,,,,,,,,,,,,,,,,,
other vegetables,butter,sliced cheese,cream cheese,rolls/buns,margarine,soda,misc. beverages,,,,,,,,,,,,,,,,,,,,,,,,
pork,beef,root vegetables,other vegetables,whole milk,domestic eggs,rice,sugar,fruit/vegetable juice,bottled beer,abrasive cleaner,soap,newspapers,,,,,,,,,,,,,,,,,,,
pip fruit,root vegetables,herbs,whole milk,curd,yogurt,canned fish,potted plants,,,,,,,,,,,,,,,,,,,,,,,,
packaged fruit/vegetables,whole milk,beverages,rolls/buns,napkins,,,,,,,,,,,,,,,,,,,,,,,,,,,
other vegetables,whole milk,curd,domestic eggs,hygiene articles,,,,,,,,,,,,,,,,,,,,,,,,,,,
sausage,citrus fruit,onions,other vegetables,whole milk,sliced cheese,cream cheese,salt,newspapers,,,,,,,,,,,,,,,,,,,,,,,
canned vegetables,newspapers,,,,,,,,,,,,,,,,,,,,,,,,,,,,,,
tropical fruit,yogurt,white bread,soda,fruit/vegetable juice,candy,napkins,,,,,,,,,,,,,,,,,,,,,,,,,
rolls/buns,canned beer,,,,,,,,,,,,,,,,,,,,,,,,,,,,,,
frankfurter,hamburger meat,root vegetables,other vegetables,whole milk,curd,sliced cheese,processed cheese,frozen meals,ice cream,domestic eggs,bottled water,fruit/vegetable juice,bottled beer,,,,,,,,,,,,,,,,,,
root vegetables,whole milk,hard cheese,domestic eggs,zwieback,rice,mustard,organic products,pickled vegetables,cat food,coffee,fruit/vegetable juice,cleaner,napkins,shopping bags,,,,,,,,,,,,,,,,,
berries,other vegetables,yogurt,whipped/sour cream,soft cheese,processed cheese,pastry,roll products,flour,cat food,,,,,,,,,,,,,,,,,,,,,,
whipped/sour cream,specialty fat,waffles,specialty chocolate,,,,,,,,,,,,,,,,,,,,,,,,,,,,
pork,tropical fruit,grapes,root vegetables,other vegetables,whole milk,butter,yogurt,rolls/buns,,,,,,,,,,,,,,,,,,,,,,,
chocolate,,,,,,,,,,,,,,,,,,,,,,,,,,,,,,,
frankfurter,pork,beef,tropical fruit,root vegetables,other vegetables,butter,rolls/buns,pastry,coffee,fruit/vegetable juice,chocolate,hygiene articles,newspapers,,,,,,,,,,,,,,,,,,
tropical fruit,root vegetables,whole milk,curd,dessert,butter milk,yogurt,sauces,bottled water,syrup,specialty chocolate,cleaner,,,,,,,,,,,,,,,,,,,,
frankfurter,sausage,turkey,tropical fruit,root vegetables,white bread,canned vegetables,soda,,,,,,,,,,,,,,,,,,,,,,,,
sausage,pip fruit,root vegetables,herbs,whole milk,processed cheese,mayonnaise,soda,rum,,,,,,,,,,,,,,,,,,,,,,,
pork,citrus fruit,pip fruit,root vegetables,other vegetables,whole milk,butter,curd,yogurt,whipped/sour cream,cream cheese,frozen vegetables,frozen meals,Instant food products,soda,fruit/vegetable juice,salty snack,specialty bar,,,,,,,,,,,,,,
chicken,hamburger meat,tropical fruit,pip fruit,root vegetables,other vegetables,rolls/buns,salt,canned vegetables,coffee,soda,canned beer,,,,,,,,,,,,,,,,,,,,
other vegetables,whole milk,curd,whipped/sour cream,domestic eggs,rolls/buns,,,,,,,,,,,,,,,,,,,,,,,,,,
whole milk,butter,yogurt,frozen meals,rolls/buns,zwieback,margarine,pickled vegetables,fruit/vegetable juice,bottled beer,,,,,,,,,,,,,,,,,,,,,,
frankfurter,hamburger meat,pip fruit,other vegetables,butter milk,yogurt,sliced cheese,coffee,specialty bar,,,,,,,,,,,,,,,,,,,,,,,
citrus fruit,other vegetables,whole milk,yogurt,bottled water,bottled beer,,,,,,,,,,,,,,,,,,,,,,,,,,
pip fruit,whole milk,domestic eggs,white bread,flour,specialty fat,baking powder,bottled water,fruit/vegetable juice,flower (seeds),,,,,,,,,,,,,,,,,,,,,,
bottled beer,liquor,liquor (appetizer),long life bakery product,,,,,,,,,,,,,,,,,,,,,,,,,,,,
beef,soda,detergent,flower (seeds),,,,,,,,,,,,,,,,,,,,,,,,,,,,
oil,,,,,,,,,,,,,,,,,,,,,,,,,,,,,,,
other vegetables,,,,,,,,,,,,,,,,,,,,,,,,,,,,,,,
sausage,rolls/buns,pastry,soda,seasonal products,shopping bags,,,,,,,,,,,,,,,,,,,,,,,,,,
root vegetables,domestic eggs,,,,,,,,,,,,,,,,,,,,,,,,,,,,,,
yogurt,soft cheese,,,,,,,,,,,,,,,,,,,,,,,,,,,,,,
frankfurter,meat,white bread,newspapers,,,,,,,,,,,,,,,,,,,,,,,,,,,,
finished products,dessert,pastry,shopping bags,,,,,,,,,,,,,,,,,,,,,,,,,,,,
whipped/sour cream,newspapers,,,,,,,,,,,,,,,,,,,,,,,,,,,,,,
soda,,,,,,,,,,,,,,,,,,,,,,,,,,,,,,,
other vegetables,,,,,,,,,,,,,,,,,,,,,,,,,,,,,,,
citrus fruit,semi-finished bread,newspapers,,,,,,,,,,,,,,,,,,,,,,,,,,,,,
yogurt,canned beer,,,,,,,,,,,,,,,,,,,,,,,,,,,,,,
pip fruit,misc. beverages,,,,,,,,,,,,,,,,,,,,,,,,,,,,,,
curd,yogurt,oil,bottled water,bottled beer,male cosmetics,,,,,,,,,,,,,,,,,,,,,,,,,,
liver loaf,,,,,,,,,,,,,,,,,,,,,,,,,,,,,,,
beef,other vegetables,packaged fruit/vegetables,dog food,,,,,,,,,,,,,,,,,,,,,,,,,,,,
chicken,citrus fruit,whole milk,processed cheese,coffee,soda,fruit/vegetable juice,canned beer,white wine,candy,shopping bags,,,,,,,,,,,,,,,,,,,,,
berries,yogurt,whipped/sour cream,,,,,,,,,,,,,,,,,,,,,,,,,,,,,
sausage,UHT-milk,domestic eggs,white bread,soda,cake bar,,,,,,,,,,,,,,,,,,,,,,,,,,
packaged fruit/vegetables,,,,,,,,,,,,,,,,,,,,,,,,,,,,,,,
beef,root vegetables,herbs,frozen vegetables,fruit/vegetable juice,specialty chocolate,,,,,,,,,,,,,,,,,,,,,,,,,,
frozen potato products,seasonal products,,,,,,,,,,,,,,,,,,,,,,,,,,,,,,
frankfurter,beef,other vegetables,chocolate,shopping bags,,,,,,,,,,,,,,,,,,,,,,,,,,,
whole milk,canned fish,bottled beer,abrasive cleaner,cleaner,,,,,,,,,,,,,,,,,,,,,,,,,,,
meat,hamburger meat,brown bread,,,,,,,,,,,,,,,,,,,,,,,,,,,,,
bottled beer,,,,,,,,,,,,,,,,,,,,,,,,,,,,,,,
ice cream,,,,,,,,,,,,,,,,,,,,,,,,,,,,,,,
citrus fruit,tropical fruit,whole milk,butter milk,rice,oil,canned fruit,bottled water,white wine,popcorn,hygiene articles,shopping bags,,,,,,,,,,,,,,,,,,,,
sausage,citrus fruit,,,,,,,,,,,,,,,,,,,,,,,,,,,,,,
tropical fruit,,,,,,,,,,,,,,,,,,,,,,,,,,,,,,,
canned beer,,,,,,,,,,,,,,,,,,,,,,,,,,,,,,,
frozen dessert,pastry,semi-finished bread,vinegar,coffee,,,,,,,,,,,,,,,,,,,,,,,,,,,
citrus fruit,tropical fruit,pip fruit,shopping bags,,,,,,,,,,,,,,,,,,,,,,,,,,,,
coffee,seasonal products,shopping bags,,,,,,,,,,,,,,,,,,,,,,,,,,,,,
chicken,curd,,,,,,,,,,,,,,,,,,,,,,,,,,,,,,
sausage,other vegetables,frozen dessert,pastry,fruit/vegetable juice,long life bakery product,,,,,,,,,,,,,,,,,,,,,,,,,,
condensed milk,pastry,chocolate,,,,,,,,,,,,,,,,,,,,,,,,,,,,,
brown bread,soda,,,,,,,,,,,,,,,,,,,,,,,,,,,,,,
whole milk,yogurt,frozen vegetables,,,,,,,,,,,,,,,,,,,,,,,,,,,,,
citrus fruit,tropical fruit,whole milk,curd,yogurt,domestic eggs,bottled water,soda,shopping bags,,,,,,,,,,,,,,,,,,,,,,,
ice cream,,,,,,,,,,,,,,,,,,,,,,,,,,,,,,,
whole milk,UHT-milk,frozen potato products,baking powder,pet care,popcorn,candy,,,,,,,,,,,,,,,,,,,,,,,,,
rolls/buns,bottled beer,hygiene articles,,,,,,,,,,,,,,,,,,,,,,,,,,,,,
tropical fruit,other vegetables,whole milk,curd,frozen fish,domestic eggs,baking powder,cling film/bags,,,,,,,,,,,,,,,,,,,,,,,,
hard cheese,pastry,popcorn,potted plants,,,,,,,,,,,,,,,,,,,,,,,,,,,,
whipped/sour cream,,,,,,,,,,,,,,,,,,,,,,,,,,,,,,,
pork,bottled water,white wine,,,,,,,,,,,,,,,,,,,,,,,,,,,,,
soda,,,,,,,,,,,,,,,,,,,,,,,,,,,,,,,
yogurt,frozen meals,soda,,,,,,,,,,,,,,,,,,,,,,,,,,,,,
detergent,,,,,,,,,,,,,,,,,,,,,,,,,,,,,,,
sweet spreads,waffles,,,,,,,,,,,,,,,,,,,,,,,,,,,,,,
whole milk,brown bread,newspapers,,,,,,,,,,,,,,,,,,,,,,,,,,,,,
citrus fruit,soda,,,,,,,,,,,,,,,,,,,,,,,,,,,,,,
sugar,,,,,,,,,,,,,,,,,,,,,,,,,,,,,,,
packaged fruit/vegetables,whole milk,soda,,,,,,,,,,,,,,,,,,,,,,,,,,,,,
whole milk,ice cream,,,,,,,,,,,,,,,,,,,,,,,,,,,,,,
chewing gum,hygiene articles,,,,,,,,,,,,,,,,,,,,,,,,,,,,,,
canned beer,,,,,,,,,,,,,,,,,,,,,,,,,,,,,,,
sweet spreads,hygiene articles,house keeping products,,,,,,,,,,,,,,,,,,,,,,,,,,,,,
whipped/sour cream,,,,,,,,,,,,,,,,,,,,,,,,,,,,,,,
bottled beer,,,,,,,,,,,,,,,,,,,,,,,,,,,,,,,
rolls/buns,,,,,,,,,,,,,,,,,,,,,,,,,,,,,,,
beef,citrus fruit,root vegetables,pasta,canned beer,male cosmetics,hygiene articles,,,,,,,,,,,,,,,,,,,,,,,,,
citrus fruit,rolls/buns,chewing gum,shopping bags,,,,,,,,,,,,,,,,,,,,,,,,,,,,
pip fruit,dish cleaner,napkins,,,,,,,,,,,,,,,,,,,,,,,,,,,,,
domestic eggs,candy,,,,,,,,,,,,,,,,,,,,,,,,,,,,,,
softener,,,,,,,,,,,,,,,,,,,,,,,,,,,,,,,
chicken,root vegetables,other vegetables,curd,yogurt,beverages,margarine,candles,flower (seeds),,,,,,,,,,,,,,,,,,,,,,,
sausage,chicken,other vegetables,whole milk,whipped/sour cream,hard cheese,frozen meals,rolls/buns,cereals,coffee,nut snack,cake bar,cleaner,skin care,female sanitary products,house keeping products,,,,,,,,,,,,,,,,
frankfurter,coffee,,,,,,,,,,,,,,,,,,,,,,,,,,,,,,
pip fruit,curd,margarine,baking powder,,,,,,,,,,,,,,,,,,,,,,,,,,,,
yogurt,light bulbs,,,,,,,,,,,,,,,,,,,,,,,,,,,,,,
rolls/buns,,,,,,,,,,,,,,,,,,,,,,,,,,,,,,,
chicken,root vegetables,curd,specialty bar,newspapers,,,,,,,,,,,,,,,,,,,,,,,,,,,
canned beer,,,,,,,,,,,,,,,,,,,,,,,,,,,,,,,
sausage,sliced cheese,rolls/buns,soda,,,,,,,,,,,,,,,,,,,,,,,,,,,,
tropical fruit,whole milk,curd,yogurt,brown bread,pastry,cereals,seasonal products,,,,,,,,,,,,,,,,,,,,,,,,
fish,root vegetables,rolls/buns,roll products,napkins,,,,,,,,,,,,,,,,,,,,,,,,,,,
frankfurter,sausage,chicken,citrus fruit,root vegetables,onions,other vegetables,butter,processed cheese,spread cheese,salad dressing,frozen vegetables,frozen fish,rolls/buns,flour,artif. sweetener,soda,candy,cleaner,,,,,,,,,,,,,
sausage,other vegetables,whole milk,UHT-milk,frozen vegetables,frozen fish,cling film/bags,house keeping products,shopping bags,,,,,,,,,,,,,,,,,,,,,,,
pip fruit,grapes,whole milk,rolls/buns,,,,,,,,,,,,,,,,,,,,,,,,,,,,
frankfurter,beef,whole milk,chocolate marshmallow,,,,,,,,,,,,,,,,,,,,,,,,,,,,
ham,hamburger meat,whole milk,processed cheese,rolls/buns,pastry,Instant food products,fruit/vegetable juice,salty snack,chocolate marshmallow,,,,,,,,,,,,,,,,,,,,,,
pork,citrus fruit,whole milk,curd,yogurt,bottled beer,dishes,,,,,,,,,,,,,,,,,,,,,,,,,
whole milk,rolls/buns,soap,napkins,newspapers,,,,,,,,,,,,,,,,,,,,,,,,,,,
chicken,beef,root vegetables,whole milk,curd,yogurt,hard cheese,cream cheese,domestic eggs,sweet spreads,dog food,napkins,,,,,,,,,,,,,,,,,,,,
bottled beer,,,,,,,,,,,,,,,,,,,,,,,,,,,,,,,
whole milk,,,,,,,,,,,,,,,,,,,,,,,,,,,,,,,
sausage,tropical fruit,berries,other vegetables,whole milk,curd,mayonnaise,rolls/buns,flour,margarine,sugar,cake bar,chocolate,,,,,,,,,,,,,,,,,,,
frankfurter,tropical fruit,root vegetables,butter milk,beverages,brown bread,fruit/vegetable juice,,,,,,,,,,,,,,,,,,,,,,,,,
canned vegetables,,,,,,,,,,,,,,,,,,,,,,,,,,,,,,,
coffee,female sanitary products,napkins,,,,,,,,,,,,,,,,,,,,,,,,,,,,,
root vegetables,other vegetables,butter,domestic eggs,bottled water,soda,misc. beverages,,,,,,,,,,,,,,,,,,,,,,,,,
sausage,beef,whole milk,rolls/buns,pastry,fruit/vegetable juice,,,,,,,,,,,,,,,,,,,,,,,,,,
whole milk,artif. sweetener,,,,,,,,,,,,,,,,,,,,,,,,,,,,,,
chocolate marshmallow,,,,,,,,,,,,,,,,,,,,,,,,,,,,,,,
hygiene articles,,,,,,,,,,,,,,,,,,,,,,,,,,,,,,,
root vegetables,UHT-milk,condensed milk,white bread,shopping bags,,,,,,,,,,,,,,,,,,,,,,,,,,,
chicken,ice cream,,,,,,,,,,,,,,,,,,,,,,,,,,,,,,
candy,,,,,,,,,,,,,,,,,,,,,,,,,,,,,,,
canned beer,red/blush wine,,,,,,,,,,,,,,,,,,,,,,,,,,,,,,
nuts/prunes,whole milk,rolls/buns,waffles,chocolate,newspapers,,,,,,,,,,,,,,,,,,,,,,,,,,
citrus fruit,semi-finished bread,,,,,,,,,,,,,,,,,,,,,,,,,,,,,,
butter,,,,,,,,,,,,,,,,,,,,,,,,,,,,,,,
sausage,whole milk,rolls/buns,coffee,newspapers,,,,,,,,,,,,,,,,,,,,,,,,,,,
sausage,rolls/buns,soda,,,,,,,,,,,,,,,,,,,,,,,,,,,,,
cream cheese,coffee,bottled water,,,,,,,,,,,,,,,,,,,,,,,,,,,,,
bottled water,soda,bottled beer,,,,,,,,,,,,,,,,,,,,,,,,,,,,,
instant coffee,,,,,,,,,,,,,,,,,,,,,,,,,,,,,,,
citrus fruit,pickled vegetables,meat spreads,specialty chocolate,,,,,,,,,,,,,,,,,,,,,,,,,,,,
yogurt,bottled beer,white wine,salty snack,napkins,,,,,,,,,,,,,,,,,,,,,,,,,,,
citrus fruit,butter,sliced cheese,domestic eggs,,,,,,,,,,,,,,,,,,,,,,,,,,,,
salty snack,,,,,,,,,,,,,,,,,,,,,,,,,,,,,,,
root vegetables,whole milk,,,,,,,,,,,,,,,,,,,,,,,,,,,,,,
frankfurter,other vegetables,butter,yogurt,soft cheese,rolls/buns,newspapers,,,,,,,,,,,,,,,,,,,,,,,,,
curd,dessert,soda,bottled beer,cake bar,,,,,,,,,,,,,,,,,,,,,,,,,,,
curd,,,,,,,,,,,,,,,,,,,,,,,,,,,,,,,
onions,other vegetables,whole milk,yogurt,frozen vegetables,bottled water,fruit/vegetable juice,bottled beer,salty snack,popcorn,,,,,,,,,,,,,,,,,,,,,,
beef,pip fruit,other vegetables,whole milk,curd cheese,rolls/buns,pastry,soda,,,,,,,,,,,,,,,,,,,,,,,,
citrus fruit,butter milk,sliced cheese,bottled water,cleaner,,,,,,,,,,,,,,,,,,,,,,,,,,,
tropical fruit,whole milk,bottled water,soda,,,,,,,,,,,,,,,,,,,,,,,,,,,,
sausage,other vegetables,whole milk,whipped/sour cream,domestic eggs,pastry,meat spreads,instant coffee,bottled water,soda,,,,,,,,,,,,,,,,,,,,,,
whole milk,rolls/buns,nut snack,,,,,,,,,,,,,,,,,,,,,,,,,,,,,
ham,pork,hard cheese,domestic eggs,rolls/buns,pastry,sugar,salty snack,,,,,,,,,,,,,,,,,,,,,,,,
hamburger meat,frozen vegetables,,,,,,,,,,,,,,,,,,,,,,,,,,,,,,
bottled beer,,,,,,,,,,,,,,,,,,,,,,,,,,,,,,,
sausage,ham,pip fruit,processed cheese,,,,,,,,,,,,,,,,,,,,,,,,,,,,
beef,tropical fruit,root vegetables,other vegetables,whole milk,curd,domestic eggs,cooking chocolate,,,,,,,,,,,,,,,,,,,,,,,,
beef,root vegetables,whole milk,yogurt,pudding powder,sweet spreads,,,,,,,,,,,,,,,,,,,,,,,,,,
tropical fruit,whole milk,domestic eggs,brown bread,soda,canned beer,,,,,,,,,,,,,,,,,,,,,,,,,,
dessert,UHT-milk,newspapers,shopping bags,,,,,,,,,,,,,,,,,,,,,,,,,,,,
whole milk,soda,soap,,,,,,,,,,,,,,,,,,,,,,,,,,,,,
male cosmetics,,,,,,,,,,,,,,,,,,,,,,,,,,,,,,,
other vegetables,frozen meals,rolls/buns,bottled water,bottled beer,red/blush wine,,,,,,,,,,,,,,,,,,,,,,,,,,
roll products,,,,,,,,,,,,,,,,,,,,,,,,,,,,,,,
sausage,butter,butter milk,ice cream,coffee,salty snack,,,,,,,,,,,,,,,,,,,,,,,,,,
specialty chocolate,,,,,,,,,,,,,,,,,,,,,,,,,,,,,,,
whole milk,specialty chocolate,light bulbs,,,,,,,,,,,,,,,,,,,,,,,,,,,,,
pastry,waffles,shopping bags,,,,,,,,,,,,,,,,,,,,,,,,,,,,,
grapes,root vegetables,onions,whipped/sour cream,rolls/buns,mustard,coffee,bottled water,soda,fruit/vegetable juice,chocolate,shopping bags,,,,,,,,,,,,,,,,,,,,
meat,other vegetables,yogurt,ice cream,fruit/vegetable juice,salty snack,newspapers,,,,,,,,,,,,,,,,,,,,,,,,,
salty snack,specialty chocolate,,,,,,,,,,,,,,,,,,,,,,,,,,,,,,
finished products,beef,frozen meals,rolls/buns,soda,,,,,,,,,,,,,,,,,,,,,,,,,,,
herbs,whipped/sour cream,semi-finished bread,chewing gum,newspapers,,,,,,,,,,,,,,,,,,,,,,,,,,,
whole milk,,,,,,,,,,,,,,,,,,,,,,,,,,,,,,,
hamburger meat,root vegetables,herbs,other vegetables,bottled water,bottled beer,newspapers,,,,,,,,,,,,,,,,,,,,,,,,,
whole milk,,,,,,,,,,,,,,,,,,,,,,,,,,,,,,,
sausage,rolls/buns,,,,,,,,,,,,,,,,,,,,,,,,,,,,,,
frankfurter,coffee,,,,,,,,,,,,,,,,,,,,,,,,,,,,,,
curd,ice cream,pasta,cat food,,,,,,,,,,,,,,,,,,,,,,,,,,,,
chicken,whole milk,,,,,,,,,,,,,,,,,,,,,,,,,,,,,,
rolls/buns,margarine,canned fish,,,,,,,,,,,,,,,,,,,,,,,,,,,,,
sausage,ham,yogurt,sugar,misc. beverages,abrasive cleaner,cleaner,dishes,,,,,,,,,,,,,,,,,,,,,,,,
frankfurter,whole milk,,,,,,,,,,,,,,,,,,,,,,,,,,,,,,
sausage,beverages,brown bread,pastry,,,,,,,,,,,,,,,,,,,,,,,,,,,,
dessert,beverages,,,,,,,,,,,,,,,,,,,,,,,,,,,,,,
sausage,other vegetables,yogurt,pickled vegetables,bottled water,liquor,shopping bags,,,,,,,,,,,,,,,,,,,,,,,,,
whole milk,margarine,baking powder,bottled water,bottled beer,waffles,napkins,,,,,,,,,,,,,,,,,,,,,,,,,
sausage,rolls/buns,bottled beer,,,,,,,,,,,,,,,,,,,,,,,,,,,,,
bottled beer,,,,,,,,,,,,,,,,,,,,,,,,,,,,,,,
pork,bottled water,white wine,shopping bags,,,,,,,,,,,,,,,,,,,,,,,,,,,,
beverages,pastry,bottled water,fruit/vegetable juice,bottled beer,,,,,,,,,,,,,,,,,,,,,,,,,,,
tropical fruit,pip fruit,root vegetables,butter,curd,chewing gum,chocolate,,,,,,,,,,,,,,,,,,,,,,,,,
bottled beer,,,,,,,,,,,,,,,,,,,,,,,,,,,,,,,
whipped/sour cream,,,,,,,,,,,,,,,,,,,,,,,,,,,,,,,
whipped/sour cream,newspapers,,,,,,,,,,,,,,,,,,,,,,,,,,,,,,
tropical fruit,whole milk,cream cheese,brown bread,,,,,,,,,,,,,,,,,,,,,,,,,,,,
canned beer,,,,,,,,,,,,,,,,,,,,,,,,,,,,,,,
UHT-milk,,,,,,,,,,,,,,,,,,,,,,,,,,,,,,,
misc. beverages,,,,,,,,,,,,,,,,,,,,,,,,,,,,,,,
fruit/vegetable juice,,,,,,,,,,,,,,,,,,,,,,,,,,,,,,,
rolls/buns,bottled water,,,,,,,,,,,,,,,,,,,,,,,,,,,,,,
curd,yogurt,newspapers,,,,,,,,,,,,,,,,,,,,,,,,,,,,,
sausage,citrus fruit,butter,yogurt,brown bread,margarine,fruit/vegetable juice,hygiene articles,newspapers,,,,,,,,,,,,,,,,,,,,,,,
tropical fruit,,,,,,,,,,,,,,,,,,,,,,,,,,,,,,,
citrus fruit,tropical fruit,rolls/buns,soda,specialty bar,,,,,,,,,,,,,,,,,,,,,,,,,,,
hamburger meat,whole milk,sliced cheese,pasta,shopping bags,,,,,,,,,,,,,,,,,,,,,,,,,,,
canned beer,salty snack,,,,,,,,,,,,,,,,,,,,,,,,,,,,,,
pastry,,,,,,,,,,,,,,,,,,,,,,,,,,,,,,,
tropical fruit,butter milk,brown bread,flour,,,,,,,,,,,,,,,,,,,,,,,,,,,,
UHT-milk,soda,,,,,,,,,,,,,,,,,,,,,,,,,,,,,,
chicken,whole milk,rolls/buns,,,,,,,,,,,,,,,,,,,,,,,,,,,,,
whole milk,rolls/buns,brown bread,oil,sauces,,,,,,,,,,,,,,,,,,,,,,,,,,,
pip fruit,pastry,,,,,,,,,,,,,,,,,,,,,,,,,,,,,,
whole milk,whipped/sour cream,,,,,,,,,,,,,,,,,,,,,,,,,,,,,,
frankfurter,tropical fruit,pip fruit,whole milk,curd,pastry,flour,margarine,sugar,organic products,,,,,,,,,,,,,,,,,,,,,,
root vegetables,whole milk,whipped/sour cream,soda,,,,,,,,,,,,,,,,,,,,,,,,,,,,
sausage,rolls/buns,bottled beer,,,,,,,,,,,,,,,,,,,,,,,,,,,,,
UHT-milk,domestic eggs,oil,margarine,,,,,,,,,,,,,,,,,,,,,,,,,,,,
beef,hamburger meat,whole milk,soft cheese,frozen chicken,rolls/buns,margarine,seasonal products,,,,,,,,,,,,,,,,,,,,,,,,
root vegetables,margarine,pet care,,,,,,,,,,,,,,,,,,,,,,,,,,,,,
sausage,soda,,,,,,,,,,,,,,,,,,,,,,,,,,,,,,
frankfurter,berries,whole milk,rice,coffee,cling film/bags,,,,,,,,,,,,,,,,,,,,,,,,,,
whipped/sour cream,,,,,,,,,,,,,,,,,,,,,,,,,,,,,,,
tropical fruit,frozen dessert,rolls/buns,bottled water,flower (seeds),,,,,,,,,,,,,,,,,,,,,,,,,,,
sausage,pip fruit,root vegetables,other vegetables,whole milk,yogurt,pastry,soda,napkins,shopping bags,,,,,,,,,,,,,,,,,,,,,,
beef,tropical fruit,margarine,bottled water,,,,,,,,,,,,,,,,,,,,,,,,,,,,
canned beer,,,,,,,,,,,,,,,,,,,,,,,,,,,,,,,
frankfurter,meat,whole milk,butter,yogurt,cream cheese,rolls/buns,pastry,,,,,,,,,,,,,,,,,,,,,,,,
berries,other vegetables,yogurt,frozen fish,oil,margarine,salty snack,,,,,,,,,,,,,,,,,,,,,,,,,
beverages,,,,,,,,,,,,,,,,,,,,,,,,,,,,,,,
tropical fruit,butter,bottled water,male cosmetics,newspapers,,,,,,,,,,,,,,,,,,,,,,,,,,,
nuts/prunes,root vegetables,yogurt,condensed milk,ice cream,semi-finished bread,bottled beer,brandy,salty snack,,,,,,,,,,,,,,,,,,,,,,,
soda,,,,,,,,,,,,,,,,,,,,,,,,,,,,,,,
whole milk,,,,,,,,,,,,,,,,,,,,,,,,,,,,,,,
margarine,,,,,,,,,,,,,,,,,,,,,,,,,,,,,,,
shopping bags,,,,,,,,,,,,,,,,,,,,,,,,,,,,,,,
citrus fruit,tropical fruit,grapes,root vegetables,herbs,other vegetables,whole milk,frozen vegetables,rice,dog food,bottled water,misc. beverages,fruit/vegetable juice,napkins,,,,,,,,,,,,,,,,,,
citrus fruit,yogurt,rolls/buns,pastry,,,,,,,,,,,,,,,,,,,,,,,,,,,,
other vegetables,rolls/buns,,,,,,,,,,,,,,,,,,,,,,,,,,,,,,
specialty bar,,,,,,,,,,,,,,,,,,,,,,,,,,,,,,,
processed cheese,rolls/buns,specialty chocolate,,,,,,,,,,,,,,,,,,,,,,,,,,,,,
chicken,other vegetables,chewing gum,shopping bags,,,,,,,,,,,,,,,,,,,,,,,,,,,,
cream cheese,processed cheese,specialty bar,,,,,,,,,,,,,,,,,,,,,,,,,,,,,
citrus fruit,other vegetables,whole milk,soda,,,,,,,,,,,,,,,,,,,,,,,,,,,,
yogurt,rolls/buns,,,,,,,,,,,,,,,,,,,,,,,,,,,,,,
finished products,butter,curd,soda,,,,,,,,,,,,,,,,,,,,,,,,,,,,
sausage,tropical fruit,pip fruit,spices,pet care,canned beer,,,,,,,,,,,,,,,,,,,,,,,,,,
rolls/buns,brown bread,specialty bar,,,,,,,,,,,,,,,,,,,,,,,,,,,,,
other vegetables,whole milk,brown bread,margarine,,,,,,,,,,,,,,,,,,,,,,,,,,,,
sausage,rolls/buns,red/blush wine,shopping bags,,,,,,,,,,,,,,,,,,,,,,,,,,,,
meat,root vegetables,whole milk,curd,pastry,brandy,,,,,,,,,,,,,,,,,,,,,,,,,,
other vegetables,whole milk,frozen meals,pastry,fruit/vegetable juice,long life bakery product,shopping bags,,,,,,,,,,,,,,,,,,,,,,,,,
whole milk,curd,yogurt,artif. sweetener,rum,hygiene articles,napkins,photo/film,,,,,,,,,,,,,,,,,,,,,,,,
cookware,,,,,,,,,,,,,,,,,,,,,,,,,,,,,,,
beef,citrus fruit,other vegetables,,,,,,,,,,,,,,,,,,,,,,,,,,,,,
chicken,grapes,,,,,,,,,,,,,,,,,,,,,,,,,,,,,,
ham,berries,onions,whole milk,butter milk,yogurt,whipped/sour cream,cream cheese,mayonnaise,pastry,semi-finished bread,chocolate,specialty chocolate,hygiene articles,cling film/bags,,,,,,,,,,,,,,,,,
hygiene articles,,,,,,,,,,,,,,,,,,,,,,,,,,,,,,,
citrus fruit,tropical fruit,dessert,fruit/vegetable juice,,,,,,,,,,,,,,,,,,,,,,,,,,,,
sausage,rolls/buns,soda,chocolate,,,,,,,,,,,,,,,,,,,,,,,,,,,,
whole milk,,,,,,,,,,,,,,,,,,,,,,,,,,,,,,,
cat food,soda,candy,,,,,,,,,,,,,,,,,,,,,,,,,,,,,
yogurt,long life bakery product,,,,,,,,,,,,,,,,,,,,,,,,,,,,,,
frankfurter,pork,tropical fruit,pip fruit,other vegetables,whole milk,dessert,whipped/sour cream,cream cheese,frozen meals,cat food,salty snack,cake bar,chewing gum,specialty bar,seasonal products,,,,,,,,,,,,,,,,
whole milk,,,,,,,,,,,,,,,,,,,,,,,,,,,,,,,
root vegetables,other vegetables,canned fish,shopping bags,,,,,,,,,,,,,,,,,,,,,,,,,,,,
berries,root vegetables,whole milk,butter,rolls/buns,salty snack,,,,,,,,,,,,,,,,,,,,,,,,,,
chicken,tropical fruit,root vegetables,whole milk,white bread,specialty bar,shopping bags,,,,,,,,,,,,,,,,,,,,,,,,,
chicken,other vegetables,whole milk,curd,long life bakery product,,,,,,,,,,,,,,,,,,,,,,,,,,,
turkey,roll products,dishes,,,,,,,,,,,,,,,,,,,,,,,,,,,,,
dog food,pet care,shopping bags,,,,,,,,,,,,,,,,,,,,,,,,,,,,,
hamburger meat,whole milk,butter,UHT-milk,cat food,pet care,detergent,,,,,,,,,,,,,,,,,,,,,,,,,
citrus fruit,,,,,,,,,,,,,,,,,,,,,,,,,,,,,,,
pip fruit,yogurt,brown bread,,,,,,,,,,,,,,,,,,,,,,,,,,,,,
tropical fruit,curd,yogurt,whipped/sour cream,,,,,,,,,,,,,,,,,,,,,,,,,,,,
bottled beer,,,,,,,,,,,,,,,,,,,,,,,,,,,,,,,
zwieback,,,,,,,,,,,,,,,,,,,,,,,,,,,,,,,
root vegetables,sliced cheese,,,,,,,,,,,,,,,,,,,,,,,,,,,,,,
citrus fruit,other vegetables,beverages,snack products,,,,,,,,,,,,,,,,,,,,,,,,,,,,
pet care,,,,,,,,,,,,,,,,,,,,,,,,,,,,,,,
whole milk,brown bread,soda,bottled beer,salty snack,long life bakery product,chocolate,shopping bags,,,,,,,,,,,,,,,,,,,,,,,,
other vegetables,curd,whipped/sour cream,pastry,baking powder,canned fruit,,,,,,,,,,,,,,,,,,,,,,,,,,
tropical fruit,root vegetables,whole milk,hard cheese,curd cheese,sugar,canned fish,,,,,,,,,,,,,,,,,,,,,,,,,
other vegetables,whole milk,soda,,,,,,,,,,,,,,,,,,,,,,,,,,,,,
pork,berries,whole milk,butter,yogurt,whipped/sour cream,hard cheese,,,,,,,,,,,,,,,,,,,,,,,,,
butter,sliced cheese,frozen dessert,rolls/buns,pastry,soda,bottled beer,,,,,,,,,,,,,,,,,,,,,,,,,
yogurt,napkins,,,,,,,,,,,,,,,,,,,,,,,,,,,,,,
tropical fruit,pip fruit,grapes,,,,,,,,,,,,,,,,,,,,,,,,,,,,,
bottled beer,,,,,,,,,,,,,,,,,,,,,,,,,,,,,,,
grapes,hard cheese,,,,,,,,,,,,,,,,,,,,,,,,,,,,,,
yogurt,liquor (appetizer),nut snack,long life bakery product,hygiene articles,shopping bags,,,,,,,,,,,,,,,,,,,,,,,,,,
turkey,frozen potato products,soda,,,,,,,,,,,,,,,,,,,,,,,,,,,,,
yogurt,specialty chocolate,,,,,,,,,,,,,,,,,,,,,,,,,,,,,,
beef,root vegetables,onions,herbs,whole milk,curd cheese,rolls/buns,oil,jam,bottled water,waffles,,,,,,,,,,,,,,,,,,,,,
citrus fruit,whipped/sour cream,brown bread,bottled water,hygiene articles,,,,,,,,,,,,,,,,,,,,,,,,,,,
other vegetables,butter milk,bottled water,bottled beer,,,,,,,,,,,,,,,,,,,,,,,,,,,,
pip fruit,butter,soft cheese,white bread,misc. beverages,,,,,,,,,,,,,,,,,,,,,,,,,,,
berries,whole milk,,,,,,,,,,,,,,,,,,,,,,,,,,,,,,
bottled water,,,,,,,,,,,,,,,,,,,,,,,,,,,,,,,
pork,tropical fruit,nuts/prunes,rolls/buns,newspapers,,,,,,,,,,,,,,,,,,,,,,,,,,,
pork,tropical fruit,processed cheese,specialty vegetables,bottled water,soda,bottled beer,,,,,,,,,,,,,,,,,,,,,,,,,
whole milk,ice cream,soda,,,,,,,,,,,,,,,,,,,,,,,,,,,,,
beef,soft cheese,chewing gum,,,,,,,,,,,,,,,,,,,,,,,,,,,,,
berries,whole milk,whipped/sour cream,pastry,soda,chewing gum,chocolate,candy,,,,,,,,,,,,,,,,,,,,,,,,
whole milk,curd,yogurt,whipped/sour cream,margarine,,,,,,,,,,,,,,,,,,,,,,,,,,,
tropical fruit,coffee,candy,soap,shopping bags,,,,,,,,,,,,,,,,,,,,,,,,,,,
other vegetables,canned beer,shopping bags,,,,,,,,,,,,,,,,,,,,,,,,,,,,,
berries,frozen vegetables,frozen meals,,,,,,,,,,,,,,,,,,,,,,,,,,,,,
other vegetables,butter,beverages,soda,photo/film,shopping bags,,,,,,,,,,,,,,,,,,,,,,,,,,
frankfurter,root vegetables,butter milk,canned fish,bottled beer,,,,,,,,,,,,,,,,,,,,,,,,,,,
sausage,whole milk,domestic eggs,sugar,coffee,napkins,newspapers,shopping bags,,,,,,,,,,,,,,,,,,,,,,,,
whole milk,brown bread,flower (seeds),,,,,,,,,,,,,,,,,,,,,,,,,,,,,
cling film/bags,,,,,,,,,,,,,,,,,,,,,,,,,,,,,,,
curd,whipped/sour cream,,,,,,,,,,,,,,,,,,,,,,,,,,,,,,
tropical fruit,whole milk,rolls/buns,prosecco,salty snack,specialty bar,,,,,,,,,,,,,,,,,,,,,,,,,,
mayonnaise,white wine,shopping bags,,,,,,,,,,,,,,,,,,,,,,,,,,,,,
ham,,,,,,,,,,,,,,,,,,,,,,,,,,,,,,,
rolls/buns,liquor,,,,,,,,,,,,,,,,,,,,,,,,,,,,,,
whole milk,yogurt,domestic eggs,baking powder,newspapers,,,,,,,,,,,,,,,,,,,,,,,,,,,
other vegetables,soft cheese,soda,bottled beer,,,,,,,,,,,,,,,,,,,,,,,,,,,,
sausage,pork,beef,pip fruit,grapes,other vegetables,whole milk,butter,curd,yogurt,pastry,bottled water,hygiene articles,napkins,,,,,,,,,,,,,,,,,,
pip fruit,UHT-milk,curd cheese,coffee,,,,,,,,,,,,,,,,,,,,,,,,,,,,
yogurt,soda,,,,,,,,,,,,,,,,,,,,,,,,,,,,,,
soda,canned beer,,,,,,,,,,,,,,,,,,,,,,,,,,,,,,
whole milk,curd,semi-finished bread,,,,,,,,,,,,,,,,,,,,,,,,,,,,,
candles,,,,,,,,,,,,,,,,,,,,,,,,,,,,,,,
pork,other vegetables,whipped/sour cream,rolls/buns,brown bread,pastry,sugar,dishes,,,,,,,,,,,,,,,,,,,,,,,,
salt,detergent,,,,,,,,,,,,,,,,,,,,,,,,,,,,,,
citrus fruit,tropical fruit,whole milk,frozen meals,rolls/buns,brown bread,,,,,,,,,,,,,,,,,,,,,,,,,,
other vegetables,whole milk,frozen vegetables,,,,,,,,,,,,,,,,,,,,,,,,,,,,,
ice cream,brown bread,pastry,napkins,,,,,,,,,,,,,,,,,,,,,,,,,,,,
tropical fruit,whole milk,butter milk,brown bread,bottled water,,,,,,,,,,,,,,,,,,,,,,,,,,,
meat,tropical fruit,rolls/buns,instant coffee,soda,chocolate,newspapers,,,,,,,,,,,,,,,,,,,,,,,,,
berries,yogurt,domestic eggs,rolls/buns,,,,,,,,,,,,,,,,,,,,,,,,,,,,
beef,white bread,,,,,,,,,,,,,,,,,,,,,,,,,,,,,,
butter,pastry,cat food,canned beer,hygiene articles,shopping bags,,,,,,,,,,,,,,,,,,,,,,,,,,
whole milk,rolls/buns,white bread,soap,,,,,,,,,,,,,,,,,,,,,,,,,,,,
citrus fruit,whole milk,snack products,,,,,,,,,,,,,,,,,,,,,,,,,,,,,
frankfurter,pork,dessert,UHT-milk,margarine,specialty fat,napkins,,,,,,,,,,,,,,,,,,,,,,,,,
frankfurter,beef,berries,other vegetables,whole milk,,,,,,,,,,,,,,,,,,,,,,,,,,,
beef,other vegetables,rolls/buns,pastry,soap,,,,,,,,,,,,,,,,,,,,,,,,,,,
canned beer,,,,,,,,,,,,,,,,,,,,,,,,,,,,,,,
whole milk,instant coffee,bottled beer,,,,,,,,,,,,,,,,,,,,,,,,,,,,,
ham,whipped/sour cream,frozen vegetables,rolls/buns,seasonal products,,,,,,,,,,,,,,,,,,,,,,,,,,,
hygiene articles,,,,,,,,,,,,,,,,,,,,,,,,,,,,,,,
root vegetables,whole milk,curd,yogurt,,,,,,,,,,,,,,,,,,,,,,,,,,,,
canned beer,,,,,,,,,,,,,,,,,,,,,,,,,,,,,,,
whole milk,dessert,,,,,,,,,,,,,,,,,,,,,,,,,,,,,,
ham,tropical fruit,,,,,,,,,,,,,,,,,,,,,,,,,,,,,,
newspapers,,,,,,,,,,,,,,,,,,,,,,,,,,,,,,,
whole milk,semi-finished bread,coffee,canned beer,,,,,,,,,,,,,,,,,,,,,,,,,,,,
dishes,,,,,,,,,,,,,,,,,,,,,,,,,,,,,,,
pork,beef,onions,yogurt,UHT-milk,frozen fish,rolls/buns,margarine,sugar,salty snack,newspapers,,,,,,,,,,,,,,,,,,,,,
hamburger meat,root vegetables,whole milk,whipped/sour cream,flour,chocolate marshmallow,newspapers,,,,,,,,,,,,,,,,,,,,,,,,,
canned beer,,,,,,,,,,,,,,,,,,,,,,,,,,,,,,,
newspapers,,,,,,,,,,,,,,,,,,,,,,,,,,,,,,,
citrus fruit,grapes,,,,,,,,,,,,,,,,,,,,,,,,,,,,,,
whole milk,,,,,,,,,,,,,,,,,,,,,,,,,,,,,,,
pip fruit,other vegetables,canned beer,,,,,,,,,,,,,,,,,,,,,,,,,,,,,
canned beer,,,,,,,,,,,,,,,,,,,,,,,,,,,,,,,
bottled water,brandy,whisky,,,,,,,,,,,,,,,,,,,,,,,,,,,,,
bottled beer,brandy,whisky,chocolate,specialty chocolate,shopping bags,,,,,,,,,,,,,,,,,,,,,,,,,,
nuts/prunes,soda,chocolate,,,,,,,,,,,,,,,,,,,,,,,,,,,,,
pork,frozen fish,domestic eggs,sugar,misc. beverages,dental care,hygiene articles,shopping bags,,,,,,,,,,,,,,,,,,,,,,,,
beverages,,,,,,,,,,,,,,,,,,,,,,,,,,,,,,,
beef,root vegetables,other vegetables,white bread,canned fruit,soda,chocolate,newspapers,,,,,,,,,,,,,,,,,,,,,,,,
curd cheese,frozen meals,,,,,,,,,,,,,,,,,,,,,,,,,,,,,,
grapes,dessert,yogurt,beverages,frozen vegetables,canned beer,,,,,,,,,,,,,,,,,,,,,,,,,,
butter milk,sliced cheese,,,,,,,,,,,,,,,,,,,,,,,,,,,,,,
sliced cheese,rolls/buns,specialty chocolate,,,,,,,,,,,,,,,,,,,,,,,,,,,,,
fruit/vegetable juice,chocolate,,,,,,,,,,,,,,,,,,,,,,,,,,,,,,
female sanitary products,,,,,,,,,,,,,,,,,,,,,,,,,,,,,,,
pip fruit,butter milk,cream cheese,rolls/buns,,,,,,,,,,,,,,,,,,,,,,,,,,,,
rolls/buns,brown bread,,,,,,,,,,,,,,,,,,,,,,,,,,,,,,
canned beer,,,,,,,,,,,,,,,,,,,,,,,,,,,,,,,
packaged fruit/vegetables,canned fish,,,,,,,,,,,,,,,,,,,,,,,,,,,,,,
meat,brown bread,soda,misc. beverages,kitchen towels,,,,,,,,,,,,,,,,,,,,,,,,,,,
whole milk,popcorn,specialty chocolate,specialty bar,candy,,,,,,,,,,,,,,,,,,,,,,,,,,,
root vegetables,other vegetables,packaged fruit/vegetables,rolls/buns,canned beer,red/blush wine,,,,,,,,,,,,,,,,,,,,,,,,,,
tropical fruit,soda,,,,,,,,,,,,,,,,,,,,,,,,,,,,,,
butter,pastry,long life bakery product,shopping bags,,,,,,,,,,,,,,,,,,,,,,,,,,,,
root vegetables,other vegetables,whole milk,processed cheese,mayonnaise,domestic eggs,brown bread,oil,soda,long life bakery product,shopping bags,,,,,,,,,,,,,,,,,,,,,
beef,curd,frozen vegetables,frozen dessert,rolls/buns,coffee,newspapers,shopping bags,,,,,,,,,,,,,,,,,,,,,,,,
whole milk,frozen meals,rolls/buns,pastry,sugar,soda,,,,,,,,,,,,,,,,,,,,,,,,,,
meat,nuts/prunes,canned beer,,,,,,,,,,,,,,,,,,,,,,,,,,,,,
ice cream,,,,,,,,,,,,,,,,,,,,,,,,,,,,,,,
other vegetables,soft cheese,specialty cheese,margarine,red/blush wine,,,,,,,,,,,,,,,,,,,,,,,,,,,
rolls/buns,bottled beer,,,,,,,,,,,,,,,,,,,,,,,,,,,,,,
fruit/vegetable juice,,,,,,,,,,,,,,,,,,,,,,,,,,,,,,,
rolls/buns,margarine,,,,,,,,,,,,,,,,,,,,,,,,,,,,,,
other vegetables,whole milk,yogurt,whipped/sour cream,meat spreads,instant coffee,soda,,,,,,,,,,,,,,,,,,,,,,,,,
ham,pork,citrus fruit,pip fruit,root vegetables,other vegetables,butter milk,beverages,sliced cheese,frozen vegetables,frozen fish,oil,margarine,canned vegetables,,,,,,,,,,,,,,,,,,
bottled beer,,,,,,,,,,,,,,,,,,,,,,,,,,,,,,,
tropical fruit,whole milk,,,,,,,,,,,,,,,,,,,,,,,,,,,,,,
ice cream,specialty bar,,,,,,,,,,,,,,,,,,,,,,,,,,,,,,
ice cream,,,,,,,,,,,,,,,,,,,,,,,,,,,,,,,
frankfurter,UHT-milk,hard cheese,spread cheese,brown bread,pastry,bottled water,seasonal products,shopping bags,,,,,,,,,,,,,,,,,,,,,,,
spread cheese,brown bread,canned beer,red/blush wine,,,,,,,,,,,,,,,,,,,,,,,,,,,,
pastry,,,,,,,,,,,,,,,,,,,,,,,,,,,,,,,
sausage,ham,rolls/buns,soda,white wine,,,,,,,,,,,,,,,,,,,,,,,,,,,
whole milk,specialty chocolate,,,,,,,,,,,,,,,,,,,,,,,,,,,,,,
brown bread,sparkling wine,,,,,,,,,,,,,,,,,,,,,,,,,,,,,,
other vegetables,condensed milk,soda,newspapers,,,,,,,,,,,,,,,,,,,,,,,,,,,,
canned beer,waffles,chocolate,,,,,,,,,,,,,,,,,,,,,,,,,,,,,
newspapers,,,,,,,,,,,,,,,,,,,,,,,,,,,,,,,
yogurt,canned beer,,,,,,,,,,,,,,,,,,,,,,,,,,,,,,
pork,root vegetables,herbs,whole milk,frozen vegetables,rolls/buns,sweet spreads,detergent,flower (seeds),,,,,,,,,,,,,,,,,,,,,,,
sausage,tropical fruit,cream cheese,pastry,bottled water,,,,,,,,,,,,,,,,,,,,,,,,,,,
frankfurter,whole milk,rolls/buns,cling film/bags,shopping bags,,,,,,,,,,,,,,,,,,,,,,,,,,,
canned beer,shopping bags,,,,,,,,,,,,,,,,,,,,,,,,,,,,,,
whole milk,domestic eggs,,,,,,,,,,,,,,,,,,,,,,,,,,,,,,
tropical fruit,pip fruit,,,,,,,,,,,,,,,,,,,,,,,,,,,,,,
onions,oil,dog food,bottled water,dish cleaner,shopping bags,,,,,,,,,,,,,,,,,,,,,,,,,,
rolls/buns,,,,,,,,,,,,,,,,,,,,,,,,,,,,,,,
onions,other vegetables,whole milk,yogurt,whipped/sour cream,tea,cleaner,bathroom cleaner,,,,,,,,,,,,,,,,,,,,,,,,
semi-finished bread,,,,,,,,,,,,,,,,,,,,,,,,,,,,,,,
soda,,,,,,,,,,,,,,,,,,,,,,,,,,,,,,,
white wine,,,,,,,,,,,,,,,,,,,,,,,,,,,,,,,
ham,,,,,,,,,,,,,,,,,,,,,,,,,,,,,,,
waffles,,,,,,,,,,,,,,,,,,,,,,,,,,,,,,,
other vegetables,frozen meals,soda,,,,,,,,,,,,,,,,,,,,,,,,,,,,,
finished products,other vegetables,pet care,misc. beverages,chocolate,newspapers,,,,,,,,,,,,,,,,,,,,,,,,,,
dog food,,,,,,,,,,,,,,,,,,,,,,,,,,,,,,,
coffee,syrup,,,,,,,,,,,,,,,,,,,,,,,,,,,,,,
beef,spread cheese,rolls/buns,white wine,shopping bags,,,,,,,,,,,,,,,,,,,,,,,,,,,
rolls/buns,dishes,,,,,,,,,,,,,,,,,,,,,,,,,,,,,,
frankfurter,sausage,other vegetables,yogurt,rolls/buns,white bread,,,,,,,,,,,,,,,,,,,,,,,,,,
citrus fruit,grapes,onions,other vegetables,whipped/sour cream,cream cheese,mayonnaise,frozen vegetables,ice cream,mustard,spices,preservation products,coffee,cocoa drinks,long life bakery product,waffles,chocolate,candy,dish cleaner,abrasive cleaner,hygiene articles,,,,,,,,,,,
male cosmetics,,,,,,,,,,,,,,,,,,,,,,,,,,,,,,,
whole milk,soda,fruit/vegetable juice,shopping bags,,,,,,,,,,,,,,,,,,,,,,,,,,,,
pork,other vegetables,whipped/sour cream,frozen vegetables,cereals,cat food,fruit/vegetable juice,cake bar,specialty chocolate,specialty bar,napkins,newspapers,shopping bags,,,,,,,,,,,,,,,,,,,
meat,whole milk,domestic eggs,pastry,,,,,,,,,,,,,,,,,,,,,,,,,,,,
sausage,ham,curd,soda,cake bar,shopping bags,,,,,,,,,,,,,,,,,,,,,,,,,,
pastry,bottled beer,,,,,,,,,,,,,,,,,,,,,,,,,,,,,,
canned fish,canned beer,chocolate,,,,,,,,,,,,,,,,,,,,,,,,,,,,,
tropical fruit,grapes,frozen meals,brown bread,bottled water,soda,shopping bags,,,,,,,,,,,,,,,,,,,,,,,,,
coffee,,,,,,,,,,,,,,,,,,,,,,,,,,,,,,,
root vegetables,herbs,whole milk,curd,frozen vegetables,frozen dessert,sweet spreads,fruit/vegetable juice,,,,,,,,,,,,,,,,,,,,,,,,
tropical fruit,pip fruit,whole milk,rolls/buns,brown bread,soda,chewing gum,,,,,,,,,,,,,,,,,,,,,,,,,
rolls/buns,soda,female sanitary products,,,,,,,,,,,,,,,,,,,,,,,,,,,,,
rolls/buns,bottled beer,,,,,,,,,,,,,,,,,,,,,,,,,,,,,,
pastry,,,,,,,,,,,,,,,,,,,,,,,,,,,,,,,
bottled water,bottled beer,white wine,,,,,,,,,,,,,,,,,,,,,,,,,,,,,
rolls/buns,,,,,,,,,,,,,,,,,,,,,,,,,,,,,,,
root vegetables,,,,,,,,,,,,,,,,,,,,,,,,,,,,,,,
other vegetables,cream cheese,rolls/buns,margarine,specialty fat,soups,,,,,,,,,,,,,,,,,,,,,,,,,,
beef,frozen vegetables,rolls/buns,soda,chewing gum,photo/film,,,,,,,,,,,,,,,,,,,,,,,,,,
pork,bottled water,,,,,,,,,,,,,,,,,,,,,,,,,,,,,,
pork,whole milk,yogurt,cream cheese,rolls/buns,pudding powder,,,,,,,,,,,,,,,,,,,,,,,,,,
pip fruit,herbs,other vegetables,whipped/sour cream,oil,bottled water,,,,,,,,,,,,,,,,,,,,,,,,,,
pip fruit,newspapers,,,,,,,,,,,,,,,,,,,,,,,,,,,,,,
canned beer,,,,,,,,,,,,,,,,,,,,,,,,,,,,,,,
butter,yogurt,frozen vegetables,frozen potato products,pickled vegetables,,,,,,,,,,,,,,,,,,,,,,,,,,,
meat,citrus fruit,yogurt,condensed milk,frozen vegetables,spices,meat spreads,canned fish,,,,,,,,,,,,,,,,,,,,,,,,
sausage,hamburger meat,margarine,,,,,,,,,,,,,,,,,,,,,,,,,,,,,
sausage,soda,,,,,,,,,,,,,,,,,,,,,,,,,,,,,,
whole milk,butter,,,,,,,,,,,,,,,,,,,,,,,,,,,,,,
pastry,soda,,,,,,,,,,,,,,,,,,,,,,,,,,,,,,
frozen meals,,,,,,,,,,,,,,,,,,,,,,,,,,,,,,,
organic sausage,pork,root vegetables,curd,bottled water,,,,,,,,,,,,,,,,,,,,,,,,,,,
whole milk,rolls/buns,pastry,,,,,,,,,,,,,,,,,,,,,,,,,,,,,
beverages,cream cheese,,,,,,,,,,,,,,,,,,,,,,,,,,,,,,
citrus fruit,yogurt,newspapers,,,,,,,,,,,,,,,,,,,,,,,,,,,,,
bottled beer,,,,,,,,,,,,,,,,,,,,,,,,,,,,,,,
rolls/buns,soda,,,,,,,,,,,,,,,,,,,,,,,,,,,,,,
citrus fruit,tropical fruit,whole milk,rolls/buns,brown bread,bottled water,,,,,,,,,,,,,,,,,,,,,,,,,,
other vegetables,sliced cheese,rolls/buns,bottled water,newspapers,,,,,,,,,,,,,,,,,,,,,,,,,,,
rolls/buns,,,,,,,,,,,,,,,,,,,,,,,,,,,,,,,
curd cheese,rolls/buns,,,,,,,,,,,,,,,,,,,,,,,,,,,,,,
pip fruit,other vegetables,margarine,photo/film,,,,,,,,,,,,,,,,,,,,,,,,,,,,
berries,dessert,rolls/buns,soda,white wine,,,,,,,,,,,,,,,,,,,,,,,,,,,
pork,root vegetables,other vegetables,whole milk,butter milk,yogurt,whipped/sour cream,rolls/buns,flour,cat food,instant coffee,waffles,cling film/bags,newspapers,,,,,,,,,,,,,,,,,,
rolls/buns,bottled water,,,,,,,,,,,,,,,,,,,,,,,,,,,,,,
root vegetables,bottled water,white wine,,,,,,,,,,,,,,,,,,,,,,,,,,,,,
tropical fruit,root vegetables,curd,yogurt,tea,newspapers,,,,,,,,,,,,,,,,,,,,,,,,,,
beef,other vegetables,whole milk,domestic eggs,margarine,pickled vegetables,bottled water,bottled beer,newspapers,,,,,,,,,,,,,,,,,,,,,,,
hamburger meat,other vegetables,,,,,,,,,,,,,,,,,,,,,,,,,,,,,,
frankfurter,rolls/buns,,,,,,,,,,,,,,,,,,,,,,,,,,,,,,
pork,beef,grapes,berries,root vegetables,other vegetables,packaged fruit/vegetables,yogurt,newspapers,,,,,,,,,,,,,,,,,,,,,,,
whole milk,napkins,,,,,,,,,,,,,,,,,,,,,,,,,,,,,,
pasta,,,,,,,,,,,,,,,,,,,,,,,,,,,,,,,
grapes,pastry,coffee,hair spray,,,,,,,,,,,,,,,,,,,,,,,,,,,,
frankfurter,hamburger meat,root vegetables,whole milk,yogurt,brown bread,chocolate,,,,,,,,,,,,,,,,,,,,,,,,,
whole milk,yogurt,frozen fish,domestic eggs,white bread,margarine,fruit/vegetable juice,waffles,skin care,hygiene articles,,,,,,,,,,,,,,,,,,,,,,
sausage,tropical fruit,pip fruit,specialty cheese,ice cream,rolls/buns,soda,specialty chocolate,candy,shopping bags,,,,,,,,,,,,,,,,,,,,,,
tropical fruit,whole milk,yogurt,,,,,,,,,,,,,,,,,,,,,,,,,,,,,
whipped/sour cream,frozen vegetables,flour,flower (seeds),,,,,,,,,,,,,,,,,,,,,,,,,,,,
berries,whipped/sour cream,,,,,,,,,,,,,,,,,,,,,,,,,,,,,,
other vegetables,chocolate,,,,,,,,,,,,,,,,,,,,,,,,,,,,,,
soda,chocolate,candy,,,,,,,,,,,,,,,,,,,,,,,,,,,,,
misc. beverages,,,,,,,,,,,,,,,,,,,,,,,,,,,,,,,
other vegetables,rolls/buns,canned fish,,,,,,,,,,,,,,,,,,,,,,,,,,,,,
bottled water,,,,,,,,,,,,,,,,,,,,,,,,,,,,,,,
pork,beef,root vegetables,other vegetables,UHT-milk,spread cheese,mayonnaise,domestic eggs,zwieback,toilet cleaner,newspapers,shopping bags,,,,,,,,,,,,,,,,,,,,
whole milk,curd,rolls/buns,bottled water,fruit/vegetable juice,soap,,,,,,,,,,,,,,,,,,,,,,,,,,
rolls/buns,,,,,,,,,,,,,,,,,,,,,,,,,,,,,,,
tropical fruit,whole milk,yogurt,whipped/sour cream,frozen meals,rolls/buns,waffles,newspapers,photo/film,,,,,,,,,,,,,,,,,,,,,,,
sausage,bottled beer,liquor,,,,,,,,,,,,,,,,,,,,,,,,,,,,,
processed cheese,soda,,,,,,,,,,,,,,,,,,,,,,,,,,,,,,
cream cheese,rolls/buns,zwieback,dental care,napkins,newspapers,,,,,,,,,,,,,,,,,,,,,,,,,,
jam,cocoa drinks,soda,,,,,,,,,,,,,,,,,,,,,,,,,,,,,
beverages,rolls/buns,chewing gum,,,,,,,,,,,,,,,,,,,,,,,,,,,,,
sausage,rolls/buns,cookware,,,,,,,,,,,,,,,,,,,,,,,,,,,,,
whole milk,curd,whipped/sour cream,cream cheese,white bread,oil,sugar,baking powder,cat food,chocolate,cooking chocolate,,,,,,,,,,,,,,,,,,,,,
sparkling wine,,,,,,,,,,,,,,,,,,,,,,,,,,,,,,,
soda,misc. beverages,salty snack,chewing gum,,,,,,,,,,,,,,,,,,,,,,,,,,,,
whole milk,,,,,,,,,,,,,,,,,,,,,,,,,,,,,,,
berries,other vegetables,yogurt,UHT-milk,rolls/buns,bottled water,soda,,,,,,,,,,,,,,,,,,,,,,,,,
chocolate,,,,,,,,,,,,,,,,,,,,,,,,,,,,,,,
grapes,liquor (appetizer),waffles,,,,,,,,,,,,,,,,,,,,,,,,,,,,,
yogurt,,,,,,,,,,,,,,,,,,,,,,,,,,,,,,,
nuts/prunes,brandy,,,,,,,,,,,,,,,,,,,,,,,,,,,,,,
berries,,,,,,,,,,,,,,,,,,,,,,,,,,,,,,,
citrus fruit,,,,,,,,,,,,,,,,,,,,,,,,,,,,,,,
chicken,other vegetables,rolls/buns,shopping bags,,,,,,,,,,,,,,,,,,,,,,,,,,,,
frankfurter,hamburger meat,whole milk,coffee,bottled water,bottled beer,waffles,chocolate,,,,,,,,,,,,,,,,,,,,,,,,
citrus fruit,whole milk,yogurt,whipped/sour cream,cat food,specialty chocolate,female sanitary products,,,,,,,,,,,,,,,,,,,,,,,,,
processed cheese,brown bread,,,,,,,,,,,,,,,,,,,,,,,,,,,,,,
curd,dishes,,,,,,,,,,,,,,,,,,,,,,,,,,,,,,
chicken,other vegetables,,,,,,,,,,,,,,,,,,,,,,,,,,,,,,
other vegetables,dessert,white bread,,,,,,,,,,,,,,,,,,,,,,,,,,,,,
frozen vegetables,frozen fish,,,,,,,,,,,,,,,,,,,,,,,,,,,,,,
tropical fruit,whole milk,curd,dessert,pastry,soda,misc. beverages,hygiene articles,shopping bags,,,,,,,,,,,,,,,,,,,,,,,
other vegetables,yogurt,whipped/sour cream,waffles,,,,,,,,,,,,,,,,,,,,,,,,,,,,
chicken,long life bakery product,chocolate,,,,,,,,,,,,,,,,,,,,,,,,,,,,,
whole milk,hard cheese,bottled beer,,,,,,,,,,,,,,,,,,,,,,,,,,,,,
bottled beer,liquor,,,,,,,,,,,,,,,,,,,,,,,,,,,,,,
soda,,,,,,,,,,,,,,,,,,,,,,,,,,,,,,,
tropical fruit,pip fruit,,,,,,,,,,,,,,,,,,,,,,,,,,,,,,
pork,frozen vegetables,,,,,,,,,,,,,,,,,,,,,,,,,,,,,,
frozen dessert,soda,,,,,,,,,,,,,,,,,,,,,,,,,,,,,,
tropical fruit,dishes,,,,,,,,,,,,,,,,,,,,,,,,,,,,,,
root vegetables,whole milk,whipped/sour cream,domestic eggs,soda,fruit/vegetable juice,,,,,,,,,,,,,,,,,,,,,,,,,,
other vegetables,butter,whipped/sour cream,processed cheese,frozen fruits,,,,,,,,,,,,,,,,,,,,,,,,,,,
soda,misc. beverages,waffles,shopping bags,,,,,,,,,,,,,,,,,,,,,,,,,,,,
chewing gum,chocolate,specialty chocolate,,,,,,,,,,,,,,,,,,,,,,,,,,,,,
frankfurter,chicken,citrus fruit,root vegetables,packaged fruit/vegetables,domestic eggs,brown bread,artif. sweetener,bottled water,waffles,napkins,,,,,,,,,,,,,,,,,,,,,
sausage,whole milk,rolls/buns,,,,,,,,,,,,,,,,,,,,,,,,,,,,,
waffles,chocolate,,,,,,,,,,,,,,,,,,,,,,,,,,,,,,
long life bakery product,detergent,,,,,,,,,,,,,,,,,,,,,,,,,,,,,,
white wine,,,,,,,,,,,,,,,,,,,,,,,,,,,,,,,
coffee,shopping bags,,,,,,,,,,,,,,,,,,,,,,,,,,,,,,
popcorn,,,,,,,,,,,,,,,,,,,,,,,,,,,,,,,
sausage,pork,beef,tropical fruit,root vegetables,onions,other vegetables,UHT-milk,sliced cheese,mustard,ketchup,bottled water,soda,waffles,chocolate marshmallow,bathroom cleaner,napkins,newspapers,,,,,,,,,,,,,,
cat food,soda,specialty chocolate,,,,,,,,,,,,,,,,,,,,,,,,,,,,,
dog food,bottled water,liquor,dish cleaner,,,,,,,,,,,,,,,,,,,,,,,,,,,,
whole milk,bottled water,,,,,,,,,,,,,,,,,,,,,,,,,,,,,,
butter milk,rolls/buns,,,,,,,,,,,,,,,,,,,,,,,,,,,,,,
prosecco,,,,,,,,,,,,,,,,,,,,,,,,,,,,,,,
packaged fruit/vegetables,,,,,,,,,,,,,,,,,,,,,,,,,,,,,,,
citrus fruit,whole milk,yogurt,processed cheese,frozen vegetables,rolls/buns,margarine,chocolate,,,,,,,,,,,,,,,,,,,,,,,,
pork,root vegetables,soda,salty snack,,,,,,,,,,,,,,,,,,,,,,,,,,,,
canned beer,red/blush wine,,,,,,,,,,,,,,,,,,,,,,,,,,,,,,
brandy,,,,,,,,,,,,,,,,,,,,,,,,,,,,,,,
tropical fruit,brandy,,,,,,,,,,,,,,,,,,,,,,,,,,,,,,
sausage,pork,tropical fruit,other vegetables,butter milk,UHT-milk,soda,,,,,,,,,,,,,,,,,,,,,,,,,
pork,,,,,,,,,,,,,,,,,,,,,,,,,,,,,,,
canned beer,,,,,,,,,,,,,,,,,,,,,,,,,,,,,,,
frozen dessert,bottled water,soda,bottled beer,,,,,,,,,,,,,,,,,,,,,,,,,,,,
meat,turkey,hamburger meat,citrus fruit,root vegetables,herbs,other vegetables,whole milk,curd,yogurt,rolls/buns,pastry,rice,baking powder,,,,,,,,,,,,,,,,,,
citrus fruit,tropical fruit,pip fruit,onions,other vegetables,whole milk,yogurt,frozen fish,long life bakery product,newspapers,potted plants,,,,,,,,,,,,,,,,,,,,,
margarine,candles,newspapers,,,,,,,,,,,,,,,,,,,,,,,,,,,,,
meat,root vegetables,onions,herbs,other vegetables,whole milk,flour,soda,seasonal products,,,,,,,,,,,,,,,,,,,,,,,
processed cheese,,,,,,,,,,,,,,,,,,,,,,,,,,,,,,,
domestic eggs,white wine,,,,,,,,,,,,,,,,,,,,,,,,,,,,,,
newspapers,,,,,,,,,,,,,,,,,,,,,,,,,,,,,,,
curd,yogurt,,,,,,,,,,,,,,,,,,,,,,,,,,,,,,
frankfurter,meat,pork,grapes,root vegetables,whipped/sour cream,domestic eggs,,,,,,,,,,,,,,,,,,,,,,,,,
pork,whole milk,cream cheese,frozen fish,brown bread,sauces,,,,,,,,,,,,,,,,,,,,,,,,,,
chicken,pork,tropical fruit,curd cheese,cat food,,,,,,,,,,,,,,,,,,,,,,,,,,,
rolls/buns,canned fish,soda,newspapers,,,,,,,,,,,,,,,,,,,,,,,,,,,,
sausage,tropical fruit,condensed milk,soda,specialty chocolate,,,,,,,,,,,,,,,,,,,,,,,,,,,
condensed milk,coffee,,,,,,,,,,,,,,,,,,,,,,,,,,,,,,
yogurt,,,,,,,,,,,,,,,,,,,,,,,,,,,,,,,
beef,citrus fruit,whole milk,yogurt,rolls/buns,bottled water,,,,,,,,,,,,,,,,,,,,,,,,,,
whole milk,pastry,,,,,,,,,,,,,,,,,,,,,,,,,,,,,,
berries,other vegetables,whole milk,yogurt,whipped/sour cream,frozen vegetables,margarine,newspapers,flower (seeds),,,,,,,,,,,,,,,,,,,,,,,
meat,root vegetables,other vegetables,whole milk,brown bread,pastry,artif. sweetener,newspapers,,,,,,,,,,,,,,,,,,,,,,,,
pip fruit,sliced cheese,rolls/buns,canned beer,shopping bags,,,,,,,,,,,,,,,,,,,,,,,,,,,
chicken,citrus fruit,root vegetables,,,,,,,,,,,,,,,,,,,,,,,,,,,,,
sausage,citrus fruit,grapes,curd,rolls/buns,brown bread,bottled beer,,,,,,,,,,,,,,,,,,,,,,,,,
root vegetables,sugar,cat food,,,,,,,,,,,,,,,,,,,,,,,,,,,,,
spread cheese,,,,,,,,,,,,,,,,,,,,,,,,,,,,,,,
hamburger meat,white bread,pasta,specialty vegetables,bottled water,soda,snack products,waffles,cake bar,candy,,,,,,,,,,,,,,,,,,,,,,
frankfurter,grapes,yogurt,cream cheese,frozen potato products,rolls/buns,meat spreads,bottled water,soda,chewing gum,,,,,,,,,,,,,,,,,,,,,,
yogurt,pet care,,,,,,,,,,,,,,,,,,,,,,,,,,,,,,
other vegetables,butter,margarine,specialty fat,,,,,,,,,,,,,,,,,,,,,,,,,,,,
pork,beef,tropical fruit,root vegetables,other vegetables,whole milk,yogurt,whipped/sour cream,processed cheese,frozen vegetables,frozen dessert,rolls/buns,semi-finished bread,zwieback,margarine,sugar,Instant food products,canned fish,bottled water,bottled beer,snack products,waffles,chocolate marshmallow,hygiene articles,,,,,,,,
beverages,cake bar,,,,,,,,,,,,,,,,,,,,,,,,,,,,,,
beef,whole milk,pastry,semi-finished bread,specialty chocolate,chocolate marshmallow,,,,,,,,,,,,,,,,,,,,,,,,,,
newspapers,,,,,,,,,,,,,,,,,,,,,,,,,,,,,,,
processed cheese,bottled beer,liquor,red/blush wine,,,,,,,,,,,,,,,,,,,,,,,,,,,,
tropical fruit,pip fruit,root vegetables,other vegetables,whole milk,processed cheese,domestic eggs,brown bread,roll products,cat food,bottled beer,house keeping products,,,,,,,,,,,,,,,,,,,,
beef,rolls/buns,,,,,,,,,,,,,,,,,,,,,,,,,,,,,,
chicken,pork,whole milk,whipped/sour cream,coffee,,,,,,,,,,,,,,,,,,,,,,,,,,,
hygiene articles,,,,,,,,,,,,,,,,,,,,,,,,,,,,,,,
frankfurter,root vegetables,whole milk,butter,curd,domestic eggs,brown bread,flour,pickled vegetables,house keeping products,,,,,,,,,,,,,,,,,,,,,,
tropical fruit,hard cheese,domestic eggs,soda,misc. beverages,chewing gum,,,,,,,,,,,,,,,,,,,,,,,,,,
ham,grapes,berries,hard cheese,processed cheese,snack products,long life bakery product,waffles,female sanitary products,potted plants,shopping bags,,,,,,,,,,,,,,,,,,,,,
canned beer,specialty bar,,,,,,,,,,,,,,,,,,,,,,,,,,,,,,
rolls/buns,brown bread,,,,,,,,,,,,,,,,,,,,,,,,,,,,,,
waffles,,,,,,,,,,,,,,,,,,,,,,,,,,,,,,,
beef,,,,,,,,,,,,,,,,,,,,,,,,,,,,,,,
butter,bottled beer,,,,,,,,,,,,,,,,,,,,,,,,,,,,,,
sausage,frozen vegetables,domestic eggs,soda,fruit/vegetable juice,napkins,potted plants,,,,,,,,,,,,,,,,,,,,,,,,,
UHT-milk,candy,napkins,,,,,,,,,,,,,,,,,,,,,,,,,,,,,
cream cheese,,,,,,,,,,,,,,,,,,,,,,,,,,,,,,,
bottled beer,shopping bags,,,,,,,,,,,,,,,,,,,,,,,,,,,,,,
sausage,rolls/buns,chocolate,candy,shopping bags,,,,,,,,,,,,,,,,,,,,,,,,,,,
ham,tropical fruit,ice cream,semi-finished bread,chocolate marshmallow,,,,,,,,,,,,,,,,,,,,,,,,,,,
whole milk,pastry,sugar,newspapers,,,,,,,,,,,,,,,,,,,,,,,,,,,,
sausage,pip fruit,other vegetables,yogurt,hard cheese,domestic eggs,rolls/buns,bottled water,newspapers,,,,,,,,,,,,,,,,,,,,,,,
chicken,pork,beef,whole milk,curd,soft cheese,processed cheese,frozen potato products,rolls/buns,popcorn,,,,,,,,,,,,,,,,,,,,,,
canned beer,liquor (appetizer),,,,,,,,,,,,,,,,,,,,,,,,,,,,,,
whole milk,,,,,,,,,,,,,,,,,,,,,,,,,,,,,,,
whole milk,curd,hard cheese,bottled water,,,,,,,,,,,,,,,,,,,,,,,,,,,,
frankfurter,chicken,citrus fruit,root vegetables,,,,,,,,,,,,,,,,,,,,,,,,,,,,
salty snack,,,,,,,,,,,,,,,,,,,,,,,,,,,,,,,
rolls/buns,house keeping products,light bulbs,,,,,,,,,,,,,,,,,,,,,,,,,,,,,
meat,beef,other vegetables,butter,frozen fish,bottled water,napkins,,,,,,,,,,,,,,,,,,,,,,,,,
whole milk,curd,yogurt,soft cheese,detergent,newspapers,,,,,,,,,,,,,,,,,,,,,,,,,,
beverages,popcorn,,,,,,,,,,,,,,,,,,,,,,,,,,,,,,
other vegetables,whole milk,rice,fruit/vegetable juice,,,,,,,,,,,,,,,,,,,,,,,,,,,,
citrus fruit,rolls/buns,flour,margarine,sugar,mustard,cat food,soda,bottled beer,nut snack,newspapers,shopping bags,,,,,,,,,,,,,,,,,,,,
pastry,coffee,waffles,,,,,,,,,,,,,,,,,,,,,,,,,,,,,
bottled beer,shopping bags,,,,,,,,,,,,,,,,,,,,,,,,,,,,,,
pip fruit,grapes,,,,,,,,,,,,,,,,,,,,,,,,,,,,,,
soda,white wine,,,,,,,,,,,,,,,,,,,,,,,,,,,,,,
frozen meals,canned beer,salty snack,,,,,,,,,,,,,,,,,,,,,,,,,,,,,
frozen meals,cat food,hair spray,,,,,,,,,,,,,,,,,,,,,,,,,,,,,
whole milk,bottled water,soda,canned beer,,,,,,,,,,,,,,,,,,,,,,,,,,,,
grapes,popcorn,,,,,,,,,,,,,,,,,,,,,,,,,,,,,,
other vegetables,whole milk,yogurt,frozen vegetables,brown bread,pastry,flour,bottled water,soda,fruit/vegetable juice,canned beer,long life bakery product,,,,,,,,,,,,,,,,,,,,
bottled beer,,,,,,,,,,,,,,,,,,,,,,,,,,,,,,,
frankfurter,curd,frozen vegetables,domestic eggs,soups,soda,soap,hygiene articles,,,,,,,,,,,,,,,,,,,,,,,,
frankfurter,meat,hamburger meat,berries,whole milk,butter,pasta,honey,coffee,fruit/vegetable juice,napkins,,,,,,,,,,,,,,,,,,,,,
bottled water,napkins,,,,,,,,,,,,,,,,,,,,,,,,,,,,,,
beef,citrus fruit,berries,whole milk,yogurt,UHT-milk,specialty cheese,pastry,cake bar,seasonal products,detergent,potted plants,,,,,,,,,,,,,,,,,,,,
pork,whole milk,soda,canned beer,salty snack,chewing gum,candy,,,,,,,,,,,,,,,,,,,,,,,,,
root vegetables,other vegetables,,,,,,,,,,,,,,,,,,,,,,,,,,,,,,
beef,whipped/sour cream,,,,,,,,,,,,,,,,,,,,,,,,,,,,,,
frankfurter,pasta,bottled beer,,,,,,,,,,,,,,,,,,,,,,,,,,,,,
other vegetables,cream cheese,,,,,,,,,,,,,,,,,,,,,,,,,,,,,,
frankfurter,sausage,finished products,fish,whole milk,white bread,pastry,oil,margarine,sugar,fruit/vegetable juice,cake bar,chocolate,,,,,,,,,,,,,,,,,,,
frankfurter,ham,chicken,pork,root vegetables,other vegetables,dessert,cream cheese,rolls/buns,cat food,bottled water,shopping bags,,,,,,,,,,,,,,,,,,,,
canned beer,,,,,,,,,,,,,,,,,,,,,,,,,,,,,,,
whole milk,newspapers,,,,,,,,,,,,,,,,,,,,,,,,,,,,,,
tropical fruit,berries,root vegetables,other vegetables,butter,yogurt,UHT-milk,domestic eggs,margarine,bottled water,soda,salty snack,newspapers,,,,,,,,,,,,,,,,,,,
tropical fruit,,,,,,,,,,,,,,,,,,,,,,,,,,,,,,,
fruit/vegetable juice,cake bar,newspapers,,,,,,,,,,,,,,,,,,,,,,,,,,,,,
newspapers,,,,,,,,,,,,,,,,,,,,,,,,,,,,,,,
ice cream,,,,,,,,,,,,,,,,,,,,,,,,,,,,,,,
yogurt,white wine,,,,,,,,,,,,,,,,,,,,,,,,,,,,,,
whole milk,rolls/buns,,,,,,,,,,,,,,,,,,,,,,,,,,,,,,
ice cream,,,,,,,,,,,,,,,,,,,,,,,,,,,,,,,
dishes,,,,,,,,,,,,,,,,,,,,,,,,,,,,,,,
whole milk,waffles,,,,,,,,,,,,,,,,,,,,,,,,,,,,,,
chicken,pork,beef,other vegetables,whole milk,butter,whipped/sour cream,soft cheese,cream cheese,processed cheese,frozen vegetables,frozen fruits,pastry,sugar,soda,long life bakery product,waffles,chocolate marshmallow,candy,,,,,,,,,,,,,
pip fruit,chocolate marshmallow,,,,,,,,,,,,,,,,,,,,,,,,,,,,,,
sausage,tropical fruit,root vegetables,herbs,whole milk,roll products,oil,,,,,,,,,,,,,,,,,,,,,,,,,
beef,yogurt,white bread,flour,soda,fruit/vegetable juice,bottled beer,brandy,cooking chocolate,,,,,,,,,,,,,,,,,,,,,,,
root vegetables,yogurt,,,,,,,,,,,,,,,,,,,,,,,,,,,,,,
whole milk,,,,,,,,,,,,,,,,,,,,,,,,,,,,,,,
red/blush wine,,,,,,,,,,,,,,,,,,,,,,,,,,,,,,,
sausage,citrus fruit,tropical fruit,berries,root vegetables,other vegetables,condensed milk,curd cheese,roll products,pasta,oil,coffee,soda,fruit/vegetable juice,bottled beer,abrasive cleaner,bathroom cleaner,napkins,,,,,,,,,,,,,,
frankfurter,whole milk,frozen vegetables,fruit/vegetable juice,,,,,,,,,,,,,,,,,,,,,,,,,,,,
bottled beer,,,,,,,,,,,,,,,,,,,,,,,,,,,,,,,
sausage,tropical fruit,grapes,berries,other vegetables,pastry,soda,specialty chocolate,napkins,shopping bags,,,,,,,,,,,,,,,,,,,,,,
butter milk,yogurt,salty snack,specialty chocolate,,,,,,,,,,,,,,,,,,,,,,,,,,,,
sausage,meat,herbs,other vegetables,soft cheese,margarine,cat food,shopping bags,,,,,,,,,,,,,,,,,,,,,,,,
pork,butter milk,pickled vegetables,soda,canned beer,liquor,,,,,,,,,,,,,,,,,,,,,,,,,,
soda,,,,,,,,,,,,,,,,,,,,,,,,,,,,,,,
soda,canned beer,,,,,,,,,,,,,,,,,,,,,,,,,,,,,,
pastry,soda,misc. beverages,canned beer,salty snack,chocolate,shopping bags,,,,,,,,,,,,,,,,,,,,,,,,,
frankfurter,tropical fruit,pip fruit,other vegetables,yogurt,whipped/sour cream,rolls/buns,bottled water,soda,misc. beverages,chocolate,specialty chocolate,candy,shopping bags,,,,,,,,,,,,,,,,,,
sausage,other vegetables,whole milk,butter,fruit/vegetable juice,,,,,,,,,,,,,,,,,,,,,,,,,,,
ham,whole milk,white bread,,,,,,,,,,,,,,,,,,,,,,,,,,,,,
tropical fruit,yogurt,soda,,,,,,,,,,,,,,,,,,,,,,,,,,,,,
whole milk,brown bread,margarine,,,,,,,,,,,,,,,,,,,,,,,,,,,,,
domestic eggs,pastry,bottled beer,canned beer,long life bakery product,chocolate,candles,newspapers,,,,,,,,,,,,,,,,,,,,,,,,
rolls/buns,,,,,,,,,,,,,,,,,,,,,,,,,,,,,,,
tropical fruit,whole milk,yogurt,semi-finished bread,bottled water,soda,chocolate marshmallow,,,,,,,,,,,,,,,,,,,,,,,,,
hamburger meat,tropical fruit,other vegetables,shopping bags,,,,,,,,,,,,,,,,,,,,,,,,,,,,
butter,curd,yogurt,whipped/sour cream,margarine,salty snack,hygiene articles,,,,,,,,,,,,,,,,,,,,,,,,,
specialty bar,,,,,,,,,,,,,,,,,,,,,,,,,,,,,,,
domestic eggs,white bread,pastry,canned beer,newspapers,,,,,,,,,,,,,,,,,,,,,,,,,,,
frankfurter,pork,other vegetables,butter milk,UHT-milk,sliced cheese,brown bread,margarine,,,,,,,,,,,,,,,,,,,,,,,,
candles,,,,,,,,,,,,,,,,,,,,,,,,,,,,,,,
tropical fruit,whole milk,butter,butter milk,brown bread,pastry,,,,,,,,,,,,,,,,,,,,,,,,,,
soda,,,,,,,,,,,,,,,,,,,,,,,,,,,,,,,
frozen vegetables,pasta,bottled water,soda,,,,,,,,,,,,,,,,,,,,,,,,,,,,
chicken,hamburger meat,citrus fruit,tropical fruit,pip fruit,other vegetables,yogurt,rolls/buns,mustard,canned vegetables,cake bar,napkins,newspapers,,,,,,,,,,,,,,,,,,,
hamburger meat,citrus fruit,tropical fruit,other vegetables,whipped/sour cream,beverages,white bread,hygiene articles,napkins,,,,,,,,,,,,,,,,,,,,,,,
chicken,pork,beef,hamburger meat,citrus fruit,other vegetables,packaged fruit/vegetables,whole milk,pastry,napkins,,,,,,,,,,,,,,,,,,,,,,
other vegetables,whole milk,yogurt,whipped/sour cream,baking powder,misc. beverages,sparkling wine,dish cleaner,,,,,,,,,,,,,,,,,,,,,,,,
rolls/buns,photo/film,,,,,,,,,,,,,,,,,,,,,,,,,,,,,,
canned beer,,,,,,,,,,,,,,,,,,,,,,,,,,,,,,,
meat,pork,tropical fruit,berries,baking powder,canned fish,seasonal products,,,,,,,,,,,,,,,,,,,,,,,,,
frankfurter,beef,other vegetables,whole milk,butter milk,yogurt,hard cheese,coffee,photo/film,,,,,,,,,,,,,,,,,,,,,,,
newspapers,,,,,,,,,,,,,,,,,,,,,,,,,,,,,,,
berries,root vegetables,whipped/sour cream,soda,,,,,,,,,,,,,,,,,,,,,,,,,,,,
whole milk,whipped/sour cream,rolls/buns,pickled vegetables,bottled water,long life bakery product,,,,,,,,,,,,,,,,,,,,,,,,,,
other vegetables,whole milk,condensed milk,white bread,sugar,coffee,soda,fruit/vegetable juice,bottled beer,shopping bags,,,,,,,,,,,,,,,,,,,,,,
frankfurter,hamburger meat,other vegetables,pastry,dish cleaner,cling film/bags,kitchen towels,,,,,,,,,,,,,,,,,,,,,,,,,
yogurt,abrasive cleaner,,,,,,,,,,,,,,,,,,,,,,,,,,,,,,
hamburger meat,whole milk,butter milk,yogurt,margarine,baking powder,,,,,,,,,,,,,,,,,,,,,,,,,,
hamburger meat,other vegetables,whole milk,butter,specialty cheese,pastry,cereals,,,,,,,,,,,,,,,,,,,,,,,,,
other vegetables,whole milk,canned beer,,,,,,,,,,,,,,,,,,,,,,,,,,,,,
sausage,pip fruit,UHT-milk,soups,sauces,cat food,newspapers,,,,,,,,,,,,,,,,,,,,,,,,,
root vegetables,herbs,other vegetables,dessert,ice cream,cake bar,newspapers,shopping bags,,,,,,,,,,,,,,,,,,,,,,,,
pork,soda,canned beer,male cosmetics,,,,,,,,,,,,,,,,,,,,,,,,,,,,
pip fruit,coffee,,,,,,,,,,,,,,,,,,,,,,,,,,,,,,
root vegetables,white bread,chewing gum,,,,,,,,,,,,,,,,,,,,,,,,,,,,,
ham,citrus fruit,tropical fruit,pip fruit,root vegetables,other vegetables,whole milk,brown bread,,,,,,,,,,,,,,,,,,,,,,,,
yogurt,long life bakery product,photo/film,potted plants,,,,,,,,,,,,,,,,,,,,,,,,,,,,
citrus fruit,cream cheese,,,,,,,,,,,,,,,,,,,,,,,,,,,,,,
pip fruit,other vegetables,butter,domestic eggs,rolls/buns,margarine,bottled water,,,,,,,,,,,,,,,,,,,,,,,,,
brown bread,white wine,,,,,,,,,,,,,,,,,,,,,,,,,,,,,,
tropical fruit,whole milk,hard cheese,rolls/buns,pastry,canned vegetables,potted plants,,,,,,,,,,,,,,,,,,,,,,,,,
citrus fruit,tropical fruit,pip fruit,whole milk,yogurt,rolls/buns,pastry,white wine,red/blush wine,hygiene articles,,,,,,,,,,,,,,,,,,,,,,
sugar,,,,,,,,,,,,,,,,,,,,,,,,,,,,,,,
turkey,nuts/prunes,other vegetables,whole milk,butter,curd,domestic eggs,pastry,tea,,,,,,,,,,,,,,,,,,,,,,,
herbs,other vegetables,whipped/sour cream,UHT-milk,domestic eggs,sweet spreads,specialty chocolate,decalcifier,napkins,,,,,,,,,,,,,,,,,,,,,,,
citrus fruit,tropical fruit,other vegetables,butter milk,yogurt,pastry,waffles,candy,dental care,,,,,,,,,,,,,,,,,,,,,,,
liquor,house keeping products,shopping bags,,,,,,,,,,,,,,,,,,,,,,,,,,,,,
pork,rolls/buns,pastry,napkins,newspapers,,,,,,,,,,,,,,,,,,,,,,,,,,,
chicken,hamburger meat,whipped/sour cream,rolls/buns,soda,long life bakery product,dish cleaner,,,,,,,,,,,,,,,,,,,,,,,,,
frankfurter,meat,tropical fruit,whole milk,ice cream,salty snack,detergent,,,,,,,,,,,,,,,,,,,,,,,,,
canned beer,,,,,,,,,,,,,,,,,,,,,,,,,,,,,,,
other vegetables,whole milk,soda,shopping bags,,,,,,,,,,,,,,,,,,,,,,,,,,,,
herbs,frozen vegetables,dog food,bottled water,bottled beer,specialty chocolate,,,,,,,,,,,,,,,,,,,,,,,,,,
beef,citrus fruit,cream cheese,vinegar,margarine,,,,,,,,,,,,,,,,,,,,,,,,,,,
whipped/sour cream,dog food,fruit/vegetable juice,skin care,shopping bags,,,,,,,,,,,,,,,,,,,,,,,,,,,
beef,citrus fruit,root vegetables,other vegetables,rolls/buns,sugar,fruit/vegetable juice,,,,,,,,,,,,,,,,,,,,,,,,,
sausage,chicken,citrus fruit,pip fruit,root vegetables,other vegetables,whole milk,yogurt,whipped/sour cream,domestic eggs,white bread,soda,shopping bags,,,,,,,,,,,,,,,,,,,
frankfurter,other vegetables,yogurt,rolls/buns,pastry,margarine,sugar,waffles,chocolate,chocolate marshmallow,,,,,,,,,,,,,,,,,,,,,,
sausage,other vegetables,whipped/sour cream,processed cheese,brown bread,,,,,,,,,,,,,,,,,,,,,,,,,,,
other vegetables,curd,whipped/sour cream,UHT-milk,sugar,bottled beer,napkins,,,,,,,,,,,,,,,,,,,,,,,,,
root vegetables,other vegetables,frozen vegetables,frozen fish,rolls/buns,dog food,popcorn,newspapers,,,,,,,,,,,,,,,,,,,,,,,,
frankfurter,yogurt,frozen fish,ice cream,frozen potato products,pastry,margarine,canned fish,soda,bottled beer,salty snack,nut snack,long life bakery product,specialty bar,candy,,,,,,,,,,,,,,,,,
pastry,oil,margarine,,,,,,,,,,,,,,,,,,,,,,,,,,,,,
meat,chicken,pork,pip fruit,other vegetables,whole milk,butter milk,frozen vegetables,rolls/buns,rice,sugar,coffee,photo/film,,,,,,,,,,,,,,,,,,,
ice cream,sugar,coffee,bottled water,soda,fruit/vegetable juice,shopping bags,,,,,,,,,,,,,,,,,,,,,,,,,
whole milk,dessert,yogurt,margarine,newspapers,,,,,,,,,,,,,,,,,,,,,,,,,,,
soda,specialty chocolate,,,,,,,,,,,,,,,,,,,,,,,,,,,,,,
roll products,newspapers,,,,,,,,,,,,,,,,,,,,,,,,,,,,,,
sugar,bottled water,soda,fruit/vegetable juice,salty snack,popcorn,,,,,,,,,,,,,,,,,,,,,,,,,,
chicken,coffee,,,,,,,,,,,,,,,,,,,,,,,,,,,,,,
specialty cheese,baking powder,waffles,chocolate,,,,,,,,,,,,,,,,,,,,,,,,,,,,
newspapers,,,,,,,,,,,,,,,,,,,,,,,,,,,,,,,
rolls/buns,newspapers,,,,,,,,,,,,,,,,,,,,,,,,,,,,,,
whole milk,soda,,,,,,,,,,,,,,,,,,,,,,,,,,,,,,
bottled water,,,,,,,,,,,,,,,,,,,,,,,,,,,,,,,
berries,,,,,,,,,,,,,,,,,,,,,,,,,,,,,,,
citrus fruit,tropical fruit,pip fruit,root vegetables,rolls/buns,,,,,,,,,,,,,,,,,,,,,,,,,,,
turkey,tropical fruit,grapes,other vegetables,whole milk,curd,yogurt,processed cheese,dog food,potted plants,,,,,,,,,,,,,,,,,,,,,,
white wine,red/blush wine,napkins,,,,,,,,,,,,,,,,,,,,,,,,,,,,,
other vegetables,whole milk,cream cheese,frozen meals,rolls/buns,brown bread,bottled water,newspapers,,,,,,,,,,,,,,,,,,,,,,,,
pip fruit,,,,,,,,,,,,,,,,,,,,,,,,,,,,,,,
rolls/buns,pickled vegetables,specialty bar,dental care,,,,,,,,,,,,,,,,,,,,,,,,,,,,
frankfurter,root vegetables,other vegetables,hard cheese,,,,,,,,,,,,,,,,,,,,,,,,,,,,
oil,hygiene articles,,,,,,,,,,,,,,,,,,,,,,,,,,,,,,
tropical fruit,curd,,,,,,,,,,,,,,,,,,,,,,,,,,,,,,
yogurt,,,,,,,,,,,,,,,,,,,,,,,,,,,,,,,
tropical fruit,other vegetables,soda,,,,,,,,,,,,,,,,,,,,,,,,,,,,,
butter,,,,,,,,,,,,,,,,,,,,,,,,,,,,,,,
other vegetables,dessert,sugar,,,,,,,,,,,,,,,,,,,,,,,,,,,,,
liver loaf,root vegetables,salty snack,cake bar,specialty chocolate,,,,,,,,,,,,,,,,,,,,,,,,,,,
citrus fruit,root vegetables,whole milk,butter milk,processed cheese,frozen vegetables,mustard,fruit/vegetable juice,napkins,,,,,,,,,,,,,,,,,,,,,,,
sausage,brown bread,salty snack,chocolate,,,,,,,,,,,,,,,,,,,,,,,,,,,,
napkins,candles,,,,,,,,,,,,,,,,,,,,,,,,,,,,,,
beverages,,,,,,,,,,,,,,,,,,,,,,,,,,,,,,,
meat,soda,,,,,,,,,,,,,,,,,,,,,,,,,,,,,,
other vegetables,whole milk,white bread,soda,,,,,,,,,,,,,,,,,,,,,,,,,,,,
pip fruit,frozen vegetables,bottled water,,,,,,,,,,,,,,,,,,,,,,,,,,,,,
whole milk,,,,,,,,,,,,,,,,,,,,,,,,,,,,,,,
pork,beef,tropical fruit,other vegetables,yogurt,frozen vegetables,,,,,,,,,,,,,,,,,,,,,,,,,,
pet care,,,,,,,,,,,,,,,,,,,,,,,,,,,,,,,
pork,whole milk,cake bar,,,,,,,,,,,,,,,,,,,,,,,,,,,,,
sausage,other vegetables,whole milk,hard cheese,frozen meals,ice cream,brown bread,pastry,salty snack,shopping bags,,,,,,,,,,,,,,,,,,,,,,
beef,other vegetables,pasta,Instant food products,,,,,,,,,,,,,,,,,,,,,,,,,,,,
root vegetables,yogurt,whipped/sour cream,UHT-milk,domestic eggs,rolls/buns,pickled vegetables,soda,bottled beer,,,,,,,,,,,,,,,,,,,,,,,
other vegetables,whole milk,yogurt,rolls/buns,pastry,margarine,artif. sweetener,baking powder,soda,candles,newspapers,,,,,,,,,,,,,,,,,,,,,
yogurt,soda,,,,,,,,,,,,,,,,,,,,,,,,,,,,,,
soda,,,,,,,,,,,,,,,,,,,,,,,,,,,,,,,
whole milk,pastry,soda,specialty bar,,,,,,,,,,,,,,,,,,,,,,,,,,,,
sparkling wine,,,,,,,,,,,,,,,,,,,,,,,,,,,,,,,
bottled beer,liquor,chewing gum,,,,,,,,,,,,,,,,,,,,,,,,,,,,,
pet care,,,,,,,,,,,,,,,,,,,,,,,,,,,,,,,
beverages,chocolate,,,,,,,,,,,,,,,,,,,,,,,,,,,,,,
yogurt,,,,,,,,,,,,,,,,,,,,,,,,,,,,,,,
frozen vegetables,,,,,,,,,,,,,,,,,,,,,,,,,,,,,,,
whipped/sour cream,,,,,,,,,,,,,,,,,,,,,,,,,,,,,,,
napkins,,,,,,,,,,,,,,,,,,,,,,,,,,,,,,,
bottled water,,,,,,,,,,,,,,,,,,,,,,,,,,,,,,,
tropical fruit,root vegetables,rolls/buns,,,,,,,,,,,,,,,,,,,,,,,,,,,,,
hamburger meat,brown bread,semi-finished bread,,,,,,,,,,,,,,,,,,,,,,,,,,,,,
sugar,,,,,,,,,,,,,,,,,,,,,,,,,,,,,,,
coffee,,,,,,,,,,,,,,,,,,,,,,,,,,,,,,,
pip fruit,butter,beverages,sliced cheese,ice cream,rolls/buns,bottled water,,,,,,,,,,,,,,,,,,,,,,,,,
whole milk,soda,,,,,,,,,,,,,,,,,,,,,,,,,,,,,,
dessert,yogurt,frozen vegetables,soda,misc. beverages,white wine,prosecco,long life bakery product,waffles,cleaner,toilet cleaner,dental care,napkins,newspapers,,,,,,,,,,,,,,,,,,
frankfurter,whipped/sour cream,condensed milk,frozen vegetables,salty snack,candy,,,,,,,,,,,,,,,,,,,,,,,,,,
bottled water,soda,fruit/vegetable juice,,,,,,,,,,,,,,,,,,,,,,,,,,,,,
whole milk,,,,,,,,,,,,,,,,,,,,,,,,,,,,,,,
pastry,margarine,specialty bar,candy,,,,,,,,,,,,,,,,,,,,,,,,,,,,
citrus fruit,root vegetables,whole milk,pastry,cat food,soda,cake bar,hygiene articles,,,,,,,,,,,,,,,,,,,,,,,,
UHT-milk,soda,canned beer,,,,,,,,,,,,,,,,,,,,,,,,,,,,,
rolls/buns,bottled water,liquor,,,,,,,,,,,,,,,,,,,,,,,,,,,,,
whole milk,cream cheese,newspapers,,,,,,,,,,,,,,,,,,,,,,,,,,,,,
hygiene articles,shopping bags,,,,,,,,,,,,,,,,,,,,,,,,,,,,,,
citrus fruit,grapes,whole milk,dessert,yogurt,brown bread,pastry,soda,newspapers,shopping bags,,,,,,,,,,,,,,,,,,,,,,
citrus fruit,grapes,whole milk,pastry,canned fruit,canned fish,chocolate,specialty bar,hygiene articles,napkins,shopping bags,,,,,,,,,,,,,,,,,,,,,
sausage,citrus fruit,tropical fruit,other vegetables,tidbits,shopping bags,,,,,,,,,,,,,,,,,,,,,,,,,,
citrus fruit,other vegetables,whole milk,butter,dental care,,,,,,,,,,,,,,,,,,,,,,,,,,,
other vegetables,whole milk,brown bread,napkins,,,,,,,,,,,,,,,,,,,,,,,,,,,,
sparkling wine,,,,,,,,,,,,,,,,,,,,,,,,,,,,,,,
whole milk,pastry,oil,popcorn,snack products,detergent,shopping bags,,,,,,,,,,,,,,,,,,,,,,,,,
butter,soda,fruit/vegetable juice,bottled beer,,,,,,,,,,,,,,,,,,,,,,,,,,,,
beef,,,,,,,,,,,,,,,,,,,,,,,,,,,,,,,
whole milk,,,,,,,,,,,,,,,,,,,,,,,,,,,,,,,
pastry,semi-finished bread,sugar,,,,,,,,,,,,,,,,,,,,,,,,,,,,,
sausage,citrus fruit,nuts/prunes,white bread,pastry,,,,,,,,,,,,,,,,,,,,,,,,,,,
soda,,,,,,,,,,,,,,,,,,,,,,,,,,,,,,,
pip fruit,canned beer,waffles,,,,,,,,,,,,,,,,,,,,,,,,,,,,,
butter,salt,margarine,sugar,,,,,,,,,,,,,,,,,,,,,,,,,,,,
butter,butter milk,domestic eggs,,,,,,,,,,,,,,,,,,,,,,,,,,,,,
UHT-milk,frozen meals,brown bread,fruit/vegetable juice,shopping bags,,,,,,,,,,,,,,,,,,,,,,,,,,,
frankfurter,ham,tropical fruit,pip fruit,other vegetables,frozen vegetables,domestic eggs,zwieback,margarine,soda,,,,,,,,,,,,,,,,,,,,,,
tropical fruit,pip fruit,other vegetables,misc. beverages,,,,,,,,,,,,,,,,,,,,,,,,,,,,
sausage,whole milk,dessert,pastry,soda,,,,,,,,,,,,,,,,,,,,,,,,,,,
frankfurter,pork,pip fruit,other vegetables,hard cheese,frozen meals,frozen dessert,pastry,semi-finished bread,sugar,soda,salty snack,specialty chocolate,specialty bar,candy,seasonal products,,,,,,,,,,,,,,,,
hamburger meat,tropical fruit,herbs,other vegetables,whole milk,curd,ice cream,Instant food products,newspapers,shopping bags,,,,,,,,,,,,,,,,,,,,,,
meat,,,,,,,,,,,,,,,,,,,,,,,,,,,,,,,
hamburger meat,whole milk,cream cheese,pastry,misc. beverages,fruit/vegetable juice,white wine,,,,,,,,,,,,,,,,,,,,,,,,,
meat,,,,,,,,,,,,,,,,,,,,,,,,,,,,,,,
tropical fruit,rolls/buns,salt,fruit/vegetable juice,bottled beer,napkins,,,,,,,,,,,,,,,,,,,,,,,,,,
frankfurter,nuts/prunes,frozen meals,rolls/buns,chocolate,,,,,,,,,,,,,,,,,,,,,,,,,,,
citrus fruit,pip fruit,berries,house keeping products,,,,,,,,,,,,,,,,,,,,,,,,,,,,
dessert,soda,cake bar,shopping bags,,,,,,,,,,,,,,,,,,,,,,,,,,,,
oil,ketchup,coffee,,,,,,,,,,,,,,,,,,,,,,,,,,,,,
bottled water,,,,,,,,,,,,,,,,,,,,,,,,,,,,,,,
chicken,,,,,,,,,,,,,,,,,,,,,,,,,,,,,,,
root vegetables,whole milk,frozen meals,domestic eggs,white bread,white wine,,,,,,,,,,,,,,,,,,,,,,,,,,
pork,,,,,,,,,,,,,,,,,,,,,,,,,,,,,,,
sausage,tropical fruit,yogurt,frozen meals,ice cream,brown bread,,,,,,,,,,,,,,,,,,,,,,,,,,
whole milk,coffee,,,,,,,,,,,,,,,,,,,,,,,,,,,,,,
nuts/prunes,yogurt,fruit/vegetable juice,specialty chocolate,,,,,,,,,,,,,,,,,,,,,,,,,,,,
chicken,frozen meals,margarine,soda,,,,,,,,,,,,,,,,,,,,,,,,,,,,
tropical fruit,frozen vegetables,,,,,,,,,,,,,,,,,,,,,,,,,,,,,,
canned beer,,,,,,,,,,,,,,,,,,,,,,,,,,,,,,,
citrus fruit,whole milk,yogurt,spread cheese,brown bread,bottled beer,white wine,long life bakery product,flower (seeds),,,,,,,,,,,,,,,,,,,,,,,
chewing gum,,,,,,,,,,,,,,,,,,,,,,,,,,,,,,,
bottled beer,,,,,,,,,,,,,,,,,,,,,,,,,,,,,,,
sausage,pip fruit,root vegetables,cream cheese,specialty cheese,white bread,brown bread,salt,margarine,canned fish,bottled water,soda,waffles,shopping bags,,,,,,,,,,,,,,,,,,
whole milk,rolls/buns,,,,,,,,,,,,,,,,,,,,,,,,,,,,,,
sausage,ham,beef,root vegetables,UHT-milk,pet care,soda,,,,,,,,,,,,,,,,,,,,,,,,,
frankfurter,canned fish,napkins,newspapers,,,,,,,,,,,,,,,,,,,,,,,,,,,,
cat food,bottled water,hygiene articles,,,,,,,,,,,,,,,,,,,,,,,,,,,,,
pork,,,,,,,,,,,,,,,,,,,,,,,,,,,,,,,
whole milk,,,,,,,,,,,,,,,,,,,,,,,,,,,,,,,
finished products,onions,salty snack,,,,,,,,,,,,,,,,,,,,,,,,,,,,,
frozen meals,canned beer,candy,,,,,,,,,,,,,,,,,,,,,,,,,,,,,
whole milk,specialty cheese,frozen vegetables,,,,,,,,,,,,,,,,,,,,,,,,,,,,,
beef,other vegetables,whole milk,yogurt,brown bread,liquor,newspapers,,,,,,,,,,,,,,,,,,,,,,,,,
ham,chicken,pork,root vegetables,whole milk,whipped/sour cream,rolls/buns,sugar,soda,waffles,chocolate,specialty chocolate,chocolate marshmallow,napkins,,,,,,,,,,,,,,,,,,
finished products,other vegetables,butter,cream cheese,processed cheese,domestic eggs,rolls/buns,pastry,long life bakery product,candy,,,,,,,,,,,,,,,,,,,,,,
pet care,bottled beer,,,,,,,,,,,,,,,,,,,,,,,,,,,,,,
whole milk,instant coffee,misc. beverages,fruit/vegetable juice,chewing gum,shopping bags,,,,,,,,,,,,,,,,,,,,,,,,,,
whole milk,,,,,,,,,,,,,,,,,,,,,,,,,,,,,,,
sausage,chicken,pip fruit,spread cheese,rolls/buns,sugar,,,,,,,,,,,,,,,,,,,,,,,,,,
curd,,,,,,,,,,,,,,,,,,,,,,,,,,,,,,,
root vegetables,onions,shopping bags,,,,,,,,,,,,,,,,,,,,,,,,,,,,,
yogurt,frozen meals,coffee,bottled water,shopping bags,,,,,,,,,,,,,,,,,,,,,,,,,,,
whole milk,pastry,,,,,,,,,,,,,,,,,,,,,,,,,,,,,,
liqueur,,,,,,,,,,,,,,,,,,,,,,,,,,,,,,,
semi-finished bread,seasonal products,,,,,,,,,,,,,,,,,,,,,,,,,,,,,,
frankfurter,tropical fruit,whole milk,brown bread,mustard,baking powder,meat spreads,fruit/vegetable juice,shopping bags,,,,,,,,,,,,,,,,,,,,,,,
hamburger meat,root vegetables,other vegetables,rolls/buns,roll products,pet care,newspapers,,,,,,,,,,,,,,,,,,,,,,,,,
whole milk,,,,,,,,,,,,,,,,,,,,,,,,,,,,,,,
other vegetables,,,,,,,,,,,,,,,,,,,,,,,,,,,,,,,
butter milk,photo/film,,,,,,,,,,,,,,,,,,,,,,,,,,,,,,
bottled beer,,,,,,,,,,,,,,,,,,,,,,,,,,,,,,,
bottled beer,,,,,,,,,,,,,,,,,,,,,,,,,,,,,,,
sausage,ham,pip fruit,whole milk,curd,butter milk,yogurt,sliced cheese,,,,,,,,,,,,,,,,,,,,,,,,
domestic eggs,brown bread,flour,oil,cat food,coffee,soda,candy,hygiene articles,kitchen towels,,,,,,,,,,,,,,,,,,,,,,
sausage,root vegetables,dessert,pastry,flour,sugar,soda,cake bar,,,,,,,,,,,,,,,,,,,,,,,,
waffles,shopping bags,,,,,,,,,,,,,,,,,,,,,,,,,,,,,,
pastry,house keeping products,,,,,,,,,,,,,,,,,,,,,,,,,,,,,,
pork,processed cheese,bottled beer,,,,,,,,,,,,,,,,,,,,,,,,,,,,,
waffles,detergent,,,,,,,,,,,,,,,,,,,,,,,,,,,,,,
yogurt,domestic eggs,pastry,,,,,,,,,,,,,,,,,,,,,,,,,,,,,
brown bread,vinegar,,,,,,,,,,,,,,,,,,,,,,,,,,,,,,
sausage,citrus fruit,whole milk,,,,,,,,,,,,,,,,,,,,,,,,,,,,,
other vegetables,rolls/buns,,,,,,,,,,,,,,,,,,,,,,,,,,,,,,
bottled water,bottled beer,,,,,,,,,,,,,,,,,,,,,,,,,,,,,,
ice cream,pastry,soda,salty snack,,,,,,,,,,,,,,,,,,,,,,,,,,,,
chocolate marshmallow,candy,,,,,,,,,,,,,,,,,,,,,,,,,,,,,,
root vegetables,herbs,other vegetables,napkins,flower (seeds),,,,,,,,,,,,,,,,,,,,,,,,,,,
tropical fruit,whole milk,butter,bottled water,hygiene articles,napkins,,,,,,,,,,,,,,,,,,,,,,,,,,
finished products,yogurt,pasta,,,,,,,,,,,,,,,,,,,,,,,,,,,,,
root vegetables,rolls/buns,white bread,pastry,oil,Instant food products,napkins,,,,,,,,,,,,,,,,,,,,,,,,,
newspapers,,,,,,,,,,,,,,,,,,,,,,,,,,,,,,,
pork,hamburger meat,tropical fruit,whole milk,margarine,canned vegetables,shopping bags,,,,,,,,,,,,,,,,,,,,,,,,,
rolls/buns,,,,,,,,,,,,,,,,,,,,,,,,,,,,,,,
pip fruit,whole milk,yogurt,soft cheese,sliced cheese,cream cheese,margarine,bottled water,fruit/vegetable juice,rum,cling film/bags,,,,,,,,,,,,,,,,,,,,,
root vegetables,other vegetables,pastry,pickled vegetables,,,,,,,,,,,,,,,,,,,,,,,,,,,,
frankfurter,citrus fruit,other vegetables,whole milk,condensed milk,rolls/buns,white bread,coffee,fruit/vegetable juice,bottled beer,brandy,,,,,,,,,,,,,,,,,,,,,
meat,specialty chocolate,,,,,,,,,,,,,,,,,,,,,,,,,,,,,,
sausage,root vegetables,chocolate,,,,,,,,,,,,,,,,,,,,,,,,,,,,,
root vegetables,herbs,yogurt,whipped/sour cream,UHT-milk,frozen vegetables,long life bakery product,,,,,,,,,,,,,,,,,,,,,,,,,
bottled beer,,,,,,,,,,,,,,,,,,,,,,,,,,,,,,,
sausage,domestic eggs,rolls/buns,brown bread,,,,,,,,,,,,,,,,,,,,,,,,,,,,
condensed milk,rolls/buns,coffee,newspapers,,,,,,,,,,,,,,,,,,,,,,,,,,,,
chicken,citrus fruit,softener,,,,,,,,,,,,,,,,,,,,,,,,,,,,,
soda,,,,,,,,,,,,,,,,,,,,,,,,,,,,,,,
sausage,whole milk,whipped/sour cream,sliced cheese,coffee,,,,,,,,,,,,,,,,,,,,,,,,,,,
curd,frozen meals,pastry,long life bakery product,waffles,napkins,,,,,,,,,,,,,,,,,,,,,,,,,,
whole milk,bottled beer,,,,,,,,,,,,,,,,,,,,,,,,,,,,,,
pip fruit,whole milk,pastry,hygiene articles,napkins,,,,,,,,,,,,,,,,,,,,,,,,,,,
beverages,pastry,newspapers,,,,,,,,,,,,,,,,,,,,,,,,,,,,,
beef,root vegetables,other vegetables,frozen vegetables,frozen dessert,domestic eggs,,,,,,,,,,,,,,,,,,,,,,,,,,
citrus fruit,berries,other vegetables,whole milk,frozen meals,newspapers,,,,,,,,,,,,,,,,,,,,,,,,,,
whole milk,yogurt,frozen meals,bottled water,,,,,,,,,,,,,,,,,,,,,,,,,,,,
newspapers,,,,,,,,,,,,,,,,,,,,,,,,,,,,,,,
cooking chocolate,,,,,,,,,,,,,,,,,,,,,,,,,,,,,,,
chicken,tropical fruit,other vegetables,vinegar,shopping bags,,,,,,,,,,,,,,,,,,,,,,,,,,,
