age,job,marital,education,default,balance,housing,loan,contact,day,month,duration
24,services,married,secondary,yes,110,yes,no,unknown,23,may,27
33,services,married,secondary,no,4789,yes,yes,cellular,11,may,220
35,management,single,tertiary,no,1350,yes,no,cellular,16,apr,185
37,blue-collar,divorced,secondary,no,48,yes,no,unknown,8,may,133
55,retired,married,secondary,no,4194,no,yes,telephone,30,jul,208
35,management,single,tertiary,no,747,no,no,cellular,23,feb,141
36,self-employed,married,tertiary,no,307,yes,no,cellular,14,may,341
26,blue-collar,single,secondary,no,592,yes,yes,unknown,27,may,174
41,entrepreneur,married,tertiary,no,221,yes,no,unknown,14,may,57
43,services,married,primary,no,-88,yes,yes,cellular,17,apr,313
31,technician,single,tertiary,no,1166,yes,no,unknown,3,jun,207
43,admin.,married,secondary,no,264,yes,no,cellular,17,apr,113
30,management,single,tertiary,no,149,yes,no,unknown,3,jun,220
31,blue-collar,married,secondary,no,360,yes,yes,cellular,29,jan,89
34,management,married,secondary,no,-294,yes,no,unknown,27,may,532
56,technician,married,secondary,no,4073,no,no,cellular,27,aug,239
49,management,single,primary,no,548,no,no,telephone,31,jul,115
25,blue-collar,single,primary,no,-221,yes,no,unknown,23,may,250
41,retired,single,primary,no,0,no,no,cellular,8,may,239
38,management,divorced,unknown,no,0,yes,no,cellular,18,nov,96
42,management,divorced,tertiary,no,16,no,no,cellular,19,nov,140
44,services,single,secondary,no,106,no,no,unknown,12,jun,109
44,entrepreneur,married,secondary,no,93,no,no,cellular,7,jul,125
31,admin.,married,secondary,no,0,yes,yes,cellular,18,nov,79
41,management,married,tertiary,no,5883,no,no,cellular,20,nov,182
55,blue-collar,married,primary,no,627,yes,no,unknown,5,may,247
67,retired,married,unknown,no,696,no,no,telephone,17,aug,119
34,admin.,married,secondary,no,61,no,yes,unknown,5,may,21
53,admin.,married,secondary,no,105,no,yes,cellular,21,aug,74
33,blue-collar,single,secondary,no,1925,yes,no,cellular,2,mar,76
59,management,married,secondary,no,42,no,no,cellular,21,nov,40
42,admin.,divorced,secondary,no,1811,yes,no,unknown,14,may,150
23,services,single,tertiary,no,363,yes,no,unknown,30,may,16
38,management,single,tertiary,no,11971,yes,no,unknown,17,nov,609
36,management,single,tertiary,no,553,no,no,cellular,11,aug,106
31,technician,single,secondary,no,373,no,no,cellular,22,aug,346
32,technician,married,tertiary,no,396,yes,no,cellular,13,may,205
32,technician,single,tertiary,no,2204,yes,no,cellular,21,nov,11
31,blue-collar,married,secondary,no,472,yes,no,unknown,13,may,907
55,blue-collar,married,primary,no,145,no,no,telephone,2,feb,59
26,blue-collar,married,primary,no,0,yes,no,unknown,21,may,425
37,services,married,secondary,no,658,yes,no,telephone,23,jul,175
53,admin.,divorced,secondary,no,26,yes,no,cellular,7,may,56
38,technician,single,secondary,no,50,no,no,cellular,29,aug,98
53,blue-collar,married,secondary,no,2231,yes,no,cellular,14,jul,272
48,admin.,married,secondary,no,3064,yes,no,telephone,15,jul,159
57,management,married,secondary,no,82,no,yes,telephone,4,feb,140
53,technician,married,secondary,no,719,yes,no,unknown,14,may,230
36,retired,single,secondary,no,101,yes,yes,unknown,26,may,314
54,technician,divorced,secondary,no,784,yes,yes,unknown,15,may,579
41,blue-collar,married,primary,no,-516,no,yes,telephone,8,jul,554
30,blue-collar,single,secondary,no,363,no,no,cellular,28,jul,171
48,management,married,tertiary,no,5887,no,no,cellular,13,aug,227
34,unemployed,married,secondary,no,0,yes,no,cellular,13,may,172
56,admin.,married,secondary,no,16873,no,no,cellular,7,oct,223
36,admin.,divorced,secondary,no,-37,yes,no,unknown,27,may,151
31,services,married,secondary,no,338,yes,no,cellular,28,jan,155
29,technician,married,secondary,no,444,yes,no,cellular,21,jul,130
41,management,married,secondary,no,0,no,yes,cellular,7,jul,630
30,management,married,secondary,no,0,yes,no,cellular,12,may,756
42,entrepreneur,divorced,tertiary,yes,2,yes,no,unknown,5,may,380
31,management,single,tertiary,no,6248,yes,no,unknown,9,may,154
35,services,divorced,secondary,no,221,yes,no,cellular,14,may,150
56,retired,married,secondary,no,344,yes,no,unknown,15,may,221
43,services,divorced,secondary,no,0,no,no,cellular,31,jul,106
35,management,married,tertiary,no,0,no,no,cellular,11,jul,89
40,technician,single,secondary,no,591,no,yes,cellular,14,aug,87
50,blue-collar,divorced,primary,no,388,no,no,cellular,5,feb,701
44,blue-collar,married,secondary,no,878,yes,no,cellular,2,jun,130
50,blue-collar,married,primary,no,2142,yes,no,cellular,29,jan,309
28,admin.,single,secondary,no,177,yes,yes,cellular,6,may,150
51,blue-collar,married,primary,no,1466,yes,no,unknown,7,may,406
41,technician,single,secondary,no,879,no,yes,cellular,7,jul,60
33,technician,single,secondary,no,1279,yes,no,cellular,18,may,239
38,admin.,married,secondary,no,424,yes,no,cellular,17,apr,279
47,admin.,single,secondary,no,1544,yes,no,cellular,6,apr,104
39,blue-collar,married,primary,no,111,no,no,cellular,18,nov,201
34,blue-collar,married,primary,no,455,yes,no,unknown,20,jun,372
32,management,single,tertiary,no,3616,no,no,cellular,14,aug,165
57,blue-collar,married,secondary,no,14093,no,no,cellular,11,aug,231
41,unknown,single,tertiary,no,1567,no,no,cellular,1,jul,291
41,admin.,married,tertiary,no,5426,yes,no,unknown,14,may,149
50,services,married,secondary,no,961,no,yes,cellular,14,aug,757
54,services,divorced,secondary,no,1012,yes,no,cellular,12,may,33
31,blue-collar,married,secondary,no,191,yes,no,unknown,2,jun,40
38,management,single,tertiary,no,493,yes,no,cellular,11,may,553
49,technician,married,secondary,no,5996,no,no,telephone,21,nov,345
57,services,single,primary,no,3777,yes,no,telephone,13,may,65
34,management,single,secondary,no,524,no,no,unknown,13,aug,9
32,management,single,tertiary,no,574,yes,no,cellular,14,apr,259
37,blue-collar,married,secondary,no,427,yes,yes,unknown,9,jun,371
33,self-employed,married,tertiary,no,483,yes,no,cellular,3,feb,280
27,housemaid,married,primary,no,0,yes,no,cellular,23,jul,435
58,management,married,tertiary,no,1517,yes,no,telephone,29,jul,7
43,management,married,tertiary,no,3529,yes,no,cellular,4,aug,190
33,blue-collar,single,secondary,no,22,no,no,cellular,30,jan,76
61,retired,married,primary,no,1060,yes,no,unknown,13,may,118
49,admin.,married,secondary,no,381,no,no,cellular,5,aug,504
39,blue-collar,married,primary,no,52,no,no,cellular,13,aug,69
37,technician,divorced,secondary,no,23,no,no,cellular,20,aug,289
31,admin.,divorced,secondary,no,1890,yes,no,cellular,21,jul,588
45,blue-collar,married,primary,no,419,no,no,cellular,18,aug,113
32,technician,married,secondary,no,2693,yes,no,unknown,21,may,16
34,management,married,tertiary,no,997,yes,yes,cellular,21,nov,81
51,management,single,tertiary,yes,-55,yes,no,cellular,11,may,281
24,unemployed,single,secondary,no,119,no,no,unknown,15,sep,51
45,technician,single,secondary,no,586,no,yes,cellular,28,jul,32
61,management,married,secondary,no,967,no,no,cellular,20,aug,180
50,technician,married,tertiary,no,3337,yes,yes,telephone,31,jul,24
37,blue-collar,married,primary,no,0,yes,no,unknown,26,may,24
43,blue-collar,married,unknown,yes,-715,yes,no,unknown,30,may,67
44,blue-collar,married,primary,no,2657,yes,no,unknown,20,jun,202
27,technician,single,secondary,no,769,yes,no,unknown,9,may,317
33,management,single,tertiary,no,0,no,no,cellular,28,aug,236
70,retired,married,secondary,no,616,no,no,cellular,27,apr,149
34,management,single,tertiary,no,0,no,no,cellular,5,feb,71
31,admin.,married,secondary,no,0,yes,no,cellular,29,jul,82
32,management,divorced,tertiary,no,948,no,no,cellular,12,aug,204
32,management,single,tertiary,no,0,yes,no,cellular,22,jul,455
37,blue-collar,divorced,secondary,no,33,yes,no,cellular,20,nov,106
31,management,single,tertiary,no,874,yes,no,cellular,18,nov,190
42,admin.,married,secondary,no,323,yes,yes,unknown,8,may,280
35,management,married,tertiary,no,106,no,yes,cellular,11,aug,588
56,retired,married,primary,no,1906,no,yes,unknown,19,jun,45
48,technician,married,secondary,no,1152,yes,no,cellular,21,jul,168
46,admin.,married,secondary,no,179,yes,no,cellular,29,jan,194
37,technician,single,unknown,no,391,yes,no,unknown,8,may,103
41,entrepreneur,married,unknown,no,89,yes,no,unknown,6,may,333
60,admin.,married,secondary,no,2552,no,yes,cellular,30,jan,255
45,unemployed,divorced,primary,yes,-249,yes,yes,unknown,1,jul,92
55,entrepreneur,married,secondary,no,8104,no,no,cellular,6,feb,213
39,technician,married,secondary,no,501,no,no,unknown,26,may,289
35,technician,divorced,secondary,no,308,no,no,cellular,22,aug,77
31,unemployed,married,secondary,no,24,yes,no,cellular,19,nov,631
27,self-employed,single,secondary,no,50,no,no,cellular,29,jan,168
31,management,married,tertiary,no,1170,no,no,cellular,20,aug,200
34,blue-collar,married,tertiary,no,20,no,no,unknown,4,oct,10
25,admin.,single,secondary,no,4590,yes,no,unknown,28,may,199
30,technician,single,tertiary,no,-970,no,yes,cellular,21,aug,194
53,management,married,tertiary,no,146,no,no,unknown,30,may,150
59,management,married,tertiary,no,1881,no,no,cellular,19,nov,456
78,housemaid,married,secondary,no,499,no,no,telephone,16,mar,80
48,blue-collar,single,primary,no,316,no,no,unknown,5,jun,560
32,technician,divorced,secondary,no,202,yes,no,cellular,4,feb,429
32,blue-collar,single,secondary,no,1143,yes,yes,cellular,10,jul,412
42,technician,married,secondary,no,2980,no,no,unknown,20,jun,101
37,management,single,tertiary,no,37,no,no,cellular,28,jan,253
40,admin.,single,secondary,no,462,yes,yes,cellular,6,apr,272
32,admin.,married,secondary,no,1031,yes,no,cellular,17,jul,84
42,management,married,tertiary,no,9009,no,no,cellular,20,nov,135
53,blue-collar,married,primary,no,1868,no,no,cellular,8,aug,156
44,admin.,married,secondary,no,5181,yes,yes,cellular,31,jul,18
37,admin.,married,secondary,no,176,yes,no,cellular,5,may,147
27,technician,single,secondary,no,842,no,no,cellular,30,jul,273
37,admin.,married,tertiary,no,0,yes,no,cellular,17,nov,65
49,technician,married,secondary,no,-147,yes,no,cellular,20,apr,390
32,services,single,secondary,no,0,no,yes,cellular,11,jul,333
34,admin.,single,secondary,no,6979,yes,no,cellular,15,may,14
58,admin.,married,secondary,no,3496,yes,no,unknown,2,jun,111
34,services,married,secondary,no,-62,yes,no,unknown,16,jun,109
31,admin.,single,secondary,no,223,yes,no,cellular,17,apr,508
75,blue-collar,married,secondary,no,6053,no,no,cellular,11,feb,865
37,services,single,secondary,no,21,yes,no,cellular,2,feb,96
36,technician,married,secondary,no,23,yes,no,cellular,8,may,152
49,blue-collar,married,primary,no,0,yes,yes,telephone,23,jul,97
33,self-employed,married,secondary,no,215,yes,no,cellular,29,jul,543
30,management,single,tertiary,no,1372,no,no,cellular,20,nov,240
36,services,married,secondary,no,1981,no,no,unknown,17,jun,48
23,student,single,secondary,no,9216,no,no,cellular,5,jun,471
32,management,married,tertiary,no,553,yes,no,cellular,22,jul,72
30,management,single,tertiary,no,6495,no,no,cellular,30,mar,78
45,blue-collar,married,secondary,no,4646,yes,no,unknown,13,may,118
42,technician,married,tertiary,no,782,no,no,cellular,3,apr,285
47,technician,married,secondary,no,-938,yes,no,unknown,28,may,176
48,technician,married,secondary,no,1526,no,no,cellular,6,aug,273
39,management,divorced,tertiary,no,1315,yes,no,cellular,19,nov,1337
45,technician,single,tertiary,no,0,yes,no,cellular,18,nov,139
42,technician,married,secondary,no,2030,yes,yes,cellular,9,jul,196
29,technician,married,secondary,no,1599,yes,no,cellular,8,jul,115
34,technician,single,secondary,no,5039,no,no,cellular,20,nov,205
56,retired,married,secondary,no,1333,no,no,cellular,28,aug,17
36,technician,single,secondary,no,9149,yes,no,cellular,13,aug,141
32,blue-collar,single,secondary,no,53,yes,no,cellular,18,nov,276
48,technician,married,secondary,no,427,no,no,unknown,14,may,201
42,blue-collar,single,secondary,no,382,yes,no,cellular,13,may,294
46,management,single,tertiary,no,334,yes,no,telephone,4,may,36
45,technician,married,secondary,no,1410,no,no,cellular,11,aug,71
44,technician,married,secondary,no,10888,yes,no,cellular,5,aug,163
49,blue-collar,married,primary,no,305,yes,yes,telephone,10,jul,834
49,services,married,secondary,no,400,no,no,cellular,21,aug,151
40,blue-collar,married,secondary,no,61,yes,no,unknown,7,may,112
37,technician,married,secondary,no,4030,yes,no,unknown,26,may,178
56,admin.,married,secondary,no,1504,yes,no,unknown,29,may,66
41,self-employed,married,primary,no,204,no,no,cellular,13,aug,111
61,retired,married,secondary,no,313,no,yes,unknown,3,jul,42
50,management,divorced,tertiary,no,100,yes,yes,cellular,13,may,157
35,blue-collar,married,secondary,no,444,yes,no,cellular,15,apr,244
33,technician,married,secondary,no,359,yes,no,cellular,20,apr,210
40,management,married,tertiary,no,51,no,no,cellular,19,aug,164
35,technician,married,tertiary,no,0,yes,yes,cellular,23,sep,112
52,unknown,married,secondary,no,142,no,no,cellular,25,aug,112
33,technician,married,secondary,no,3470,no,no,cellular,11,aug,285
60,retired,married,secondary,no,78,yes,no,unknown,12,may,113
45,blue-collar,single,secondary,no,0,yes,no,cellular,26,jul,768
30,student,single,secondary,no,3096,no,no,cellular,26,jan,123
48,technician,divorced,secondary,yes,20,no,no,cellular,27,aug,145
49,retired,married,primary,no,1672,no,no,cellular,17,jul,128
57,technician,married,unknown,no,206,yes,no,unknown,5,may,216
36,services,single,secondary,no,760,no,no,unknown,20,jun,9
51,unemployed,married,tertiary,no,1634,yes,no,cellular,22,jul,168
26,management,divorced,tertiary,yes,-402,no,yes,unknown,12,may,127
50,self-employed,married,tertiary,no,4012,no,no,cellular,19,nov,690
44,management,married,tertiary,no,3762,no,no,cellular,28,aug,125
27,admin.,married,secondary,no,-247,yes,yes,unknown,4,jun,344
36,management,married,primary,no,3953,yes,no,cellular,19,nov,277
36,management,married,tertiary,no,0,yes,no,cellular,28,jan,60
42,management,married,secondary,no,-189,yes,no,unknown,12,may,247
32,blue-collar,married,secondary,no,3514,yes,no,unknown,20,may,226
42,management,married,tertiary,no,484,yes,no,cellular,11,jul,144
43,technician,married,secondary,no,0,no,yes,cellular,8,may,9
31,management,married,tertiary,no,395,yes,no,cellular,9,feb,155
32,management,married,tertiary,no,2349,no,no,cellular,14,aug,134
23,services,single,secondary,no,500,yes,no,unknown,4,jun,111
43,unknown,single,tertiary,no,2731,no,no,cellular,21,nov,11
46,blue-collar,married,primary,no,222,no,no,cellular,8,aug,71
34,admin.,single,secondary,no,296,no,no,cellular,7,jul,147
34,management,married,tertiary,no,415,no,yes,cellular,23,jul,361
29,services,married,primary,no,-102,no,no,unknown,4,jul,134
26,management,single,secondary,no,565,yes,no,unknown,6,jun,582
54,housemaid,married,secondary,no,209,yes,yes,cellular,25,jul,97
32,technician,single,secondary,no,0,no,no,cellular,26,aug,181
33,admin.,divorced,secondary,no,818,yes,yes,cellular,16,apr,301
34,blue-collar,married,secondary,no,326,yes,yes,unknown,15,may,150
58,technician,married,tertiary,no,883,no,no,cellular,18,aug,543
40,self-employed,married,secondary,no,1516,yes,yes,unknown,23,may,373
29,student,single,secondary,no,872,yes,no,unknown,7,may,230
33,technician,married,tertiary,no,-988,yes,yes,cellular,15,jul,83
26,management,single,tertiary,no,1177,no,no,cellular,19,oct,116
32,technician,married,secondary,yes,4,yes,yes,cellular,25,aug,132
40,services,married,secondary,no,0,yes,no,cellular,2,jun,297
46,management,married,secondary,no,12186,no,no,unknown,20,jun,29
60,management,married,tertiary,no,759,no,no,cellular,14,aug,136
35,blue-collar,single,tertiary,no,0,yes,no,cellular,21,jul,262
34,technician,married,secondary,no,4,yes,no,unknown,15,may,644
38,blue-collar,married,secondary,no,5092,yes,no,unknown,17,jun,145
42,blue-collar,married,secondary,no,-422,no,no,cellular,9,jul,31
36,technician,married,tertiary,no,167,yes,no,cellular,28,jan,57
51,blue-collar,divorced,primary,no,37,yes,no,cellular,13,may,341
59,self-employed,married,tertiary,no,593,no,no,unknown,13,may,64
48,blue-collar,married,secondary,no,865,yes,no,cellular,13,may,78
27,admin.,married,secondary,no,186,yes,no,unknown,27,may,136
42,admin.,divorced,secondary,no,63,no,no,unknown,16,may,88
26,technician,single,tertiary,no,75,yes,yes,unknown,19,may,351
28,technician,single,tertiary,no,2269,yes,no,unknown,9,may,331
47,admin.,married,secondary,no,1060,yes,no,unknown,6,jun,83
27,self-employed,married,secondary,no,-220,yes,no,unknown,26,may,138
41,management,married,tertiary,no,49,yes,no,cellular,17,jul,312
47,blue-collar,married,secondary,no,480,yes,no,unknown,28,may,211
53,services,married,secondary,no,4994,no,no,cellular,18,aug,62
53,technician,divorced,secondary,no,0,yes,yes,cellular,15,jul,135
47,management,married,tertiary,no,3681,no,no,cellular,14,aug,101
29,management,married,tertiary,no,451,no,no,cellular,28,jan,451
70,retired,divorced,primary,no,4531,no,no,cellular,18,may,445
65,retired,divorced,primary,no,1840,no,no,cellular,1,jun,383
56,blue-collar,married,secondary,no,345,yes,no,telephone,22,jul,605
35,blue-collar,married,secondary,no,1287,yes,no,cellular,14,jul,330
56,management,married,unknown,no,353,no,yes,cellular,25,jul,171
56,technician,married,secondary,no,205,no,yes,cellular,23,jul,442
56,housemaid,married,primary,no,306,no,yes,cellular,8,jul,212
35,management,married,tertiary,no,4286,yes,no,unknown,9,may,357
38,admin.,married,tertiary,no,605,no,no,cellular,18,nov,147
49,blue-collar,married,secondary,no,8545,yes,yes,cellular,6,may,199
55,management,married,unknown,no,559,no,no,cellular,28,jan,271
43,blue-collar,single,primary,no,2,yes,no,cellular,30,jul,783
37,self-employed,married,secondary,no,487,no,yes,cellular,27,aug,155
30,blue-collar,married,primary,no,1317,yes,no,unknown,21,may,395
46,blue-collar,married,secondary,no,182,no,no,cellular,4,feb,56
50,admin.,married,primary,no,276,no,yes,unknown,17,jun,641
26,unemployed,single,secondary,no,1064,no,no,unknown,31,may,113
45,admin.,married,unknown,no,1783,no,no,unknown,20,jun,11
37,blue-collar,married,secondary,no,-67,no,no,cellular,2,feb,157
60,self-employed,single,tertiary,no,179,no,yes,cellular,29,jul,79
47,blue-collar,married,primary,no,214,yes,yes,unknown,9,jun,168
37,blue-collar,married,secondary,no,342,yes,no,cellular,12,may,340
51,unemployed,married,secondary,no,1760,no,yes,cellular,19,nov,162
48,admin.,single,secondary,no,1150,yes,no,unknown,28,may,357
56,technician,single,tertiary,no,917,no,no,unknown,9,jun,306
49,blue-collar,married,primary,no,902,no,no,unknown,9,jun,210
34,admin.,married,secondary,no,244,yes,no,cellular,31,jul,56
47,management,divorced,tertiary,no,447,no,yes,unknown,7,may,126
33,blue-collar,married,primary,no,-195,no,no,unknown,20,sep,9
33,management,single,tertiary,no,1410,yes,no,cellular,5,feb,8
28,technician,single,secondary,no,618,yes,no,cellular,7,may,281
51,self-employed,divorced,primary,no,10924,no,no,cellular,6,may,106
35,admin.,single,secondary,no,1810,yes,no,cellular,25,may,65
56,retired,married,tertiary,no,478,no,no,cellular,5,feb,97
60,management,single,tertiary,no,0,no,yes,cellular,23,jul,151
41,self-employed,single,tertiary,no,3950,yes,no,unknown,30,may,96
45,blue-collar,married,secondary,no,4022,yes,no,cellular,29,jan,244
36,blue-collar,single,secondary,no,219,yes,yes,cellular,11,may,270
40,blue-collar,married,secondary,no,1100,yes,no,unknown,29,may,660
44,admin.,married,secondary,no,0,yes,yes,unknown,16,may,159
27,services,single,secondary,no,3354,yes,no,cellular,14,may,493
31,blue-collar,married,secondary,no,1660,yes,no,cellular,20,apr,342
50,blue-collar,married,unknown,no,452,no,no,cellular,20,aug,181
39,management,married,tertiary,no,278,no,yes,cellular,28,jul,60
50,management,married,tertiary,no,4,no,no,cellular,17,nov,223
59,blue-collar,married,primary,no,748,no,no,unknown,29,may,184
30,services,single,secondary,no,209,yes,no,unknown,6,may,30
42,technician,married,secondary,no,440,yes,no,cellular,3,feb,13
58,blue-collar,married,secondary,no,0,no,yes,cellular,14,apr,101
26,student,single,secondary,no,2572,yes,no,cellular,5,may,620
32,blue-collar,married,secondary,no,150,no,no,cellular,5,feb,210
28,technician,married,secondary,no,232,yes,yes,cellular,29,jan,72
50,housemaid,married,primary,no,395,yes,no,unknown,15,may,419
37,management,married,tertiary,no,3288,no,no,cellular,8,aug,124
45,management,married,tertiary,no,5450,no,no,cellular,8,aug,188
44,blue-collar,married,secondary,no,788,yes,no,cellular,17,apr,392
38,technician,single,secondary,no,0,yes,no,cellular,7,apr,196
32,management,single,tertiary,no,8436,yes,no,cellular,17,apr,245
30,entrepreneur,married,secondary,no,946,yes,no,cellular,19,nov,1065
58,housemaid,married,tertiary,no,497,no,no,unknown,11,jun,138
32,services,married,secondary,yes,-220,yes,yes,cellular,25,jul,123
38,services,married,secondary,no,-140,no,no,unknown,25,jun,456
51,technician,married,secondary,no,-379,yes,no,cellular,5,aug,261
42,admin.,married,secondary,no,-396,yes,no,cellular,11,may,80
30,services,single,secondary,no,0,yes,no,cellular,18,may,131
40,management,married,primary,no,733,yes,no,unknown,6,jun,94
53,technician,divorced,primary,no,7290,yes,no,unknown,30,may,153
27,services,single,secondary,no,468,yes,no,cellular,13,may,109
39,blue-collar,married,secondary,no,0,yes,no,cellular,30,apr,53
39,blue-collar,married,primary,no,3705,yes,no,unknown,16,jun,77
37,services,married,secondary,no,1328,yes,no,telephone,13,may,121
41,blue-collar,married,primary,no,8,yes,no,cellular,15,jul,155
45,blue-collar,married,primary,no,61,no,no,cellular,17,apr,108
48,management,married,tertiary,no,6613,no,no,unknown,17,jun,159
48,technician,married,secondary,no,302,yes,no,unknown,26,may,208
34,technician,single,secondary,no,0,yes,yes,unknown,16,may,214
59,admin.,divorced,secondary,no,174,yes,no,unknown,16,may,204
33,management,single,tertiary,no,1240,yes,no,cellular,4,feb,505
28,blue-collar,single,primary,no,0,yes,yes,unknown,3,jun,380
34,technician,married,secondary,no,114,yes,yes,cellular,4,jun,153
35,technician,married,secondary,no,0,no,no,cellular,27,aug,106
33,blue-collar,married,secondary,no,43,yes,no,cellular,14,may,332
35,technician,married,secondary,no,0,no,no,cellular,14,jul,125
34,admin.,married,secondary,no,613,yes,no,cellular,4,jun,80
48,blue-collar,married,primary,no,559,yes,no,unknown,15,may,1231
38,blue-collar,married,primary,no,168,yes,yes,telephone,13,may,212
39,blue-collar,married,primary,no,7685,yes,no,cellular,14,apr,493
34,blue-collar,married,secondary,no,856,yes,no,cellular,20,apr,470
34,blue-collar,married,secondary,no,584,yes,no,cellular,18,jul,154
33,management,married,tertiary,no,150,no,no,cellular,21,aug,151
31,management,married,tertiary,no,1384,yes,no,cellular,30,jan,203
45,self-employed,married,secondary,no,3098,yes,no,cellular,7,aug,159
41,technician,married,tertiary,no,744,yes,no,unknown,14,may,125
52,blue-collar,divorced,primary,no,1758,yes,no,unknown,15,may,41
44,management,married,secondary,no,438,yes,no,telephone,8,may,37
49,management,married,tertiary,no,322,no,no,cellular,6,aug,72
34,blue-collar,single,secondary,no,186,no,no,cellular,2,feb,342
58,management,married,tertiary,no,2764,no,no,cellular,17,nov,235
53,blue-collar,married,secondary,no,4380,no,no,telephone,19,aug,223
54,management,married,tertiary,no,2819,no,no,cellular,7,aug,123
45,blue-collar,divorced,primary,no,0,yes,no,cellular,21,jul,211
33,blue-collar,married,secondary,no,467,yes,no,unknown,21,may,494
46,technician,married,secondary,no,1322,yes,yes,cellular,19,nov,514
42,admin.,divorced,secondary,no,1076,yes,no,unknown,14,may,213
37,management,married,tertiary,no,502,yes,no,cellular,7,may,551
26,technician,single,tertiary,no,1216,yes,no,cellular,16,apr,472
37,management,single,tertiary,no,876,yes,no,cellular,15,apr,140
36,services,single,secondary,no,342,yes,no,unknown,7,may,142
31,technician,single,secondary,no,775,no,no,cellular,2,feb,361
36,blue-collar,married,primary,no,973,yes,yes,unknown,23,may,293
26,technician,married,tertiary,no,3825,yes,no,unknown,13,may,107
32,blue-collar,married,secondary,no,2366,yes,no,unknown,20,may,127
36,technician,married,secondary,no,191,no,no,cellular,31,aug,69
42,blue-collar,married,primary,no,-97,yes,no,cellular,3,feb,216
29,management,married,tertiary,no,20,yes,no,cellular,12,may,418
42,technician,divorced,secondary,no,248,no,no,cellular,19,aug,163
43,blue-collar,married,secondary,no,130,no,no,cellular,5,may,156
46,management,divorced,secondary,no,361,yes,no,unknown,19,may,86
55,entrepreneur,divorced,tertiary,no,0,no,no,unknown,6,jun,108
31,self-employed,married,tertiary,no,259,yes,no,cellular,7,may,47
27,admin.,single,secondary,no,619,yes,no,cellular,20,apr,16
43,admin.,married,secondary,no,3215,yes,no,cellular,21,jul,228
44,management,married,tertiary,no,22,yes,no,cellular,6,aug,265
48,management,married,tertiary,no,0,no,no,cellular,26,aug,60
30,admin.,single,secondary,no,239,yes,no,cellular,7,may,115
42,technician,single,secondary,no,275,no,no,cellular,26,aug,31
62,retired,married,secondary,no,816,no,no,cellular,1,sep,28
28,services,single,secondary,no,317,yes,no,unknown,16,may,21
31,technician,married,secondary,no,2363,yes,no,unknown,13,may,247
66,retired,married,tertiary,no,2262,no,no,cellular,22,apr,155
35,admin.,married,secondary,yes,0,no,yes,unknown,4,jul,105
39,entrepreneur,married,tertiary,no,2,yes,no,cellular,17,nov,180
35,admin.,divorced,secondary,no,-402,yes,no,cellular,17,apr,46
27,technician,married,secondary,no,1577,yes,yes,unknown,28,may,266
32,blue-collar,married,secondary,no,34,yes,no,cellular,5,may,321
44,management,married,tertiary,no,795,no,no,cellular,28,aug,99
42,blue-collar,married,secondary,no,117,yes,no,unknown,9,may,147
25,services,single,secondary,no,402,no,yes,cellular,7,jul,264
40,technician,single,secondary,no,641,no,no,cellular,16,jul,156
43,management,divorced,tertiary,no,36,no,no,cellular,26,may,118
55,unemployed,married,tertiary,no,383,no,no,unknown,6,may,343
35,blue-collar,married,primary,no,378,yes,no,unknown,16,may,427
45,management,divorced,tertiary,no,0,no,no,unknown,1,jun,5
35,blue-collar,divorced,secondary,no,3102,yes,no,cellular,20,nov,138
59,housemaid,married,secondary,no,0,no,no,telephone,3,feb,722
41,blue-collar,married,secondary,no,1334,yes,no,cellular,20,apr,234
56,services,married,secondary,no,22196,yes,no,cellular,21,nov,189
40,management,single,secondary,no,10378,yes,no,cellular,17,nov,523
36,blue-collar,single,primary,no,1313,yes,no,unknown,20,jun,8
40,management,married,tertiary,no,8969,yes,no,cellular,17,nov,153
55,self-employed,married,secondary,no,-196,yes,no,unknown,20,may,210
38,entrepreneur,married,secondary,yes,15,yes,no,cellular,10,jul,121
41,management,married,tertiary,no,666,yes,no,unknown,21,may,253
57,blue-collar,married,primary,no,452,yes,no,unknown,13,may,139
40,blue-collar,married,primary,no,1397,yes,no,telephone,12,may,58
35,services,married,secondary,no,1453,yes,no,unknown,28,may,199
54,blue-collar,married,secondary,no,1480,yes,no,unknown,14,may,108
37,blue-collar,married,primary,no,3242,yes,no,unknown,21,may,233
31,technician,single,secondary,no,2305,no,no,cellular,4,aug,139
40,technician,married,secondary,no,694,yes,no,cellular,4,feb,97
40,management,married,tertiary,no,0,no,no,cellular,14,jul,109
54,management,married,tertiary,no,55,yes,no,cellular,2,jun,112
55,housemaid,married,primary,no,136,yes,no,unknown,19,jun,15
55,services,divorced,secondary,yes,-404,yes,no,cellular,22,jul,502
52,blue-collar,married,primary,no,779,yes,no,unknown,16,may,30
55,blue-collar,single,primary,no,1187,yes,no,unknown,2,jun,193
33,management,married,tertiary,no,641,yes,no,cellular,13,aug,347
52,blue-collar,married,unknown,no,826,yes,no,unknown,15,may,468
33,services,divorced,secondary,no,991,yes,no,unknown,27,may,148
48,management,divorced,tertiary,no,1328,yes,no,unknown,6,may,339
36,unemployed,married,secondary,no,-872,yes,yes,cellular,20,nov,153
34,technician,single,secondary,no,4943,yes,yes,cellular,19,nov,117
38,technician,single,secondary,no,258,no,yes,unknown,20,jun,587
42,management,single,tertiary,no,515,yes,no,cellular,19,nov,501
32,management,single,tertiary,no,12607,no,no,cellular,14,aug,203
70,retired,divorced,secondary,no,6850,no,no,telephone,5,mar,252
31,management,married,tertiary,no,13,no,no,cellular,28,aug,110
41,management,married,tertiary,no,3872,no,no,cellular,15,oct,231
56,management,married,tertiary,no,856,yes,yes,cellular,4,feb,70
52,blue-collar,married,primary,no,-133,no,no,unknown,5,jun,96
42,self-employed,divorced,tertiary,no,360,yes,no,unknown,24,jun,110
41,blue-collar,single,secondary,no,428,yes,no,cellular,12,may,92
38,blue-collar,married,secondary,no,121,yes,yes,cellular,6,feb,168
32,management,married,tertiary,no,820,yes,no,cellular,17,jul,738
47,services,married,secondary,no,440,yes,no,unknown,12,jun,91
36,management,married,tertiary,no,-381,yes,no,cellular,31,jul,30
50,services,single,primary,no,148,yes,no,unknown,7,may,198
34,technician,married,tertiary,no,691,yes,yes,unknown,2,jun,70
49,entrepreneur,married,secondary,no,167,yes,yes,unknown,6,may,198
61,retired,married,secondary,no,5207,no,no,cellular,11,sep,336
40,admin.,single,secondary,no,263,yes,no,unknown,6,may,231
50,entrepreneur,married,secondary,no,665,no,no,telephone,17,nov,238
65,housemaid,married,primary,no,2179,yes,no,cellular,4,sep,112
37,blue-collar,married,secondary,no,196,yes,no,unknown,5,jun,66
45,services,married,secondary,no,-839,yes,no,unknown,28,may,68
57,retired,married,primary,no,5799,no,no,unknown,17,jun,97
27,admin.,married,secondary,no,1033,yes,no,unknown,9,may,1713
49,unemployed,divorced,secondary,no,66,no,no,cellular,9,jul,218
48,management,married,secondary,no,2294,yes,no,unknown,26,may,251
40,management,married,tertiary,no,1584,yes,no,telephone,21,nov,661
32,services,single,secondary,no,182,yes,no,cellular,6,may,145
58,management,married,primary,no,76,yes,no,telephone,18,may,54
34,admin.,single,secondary,no,663,yes,no,cellular,20,apr,111
46,technician,divorced,secondary,no,3455,yes,no,unknown,14,may,566
29,blue-collar,married,secondary,no,15,no,no,cellular,3,jun,136
43,blue-collar,married,primary,no,487,yes,no,unknown,7,may,548
45,management,married,tertiary,no,1529,no,no,cellular,30,jun,160
26,management,single,secondary,no,63,no,no,cellular,28,jul,76
40,technician,married,tertiary,no,0,no,no,cellular,19,aug,44
41,admin.,married,secondary,no,920,yes,yes,unknown,27,may,239
27,technician,single,unknown,no,59,no,no,cellular,15,jul,792
27,services,married,secondary,no,0,yes,no,cellular,23,jul,198
39,self-employed,married,secondary,no,235,no,no,unknown,9,jun,217
49,admin.,married,secondary,no,2465,no,no,cellular,20,aug,157
35,blue-collar,married,primary,no,0,yes,no,cellular,24,jul,90
47,self-employed,married,secondary,yes,2,no,no,cellular,5,feb,236
54,management,married,tertiary,no,0,no,no,cellular,16,jul,118
46,blue-collar,married,primary,no,258,yes,no,unknown,27,may,217
28,student,single,secondary,no,378,yes,no,cellular,17,apr,346
54,blue-collar,married,primary,no,211,no,no,unknown,19,jun,200
41,blue-collar,married,primary,no,7735,yes,no,cellular,20,nov,220
45,blue-collar,married,secondary,no,192,yes,no,cellular,13,may,154
42,self-employed,married,tertiary,no,1932,yes,no,unknown,16,may,192
43,technician,single,secondary,no,11269,no,no,unknown,29,may,92
37,admin.,married,secondary,no,1314,yes,no,cellular,8,may,682
55,blue-collar,married,primary,no,2275,no,no,cellular,25,aug,139
41,technician,married,secondary,no,0,no,no,cellular,29,aug,141
54,blue-collar,married,primary,no,4503,no,no,telephone,21,nov,168
49,unemployed,married,tertiary,no,-471,yes,no,cellular,20,nov,77
36,services,married,secondary,no,-302,yes,no,cellular,13,may,36
50,technician,married,secondary,no,2497,yes,no,cellular,21,nov,35
35,blue-collar,married,secondary,no,-339,yes,no,unknown,8,may,389
40,technician,married,secondary,no,56,yes,yes,cellular,29,jan,194
26,self-employed,single,tertiary,no,211,no,no,cellular,29,jan,168
36,management,divorced,tertiary,no,3611,yes,no,unknown,4,jun,347
49,blue-collar,married,secondary,no,1568,no,no,unknown,21,may,206
28,student,single,secondary,no,459,no,no,cellular,16,mar,83
32,services,single,secondary,no,0,yes,no,cellular,31,jul,99
46,blue-collar,married,primary,no,328,yes,no,unknown,21,may,526
53,management,married,tertiary,no,1319,yes,no,cellular,16,apr,427
81,retired,married,secondary,no,1,no,no,cellular,19,aug,65
44,management,married,tertiary,no,17361,no,no,unknown,18,jun,476
58,retired,married,unknown,no,937,no,no,cellular,5,aug,155
35,management,married,tertiary,no,24,yes,no,cellular,8,apr,169
38,management,married,tertiary,no,-558,yes,no,cellular,21,jul,533
55,services,married,secondary,no,-31,no,yes,cellular,13,aug,81
47,blue-collar,married,primary,no,292,no,yes,telephone,28,jul,210
38,blue-collar,single,secondary,no,13156,yes,no,cellular,17,apr,291
31,admin.,married,secondary,no,236,yes,yes,telephone,4,may,211
33,management,single,tertiary,no,-53,no,no,cellular,29,jan,617
52,technician,married,secondary,no,192,yes,no,cellular,23,jul,61
43,management,divorced,tertiary,no,38,yes,no,cellular,25,jul,197
44,entrepreneur,single,tertiary,no,1136,yes,yes,cellular,3,apr,345
36,self-employed,married,tertiary,no,16,yes,yes,cellular,18,jul,95
41,blue-collar,married,secondary,no,-256,yes,no,unknown,3,jun,147
43,blue-collar,married,secondary,no,105,no,yes,cellular,4,jul,668
45,self-employed,married,tertiary,no,334,no,no,unknown,5,jun,87
44,management,married,secondary,no,576,yes,no,unknown,8,may,128
44,management,single,tertiary,no,1206,no,no,cellular,9,jul,160
33,technician,divorced,secondary,yes,-305,no,yes,unknown,9,may,109
53,entrepreneur,married,secondary,no,-118,yes,no,unknown,9,may,101
33,blue-collar,married,secondary,no,26,yes,no,cellular,17,apr,342
47,housemaid,married,primary,no,201,yes,no,cellular,7,aug,58
37,housemaid,married,primary,no,189,no,no,cellular,8,aug,148
60,retired,divorced,unknown,no,-49,yes,no,cellular,29,jan,188
43,technician,divorced,secondary,no,1413,yes,no,telephone,28,jul,75
58,retired,divorced,tertiary,no,264,yes,yes,cellular,8,jul,523
52,entrepreneur,married,tertiary,no,54,yes,yes,telephone,18,nov,103
50,blue-collar,married,primary,no,12519,yes,no,cellular,17,apr,146
42,blue-collar,married,primary,no,0,yes,no,cellular,17,jul,71
31,admin.,married,secondary,no,88,yes,yes,cellular,8,aug,189
28,blue-collar,married,secondary,no,1020,yes,no,unknown,28,may,251
34,management,single,tertiary,no,8038,yes,no,cellular,20,apr,29
51,unemployed,single,tertiary,no,1594,no,no,telephone,4,feb,197
46,technician,married,tertiary,no,342,yes,yes,cellular,5,may,84
50,services,single,secondary,no,72,no,no,unknown,8,may,141
32,blue-collar,married,secondary,no,14,yes,no,unknown,2,jun,171
37,admin.,married,secondary,no,7,yes,no,cellular,27,may,224
39,technician,married,tertiary,no,1161,yes,no,cellular,9,apr,236
31,blue-collar,married,secondary,no,-45,yes,no,unknown,2,jun,184
28,management,single,tertiary,no,231,yes,yes,cellular,25,jul,568
31,management,single,secondary,no,36,no,no,cellular,27,aug,105
30,technician,married,tertiary,no,1570,yes,no,cellular,26,may,260
33,blue-collar,married,primary,no,3704,yes,no,unknown,6,jun,447
30,technician,single,tertiary,no,6619,yes,no,cellular,21,aug,239
32,blue-collar,single,secondary,no,-84,yes,no,cellular,11,may,426
40,housemaid,married,secondary,no,4610,no,no,cellular,14,aug,154
31,self-employed,married,tertiary,no,1134,no,no,cellular,6,feb,174
36,technician,married,secondary,no,146,yes,yes,unknown,15,may,284
26,student,single,secondary,no,-147,no,no,unknown,4,jun,95
31,blue-collar,divorced,secondary,no,6,yes,no,cellular,29,jan,821
39,management,married,secondary,no,0,yes,no,cellular,27,aug,63
59,management,married,tertiary,no,2764,no,no,cellular,24,dec,237
33,technician,married,tertiary,no,8023,no,no,cellular,30,nov,107
38,entrepreneur,divorced,tertiary,no,7929,no,no,cellular,8,jul,182
83,retired,married,secondary,no,0,no,no,cellular,18,mar,140
33,management,divorced,tertiary,yes,280,no,yes,cellular,18,nov,155
41,blue-collar,divorced,primary,no,2195,yes,no,unknown,3,jun,211
39,technician,married,secondary,no,3663,no,no,cellular,11,aug,230
53,blue-collar,married,primary,no,3316,yes,no,unknown,23,may,331
57,admin.,divorced,unknown,no,887,no,no,unknown,20,jun,43
56,unknown,married,unknown,no,0,no,no,unknown,20,jun,471
53,housemaid,married,primary,no,2581,no,no,cellular,15,apr,99
48,technician,married,secondary,no,7020,no,no,cellular,6,aug,80
56,technician,married,tertiary,no,272,no,no,cellular,26,aug,103
60,retired,divorced,secondary,no,598,no,yes,cellular,8,jul,96
29,entrepreneur,married,secondary,no,178,yes,no,cellular,5,may,231
60,management,married,primary,no,252,yes,yes,cellular,13,apr,123
33,housemaid,single,tertiary,no,23663,yes,no,cellular,16,apr,199
27,entrepreneur,single,tertiary,no,81,no,no,cellular,5,feb,197
50,self-employed,divorced,tertiary,no,59,yes,no,unknown,28,may,67
45,services,married,secondary,no,1343,no,yes,cellular,8,jul,220
58,retired,married,secondary,no,225,no,no,cellular,7,aug,122
59,retired,married,primary,no,0,yes,no,unknown,26,may,104
34,management,married,tertiary,no,-308,yes,no,cellular,30,apr,140
64,retired,married,primary,no,43,no,no,cellular,11,mar,117
38,technician,single,secondary,no,311,yes,no,cellular,28,may,61
40,management,married,tertiary,no,-117,yes,no,cellular,17,jul,770
36,technician,divorced,secondary,no,666,yes,yes,cellular,3,apr,190
53,entrepreneur,married,primary,no,1034,yes,no,cellular,19,nov,854
46,blue-collar,single,secondary,no,324,yes,no,unknown,30,may,293
35,student,single,unknown,no,0,no,no,telephone,28,jan,122
52,retired,married,secondary,no,424,no,no,cellular,19,nov,143
55,management,married,primary,no,621,no,yes,cellular,2,feb,114
55,retired,divorced,secondary,no,138,no,no,cellular,17,jul,205
33,management,single,tertiary,no,-67,yes,no,unknown,5,may,364
40,management,married,tertiary,no,294,yes,no,cellular,23,jul,97
34,admin.,divorced,secondary,no,1268,yes,no,cellular,15,may,259
38,services,married,secondary,no,-314,yes,no,unknown,28,may,66
41,admin.,married,tertiary,no,1536,no,no,cellular,4,may,54
41,unemployed,divorced,secondary,no,1281,no,no,cellular,31,jul,45
37,technician,married,secondary,no,64,yes,no,cellular,12,may,239
38,blue-collar,married,secondary,no,213,yes,no,unknown,16,jun,270
52,blue-collar,married,secondary,no,60,no,yes,cellular,26,aug,196
49,services,single,secondary,no,133,no,no,unknown,11,jun,319
44,housemaid,married,primary,no,3706,no,no,unknown,17,jun,209
31,management,married,tertiary,no,623,yes,no,cellular,13,may,96
31,technician,married,secondary,no,251,no,yes,cellular,29,aug,156
46,technician,divorced,secondary,no,435,yes,no,unknown,15,may,192
30,technician,single,tertiary,no,985,yes,no,cellular,19,feb,88
46,services,married,secondary,no,1550,yes,no,cellular,16,apr,126
47,management,married,tertiary,no,7708,yes,no,cellular,21,nov,157
59,unemployed,divorced,secondary,no,2921,no,no,telephone,3,feb,251
32,management,single,tertiary,no,751,yes,no,unknown,8,may,64
30,technician,single,tertiary,no,60,yes,yes,unknown,7,may,306
55,technician,single,secondary,no,3339,yes,no,unknown,2,jun,63
22,student,single,tertiary,no,1161,no,yes,cellular,16,jun,119
33,blue-collar,single,primary,no,599,yes,no,unknown,21,may,29
53,entrepreneur,married,unknown,no,28,no,no,cellular,31,jul,117
46,blue-collar,married,primary,no,1429,yes,no,unknown,14,may,91
44,services,divorced,secondary,no,0,yes,yes,unknown,13,may,97
41,self-employed,married,tertiary,no,6000,yes,no,cellular,18,nov,265
34,management,divorced,secondary,no,291,no,no,cellular,7,aug,91
36,blue-collar,single,secondary,no,340,no,yes,unknown,16,jun,559
35,entrepreneur,married,tertiary,no,0,no,no,cellular,5,may,74
60,retired,married,tertiary,no,225,no,no,cellular,19,aug,54
40,technician,single,tertiary,no,445,yes,no,cellular,24,jul,631
48,blue-collar,married,secondary,no,705,no,no,unknown,13,may,108
33,technician,single,tertiary,no,123,no,no,cellular,19,aug,264
55,retired,married,primary,no,8894,no,no,unknown,11,jun,262
41,blue-collar,married,secondary,no,429,yes,no,unknown,13,may,244
41,technician,married,tertiary,no,177,yes,no,telephone,11,jul,117
46,blue-collar,married,primary,no,67,no,no,unknown,24,jun,9
35,housemaid,divorced,secondary,no,39,no,no,cellular,31,jul,149
44,blue-collar,married,secondary,no,-674,yes,no,unknown,5,may,257
25,student,single,secondary,no,1790,no,no,cellular,17,apr,224
56,management,single,tertiary,no,15311,no,no,cellular,29,apr,157
57,management,married,tertiary,no,1341,yes,no,unknown,8,may,339
45,blue-collar,married,secondary,no,115,no,no,cellular,11,aug,209
40,management,married,tertiary,no,10786,no,no,unknown,20,jun,111
40,blue-collar,married,secondary,no,498,yes,no,cellular,8,may,55
48,blue-collar,married,secondary,no,1143,yes,no,cellular,17,apr,264
48,entrepreneur,married,tertiary,no,810,no,no,unknown,6,jun,383
31,technician,single,tertiary,no,-162,yes,no,cellular,18,may,380
60,housemaid,married,primary,no,0,no,yes,telephone,22,jul,124
34,services,married,secondary,no,586,yes,yes,unknown,8,may,224
26,technician,single,secondary,no,455,no,no,cellular,29,jan,240
57,services,divorced,secondary,no,4664,no,no,cellular,21,nov,22
25,unemployed,single,secondary,no,34,no,yes,unknown,4,jul,316
55,technician,single,tertiary,no,-703,yes,no,cellular,8,may,123
36,management,married,tertiary,no,1852,no,no,unknown,8,may,362
43,technician,single,secondary,no,34,no,no,telephone,30,jul,29
38,self-employed,single,secondary,no,1146,yes,no,unknown,21,may,91
48,blue-collar,married,primary,no,1092,no,yes,cellular,18,nov,79
33,admin.,married,secondary,no,1158,yes,no,cellular,20,apr,25
28,admin.,single,secondary,no,26,yes,no,cellular,7,may,227
30,services,single,secondary,no,566,no,no,cellular,5,feb,110
27,housemaid,married,secondary,no,4848,yes,yes,telephone,23,jul,82
36,technician,single,secondary,no,1855,yes,no,cellular,4,feb,75
46,services,married,secondary,no,2420,no,no,cellular,19,nov,405
27,technician,single,secondary,no,15,yes,no,cellular,25,jul,67
46,services,married,secondary,no,0,yes,no,cellular,22,jun,154
40,blue-collar,married,secondary,no,440,yes,no,unknown,5,jun,327
53,management,married,secondary,no,66,no,yes,telephone,8,jul,141
41,technician,single,secondary,no,-41,yes,yes,cellular,3,apr,154
60,blue-collar,married,secondary,no,322,yes,no,cellular,7,may,63
35,entrepreneur,married,primary,no,2643,no,yes,cellular,8,jul,259
57,admin.,married,secondary,no,2137,no,no,telephone,8,jul,132
57,admin.,divorced,primary,no,1,no,no,unknown,15,may,17
43,entrepreneur,married,secondary,no,59,no,no,unknown,13,may,437
50,management,married,tertiary,no,78,yes,no,cellular,14,jan,218
33,unemployed,married,tertiary,no,302,yes,yes,cellular,16,apr,670
35,blue-collar,married,secondary,no,1949,yes,no,unknown,2,jun,200
34,management,divorced,tertiary,no,13204,yes,yes,cellular,20,nov,197
50,admin.,married,secondary,no,231,yes,no,cellular,21,nov,397
40,blue-collar,married,primary,no,1136,yes,no,unknown,21,may,86
42,entrepreneur,married,tertiary,no,233,no,no,cellular,5,feb,446
59,admin.,married,secondary,no,817,no,no,cellular,9,apr,304
27,blue-collar,single,primary,no,1128,yes,no,unknown,30,jun,88
32,management,single,tertiary,no,1831,yes,no,cellular,20,apr,86
35,technician,single,secondary,no,450,yes,no,cellular,13,may,63
28,services,married,secondary,no,0,yes,no,cellular,5,may,335
35,management,married,tertiary,no,3161,no,no,cellular,8,aug,433
57,management,married,primary,no,1052,yes,no,unknown,13,may,227
42,admin.,single,secondary,no,1022,yes,no,unknown,5,may,146
55,admin.,married,primary,no,343,yes,no,cellular,14,jul,276
26,services,single,secondary,yes,-162,yes,no,cellular,15,may,44
26,blue-collar,single,secondary,no,-32,yes,yes,cellular,31,jul,14
57,retired,divorced,secondary,no,-331,yes,no,unknown,6,may,531
26,management,single,tertiary,no,350,no,no,cellular,8,jul,367
33,unemployed,married,secondary,no,2,yes,no,cellular,16,jul,132
24,blue-collar,single,primary,no,111,yes,yes,unknown,27,may,42
59,retired,divorced,secondary,no,319,no,no,cellular,24,jul,129
46,technician,married,secondary,no,966,yes,yes,cellular,19,aug,40
30,technician,single,secondary,no,102,yes,no,unknown,7,may,614
31,technician,married,secondary,no,0,no,yes,cellular,19,aug,144
55,unknown,married,primary,no,159,no,no,unknown,4,sep,15
33,blue-collar,married,secondary,no,1134,yes,no,unknown,23,may,304
37,technician,married,tertiary,no,6968,no,no,cellular,1,jun,175
37,management,married,tertiary,no,865,yes,no,cellular,3,jun,101
55,admin.,married,secondary,no,1102,yes,no,unknown,15,may,126
31,technician,single,tertiary,no,969,no,no,cellular,15,jun,95
37,services,married,primary,no,52,yes,no,unknown,7,may,359
31,admin.,married,primary,no,355,yes,yes,unknown,4,jun,61
50,blue-collar,married,primary,no,3924,yes,no,cellular,20,apr,122
36,blue-collar,married,secondary,no,199,yes,no,cellular,9,jul,183
33,blue-collar,married,secondary,no,331,yes,no,cellular,14,may,178
35,blue-collar,married,secondary,no,262,no,no,cellular,2,jul,96
29,technician,married,tertiary,no,43,yes,no,unknown,20,may,68
35,management,married,secondary,no,1160,yes,no,unknown,27,may,116
49,management,divorced,tertiary,no,1405,no,no,unknown,8,jun,29
52,technician,divorced,secondary,no,280,no,no,cellular,14,jul,393
38,services,divorced,secondary,no,792,no,no,unknown,6,jun,430
58,management,married,secondary,no,111,no,no,telephone,24,mar,58
34,student,single,unknown,no,1281,no,no,cellular,25,aug,279
42,technician,divorced,secondary,no,2974,yes,no,unknown,21,may,187
48,technician,married,secondary,no,10655,no,no,telephone,31,jul,5
30,blue-collar,single,secondary,no,445,yes,no,cellular,16,apr,218
40,management,married,secondary,no,643,yes,no,cellular,17,apr,74
57,housemaid,single,secondary,no,254,no,no,cellular,8,oct,676
40,management,married,tertiary,no,-1212,yes,no,cellular,15,may,1259
41,technician,married,secondary,no,2125,yes,yes,cellular,21,nov,285
38,self-employed,married,secondary,no,746,no,no,unknown,20,jun,256
35,admin.,married,secondary,no,147,yes,yes,cellular,29,jan,41
32,technician,single,secondary,no,271,yes,no,cellular,13,may,80
46,blue-collar,married,secondary,no,-216,yes,no,cellular,28,jul,404
45,services,divorced,secondary,no,88,no,yes,cellular,7,jul,332
51,admin.,single,tertiary,no,16,yes,no,cellular,30,jan,158
31,management,married,secondary,no,466,yes,no,cellular,14,may,164
42,blue-collar,single,primary,no,1628,yes,no,cellular,5,feb,119
52,management,married,secondary,no,428,yes,no,unknown,30,may,153
33,technician,married,secondary,no,4790,yes,no,cellular,20,apr,137
77,retired,married,primary,no,680,no,no,telephone,27,nov,341
27,blue-collar,single,primary,no,1209,no,no,cellular,29,jan,283
27,services,married,secondary,no,58,yes,no,cellular,7,may,113
50,management,married,secondary,yes,421,no,no,cellular,20,nov,22
31,management,single,tertiary,no,112,yes,no,cellular,2,feb,159
29,services,divorced,secondary,no,92,yes,no,cellular,7,may,240
39,technician,married,tertiary,no,794,no,no,telephone,2,feb,182
31,entrepreneur,single,tertiary,no,1957,no,no,cellular,4,feb,112
48,technician,married,secondary,no,454,yes,no,cellular,10,jul,114
32,blue-collar,single,primary,no,882,no,yes,cellular,29,jul,80
47,unemployed,married,primary,no,168,yes,no,telephone,30,jan,66
35,management,single,tertiary,no,714,yes,no,cellular,26,aug,135
42,management,single,tertiary,no,0,no,no,cellular,7,sep,99
59,retired,married,secondary,no,163,no,no,cellular,24,jul,464
38,admin.,married,secondary,no,3190,yes,no,unknown,20,jun,20
50,unemployed,married,secondary,no,1772,no,no,cellular,29,jul,206
27,services,single,secondary,no,-151,no,no,cellular,8,jul,283
55,housemaid,married,primary,no,16,no,no,unknown,20,jun,64
31,technician,single,tertiary,no,454,no,no,cellular,4,feb,73
37,entrepreneur,married,tertiary,no,4798,yes,no,unknown,20,may,156
28,technician,single,secondary,yes,-298,yes,no,unknown,3,jun,559
42,technician,married,secondary,no,439,no,no,cellular,20,aug,143
40,services,divorced,secondary,no,1927,yes,no,unknown,15,may,62
59,management,single,secondary,no,671,yes,yes,cellular,29,jan,219
40,services,single,secondary,no,65,yes,no,cellular,15,may,15
43,technician,married,secondary,no,-932,yes,no,cellular,16,apr,567
38,technician,single,secondary,no,4366,yes,no,cellular,29,jul,188
54,retired,married,primary,no,0,yes,no,cellular,11,jul,159
41,blue-collar,married,secondary,no,4900,yes,no,telephone,31,jul,121
33,management,married,tertiary,no,148,no,no,unknown,20,may,717
46,blue-collar,married,secondary,no,5,no,no,cellular,18,aug,71
55,blue-collar,married,primary,no,1086,yes,no,cellular,6,may,146
48,technician,divorced,tertiary,no,113,no,yes,cellular,22,jul,38
42,management,married,secondary,no,-105,yes,no,cellular,28,aug,60
49,technician,married,secondary,yes,-1680,yes,yes,unknown,27,jun,92
31,admin.,married,secondary,no,389,yes,no,cellular,7,dec,69
49,unemployed,married,primary,no,-384,yes,no,unknown,27,may,25
51,entrepreneur,divorced,tertiary,no,4,yes,yes,cellular,20,apr,74
58,blue-collar,married,primary,no,309,no,no,cellular,19,aug,156
29,entrepreneur,married,secondary,no,452,yes,no,unknown,27,may,347
49,self-employed,married,primary,no,489,yes,no,unknown,27,may,84
36,blue-collar,married,secondary,no,1587,yes,no,cellular,28,jul,200
32,blue-collar,single,secondary,no,-255,no,yes,unknown,2,jul,957
31,management,married,tertiary,no,22546,yes,no,cellular,14,may,8
33,blue-collar,divorced,primary,no,636,yes,no,cellular,9,jul,211
27,services,single,secondary,no,266,no,yes,cellular,7,jul,232
56,technician,married,secondary,no,150,yes,yes,cellular,11,may,102
57,technician,married,secondary,no,839,no,yes,unknown,5,may,225
31,technician,divorced,secondary,no,10787,yes,no,unknown,4,jun,135
29,technician,single,tertiary,no,2485,no,no,telephone,24,jul,48
38,management,single,tertiary,no,15030,yes,no,cellular,13,may,167
37,admin.,married,secondary,no,11303,no,no,cellular,26,may,500
34,admin.,married,secondary,no,5320,no,no,cellular,3,mar,114
30,management,single,tertiary,no,19358,no,no,cellular,19,nov,258
46,blue-collar,married,primary,no,0,yes,no,unknown,12,may,51
28,technician,single,tertiary,no,183,yes,yes,unknown,28,may,62
36,admin.,married,secondary,no,4280,no,no,unknown,19,jun,227
50,housemaid,divorced,primary,no,94,yes,no,cellular,22,jul,184
31,admin.,single,secondary,no,5527,yes,no,unknown,21,may,132
48,management,married,primary,no,606,no,no,cellular,5,mar,77
41,technician,married,secondary,no,0,no,yes,cellular,23,jul,107
41,blue-collar,married,secondary,no,338,yes,no,unknown,14,may,87
43,blue-collar,married,primary,no,757,yes,no,unknown,9,may,315
36,management,married,tertiary,no,9269,yes,yes,cellular,19,nov,107
40,blue-collar,married,primary,no,1206,no,yes,telephone,16,jul,201
28,management,single,tertiary,no,882,no,yes,cellular,29,jan,94
55,admin.,married,secondary,no,865,yes,no,cellular,27,oct,96
45,admin.,married,primary,no,542,no,no,cellular,11,may,8
31,blue-collar,married,secondary,no,1407,yes,no,cellular,6,may,142
31,technician,single,secondary,yes,25,no,no,cellular,2,feb,381
31,blue-collar,married,secondary,no,1354,yes,yes,cellular,17,nov,222
35,blue-collar,married,primary,no,793,yes,no,cellular,17,apr,106
51,blue-collar,divorced,unknown,no,10287,yes,no,unknown,29,may,117
33,technician,single,secondary,no,5235,no,no,cellular,7,aug,67
36,blue-collar,divorced,secondary,no,-11,no,no,unknown,5,jun,152
58,technician,single,secondary,no,409,no,yes,cellular,14,jul,643
34,admin.,married,tertiary,no,35,yes,no,cellular,15,oct,76
45,management,married,tertiary,no,-459,no,no,cellular,21,aug,508
31,blue-collar,married,primary,no,99,yes,no,cellular,17,apr,193
40,management,married,tertiary,no,60,no,no,unknown,16,jun,172
60,retired,married,primary,no,71188,no,no,cellular,6,oct,205
34,entrepreneur,married,secondary,no,-139,yes,yes,unknown,27,may,492
40,blue-collar,married,secondary,no,952,no,yes,unknown,12,jun,140
59,retired,married,primary,no,1427,no,no,unknown,18,jun,140
43,technician,single,tertiary,no,1017,yes,no,unknown,19,may,257
37,management,single,tertiary,no,102,yes,no,cellular,21,aug,101
33,technician,divorced,secondary,no,9,no,no,cellular,21,aug,91
33,management,married,secondary,no,4040,yes,no,cellular,20,apr,132
36,blue-collar,married,secondary,no,13,no,no,unknown,3,jun,284
47,technician,married,secondary,no,2246,yes,no,cellular,10,jul,330
52,technician,married,tertiary,no,0,no,no,cellular,9,aug,145
25,blue-collar,married,secondary,no,-76,yes,no,unknown,12,may,241
38,technician,single,tertiary,no,221,no,no,cellular,20,aug,79
31,admin.,married,secondary,no,5,yes,yes,cellular,16,jul,101
42,admin.,married,secondary,no,4209,yes,no,unknown,5,jun,57
46,self-employed,married,tertiary,no,137,yes,yes,unknown,5,may,246
53,management,married,primary,no,2096,no,no,unknown,9,jun,104
33,blue-collar,married,primary,no,511,yes,no,unknown,21,may,304
38,admin.,married,primary,no,3913,yes,no,cellular,20,apr,196
32,technician,divorced,secondary,no,1097,yes,no,unknown,12,may,298
32,self-employed,married,tertiary,no,189,yes,no,unknown,6,jun,106
51,admin.,divorced,secondary,no,340,yes,no,unknown,8,may,186
42,blue-collar,married,primary,no,-119,yes,no,cellular,22,jul,167
41,admin.,married,secondary,no,2993,yes,no,cellular,22,jul,24
39,management,divorced,tertiary,no,3575,no,yes,cellular,18,aug,74
41,technician,divorced,secondary,no,52,no,no,cellular,20,aug,261
42,blue-collar,married,secondary,no,3068,yes,yes,cellular,11,may,429
40,management,divorced,tertiary,no,502,yes,no,cellular,3,feb,267
50,entrepreneur,divorced,tertiary,no,1790,no,yes,cellular,6,feb,748
33,blue-collar,married,secondary,no,86,yes,no,unknown,19,may,364
26,management,married,tertiary,no,265,no,no,cellular,30,jan,650
30,admin.,single,secondary,no,3809,yes,no,unknown,3,jun,159
36,management,married,tertiary,no,222,yes,no,cellular,6,may,317
33,self-employed,single,secondary,no,238,yes,yes,cellular,5,feb,45
39,services,divorced,secondary,no,282,yes,no,cellular,17,jul,243
66,retired,married,primary,no,747,no,no,telephone,28,jan,203
48,blue-collar,single,unknown,no,428,yes,no,cellular,18,may,127
33,management,divorced,secondary,no,106,no,no,cellular,20,aug,175
44,technician,divorced,secondary,no,0,no,no,cellular,12,aug,56
55,management,married,tertiary,no,979,no,yes,cellular,8,jul,123
39,services,married,secondary,no,5731,yes,no,unknown,20,may,175
34,management,single,tertiary,no,84,no,no,cellular,5,feb,231
58,retired,divorced,unknown,no,5920,yes,no,cellular,23,jul,255
33,blue-collar,married,secondary,no,932,yes,no,unknown,21,may,226
27,unemployed,single,secondary,no,3276,no,no,cellular,5,aug,106
48,services,divorced,secondary,no,3186,no,yes,cellular,9,apr,104
35,technician,single,secondary,no,-51,no,no,unknown,2,jul,134
37,technician,single,tertiary,no,3315,yes,no,cellular,9,apr,820
27,technician,single,secondary,no,235,yes,no,cellular,12,may,13
35,admin.,married,secondary,no,8652,yes,no,unknown,24,jun,103
52,admin.,married,secondary,no,2347,no,yes,cellular,12,aug,603
34,blue-collar,single,secondary,no,3723,yes,no,unknown,27,may,47
42,self-employed,married,tertiary,no,0,no,no,cellular,8,aug,118
36,management,divorced,tertiary,no,608,no,no,cellular,26,aug,125
35,blue-collar,married,secondary,no,6411,yes,yes,cellular,30,jan,144
49,blue-collar,married,unknown,no,51,yes,no,unknown,7,may,984
55,blue-collar,married,primary,no,3873,no,no,telephone,21,apr,222
44,admin.,married,secondary,no,262,yes,no,cellular,9,jul,74
25,services,single,secondary,no,3217,yes,no,unknown,28,may,24
37,technician,single,secondary,no,5436,yes,no,cellular,6,may,7
36,blue-collar,single,secondary,no,168,yes,no,telephone,12,may,52
42,housemaid,single,primary,no,5774,yes,no,unknown,15,may,54
44,self-employed,married,tertiary,no,134,no,no,cellular,28,aug,86
34,entrepreneur,divorced,tertiary,no,262,no,no,cellular,20,nov,371
56,blue-collar,divorced,primary,no,3021,no,no,unknown,9,jun,419
29,services,single,secondary,no,-287,yes,no,cellular,18,may,196
54,blue-collar,married,secondary,no,1291,yes,no,unknown,5,may,266
37,technician,divorced,secondary,no,79,no,no,cellular,21,jul,191
58,blue-collar,divorced,secondary,no,543,no,yes,telephone,17,jul,264
56,management,divorced,tertiary,no,1016,yes,no,unknown,9,jun,184
32,blue-collar,single,secondary,no,604,no,yes,cellular,28,may,95
42,management,single,tertiary,no,525,no,no,cellular,13,aug,127
52,retired,divorced,primary,no,353,no,no,cellular,31,jul,395
46,management,married,tertiary,no,964,yes,no,cellular,8,apr,174
39,blue-collar,married,primary,no,879,yes,no,unknown,26,may,102
31,admin.,married,secondary,no,314,yes,no,cellular,17,apr,279
59,housemaid,married,primary,no,0,no,no,cellular,27,aug,76
38,blue-collar,married,secondary,no,1370,yes,no,cellular,11,may,472
58,management,married,secondary,no,37,no,no,cellular,18,aug,84
34,management,single,tertiary,no,673,yes,yes,cellular,20,nov,271
40,services,married,secondary,no,-342,yes,no,unknown,26,may,754
40,technician,married,secondary,no,4441,yes,no,cellular,20,nov,153
34,technician,married,secondary,no,209,yes,yes,cellular,8,apr,375
40,services,married,secondary,no,51,yes,no,cellular,11,may,50
58,retired,married,secondary,no,764,no,no,cellular,12,aug,219
34,entrepreneur,married,tertiary,no,355,yes,no,unknown,16,may,261
24,blue-collar,married,secondary,no,204,yes,yes,cellular,17,apr,229
38,management,married,tertiary,no,2278,yes,yes,cellular,13,may,244
28,management,single,tertiary,no,224,yes,no,cellular,2,feb,97
53,blue-collar,married,secondary,no,483,yes,no,cellular,3,feb,288
53,management,married,tertiary,no,4,no,no,unknown,20,jun,19
37,services,single,secondary,no,105,no,yes,unknown,17,jun,260
42,entrepreneur,married,primary,no,198,yes,no,unknown,8,may,314
48,blue-collar,married,secondary,no,841,yes,no,unknown,19,may,215
55,technician,married,secondary,no,0,no,no,cellular,19,nov,336
36,admin.,married,secondary,no,470,yes,no,cellular,31,jul,101
43,retired,married,secondary,no,520,yes,no,unknown,20,may,15
36,blue-collar,married,secondary,no,439,yes,no,unknown,21,may,260
31,management,married,tertiary,no,0,no,no,unknown,14,may,298
55,entrepreneur,married,primary,no,298,yes,no,unknown,8,may,144
29,management,single,secondary,no,584,yes,no,unknown,16,jun,541
36,blue-collar,married,secondary,no,2357,yes,no,unknown,17,jun,228
58,admin.,married,secondary,no,1142,no,no,telephone,4,feb,82
41,housemaid,single,secondary,no,231,no,no,cellular,9,jul,76
39,self-employed,married,secondary,no,31,yes,no,cellular,20,nov,61
32,technician,married,secondary,no,266,yes,no,cellular,19,aug,168
50,management,married,secondary,no,732,no,no,cellular,7,apr,736
30,admin.,married,tertiary,no,0,yes,no,cellular,24,jul,209
46,management,single,primary,no,538,no,no,unknown,17,jun,118
39,self-employed,single,unknown,no,0,no,no,unknown,20,jun,13
36,admin.,married,unknown,no,2323,no,no,cellular,19,nov,111
45,blue-collar,married,primary,no,185,yes,no,cellular,29,jan,249
52,admin.,divorced,secondary,no,98,no,yes,unknown,19,jun,148
35,management,married,tertiary,no,0,yes,no,cellular,21,jul,295
41,management,married,tertiary,no,176,yes,yes,unknown,5,may,42
42,management,single,secondary,no,9720,no,no,cellular,5,aug,81
39,admin.,divorced,secondary,no,2903,yes,yes,telephone,25,jul,259
30,admin.,single,secondary,no,81,yes,no,cellular,6,aug,121
48,technician,married,secondary,no,5,no,no,unknown,9,jun,65
25,admin.,single,tertiary,no,220,no,no,cellular,26,may,68
58,management,married,tertiary,no,299,no,no,cellular,16,jul,120
35,retired,married,primary,no,285,yes,no,cellular,29,jan,136
27,blue-collar,married,secondary,no,872,yes,no,cellular,17,apr,1130
25,services,married,secondary,no,72,yes,no,cellular,23,jul,305
36,blue-collar,married,secondary,no,0,no,no,unknown,20,jun,332
38,blue-collar,married,secondary,no,-388,yes,no,unknown,9,may,412
30,admin.,married,secondary,no,11,yes,no,cellular,11,may,157
47,blue-collar,divorced,secondary,yes,-535,yes,no,cellular,30,jul,71
52,unemployed,married,secondary,no,-9,no,no,unknown,9,jun,123
55,retired,married,secondary,no,1467,no,yes,cellular,29,jul,277
23,management,single,tertiary,no,736,yes,no,cellular,30,apr,119
32,management,married,tertiary,no,1390,no,no,cellular,7,aug,116
49,entrepreneur,divorced,secondary,no,32,no,no,cellular,5,feb,128
49,services,married,secondary,no,1122,no,no,cellular,4,aug,143
50,technician,married,secondary,no,-568,yes,yes,unknown,28,may,860
33,blue-collar,married,primary,no,1165,yes,no,unknown,21,may,420
53,services,divorced,secondary,no,-905,yes,no,unknown,28,may,213
51,management,married,secondary,no,3180,yes,no,cellular,9,jul,384
38,technician,married,secondary,no,740,no,no,cellular,7,aug,259
44,management,married,secondary,no,8262,yes,no,cellular,23,jul,201
39,admin.,single,secondary,no,14,yes,yes,unknown,13,may,19
45,technician,single,unknown,no,7108,yes,yes,cellular,18,nov,53
38,blue-collar,married,secondary,no,0,yes,no,cellular,13,may,57
36,housemaid,married,secondary,no,419,yes,no,unknown,30,may,251
30,management,single,tertiary,no,726,yes,no,cellular,16,apr,39
28,technician,divorced,tertiary,no,594,yes,yes,unknown,18,jun,54
26,unemployed,married,tertiary,no,454,yes,yes,unknown,23,may,28
30,technician,single,secondary,no,57,no,no,cellular,2,feb,465
50,admin.,divorced,secondary,no,202,no,yes,cellular,17,nov,148
43,blue-collar,married,secondary,no,667,yes,no,unknown,7,may,228
48,admin.,married,secondary,no,112,no,no,cellular,18,aug,139
43,blue-collar,married,primary,no,60,no,no,cellular,8,may,487
35,unemployed,single,secondary,no,2116,yes,no,cellular,13,may,409
26,services,divorced,secondary,no,74,yes,no,unknown,23,may,106
50,self-employed,married,secondary,no,3025,no,yes,cellular,6,aug,168
47,self-employed,married,tertiary,no,751,no,no,cellular,24,jul,408
42,services,married,secondary,no,-91,yes,yes,cellular,5,feb,43
40,blue-collar,married,primary,no,2805,yes,no,cellular,14,may,173
36,self-employed,married,secondary,no,189,yes,no,cellular,19,nov,136
50,blue-collar,married,primary,no,0,no,no,cellular,11,aug,72
47,technician,married,secondary,no,599,yes,no,cellular,13,aug,99
30,management,single,tertiary,no,-218,yes,no,cellular,27,aug,13
32,technician,single,tertiary,no,1012,no,no,cellular,14,apr,178
31,admin.,single,secondary,no,-407,no,yes,cellular,7,jul,230
31,management,married,tertiary,no,582,yes,no,cellular,15,jul,58
36,technician,single,secondary,no,0,no,no,cellular,29,aug,85
57,technician,married,secondary,no,6164,no,no,cellular,19,nov,161
58,housemaid,married,primary,no,5278,yes,no,unknown,4,jun,763
54,technician,married,secondary,no,89,yes,no,cellular,10,jul,140
28,management,married,tertiary,no,1480,yes,no,cellular,18,may,143
28,technician,single,tertiary,no,356,no,no,cellular,2,mar,76
36,technician,married,secondary,no,5902,yes,no,unknown,23,may,219
37,blue-collar,single,primary,no,851,yes,no,cellular,15,may,151
41,management,married,tertiary,no,2885,no,no,cellular,19,nov,40
35,blue-collar,married,secondary,no,137,no,yes,unknown,4,oct,5
34,blue-collar,single,secondary,no,1239,yes,no,cellular,18,jul,90
43,management,single,tertiary,no,146,no,no,cellular,21,nov,50
47,management,single,tertiary,no,0,no,no,unknown,11,jun,58
35,technician,married,secondary,no,2789,yes,no,cellular,4,sep,256
50,technician,single,secondary,no,3897,no,no,cellular,26,oct,298
36,technician,divorced,secondary,no,487,no,yes,cellular,11,aug,268
41,admin.,married,secondary,no,5110,yes,no,cellular,13,apr,231
28,management,married,tertiary,no,318,yes,no,unknown,27,may,4
33,technician,single,tertiary,no,125,no,no,telephone,29,aug,66
36,services,married,secondary,no,1746,yes,no,unknown,26,may,99
28,management,single,tertiary,no,4937,yes,no,telephone,13,may,421
48,entrepreneur,married,secondary,no,725,no,yes,cellular,10,jul,105
51,entrepreneur,married,tertiary,no,5403,no,no,unknown,6,jun,42
32,technician,married,tertiary,no,4089,no,no,cellular,26,may,114
35,technician,married,tertiary,no,188,no,no,cellular,26,aug,286
38,blue-collar,divorced,secondary,no,2998,yes,no,unknown,11,jun,91
77,retired,married,secondary,no,610,no,no,cellular,13,aug,766
31,technician,married,secondary,no,3706,yes,no,cellular,20,nov,129
43,technician,divorced,secondary,no,167,no,no,cellular,4,aug,211
40,self-employed,divorced,secondary,no,1876,no,yes,unknown,20,jun,269
29,management,married,tertiary,no,877,no,no,cellular,3,feb,166
32,admin.,single,secondary,no,2817,yes,no,cellular,21,nov,195
40,services,married,secondary,no,-378,yes,yes,cellular,13,may,541
26,services,single,secondary,no,127,yes,yes,cellular,23,jul,85
34,blue-collar,married,primary,no,176,no,no,cellular,24,jul,78
36,services,single,secondary,no,1482,yes,no,cellular,18,nov,177
42,blue-collar,married,secondary,no,3052,yes,no,unknown,27,may,32
44,services,married,secondary,no,1989,yes,yes,cellular,20,apr,106
42,technician,single,unknown,no,344,yes,no,unknown,3,jun,26
36,management,married,tertiary,no,0,yes,no,unknown,27,may,145
46,technician,married,secondary,no,-337,yes,no,unknown,27,may,112
38,blue-collar,divorced,secondary,no,0,yes,no,cellular,11,may,580
48,management,married,tertiary,no,998,yes,no,cellular,29,jan,121
59,self-employed,married,primary,no,0,yes,no,telephone,28,jul,97
58,technician,married,primary,no,4015,no,no,unknown,20,jun,106
52,blue-collar,married,secondary,no,161,yes,no,unknown,13,may,274
27,management,single,tertiary,no,446,no,no,cellular,23,jun,205
34,management,married,tertiary,no,2594,yes,no,cellular,21,nov,161
36,technician,divorced,secondary,no,5957,yes,no,cellular,18,nov,138
50,admin.,married,secondary,no,0,no,no,cellular,4,aug,86
41,management,divorced,tertiary,no,369,yes,no,telephone,22,aug,9
47,admin.,married,secondary,no,1934,no,yes,cellular,14,may,225
32,technician,single,tertiary,no,259,no,no,cellular,22,jul,407
38,blue-collar,married,secondary,no,284,yes,yes,unknown,3,jun,1030
55,blue-collar,married,unknown,no,23,no,no,cellular,13,aug,123
38,management,single,tertiary,no,1373,no,no,cellular,22,oct,119
31,management,single,tertiary,no,62,yes,no,cellular,18,may,175
38,blue-collar,divorced,secondary,no,157,no,no,unknown,9,jun,299
29,unemployed,single,tertiary,no,991,no,no,cellular,5,feb,563
55,services,married,secondary,no,186,yes,yes,unknown,9,may,241
35,unemployed,married,secondary,no,977,yes,no,cellular,4,may,52
32,technician,married,secondary,no,485,no,no,cellular,26,aug,98
34,blue-collar,married,secondary,no,1897,yes,yes,cellular,19,nov,441
33,blue-collar,married,secondary,no,889,yes,no,unknown,18,sep,13
37,admin.,married,secondary,no,1193,no,no,cellular,12,may,396
58,management,married,tertiary,no,2729,no,no,unknown,18,jun,188
30,technician,single,tertiary,no,1922,yes,no,cellular,18,may,546
28,services,single,secondary,no,94,yes,no,cellular,16,apr,300
34,technician,single,secondary,no,2729,yes,no,cellular,6,apr,945
35,management,married,tertiary,no,317,yes,no,unknown,23,may,162
60,housemaid,married,primary,no,517,no,no,unknown,12,jun,1178
50,management,married,tertiary,no,-470,yes,no,cellular,8,may,506
27,blue-collar,divorced,secondary,no,1,yes,no,cellular,14,jul,116
38,management,married,tertiary,no,126,yes,no,unknown,21,may,164
32,self-employed,married,secondary,no,-33,yes,no,unknown,28,may,234
36,entrepreneur,married,secondary,no,134,no,no,unknown,20,may,98
33,admin.,married,secondary,no,-6,yes,no,unknown,7,may,566
40,technician,married,secondary,no,257,yes,no,unknown,16,may,731
27,technician,married,secondary,no,130,yes,no,cellular,7,may,265
38,blue-collar,married,primary,no,2569,no,no,unknown,9,jun,172
34,technician,single,secondary,no,201,no,no,cellular,22,jul,257
57,services,married,secondary,no,162,yes,no,unknown,5,may,174
49,housemaid,divorced,primary,no,198,yes,no,unknown,13,may,205
33,blue-collar,single,secondary,no,706,yes,no,cellular,7,apr,329
36,management,married,secondary,no,1825,yes,no,cellular,14,may,24
59,self-employed,married,tertiary,no,185,no,no,cellular,22,jun,177
72,blue-collar,married,primary,no,4415,no,no,telephone,13,oct,120
64,management,married,tertiary,no,679,no,no,telephone,22,apr,135
32,management,single,tertiary,no,1160,yes,yes,unknown,11,jun,450
35,management,single,tertiary,no,2988,yes,no,cellular,25,may,179
54,blue-collar,married,primary,no,2281,yes,no,unknown,20,jun,158
40,technician,married,secondary,no,1270,no,no,cellular,17,apr,342
41,services,divorced,secondary,no,654,yes,no,cellular,13,may,139
48,retired,married,primary,no,5173,yes,no,unknown,18,jun,88
44,entrepreneur,married,tertiary,no,3463,yes,yes,cellular,28,aug,210
39,blue-collar,married,unknown,no,0,no,no,cellular,2,feb,731
49,technician,married,tertiary,no,1843,yes,no,cellular,25,may,269
33,services,married,secondary,no,210,yes,yes,unknown,20,may,201
58,retired,single,secondary,no,1640,no,yes,cellular,4,feb,72
28,admin.,single,secondary,no,189,yes,no,cellular,31,jul,68
30,admin.,single,secondary,no,127,yes,no,cellular,18,may,16
49,self-employed,married,secondary,no,2576,yes,no,cellular,15,may,64
40,services,married,secondary,no,9374,yes,no,cellular,21,nov,7
23,technician,single,secondary,no,598,no,no,cellular,30,apr,166
29,management,single,tertiary,no,15459,no,no,cellular,26,may,245
44,blue-collar,married,primary,no,271,yes,yes,unknown,9,may,94
36,self-employed,married,tertiary,no,506,no,no,cellular,25,aug,47
47,blue-collar,married,primary,no,320,no,no,telephone,30,jul,203
35,admin.,married,secondary,no,786,no,yes,cellular,25,jul,322
30,self-employed,married,secondary,no,1772,yes,no,cellular,13,apr,158
48,unemployed,married,primary,no,5462,no,no,unknown,6,jun,29
49,management,divorced,tertiary,no,2370,yes,yes,unknown,17,nov,56
48,technician,married,tertiary,no,9207,no,no,cellular,18,aug,445
51,blue-collar,married,secondary,no,160,yes,no,cellular,7,may,136
32,admin.,divorced,secondary,yes,5,yes,yes,cellular,18,may,82
40,blue-collar,married,secondary,no,4795,yes,no,cellular,17,apr,57
56,admin.,divorced,unknown,no,789,yes,no,cellular,8,may,1022
39,management,single,tertiary,no,0,yes,no,cellular,12,may,561
37,services,divorced,secondary,no,490,yes,no,cellular,2,feb,73
36,technician,single,secondary,no,1521,yes,no,unknown,16,jun,243
42,admin.,single,secondary,no,30,yes,no,cellular,4,feb,98
37,technician,married,secondary,no,1063,yes,no,cellular,31,jul,413
32,services,married,secondary,no,-632,yes,yes,cellular,20,apr,18
32,admin.,single,secondary,no,116,no,yes,cellular,16,jul,255
35,admin.,married,primary,no,189,yes,no,cellular,11,may,95
51,blue-collar,married,primary,no,844,yes,no,unknown,29,may,184
58,housemaid,married,primary,no,435,yes,no,telephone,28,jul,122
27,services,married,secondary,no,54,yes,no,cellular,18,may,97
22,student,single,unknown,no,549,no,no,cellular,2,sep,154
35,blue-collar,married,primary,no,298,yes,no,cellular,13,may,135
47,technician,married,secondary,no,-9,no,no,cellular,14,aug,457
33,blue-collar,married,secondary,no,137,no,yes,cellular,18,jul,305
30,entrepreneur,single,secondary,no,638,no,no,cellular,14,jul,358
47,management,married,tertiary,no,109,yes,no,cellular,22,jul,268
30,services,married,secondary,no,0,yes,no,unknown,9,may,20
33,services,married,secondary,no,90,yes,no,cellular,28,jul,263
33,management,divorced,secondary,no,1897,yes,yes,unknown,2,jun,197
44,admin.,married,secondary,no,2403,yes,no,cellular,28,jan,180
38,entrepreneur,married,secondary,no,868,no,no,cellular,20,nov,452
54,entrepreneur,married,secondary,no,653,yes,no,unknown,15,may,352
26,blue-collar,single,secondary,no,179,no,no,cellular,30,jul,103
33,technician,married,secondary,no,0,yes,yes,cellular,19,nov,163
55,services,divorced,secondary,no,218,yes,no,unknown,29,may,200
51,blue-collar,married,primary,no,5050,no,yes,unknown,16,jun,75
52,admin.,married,secondary,no,0,no,no,cellular,22,apr,91
37,services,single,secondary,no,1050,yes,no,cellular,3,feb,586
36,blue-collar,married,secondary,no,198,yes,no,unknown,9,may,400
30,blue-collar,married,primary,no,1,yes,yes,telephone,22,jul,80
43,blue-collar,married,primary,no,-98,yes,yes,cellular,12,may,112
49,technician,married,secondary,no,4667,yes,no,unknown,19,may,130
54,unemployed,married,primary,no,541,yes,no,cellular,3,feb,237
31,unemployed,married,tertiary,no,7744,no,no,cellular,26,aug,377
50,services,married,secondary,no,60,no,yes,cellular,27,aug,151
36,management,divorced,tertiary,no,1057,no,no,cellular,5,feb,383
30,admin.,married,secondary,no,122,yes,no,unknown,16,may,107
30,blue-collar,married,secondary,no,673,yes,no,unknown,20,may,610
35,technician,divorced,secondary,no,0,no,no,cellular,25,aug,124
33,services,divorced,secondary,no,411,yes,no,unknown,8,may,216
30,blue-collar,single,secondary,no,178,yes,no,unknown,20,may,747
41,blue-collar,married,secondary,no,-217,yes,no,cellular,11,may,313
28,technician,single,secondary,no,2034,yes,no,unknown,21,may,196
32,management,married,tertiary,no,913,yes,no,cellular,23,jun,883
33,technician,single,tertiary,no,137,no,no,cellular,25,aug,88
40,entrepreneur,married,primary,no,0,yes,no,cellular,11,jul,271
40,management,married,tertiary,no,7780,no,no,telephone,4,may,364
27,admin.,married,secondary,no,639,no,yes,cellular,14,jul,243
52,services,single,secondary,no,1810,no,no,telephone,19,nov,117
37,management,married,tertiary,no,410,no,no,cellular,29,jan,337
34,blue-collar,divorced,secondary,no,-566,yes,no,unknown,26,may,248
42,blue-collar,married,secondary,no,-921,yes,no,unknown,26,may,115
39,blue-collar,married,unknown,no,157,yes,no,unknown,30,may,99
34,housemaid,married,tertiary,no,0,no,no,cellular,26,may,141
53,blue-collar,married,primary,no,53,yes,no,cellular,7,apr,208
49,technician,married,secondary,no,1091,no,no,telephone,30,jul,47
46,management,divorced,tertiary,no,743,no,no,unknown,5,jun,36
47,entrepreneur,married,unknown,no,209,yes,no,unknown,6,may,135
24,management,single,tertiary,no,172,no,no,cellular,3,jul,67
58,entrepreneur,married,secondary,no,2,no,no,unknown,16,jun,684
25,student,single,secondary,no,1116,yes,no,cellular,2,mar,170
49,blue-collar,married,secondary,no,-55,no,no,unknown,17,jun,150
30,management,single,tertiary,no,329,yes,no,unknown,6,jun,122
46,blue-collar,married,secondary,no,494,yes,no,unknown,26,may,724
55,retired,married,secondary,no,159,no,no,cellular,28,aug,159
44,blue-collar,married,primary,no,-14,yes,yes,unknown,19,may,179
49,services,married,secondary,no,5673,no,yes,cellular,4,aug,357
33,student,single,unknown,no,5969,no,no,cellular,4,sep,156
48,technician,married,tertiary,no,0,no,no,telephone,26,aug,176
57,retired,married,unknown,no,1621,yes,no,unknown,19,jun,108
34,blue-collar,married,secondary,no,360,yes,no,telephone,19,nov,46
51,services,married,secondary,no,867,yes,no,cellular,3,feb,177
32,management,single,tertiary,no,151,yes,no,unknown,6,may,118
48,services,married,primary,yes,-583,yes,no,unknown,2,jun,25
49,blue-collar,married,tertiary,no,1784,no,no,unknown,12,jun,753
30,management,married,tertiary,no,3134,yes,no,cellular,17,jul,124
50,management,married,tertiary,no,-470,yes,no,cellular,19,nov,130
34,technician,married,secondary,no,-346,no,no,cellular,13,aug,136
69,retired,married,secondary,no,745,no,no,telephone,9,sep,595
26,technician,single,secondary,no,261,yes,no,unknown,27,may,371
27,management,single,tertiary,no,88,no,no,cellular,4,may,143
46,blue-collar,married,primary,no,91,yes,no,cellular,6,may,29
41,entrepreneur,married,tertiary,no,171,yes,no,cellular,19,nov,209
35,services,married,secondary,no,505,yes,yes,unknown,27,may,371
35,technician,single,secondary,no,126,no,no,cellular,22,aug,112
33,blue-collar,married,secondary,no,-241,yes,yes,unknown,27,may,169
57,blue-collar,married,primary,no,5431,yes,yes,unknown,6,may,383
34,admin.,single,secondary,no,852,no,no,cellular,14,apr,108
27,blue-collar,married,secondary,yes,-584,yes,no,cellular,7,may,411
42,self-employed,married,secondary,no,97,no,no,cellular,10,jul,108
31,technician,single,secondary,no,628,yes,no,unknown,12,may,1083
39,blue-collar,married,primary,no,1564,no,no,unknown,17,jun,57
26,blue-collar,single,secondary,no,856,yes,yes,cellular,30,jul,95
40,management,single,tertiary,no,1509,no,no,cellular,15,mar,144
52,services,married,secondary,no,-888,no,no,cellular,16,jul,135
40,technician,single,tertiary,no,226,no,no,cellular,15,jan,176
48,technician,married,secondary,no,127,no,yes,cellular,7,aug,524
31,services,married,secondary,no,413,yes,no,unknown,13,may,65
40,management,divorced,tertiary,no,69,yes,no,cellular,6,may,503
34,admin.,married,secondary,no,1499,yes,no,cellular,13,apr,186
29,self-employed,married,tertiary,no,751,yes,no,unknown,23,may,121
36,management,married,tertiary,no,61,no,yes,cellular,19,aug,452
56,housemaid,married,tertiary,no,1922,yes,no,cellular,24,jul,247
43,management,divorced,tertiary,no,99,no,no,cellular,29,jan,24
23,student,single,secondary,no,1021,no,no,telephone,19,jun,79
44,technician,married,tertiary,no,1146,no,no,cellular,4,jul,178
46,management,divorced,secondary,no,558,no,no,cellular,19,aug,126
29,admin.,single,secondary,no,1448,no,no,cellular,10,mar,217
30,management,single,tertiary,no,604,no,yes,cellular,2,feb,475
49,unknown,married,secondary,no,0,no,no,cellular,28,aug,173
41,technician,married,secondary,no,0,no,no,cellular,11,mar,101
29,admin.,married,secondary,no,22171,yes,no,cellular,18,may,44
57,management,married,tertiary,no,0,no,no,cellular,19,aug,188
33,technician,married,secondary,no,-163,yes,yes,cellular,8,aug,502
75,retired,married,secondary,no,26452,no,no,telephone,15,jul,219
53,self-employed,married,tertiary,no,2627,yes,yes,unknown,16,jun,18
34,management,married,tertiary,no,1906,yes,no,cellular,14,jul,68
34,blue-collar,married,primary,no,-319,yes,yes,cellular,9,jul,134
36,management,married,tertiary,no,-296,yes,no,cellular,14,may,113
39,technician,married,tertiary,no,209,no,no,unknown,23,jul,36
28,blue-collar,single,secondary,no,416,yes,no,unknown,13,may,452
40,services,married,tertiary,no,35,no,no,cellular,3,jul,318
28,blue-collar,single,secondary,no,0,yes,no,unknown,28,may,386
28,technician,single,secondary,no,126,no,no,cellular,3,mar,229
33,technician,divorced,tertiary,no,-386,yes,no,unknown,23,may,530
56,blue-collar,married,primary,no,379,no,no,cellular,13,aug,58
45,self-employed,married,secondary,no,706,no,no,cellular,30,apr,78
39,technician,married,secondary,no,9121,no,no,unknown,5,jun,147
28,management,single,tertiary,no,1466,yes,no,cellular,25,jul,40
52,blue-collar,married,primary,no,36,no,no,cellular,13,aug,109
41,blue-collar,married,primary,no,951,yes,no,cellular,20,apr,23
41,blue-collar,married,secondary,no,121,yes,no,cellular,13,may,16
59,services,married,secondary,no,204,no,no,cellular,23,jul,286
32,services,single,secondary,no,2478,no,yes,cellular,20,nov,395
34,management,married,tertiary,no,4170,yes,no,unknown,21,may,935
40,services,divorced,unknown,no,4384,yes,no,unknown,5,may,315
42,admin.,married,secondary,no,3165,yes,no,unknown,16,jun,298
39,unknown,single,secondary,no,914,no,no,unknown,5,jun,20
25,technician,single,secondary,no,2157,yes,no,cellular,21,jul,339
55,management,married,tertiary,no,6880,no,no,cellular,8,aug,353
30,management,married,tertiary,no,42,no,no,cellular,25,aug,115
37,blue-collar,married,unknown,no,603,yes,no,unknown,23,may,773
21,services,single,secondary,no,361,no,no,telephone,5,jun,329
33,blue-collar,divorced,secondary,no,474,no,no,cellular,22,jul,400
55,retired,married,primary,no,4424,no,no,cellular,5,aug,67
26,technician,single,secondary,no,2610,yes,yes,unknown,2,jun,626
32,blue-collar,married,secondary,no,687,yes,no,unknown,9,may,61
31,blue-collar,married,secondary,no,631,yes,no,unknown,23,may,248
34,blue-collar,married,primary,no,351,no,yes,cellular,14,jul,326
33,technician,single,tertiary,no,316,no,no,cellular,21,aug,126
35,technician,married,secondary,no,2,no,no,telephone,28,jan,653
51,technician,married,secondary,no,463,yes,no,unknown,13,may,213
48,management,divorced,tertiary,no,507,yes,no,cellular,9,apr,528
50,blue-collar,married,primary,no,-1,no,no,cellular,19,aug,195
50,management,married,tertiary,no,0,no,no,cellular,9,jul,243
37,blue-collar,married,primary,no,37,yes,no,cellular,13,may,24
44,admin.,single,secondary,no,2524,no,no,unknown,19,jun,82
42,entrepreneur,married,primary,yes,66,yes,yes,cellular,6,feb,139
49,blue-collar,divorced,unknown,no,39,yes,no,cellular,13,may,27
39,housemaid,married,primary,no,267,no,no,unknown,9,jun,1151
37,blue-collar,married,unknown,no,897,yes,no,cellular,13,apr,119
57,admin.,divorced,unknown,no,4012,no,no,cellular,20,nov,915
42,blue-collar,married,primary,no,1520,yes,no,cellular,5,feb,115
36,blue-collar,divorced,secondary,no,-140,yes,no,unknown,26,may,222
75,retired,divorced,primary,no,852,no,no,cellular,15,mar,341
38,blue-collar,single,secondary,no,578,yes,no,unknown,21,may,112
40,blue-collar,married,primary,yes,0,yes,no,unknown,6,may,64
34,management,single,tertiary,no,1171,yes,no,cellular,10,jul,129
29,technician,single,tertiary,no,452,yes,no,cellular,11,may,59
39,technician,single,secondary,no,122,yes,no,unknown,2,jun,158
36,unemployed,married,secondary,no,-35,no,no,cellular,30,jan,339
38,technician,married,secondary,no,4030,yes,no,cellular,19,nov,75
32,self-employed,married,tertiary,no,3601,no,no,cellular,22,aug,171
38,entrepreneur,married,secondary,no,157,no,yes,cellular,15,may,57
44,management,married,secondary,yes,0,yes,no,cellular,11,jul,96
52,technician,married,secondary,no,64,no,no,telephone,29,aug,20
43,blue-collar,married,primary,no,7343,yes,no,unknown,2,jun,217
34,blue-collar,married,secondary,no,-563,yes,no,unknown,26,may,252
35,unknown,married,primary,no,365,no,no,cellular,29,aug,41
33,blue-collar,single,secondary,no,13494,yes,no,unknown,20,jun,27
29,blue-collar,single,secondary,no,770,yes,no,cellular,17,apr,341
49,entrepreneur,married,primary,no,199,no,no,unknown,13,may,113
57,housemaid,married,secondary,no,0,no,no,cellular,22,aug,197
30,blue-collar,married,secondary,no,501,yes,yes,unknown,27,may,514
49,unknown,married,unknown,no,301,no,no,cellular,14,aug,789
73,retired,married,primary,no,1388,no,no,cellular,20,jul,146
39,technician,single,secondary,no,102,yes,no,cellular,14,aug,272
57,technician,divorced,primary,no,13,yes,no,cellular,8,may,323
55,management,married,tertiary,no,0,yes,no,unknown,14,may,159
45,admin.,married,secondary,no,638,yes,no,cellular,20,aug,75
32,blue-collar,married,secondary,no,101,yes,no,unknown,19,may,191
49,self-employed,married,secondary,no,1103,no,no,cellular,12,aug,428
29,services,married,secondary,no,3748,no,no,cellular,28,may,322
55,technician,married,secondary,no,955,yes,no,cellular,29,jan,104
38,admin.,divorced,tertiary,no,86,yes,no,unknown,6,may,218
35,management,single,secondary,no,81,yes,no,cellular,29,jan,79
36,admin.,married,secondary,no,-423,yes,yes,unknown,13,may,106
30,blue-collar,single,primary,no,395,no,no,cellular,21,nov,429
31,technician,single,secondary,no,433,no,no,cellular,11,aug,1504
26,admin.,single,secondary,no,609,no,no,telephone,28,jan,112
34,technician,single,secondary,no,1076,no,no,cellular,8,aug,70
33,unknown,married,secondary,no,2727,no,no,cellular,6,aug,205
51,housemaid,married,primary,no,492,yes,no,unknown,20,may,142
39,services,married,secondary,no,124,yes,no,cellular,31,jul,81
33,admin.,married,tertiary,no,69,no,yes,cellular,4,may,77
38,management,married,tertiary,no,0,yes,no,cellular,13,may,537
55,blue-collar,married,primary,no,4103,no,no,cellular,19,nov,291
38,technician,single,tertiary,no,744,yes,no,cellular,14,may,283
56,unemployed,divorced,primary,no,802,no,no,telephone,3,feb,258
31,admin.,single,secondary,no,757,no,no,cellular,3,feb,343
44,admin.,divorced,secondary,no,432,no,no,cellular,9,feb,132
57,management,married,tertiary,no,1172,no,no,unknown,18,jun,26
29,blue-collar,single,secondary,no,9,yes,no,cellular,11,may,262
31,services,married,secondary,no,428,yes,no,unknown,21,may,272
35,technician,single,tertiary,no,7546,yes,no,cellular,28,dec,137
31,blue-collar,married,primary,no,620,no,no,cellular,30,mar,95
35,self-employed,married,tertiary,no,8647,no,no,cellular,19,nov,140
40,management,single,secondary,no,192,yes,no,unknown,16,may,71
39,blue-collar,married,secondary,no,0,yes,no,cellular,7,may,502
43,technician,single,tertiary,no,27733,yes,no,unknown,3,jun,164
44,entrepreneur,married,primary,no,276,yes,yes,unknown,15,may,219
40,technician,married,secondary,no,782,yes,no,unknown,14,may,224
33,entrepreneur,married,primary,no,82,yes,no,cellular,18,nov,63
46,management,married,tertiary,no,1008,no,no,cellular,29,aug,24
27,unknown,single,tertiary,no,6421,no,no,telephone,28,jan,147
54,housemaid,married,unknown,no,0,no,no,cellular,14,apr,94
41,technician,married,secondary,no,351,yes,no,cellular,9,jul,175
34,technician,married,tertiary,no,5060,yes,no,cellular,21,aug,12
39,technician,single,tertiary,no,-41,no,yes,cellular,25,aug,40
27,services,single,secondary,no,-124,no,no,cellular,18,jul,217
31,blue-collar,married,secondary,no,79,yes,yes,cellular,23,jul,235
56,retired,married,primary,no,-1,no,no,cellular,27,aug,89
42,management,married,tertiary,no,603,yes,no,cellular,5,nov,298
39,blue-collar,married,primary,no,20,yes,no,unknown,7,may,109
50,management,married,tertiary,no,-94,no,yes,unknown,25,jun,75
38,technician,married,secondary,no,994,no,no,unknown,9,jun,119
33,management,single,tertiary,no,201,yes,no,cellular,19,nov,171
56,retired,married,secondary,no,-113,yes,yes,cellular,12,aug,614
45,blue-collar,married,primary,no,2128,yes,no,unknown,19,may,149
36,management,single,tertiary,no,-679,yes,yes,cellular,7,may,172
40,management,married,tertiary,no,-7,no,yes,telephone,25,jul,697
37,technician,single,secondary,yes,375,no,no,unknown,9,jun,223
45,technician,married,secondary,no,1415,yes,no,cellular,17,nov,483
34,unemployed,single,secondary,no,0,no,no,cellular,17,nov,63
27,admin.,single,secondary,no,3638,no,no,cellular,11,jul,271
33,technician,married,tertiary,no,8023,no,no,cellular,25,feb,196
31,blue-collar,single,tertiary,no,2197,yes,no,unknown,23,may,146
46,housemaid,married,primary,no,19,yes,no,telephone,21,jul,171
29,self-employed,married,tertiary,no,242,yes,no,cellular,18,jul,73
53,unknown,married,unknown,no,13,no,no,telephone,28,jan,69
32,technician,married,secondary,no,286,no,no,cellular,20,apr,60
32,blue-collar,divorced,secondary,no,0,yes,no,unknown,2,jun,746
35,management,married,tertiary,no,93,no,no,cellular,4,may,198
30,technician,married,tertiary,no,101,yes,yes,cellular,7,jul,187
39,entrepreneur,married,primary,no,238,yes,yes,cellular,19,nov,134
34,technician,single,secondary,no,2178,yes,no,cellular,26,may,41
31,student,single,tertiary,no,64,no,no,cellular,15,sep,208
35,blue-collar,single,unknown,no,871,yes,no,unknown,6,jun,216
76,retired,divorced,primary,no,86,no,no,cellular,12,aug,192
42,blue-collar,married,secondary,no,179,yes,no,cellular,17,nov,96
31,blue-collar,single,secondary,no,16,no,no,cellular,7,jul,387
29,management,single,secondary,no,417,no,no,cellular,7,oct,90
38,services,married,secondary,no,-762,yes,yes,unknown,30,may,408
46,blue-collar,married,primary,no,2749,yes,no,cellular,17,nov,332
32,blue-collar,single,secondary,no,1721,yes,no,unknown,21,may,650
37,services,married,secondary,no,4760,yes,no,cellular,8,may,182
32,technician,single,secondary,no,2979,no,no,cellular,25,may,156
43,management,married,tertiary,no,690,yes,no,cellular,6,aug,171
50,blue-collar,divorced,secondary,no,203,yes,no,telephone,19,nov,265
34,blue-collar,married,secondary,no,322,yes,no,cellular,20,apr,10
36,technician,married,tertiary,no,0,no,no,cellular,22,aug,147
43,self-employed,married,secondary,no,634,yes,no,cellular,17,nov,65
49,entrepreneur,married,secondary,no,273,no,no,cellular,23,jul,58
29,management,single,tertiary,no,3357,no,no,cellular,21,jul,120
35,management,married,tertiary,no,1100,no,yes,cellular,29,jan,127
56,admin.,married,secondary,no,0,yes,no,telephone,19,nov,154
53,blue-collar,married,secondary,no,0,no,no,telephone,31,jul,36
54,entrepreneur,married,tertiary,no,1544,no,yes,cellular,5,feb,85
32,services,single,unknown,no,6145,yes,no,cellular,14,may,362
41,self-employed,married,secondary,no,28,yes,no,cellular,11,may,49
38,management,married,tertiary,no,12877,no,no,unknown,17,jun,118
39,blue-collar,married,secondary,no,293,yes,no,unknown,23,may,160
26,services,single,secondary,no,5533,yes,no,cellular,7,may,582
34,blue-collar,married,secondary,no,3990,yes,no,cellular,24,jul,633
36,services,married,secondary,no,1328,yes,no,unknown,6,jun,82
33,management,single,tertiary,no,23,no,no,cellular,20,aug,216
28,student,single,secondary,no,0,yes,no,unknown,15,may,133
49,management,married,tertiary,no,92,yes,no,unknown,6,may,221
31,admin.,single,secondary,no,144,yes,no,unknown,4,jul,43
52,management,married,tertiary,no,1339,yes,no,cellular,22,aug,343
54,services,married,unknown,no,386,no,yes,cellular,19,nov,74
43,blue-collar,married,primary,no,7727,yes,no,unknown,15,may,302
55,entrepreneur,married,secondary,no,204,no,no,cellular,14,jul,455
40,self-employed,married,tertiary,no,642,no,no,cellular,18,nov,147
45,unemployed,divorced,secondary,no,728,yes,yes,cellular,18,nov,107
45,entrepreneur,married,primary,no,2418,yes,no,unknown,14,may,120
51,housemaid,married,secondary,no,260,no,no,cellular,27,aug,316
52,admin.,married,secondary,no,395,yes,no,unknown,15,may,391
37,management,single,tertiary,no,9,no,no,cellular,26,aug,484
69,retired,married,primary,no,279,no,no,telephone,12,aug,26
36,blue-collar,married,primary,no,49,yes,no,cellular,15,may,232
37,blue-collar,married,secondary,no,2023,yes,no,cellular,10,jul,214
50,blue-collar,married,secondary,no,372,yes,no,telephone,11,may,21
34,blue-collar,single,primary,no,464,yes,no,cellular,18,may,173
48,management,married,secondary,no,117,yes,no,cellular,16,apr,635
25,entrepreneur,single,tertiary,no,16874,yes,yes,cellular,15,may,117
57,unemployed,married,secondary,no,0,no,no,unknown,19,jun,97
37,management,married,tertiary,no,539,no,no,cellular,18,jan,540
38,blue-collar,married,primary,no,0,yes,no,unknown,3,jun,179
29,technician,single,tertiary,no,406,yes,no,cellular,17,jul,119
46,blue-collar,married,primary,no,2558,yes,no,telephone,20,nov,107
26,blue-collar,married,secondary,no,484,yes,no,unknown,19,may,48
30,services,single,tertiary,no,3516,yes,no,unknown,29,may,447
49,blue-collar,married,primary,no,371,yes,no,cellular,31,jul,18
42,management,single,tertiary,no,100,no,no,cellular,7,aug,64
31,admin.,single,secondary,no,1306,yes,no,unknown,28,may,217
32,management,married,secondary,no,3935,yes,no,unknown,29,may,129
26,blue-collar,married,secondary,no,245,yes,no,unknown,26,may,16
57,retired,married,tertiary,no,1180,yes,yes,unknown,14,may,191
70,retired,married,secondary,no,2815,no,no,cellular,26,apr,125
29,self-employed,single,secondary,no,3672,yes,yes,unknown,28,may,1210
50,services,married,secondary,no,1572,yes,no,cellular,9,jul,185
60,unemployed,divorced,secondary,no,385,yes,no,cellular,4,feb,80
32,technician,single,secondary,no,29,no,no,cellular,19,aug,156
42,services,married,secondary,no,-246,yes,no,unknown,7,may,149
34,self-employed,single,tertiary,no,876,yes,no,cellular,17,nov,145
48,services,single,primary,no,1499,yes,no,cellular,12,may,17
25,student,married,tertiary,no,0,yes,no,cellular,9,jul,160
36,technician,married,secondary,no,2394,no,no,cellular,14,aug,184
32,blue-collar,married,primary,no,329,yes,no,cellular,3,feb,321
47,admin.,divorced,secondary,no,162,yes,no,unknown,9,may,203
32,technician,married,unknown,no,14533,no,no,cellular,31,dec,646
53,services,married,secondary,no,-2,yes,yes,cellular,16,apr,144
41,blue-collar,single,unknown,no,4684,no,no,unknown,20,jun,30
47,management,divorced,tertiary,no,1149,no,yes,cellular,15,jul,82
52,blue-collar,married,primary,no,1331,yes,no,cellular,29,jul,213
28,unemployed,single,secondary,no,304,no,no,cellular,14,jun,516
49,blue-collar,married,primary,no,1019,yes,no,cellular,16,apr,285
29,management,divorced,tertiary,no,415,yes,yes,unknown,28,may,449
58,self-employed,married,primary,no,671,yes,no,unknown,17,jun,16
47,admin.,divorced,secondary,no,1139,yes,no,cellular,11,jul,106
34,management,married,tertiary,no,417,yes,no,cellular,18,nov,138
33,blue-collar,single,secondary,no,142,yes,no,cellular,14,may,123
43,management,married,tertiary,no,1188,no,no,cellular,27,may,140
31,blue-collar,married,secondary,no,-617,yes,no,unknown,2,jun,115
33,blue-collar,married,secondary,no,249,yes,no,cellular,31,jul,61
37,blue-collar,married,primary,no,689,yes,no,cellular,14,jul,367
55,self-employed,married,secondary,no,203,yes,no,telephone,14,may,9
45,blue-collar,single,primary,yes,-183,no,yes,cellular,15,jul,395
39,blue-collar,single,primary,no,6,yes,no,cellular,19,nov,286
58,technician,married,secondary,no,116,no,no,unknown,16,jun,580
36,services,married,secondary,no,1746,yes,no,cellular,7,apr,15
55,technician,married,secondary,no,0,yes,no,unknown,30,may,119
31,blue-collar,married,secondary,no,897,yes,no,unknown,20,may,26
38,technician,married,secondary,no,821,yes,yes,cellular,17,nov,224
48,technician,married,secondary,no,178,yes,no,unknown,17,jun,320
41,management,married,tertiary,no,771,yes,no,cellular,26,aug,106
38,services,married,secondary,no,0,yes,no,telephone,28,jul,121
41,technician,married,secondary,no,55,yes,no,cellular,6,aug,185
59,blue-collar,married,primary,no,699,no,no,cellular,28,jan,98
42,unemployed,divorced,secondary,no,759,no,no,cellular,28,jan,97
32,management,single,tertiary,no,28,no,no,cellular,8,aug,111
53,retired,married,secondary,no,4968,no,no,cellular,6,may,109
32,entrepreneur,married,primary,no,795,no,no,cellular,8,aug,131
27,entrepreneur,single,secondary,no,376,yes,yes,cellular,5,may,273
39,management,married,tertiary,no,12,yes,no,unknown,23,may,130
42,blue-collar,single,primary,no,92,no,no,cellular,30,jul,86
33,admin.,married,secondary,no,353,yes,no,cellular,19,nov,107
29,services,divorced,secondary,no,330,yes,no,unknown,12,may,88
33,management,divorced,tertiary,no,0,no,no,cellular,13,aug,305
41,entrepreneur,married,secondary,no,353,no,no,cellular,19,nov,90
38,technician,single,tertiary,no,2273,yes,no,cellular,17,apr,222
30,management,married,tertiary,no,0,yes,no,cellular,9,jul,127
58,unemployed,married,tertiary,no,744,no,no,telephone,28,jan,38
25,admin.,single,tertiary,no,1420,no,no,cellular,8,apr,124
36,student,single,unknown,no,386,no,no,unknown,18,jun,359
40,self-employed,married,primary,no,92,yes,no,unknown,13,may,92
36,blue-collar,single,tertiary,no,1830,no,no,cellular,14,oct,183
36,blue-collar,married,unknown,no,70,yes,no,unknown,8,may,219
32,technician,single,secondary,no,493,no,no,cellular,13,aug,289
32,management,married,tertiary,no,71,yes,no,cellular,21,jul,221
38,admin.,married,tertiary,no,669,yes,yes,cellular,31,jul,129
47,blue-collar,married,primary,no,556,yes,no,cellular,4,feb,147
34,services,single,secondary,no,84,yes,no,unknown,23,may,299
53,technician,married,tertiary,no,431,yes,no,unknown,11,jun,74
45,admin.,single,secondary,no,-11,yes,no,cellular,5,may,247
57,admin.,married,secondary,no,-967,yes,no,telephone,15,may,8
28,admin.,married,secondary,no,12,yes,no,cellular,30,jan,73
51,blue-collar,married,secondary,no,2237,yes,no,unknown,29,may,619
32,management,married,tertiary,no,4761,yes,no,cellular,5,may,159
30,technician,single,tertiary,no,699,yes,no,cellular,11,aug,213
38,blue-collar,married,primary,no,1679,yes,no,unknown,20,jun,21
66,management,married,tertiary,no,1048,yes,no,cellular,23,jun,971
31,services,single,secondary,no,0,yes,no,unknown,28,may,231
42,entrepreneur,married,tertiary,no,157,yes,yes,unknown,7,may,650
36,admin.,single,secondary,no,1281,no,no,telephone,24,jul,119
32,technician,single,tertiary,no,569,no,yes,cellular,29,jan,348
40,technician,married,secondary,no,990,yes,no,cellular,6,feb,252
40,admin.,married,secondary,no,168,yes,no,cellular,7,may,249
33,self-employed,married,tertiary,no,263,no,no,cellular,4,may,119
39,blue-collar,married,secondary,no,-405,yes,no,cellular,8,may,177
38,self-employed,married,secondary,no,279,yes,no,unknown,28,may,110
37,admin.,married,secondary,no,-107,yes,no,unknown,28,may,158
34,unemployed,single,tertiary,no,415,no,no,cellular,12,aug,123
55,management,married,tertiary,no,2366,yes,yes,cellular,30,jul,94
42,blue-collar,single,primary,no,1322,yes,yes,cellular,8,jul,178
31,services,married,secondary,no,1062,yes,yes,cellular,6,apr,230
33,services,married,primary,no,0,yes,no,cellular,18,jul,351
44,technician,divorced,secondary,no,809,yes,no,unknown,15,may,118
38,housemaid,married,secondary,no,-278,yes,no,cellular,28,jul,143
59,unknown,married,unknown,no,3940,no,no,unknown,5,jun,48
30,technician,single,tertiary,no,1185,yes,no,cellular,30,apr,284
34,management,married,tertiary,no,4831,yes,no,cellular,4,feb,265
34,technician,divorced,secondary,no,0,yes,yes,cellular,18,aug,374
58,unemployed,married,tertiary,no,1798,yes,no,cellular,5,feb,19
36,management,single,tertiary,no,260,yes,no,cellular,7,may,49
34,management,single,tertiary,no,2679,yes,no,cellular,7,may,195
49,technician,married,unknown,no,323,yes,no,cellular,18,nov,41
54,management,married,tertiary,no,2960,yes,no,cellular,20,nov,83
29,unemployed,single,secondary,no,486,no,no,telephone,30,apr,95
51,retired,divorced,secondary,no,343,yes,no,unknown,30,may,78
39,admin.,divorced,secondary,no,1022,yes,no,unknown,20,jun,20
30,self-employed,married,secondary,no,123,no,yes,unknown,17,jul,66
38,management,married,tertiary,no,76,yes,no,cellular,7,jul,196
30,technician,single,secondary,no,4787,yes,no,cellular,18,nov,266
53,blue-collar,married,primary,no,238,yes,no,cellular,11,may,238
36,services,single,secondary,no,174,yes,no,unknown,7,may,223
56,blue-collar,married,secondary,no,2190,no,yes,cellular,30,jan,90
57,technician,married,primary,no,0,no,no,unknown,5,jun,58
38,admin.,married,secondary,no,3732,yes,no,unknown,21,may,379
47,technician,married,unknown,no,2106,yes,no,unknown,6,may,168
35,admin.,single,tertiary,no,62,no,yes,cellular,30,apr,67
37,blue-collar,married,primary,no,704,no,no,unknown,18,jun,165
39,technician,single,unknown,no,75,no,no,unknown,6,jun,26
32,admin.,married,secondary,no,3540,yes,no,cellular,18,may,213
56,management,married,secondary,no,238,yes,no,cellular,19,nov,808
45,blue-collar,married,primary,no,97,yes,no,unknown,7,may,923
38,technician,divorced,secondary,no,410,no,no,cellular,11,aug,63
20,student,single,secondary,no,1191,no,no,cellular,12,feb,274
59,retired,married,primary,no,-47,yes,no,cellular,27,aug,84
36,blue-collar,married,unknown,no,6,no,no,unknown,20,jun,41
49,management,married,secondary,no,321,no,no,unknown,9,jun,135
58,retired,married,secondary,no,235,no,no,cellular,27,aug,88
34,blue-collar,married,secondary,no,250,yes,no,unknown,29,may,193
44,management,divorced,tertiary,no,0,no,no,cellular,22,aug,54
47,services,married,secondary,no,2322,no,no,cellular,22,aug,618
35,blue-collar,married,secondary,no,407,yes,no,cellular,20,apr,12
59,housemaid,married,secondary,no,345,no,no,unknown,9,jun,38
44,management,divorced,tertiary,no,2058,no,yes,cellular,21,nov,661
35,admin.,married,tertiary,no,0,yes,no,cellular,28,jul,151
41,management,married,tertiary,no,51,no,no,cellular,25,aug,140
55,retired,married,primary,no,150,no,no,cellular,8,jul,124
42,technician,married,secondary,no,613,yes,no,cellular,11,may,432
48,blue-collar,single,tertiary,no,2330,yes,no,unknown,4,jun,15
57,blue-collar,married,primary,no,282,no,yes,cellular,7,jul,261
51,management,single,tertiary,no,2139,no,no,cellular,17,nov,176
38,management,married,tertiary,no,-469,yes,no,unknown,16,jun,209
40,technician,single,tertiary,no,825,yes,no,cellular,20,apr,38
47,housemaid,single,tertiary,no,3232,no,no,telephone,6,oct,541
49,services,married,secondary,no,2201,yes,no,unknown,15,may,233
47,services,married,tertiary,no,871,no,no,cellular,22,aug,602
31,blue-collar,married,unknown,no,-120,yes,no,cellular,3,feb,100
32,management,married,tertiary,no,-55,yes,no,cellular,26,aug,107
42,admin.,single,secondary,no,243,yes,no,unknown,14,may,46
34,admin.,married,secondary,no,645,yes,no,unknown,19,may,420
26,admin.,single,tertiary,no,3672,yes,no,unknown,29,may,360
35,technician,married,secondary,no,251,yes,yes,unknown,1,jul,128
35,self-employed,single,tertiary,no,44,no,no,cellular,7,sep,310
29,admin.,single,secondary,no,1992,no,no,cellular,8,jul,202
32,blue-collar,single,secondary,no,2,no,no,unknown,9,may,144
45,technician,married,secondary,no,1415,yes,no,cellular,24,jul,311
38,blue-collar,married,secondary,no,1205,yes,no,cellular,20,apr,45
51,technician,married,secondary,no,143,yes,no,unknown,16,may,627
31,services,married,secondary,no,500,yes,no,unknown,6,jun,19
37,management,married,tertiary,no,347,yes,no,cellular,22,jul,282
35,management,married,tertiary,no,1253,yes,no,unknown,19,may,210
37,unemployed,married,unknown,no,4565,no,no,cellular,4,sep,369
28,management,single,tertiary,no,781,no,no,cellular,9,apr,125
38,management,married,tertiary,no,7124,no,no,unknown,16,jun,301
43,management,married,secondary,no,17555,no,no,cellular,26,aug,14
45,technician,married,unknown,no,473,yes,no,unknown,27,may,147
42,management,married,secondary,no,1331,no,no,cellular,23,jul,698
32,technician,single,tertiary,no,13711,yes,no,cellular,14,may,638
58,management,divorced,tertiary,no,1533,no,no,unknown,15,may,137
47,management,married,tertiary,no,286,no,no,cellular,22,aug,557
31,blue-collar,single,secondary,no,-219,yes,no,unknown,30,may,66
38,management,married,tertiary,no,0,yes,no,unknown,20,may,206
50,blue-collar,married,secondary,no,810,yes,no,unknown,14,may,19
32,blue-collar,married,secondary,no,300,no,no,cellular,6,feb,166
37,blue-collar,married,secondary,no,954,yes,no,unknown,2,jun,402
39,management,married,tertiary,no,0,yes,no,unknown,2,jun,46
40,services,married,secondary,no,113,yes,no,unknown,4,jun,126
33,technician,divorced,secondary,no,0,no,no,cellular,21,aug,224
45,technician,married,secondary,no,1477,yes,no,cellular,8,jul,355
31,admin.,married,secondary,no,0,yes,no,unknown,14,may,40
39,management,divorced,tertiary,no,355,yes,no,cellular,25,aug,313
39,admin.,divorced,secondary,no,399,yes,yes,cellular,14,aug,133
46,self-employed,married,secondary,no,390,yes,no,cellular,31,jul,208
40,blue-collar,married,primary,no,3658,yes,no,unknown,14,may,977
38,admin.,married,primary,no,0,yes,no,unknown,2,jun,29
31,technician,single,secondary,no,125,no,no,cellular,22,aug,78
38,technician,married,tertiary,no,45,no,no,cellular,22,jul,125
76,retired,married,primary,no,2590,no,no,telephone,9,feb,68
55,blue-collar,married,secondary,no,1011,yes,no,cellular,12,aug,112
45,admin.,married,secondary,no,644,no,yes,telephone,22,jul,92
30,services,single,secondary,no,432,yes,no,unknown,20,may,340
31,services,single,secondary,no,1987,yes,no,telephone,20,nov,55
41,management,married,tertiary,no,72,yes,no,unknown,7,may,764
70,retired,married,tertiary,no,15834,no,no,cellular,5,apr,172
45,management,married,tertiary,no,3370,no,no,unknown,12,jun,36
30,blue-collar,married,primary,no,-518,yes,yes,unknown,28,may,244
57,admin.,married,secondary,no,808,no,no,cellular,14,jul,417
33,management,divorced,tertiary,no,0,yes,yes,cellular,19,aug,275
28,blue-collar,married,secondary,no,373,yes,no,cellular,14,may,10
44,admin.,single,secondary,no,-101,yes,no,cellular,10,jul,99
36,services,married,secondary,no,472,yes,no,unknown,19,jun,1017
46,management,married,tertiary,no,1375,yes,no,cellular,17,nov,308
34,management,married,tertiary,no,180,no,no,cellular,16,jun,298
58,technician,married,secondary,no,175,no,no,cellular,12,aug,92
29,technician,single,tertiary,no,0,yes,no,unknown,7,may,104
50,self-employed,married,secondary,no,36,no,no,cellular,13,aug,104
48,technician,married,secondary,no,340,yes,no,cellular,28,jan,255
49,technician,married,primary,no,230,yes,no,unknown,8,may,96
46,admin.,married,secondary,no,4958,yes,no,cellular,17,nov,64
51,housemaid,married,unknown,no,21244,no,yes,cellular,4,aug,166
35,technician,divorced,secondary,no,473,yes,yes,unknown,26,may,434
30,self-employed,single,secondary,no,192,no,no,cellular,22,jul,423
60,entrepreneur,married,primary,no,0,no,no,telephone,23,jul,40
40,technician,married,secondary,no,1819,no,no,cellular,5,jun,398
29,management,single,tertiary,no,21,yes,no,cellular,14,may,107
47,services,married,secondary,no,51,yes,yes,unknown,16,may,312
32,technician,married,secondary,no,253,yes,no,unknown,4,jun,257
36,services,single,secondary,no,774,yes,no,cellular,3,feb,231
39,management,single,secondary,no,835,yes,no,unknown,29,may,587
40,services,divorced,secondary,no,-81,no,yes,cellular,23,jul,186
37,blue-collar,married,primary,no,0,yes,no,cellular,6,may,226
37,entrepreneur,single,secondary,no,20453,yes,no,telephone,4,may,115
48,management,married,tertiary,no,1175,yes,no,telephone,18,nov,1476
31,blue-collar,single,primary,no,2488,yes,no,cellular,20,apr,14
35,management,married,secondary,no,839,yes,no,unknown,23,may,50
32,blue-collar,married,primary,no,103,no,no,cellular,23,jul,312
39,admin.,married,tertiary,no,722,no,no,telephone,23,apr,141
41,technician,single,secondary,no,1680,yes,no,unknown,2,jun,76
59,retired,divorced,primary,no,7179,no,no,cellular,5,feb,150
39,services,married,secondary,no,247,yes,no,cellular,17,apr,244
27,services,single,secondary,no,261,yes,yes,cellular,18,may,113
33,technician,single,secondary,no,291,no,no,cellular,25,aug,72
30,blue-collar,single,secondary,no,1073,yes,no,cellular,5,may,1130
59,retired,married,secondary,no,5706,yes,no,cellular,25,jul,471
54,management,divorced,tertiary,no,1295,yes,no,cellular,21,jul,179
33,blue-collar,married,primary,no,324,yes,no,cellular,13,may,217
50,technician,married,secondary,no,669,yes,no,unknown,2,jun,88
39,blue-collar,single,secondary,no,4143,yes,yes,unknown,2,jun,21
41,technician,single,secondary,no,618,no,no,cellular,5,feb,1056
48,management,divorced,tertiary,no,541,yes,no,cellular,14,may,72
29,services,married,secondary,no,182,yes,no,telephone,13,may,38
34,blue-collar,married,secondary,no,622,yes,no,unknown,21,may,145
30,unemployed,married,secondary,no,142,yes,no,unknown,20,may,350
32,services,married,secondary,no,4885,yes,yes,cellular,18,nov,400
28,services,single,secondary,no,290,yes,no,cellular,18,may,128
32,admin.,single,secondary,no,45,yes,yes,cellular,14,may,908
32,admin.,married,secondary,no,923,yes,no,cellular,17,apr,819
38,management,married,tertiary,no,950,no,no,cellular,5,aug,210
43,unemployed,divorced,secondary,no,1577,yes,no,cellular,19,nov,87
47,technician,married,secondary,no,65,no,no,cellular,28,aug,118
42,management,married,primary,no,-679,yes,yes,cellular,6,may,159
44,management,married,tertiary,no,773,no,yes,cellular,9,jul,618
25,student,single,unknown,no,10788,no,no,cellular,23,dec,102
42,blue-collar,married,primary,no,969,yes,no,cellular,13,may,721
59,management,married,tertiary,no,0,no,no,cellular,27,aug,87
42,blue-collar,married,unknown,no,-406,yes,no,cellular,30,jul,152
30,blue-collar,single,secondary,no,180,no,no,cellular,14,jul,203
65,retired,married,primary,no,493,no,no,cellular,16,oct,622
34,technician,single,secondary,no,1386,yes,yes,unknown,28,may,185
34,services,married,secondary,no,2211,no,no,unknown,8,may,149
40,management,married,tertiary,no,-495,no,yes,cellular,29,jul,303
36,management,married,tertiary,no,27359,yes,no,unknown,3,jun,71
34,technician,single,secondary,no,440,yes,no,cellular,6,may,445
32,blue-collar,single,secondary,no,135,yes,no,cellular,18,may,232
39,technician,married,secondary,no,-735,yes,no,cellular,30,jan,144
36,technician,married,tertiary,no,60,no,no,cellular,19,aug,209
33,management,married,unknown,no,18347,yes,no,unknown,23,may,415
31,blue-collar,single,secondary,no,1882,no,no,cellular,7,may,529
31,blue-collar,single,tertiary,no,462,yes,yes,unknown,19,may,147
26,management,single,tertiary,no,1274,yes,no,cellular,1,jun,190
27,services,married,secondary,no,100,no,no,cellular,16,jul,57
35,technician,divorced,secondary,no,69,yes,no,unknown,8,may,461
53,technician,married,unknown,no,619,no,no,unknown,17,jun,198
35,admin.,married,secondary,no,725,yes,no,cellular,20,nov,219
34,services,married,secondary,no,0,yes,no,cellular,14,jul,78
33,blue-collar,single,secondary,no,5739,yes,yes,cellular,21,nov,374
53,self-employed,married,tertiary,no,451,yes,no,cellular,2,feb,125
29,services,single,unknown,no,33,no,no,unknown,1,jul,161
53,technician,married,tertiary,no,3177,no,no,cellular,8,aug,92
34,technician,single,secondary,no,318,no,yes,cellular,25,jul,239
45,services,married,secondary,no,0,no,yes,cellular,8,jul,47
45,blue-collar,divorced,primary,no,942,no,no,cellular,21,nov,362
59,management,divorced,tertiary,no,7813,yes,no,cellular,21,nov,75
58,retired,married,secondary,no,3382,no,yes,cellular,28,may,294
31,management,married,tertiary,no,459,no,no,cellular,28,aug,13
55,housemaid,married,secondary,no,139,no,no,cellular,22,aug,256
26,blue-collar,married,secondary,no,115,yes,no,unknown,4,jul,46
54,blue-collar,married,secondary,no,0,no,no,telephone,16,apr,1366
41,blue-collar,married,primary,no,1172,yes,no,unknown,15,may,153
43,blue-collar,married,secondary,no,-179,yes,no,cellular,30,jul,335
42,blue-collar,married,primary,no,1156,yes,no,telephone,20,apr,37
40,entrepreneur,married,tertiary,no,1729,yes,no,cellular,12,may,85
43,technician,married,secondary,no,434,yes,no,unknown,5,may,117
28,student,single,secondary,no,28,no,no,cellular,29,jan,220
66,retired,married,secondary,no,4785,no,no,cellular,13,aug,72
59,management,married,tertiary,no,1585,no,no,telephone,28,aug,91
33,services,married,secondary,no,0,yes,no,telephone,22,jul,44
47,blue-collar,married,secondary,no,5306,yes,no,unknown,15,may,322
46,unemployed,single,tertiary,no,705,no,no,cellular,4,feb,398
48,admin.,married,secondary,no,5,yes,no,unknown,7,may,697
45,blue-collar,married,secondary,no,4365,no,yes,cellular,9,feb,45
32,management,married,secondary,no,350,yes,no,unknown,28,may,110
49,blue-collar,married,primary,no,474,yes,yes,telephone,9,feb,152
46,entrepreneur,married,secondary,no,757,no,no,unknown,16,jun,382
37,management,single,tertiary,no,695,no,no,cellular,28,jan,233
60,retired,divorced,tertiary,no,2131,no,no,cellular,10,jul,421
49,blue-collar,married,primary,no,937,yes,no,unknown,12,jun,66
34,technician,married,tertiary,no,1611,yes,no,cellular,11,may,490
39,self-employed,married,secondary,no,266,no,no,cellular,11,may,102
36,management,married,tertiary,no,1318,yes,no,cellular,7,aug,100
40,admin.,divorced,secondary,no,212,no,no,unknown,7,jan,176
48,blue-collar,married,secondary,no,333,yes,no,cellular,14,may,24
33,blue-collar,single,secondary,no,4404,yes,no,cellular,20,nov,766
55,services,divorced,tertiary,no,1983,yes,no,telephone,19,nov,123
27,technician,single,tertiary,no,3083,yes,no,unknown,29,may,244
48,management,married,tertiary,no,5057,no,yes,cellular,19,nov,37
42,unemployed,married,secondary,no,8131,yes,no,unknown,30,may,69
46,entrepreneur,single,tertiary,no,1410,yes,no,cellular,19,nov,93
36,admin.,single,tertiary,no,980,no,no,cellular,11,nov,118
46,blue-collar,married,secondary,no,781,no,no,unknown,13,may,152
43,entrepreneur,married,tertiary,no,210,no,no,cellular,29,jul,646
55,management,married,tertiary,no,236,no,no,cellular,4,aug,200
43,blue-collar,married,primary,no,188,yes,no,cellular,12,may,58
43,management,single,secondary,yes,-1164,yes,yes,cellular,18,jul,76
44,blue-collar,married,secondary,no,2523,yes,no,unknown,29,may,1236
40,blue-collar,married,primary,no,98,yes,no,unknown,2,jun,193
49,technician,married,secondary,yes,-74,yes,no,cellular,19,nov,114
49,management,married,tertiary,no,852,yes,no,cellular,20,nov,408
33,blue-collar,married,primary,no,50,yes,no,cellular,7,may,246
47,technician,married,primary,no,187,yes,no,unknown,9,may,165
58,management,married,primary,no,320,yes,no,unknown,30,may,171
24,blue-collar,married,secondary,no,0,no,no,unknown,28,may,94
52,management,married,tertiary,no,0,yes,no,cellular,9,jul,197
35,management,married,tertiary,no,175,yes,no,cellular,7,aug,257
40,services,married,secondary,no,1325,no,no,unknown,11,jun,150
51,technician,divorced,secondary,no,2323,yes,yes,cellular,18,aug,151
42,technician,married,secondary,no,-1310,yes,yes,unknown,28,may,162
59,blue-collar,married,unknown,no,139,no,no,unknown,5,jun,153
50,admin.,divorced,secondary,no,1111,yes,no,cellular,17,apr,50
42,entrepreneur,married,primary,no,149,no,no,cellular,20,aug,94
30,services,single,secondary,no,20,yes,no,cellular,20,apr,404
54,blue-collar,married,unknown,no,310,yes,no,telephone,28,jan,526
50,management,married,tertiary,no,112,yes,no,cellular,4,nov,70
30,technician,single,tertiary,no,2325,no,no,cellular,5,apr,270
51,self-employed,married,tertiary,no,833,no,no,cellular,31,jul,77
61,blue-collar,married,primary,no,625,yes,no,unknown,19,may,158
34,technician,single,secondary,no,105,yes,no,cellular,7,may,146
41,management,married,tertiary,no,4824,no,yes,cellular,18,jul,168
29,student,single,unknown,no,145,no,no,cellular,14,aug,105
55,unemployed,married,tertiary,no,4809,yes,no,cellular,21,nov,223
47,technician,married,primary,no,145,yes,no,unknown,7,may,157
31,admin.,divorced,secondary,no,360,no,no,cellular,15,may,332
33,blue-collar,married,primary,no,925,no,no,cellular,20,nov,884
31,admin.,single,secondary,no,-449,yes,no,unknown,28,may,81
43,admin.,married,secondary,no,0,yes,no,cellular,17,jul,674
40,management,married,unknown,no,419,yes,no,cellular,10,jul,347
38,admin.,single,secondary,no,-23,no,no,cellular,20,nov,48
58,management,divorced,tertiary,no,1573,yes,yes,cellular,17,nov,279
24,blue-collar,single,secondary,no,77,yes,no,unknown,16,may,236
39,services,single,secondary,no,471,no,no,unknown,15,oct,5
36,blue-collar,married,secondary,no,-73,yes,yes,cellular,18,may,15
28,blue-collar,married,primary,no,60,yes,no,cellular,6,may,161
45,blue-collar,married,primary,no,137,yes,yes,unknown,16,may,187
28,admin.,single,tertiary,no,14,no,no,cellular,1,jun,201
43,management,married,tertiary,no,489,yes,no,cellular,8,may,130
28,blue-collar,single,secondary,no,1065,yes,yes,cellular,17,apr,406
52,entrepreneur,married,secondary,no,0,no,no,cellular,7,aug,82
51,blue-collar,married,primary,no,1869,no,no,unknown,17,jun,30
30,technician,single,secondary,no,4787,yes,no,unknown,4,jun,99
39,technician,married,secondary,yes,-183,yes,no,unknown,14,may,202
28,blue-collar,married,primary,no,702,yes,no,unknown,26,jun,318
31,management,single,tertiary,no,1494,no,no,cellular,13,aug,275
31,blue-collar,married,primary,no,0,yes,yes,unknown,12,may,59
35,services,married,secondary,no,181,yes,no,cellular,31,jul,5
31,blue-collar,single,secondary,no,609,yes,no,cellular,14,apr,1126
44,technician,divorced,unknown,no,759,yes,no,unknown,23,may,397
54,management,divorced,tertiary,no,7010,no,no,cellular,11,mar,275
56,blue-collar,married,primary,no,151,no,no,cellular,3,feb,128
33,blue-collar,married,secondary,no,285,no,yes,unknown,3,jul,267
41,technician,married,tertiary,no,0,no,no,unknown,20,jun,95
33,management,single,tertiary,no,3170,no,no,cellular,28,oct,246
48,admin.,married,secondary,no,8,no,yes,cellular,7,jul,46
42,self-employed,divorced,tertiary,no,216,yes,no,cellular,8,may,144
43,blue-collar,married,primary,no,232,no,yes,cellular,15,may,45
25,admin.,married,secondary,no,894,yes,no,unknown,28,may,328
38,blue-collar,single,primary,no,490,yes,yes,unknown,25,aug,17
45,entrepreneur,married,secondary,no,245,yes,no,unknown,14,may,126
32,blue-collar,married,secondary,no,-32,yes,no,cellular,12,may,145
47,management,married,unknown,no,150,no,no,unknown,9,jun,52
33,management,married,tertiary,no,4,yes,no,cellular,16,jul,285
42,technician,married,secondary,no,473,yes,no,cellular,7,jul,216
51,technician,divorced,tertiary,no,0,no,no,cellular,28,aug,84
45,management,married,tertiary,no,-192,yes,no,cellular,6,may,138
33,blue-collar,single,secondary,no,5137,yes,no,cellular,6,may,123
43,management,married,tertiary,no,13044,no,no,cellular,18,aug,36
34,technician,single,secondary,no,60,no,no,cellular,7,aug,274
73,retired,married,primary,no,154,no,no,cellular,15,oct,103
43,blue-collar,married,secondary,no,625,yes,no,unknown,30,sep,175
52,unemployed,married,primary,no,255,no,yes,cellular,10,jul,374
51,technician,married,tertiary,no,2506,no,no,cellular,30,nov,210
44,entrepreneur,married,secondary,no,6649,yes,no,cellular,19,nov,354
21,services,single,secondary,no,1903,yes,no,unknown,29,may,107
49,blue-collar,married,unknown,no,3096,no,no,unknown,16,jun,147
35,admin.,married,tertiary,no,1145,yes,no,cellular,2,feb,82
43,unemployed,married,secondary,no,3529,no,no,cellular,5,feb,169
35,admin.,single,secondary,no,847,yes,no,cellular,11,may,85
24,technician,single,secondary,no,-46,yes,no,unknown,19,may,23
40,self-employed,married,primary,no,2077,yes,no,cellular,13,may,363
54,management,married,tertiary,no,384,yes,no,cellular,12,may,30
35,management,married,tertiary,no,365,no,no,cellular,21,nov,168
50,management,divorced,tertiary,no,201,yes,no,cellular,24,jul,248
29,services,married,secondary,no,308,yes,no,unknown,28,may,75
43,blue-collar,married,primary,no,-93,yes,no,unknown,26,may,402
31,services,married,secondary,no,-331,yes,no,unknown,23,may,203
29,blue-collar,married,unknown,no,486,yes,no,cellular,6,may,422
39,blue-collar,married,primary,no,694,yes,no,cellular,21,nov,44
36,management,single,tertiary,no,2806,yes,no,unknown,30,may,358
35,entrepreneur,married,tertiary,no,2723,yes,yes,cellular,8,aug,275
56,management,divorced,tertiary,no,2959,yes,no,telephone,18,may,325
53,technician,married,primary,no,6839,yes,no,cellular,19,nov,77
38,management,single,tertiary,no,35,yes,no,cellular,17,apr,156
40,services,divorced,secondary,no,1959,yes,no,unknown,30,may,177
49,blue-collar,single,primary,no,1040,no,no,cellular,8,jul,474
31,blue-collar,married,secondary,no,3653,yes,yes,cellular,21,nov,252
53,technician,married,secondary,no,230,no,yes,cellular,13,aug,112
69,retired,married,tertiary,no,473,no,no,cellular,7,jul,112
58,management,married,tertiary,no,172,no,no,cellular,19,aug,145
36,management,divorced,tertiary,no,649,no,no,cellular,16,jul,237
38,management,divorced,tertiary,no,4335,yes,no,cellular,20,nov,640
34,services,divorced,secondary,no,44,no,no,unknown,9,jun,118
44,blue-collar,married,primary,no,420,yes,no,unknown,7,may,110
46,blue-collar,divorced,primary,no,216,no,no,cellular,2,feb,173
42,admin.,married,secondary,no,214,yes,no,unknown,28,may,21
41,blue-collar,married,secondary,no,343,yes,no,unknown,14,may,89
33,blue-collar,married,secondary,no,-77,yes,no,cellular,28,jul,151
40,admin.,married,secondary,no,1327,yes,yes,unknown,26,may,76
27,student,single,secondary,no,1566,no,no,cellular,30,jan,164
26,management,single,tertiary,no,592,no,no,telephone,29,jan,145
48,blue-collar,married,secondary,no,0,yes,no,unknown,26,may,105
54,services,married,secondary,no,-22,no,yes,cellular,9,jul,85
51,services,married,secondary,no,0,no,no,cellular,18,jul,439
35,self-employed,married,tertiary,no,980,no,no,cellular,2,aug,428
53,technician,married,secondary,no,100,no,no,cellular,13,aug,205
41,admin.,married,secondary,no,4539,no,no,unknown,30,may,298
58,management,married,tertiary,no,9339,yes,no,telephone,18,nov,52
52,management,divorced,tertiary,no,50,yes,no,unknown,12,jun,84
57,retired,married,secondary,yes,32,yes,no,cellular,15,may,476
52,management,married,tertiary,no,6922,no,no,cellular,20,nov,371
43,blue-collar,married,secondary,no,10910,yes,no,cellular,15,may,66
48,technician,married,secondary,no,4265,yes,no,unknown,13,may,220
38,management,single,tertiary,no,5244,no,no,cellular,8,aug,310
39,services,married,secondary,no,1970,yes,no,unknown,8,jun,30
55,management,divorced,tertiary,no,481,yes,no,telephone,8,may,147
51,management,single,tertiary,yes,-55,yes,no,cellular,18,aug,119
47,entrepreneur,married,primary,no,668,no,no,cellular,12,may,908
51,management,married,tertiary,no,-892,yes,yes,cellular,14,aug,248
28,blue-collar,single,secondary,no,2700,no,no,cellular,3,feb,337
27,admin.,single,secondary,no,-145,yes,no,telephone,15,may,289
31,blue-collar,married,secondary,no,-498,yes,no,cellular,21,jul,357
42,technician,married,secondary,no,2,no,no,unknown,29,may,249
46,admin.,married,secondary,no,22,yes,no,cellular,7,aug,414
31,admin.,married,secondary,no,2304,yes,no,cellular,20,nov,257
42,housemaid,married,primary,no,145,no,no,cellular,20,aug,252
33,management,single,primary,no,4897,yes,no,unknown,20,may,151
40,housemaid,married,primary,no,1832,no,no,cellular,6,feb,213
51,blue-collar,married,primary,no,3726,no,yes,cellular,27,aug,119
31,unemployed,married,tertiary,no,591,no,no,cellular,21,nov,161
33,management,married,tertiary,no,296,no,no,cellular,16,jul,90
41,technician,divorced,secondary,no,348,yes,no,cellular,7,may,225
51,management,married,tertiary,no,5108,yes,no,cellular,8,oct,272
52,technician,married,secondary,no,3554,no,yes,cellular,8,jul,89
54,blue-collar,married,primary,no,781,yes,no,unknown,9,may,103
28,self-employed,single,tertiary,no,0,yes,no,cellular,21,jul,479
38,blue-collar,married,primary,no,1327,yes,no,cellular,20,nov,277
31,blue-collar,single,primary,no,864,yes,no,telephone,14,may,113
50,technician,married,tertiary,no,199,yes,yes,cellular,3,feb,116
52,technician,married,tertiary,no,214,no,no,cellular,29,aug,161
40,technician,divorced,tertiary,no,1871,yes,no,cellular,17,nov,64
57,housemaid,married,tertiary,no,3,no,no,cellular,4,aug,142
34,management,married,tertiary,no,0,yes,no,unknown,8,may,214
59,blue-collar,married,primary,no,0,no,no,cellular,18,nov,167
27,technician,single,secondary,no,282,no,yes,cellular,9,jul,676
42,entrepreneur,married,tertiary,no,0,no,no,cellular,9,jul,236
36,blue-collar,married,primary,no,398,yes,no,unknown,12,jun,278
31,services,single,secondary,no,864,yes,no,cellular,6,may,100
29,blue-collar,married,secondary,no,-478,no,yes,cellular,8,jul,528
38,unemployed,married,primary,no,-363,no,no,unknown,12,jun,340
49,services,married,secondary,no,66,yes,yes,cellular,21,nov,59
38,blue-collar,married,secondary,no,648,yes,no,unknown,3,jun,179
32,technician,single,tertiary,no,1059,yes,no,cellular,17,apr,115
30,management,single,tertiary,no,2,no,no,cellular,16,jun,102
31,technician,single,secondary,no,4888,yes,no,telephone,5,may,475
29,services,single,secondary,no,0,no,no,cellular,17,jul,58
43,blue-collar,married,primary,no,255,yes,no,cellular,17,jul,180
36,blue-collar,married,secondary,no,63,yes,no,unknown,2,jun,56
34,self-employed,married,primary,no,712,yes,no,unknown,2,jun,326
29,services,married,secondary,no,57,yes,no,telephone,21,jul,342
38,services,married,secondary,no,8876,no,no,cellular,2,feb,280
35,blue-collar,married,primary,no,422,yes,no,cellular,14,may,73
32,management,single,tertiary,no,0,no,no,cellular,21,nov,9
26,blue-collar,married,secondary,no,128,no,no,unknown,4,jul,355
40,admin.,single,secondary,no,-1,no,no,cellular,7,jul,173
26,blue-collar,single,primary,no,3342,yes,no,unknown,4,jun,329
38,services,married,secondary,no,497,yes,yes,unknown,19,may,88
62,unknown,married,secondary,no,367,no,no,telephone,2,mar,139
47,technician,married,secondary,no,826,yes,no,telephone,18,nov,195
45,blue-collar,married,primary,no,907,no,no,cellular,18,aug,230
27,blue-collar,single,secondary,no,14,no,no,unknown,14,may,72
36,technician,married,tertiary,no,629,yes,yes,cellular,29,dec,109
26,technician,married,secondary,no,18,yes,yes,cellular,5,may,138
31,blue-collar,single,primary,no,-495,yes,no,unknown,29,may,334
55,services,married,unknown,no,1210,yes,no,unknown,30,may,868
35,services,married,secondary,no,819,yes,no,telephone,14,jul,102
56,management,divorced,tertiary,no,442,no,no,unknown,28,may,77
30,self-employed,single,tertiary,no,901,yes,yes,unknown,16,may,601
39,self-employed,married,secondary,no,4722,yes,no,unknown,17,jun,483
60,technician,single,tertiary,no,2934,no,no,cellular,8,aug,233
41,management,divorced,tertiary,no,3355,no,no,cellular,14,oct,181
32,blue-collar,single,secondary,no,33,yes,no,cellular,18,may,125
26,services,single,secondary,no,256,yes,no,cellular,4,may,101
32,management,married,tertiary,no,3107,yes,yes,cellular,25,jul,310
40,services,married,secondary,no,1438,yes,no,cellular,6,may,207
39,blue-collar,married,secondary,no,1367,no,no,unknown,12,jun,43
49,technician,married,secondary,no,2718,no,no,unknown,19,may,114
46,admin.,single,secondary,no,1693,yes,no,cellular,25,jan,137
43,blue-collar,married,primary,no,778,yes,yes,unknown,15,may,284
26,services,single,secondary,no,1700,yes,no,cellular,7,may,13
38,management,single,tertiary,no,0,yes,no,cellular,17,nov,213
49,technician,married,tertiary,no,279,yes,no,unknown,19,may,168
40,services,single,secondary,no,1547,yes,no,cellular,12,may,88
47,management,married,tertiary,no,-50,no,yes,cellular,7,jul,175
54,management,divorced,tertiary,no,26306,yes,no,cellular,11,feb,27
38,admin.,married,secondary,no,46,yes,yes,unknown,6,may,195
33,technician,married,secondary,no,575,no,yes,cellular,4,feb,254
35,admin.,divorced,secondary,no,148,no,yes,cellular,8,jul,199
52,services,married,secondary,no,431,no,no,cellular,26,aug,73
25,technician,single,tertiary,no,777,yes,no,unknown,14,may,351
27,blue-collar,married,secondary,no,362,yes,no,unknown,14,may,332
49,services,married,secondary,no,47,no,no,unknown,5,may,234
42,housemaid,married,primary,no,1,yes,no,telephone,28,jul,59
37,admin.,married,secondary,no,749,no,no,cellular,21,apr,219
37,blue-collar,married,secondary,no,395,yes,no,unknown,6,may,219
28,blue-collar,married,secondary,no,1325,yes,no,cellular,15,may,242
42,entrepreneur,married,tertiary,no,42045,no,no,cellular,8,aug,205
34,entrepreneur,married,tertiary,no,4343,no,no,unknown,9,jun,85
51,management,married,tertiary,no,176,yes,yes,unknown,1,jun,8
42,technician,divorced,secondary,no,-280,yes,no,unknown,26,may,258
34,management,single,unknown,no,1534,yes,no,cellular,16,apr,156
34,admin.,married,secondary,no,1671,no,no,unknown,21,may,160
51,self-employed,married,tertiary,no,2007,no,no,unknown,16,jun,1021
58,blue-collar,married,primary,no,0,yes,no,cellular,31,jul,5
50,services,married,secondary,no,26394,no,no,cellular,25,aug,206
38,unemployed,married,secondary,no,-673,yes,no,unknown,26,may,364
58,retired,married,secondary,no,35,no,no,cellular,29,jul,336
46,management,single,tertiary,no,2154,yes,no,cellular,21,jul,87
47,self-employed,divorced,secondary,no,8515,yes,no,unknown,20,nov,14
39,entrepreneur,married,tertiary,no,83,yes,no,cellular,11,jul,193
34,management,single,tertiary,no,6766,no,no,cellular,28,aug,210
47,technician,married,secondary,no,3973,no,no,cellular,6,aug,732
42,services,divorced,secondary,no,372,yes,yes,unknown,6,may,121
48,blue-collar,single,secondary,no,-552,no,yes,cellular,21,nov,150
30,self-employed,single,tertiary,no,48,no,no,cellular,21,nov,140
36,management,single,tertiary,no,613,no,no,cellular,7,aug,86
34,technician,married,secondary,no,1,yes,no,cellular,19,nov,108
26,services,single,secondary,no,209,yes,no,cellular,22,jul,319
32,admin.,divorced,secondary,yes,-18,yes,no,unknown,12,may,155
46,services,married,secondary,no,451,yes,yes,cellular,13,may,389
26,self-employed,married,tertiary,no,479,yes,no,cellular,9,feb,133
35,blue-collar,married,secondary,no,243,yes,no,cellular,20,apr,41
50,technician,married,secondary,no,1130,yes,no,cellular,23,jul,119
36,admin.,married,secondary,no,998,yes,no,unknown,14,may,1044
29,blue-collar,married,secondary,no,358,no,no,cellular,21,jul,88
31,self-employed,single,tertiary,yes,-282,yes,no,cellular,20,nov,131
58,housemaid,single,tertiary,no,145,yes,yes,cellular,16,jul,128
39,entrepreneur,married,unknown,no,98,yes,no,telephone,15,may,59
28,admin.,single,secondary,no,89,yes,yes,cellular,6,feb,172
35,technician,married,secondary,no,94,yes,yes,unknown,14,may,208
35,services,married,secondary,no,0,yes,no,cellular,18,may,146
32,services,married,secondary,no,1464,yes,no,unknown,3,jun,193
50,management,married,tertiary,no,207,yes,no,cellular,4,feb,99
59,management,divorced,primary,no,133,yes,no,cellular,9,jul,206
51,blue-collar,married,primary,no,377,yes,no,telephone,3,feb,143
57,management,married,tertiary,no,929,no,no,cellular,19,aug,387
36,management,single,tertiary,no,1531,yes,no,cellular,8,may,81
41,management,single,secondary,no,764,no,no,cellular,12,jun,230
55,blue-collar,married,secondary,no,383,no,no,unknown,5,may,287
43,management,married,tertiary,no,348,no,yes,cellular,15,jul,88
47,services,divorced,secondary,no,691,no,no,cellular,6,feb,285
34,technician,single,secondary,no,0,no,no,cellular,21,aug,163
34,technician,single,secondary,no,174,no,no,telephone,11,may,259
58,retired,married,secondary,no,502,yes,no,cellular,12,may,197
46,management,married,tertiary,no,0,no,no,unknown,7,may,70
45,management,married,tertiary,no,1929,yes,no,unknown,29,may,44
55,admin.,married,secondary,no,0,no,no,cellular,23,sep,180
42,housemaid,married,primary,no,83,no,yes,cellular,7,aug,184
33,management,single,secondary,no,-424,yes,no,unknown,26,may,863
27,services,single,secondary,no,0,yes,no,unknown,7,may,388
59,retired,married,secondary,no,319,yes,no,unknown,5,may,143
53,entrepreneur,married,unknown,no,7,no,no,cellular,20,nov,68
47,technician,divorced,tertiary,no,-1148,yes,yes,unknown,27,may,62
53,blue-collar,single,unknown,no,0,no,no,unknown,12,may,140
45,management,married,tertiary,no,-206,yes,no,cellular,6,may,337
42,blue-collar,married,primary,no,704,yes,yes,telephone,31,jul,88
38,technician,married,secondary,no,1931,no,no,cellular,2,jun,167
53,blue-collar,married,primary,no,25,yes,no,unknown,6,may,266
35,technician,married,secondary,no,327,yes,no,cellular,13,apr,537
29,management,single,secondary,no,-105,yes,no,unknown,27,may,5
58,retired,married,secondary,no,983,no,no,cellular,5,aug,139
43,blue-collar,married,primary,no,2519,yes,no,cellular,16,apr,257
33,management,single,tertiary,no,335,no,no,cellular,29,aug,130
43,blue-collar,married,secondary,no,3060,yes,no,unknown,15,may,253
29,blue-collar,married,secondary,no,424,yes,yes,unknown,14,may,241
54,blue-collar,married,secondary,no,-630,no,no,unknown,23,may,173
38,unemployed,married,tertiary,no,1449,no,no,unknown,26,may,535
32,entrepreneur,divorced,secondary,no,1121,yes,yes,cellular,16,apr,211
21,student,single,secondary,no,681,no,no,unknown,20,aug,6
38,entrepreneur,married,tertiary,no,228,yes,no,cellular,5,feb,105
42,admin.,married,secondary,no,0,no,no,unknown,19,jun,370
53,technician,married,secondary,no,0,no,no,cellular,22,aug,77
36,blue-collar,divorced,primary,no,117,yes,no,unknown,2,jun,123
39,admin.,married,secondary,no,-650,no,no,cellular,15,may,123
34,services,married,secondary,no,0,no,yes,unknown,2,jul,193
33,entrepreneur,married,secondary,no,-118,yes,yes,unknown,27,may,421
39,entrepreneur,married,tertiary,no,2644,yes,no,unknown,20,may,253
36,self-employed,married,tertiary,no,16430,yes,no,unknown,6,jun,197
42,management,single,tertiary,no,10907,no,no,cellular,4,may,74
57,services,divorced,secondary,no,14,no,yes,cellular,22,jul,445
37,management,married,tertiary,no,4039,no,yes,cellular,25,jul,106
43,admin.,married,unknown,no,3485,no,no,unknown,18,jun,113
57,management,married,secondary,no,139,no,no,cellular,17,aug,80
34,services,divorced,secondary,no,202,yes,no,unknown,15,may,318
36,technician,married,tertiary,no,6,yes,no,cellular,27,jan,100
30,management,single,tertiary,no,7845,yes,no,unknown,3,jun,59
36,management,divorced,tertiary,no,5195,yes,no,unknown,2,jun,55
33,management,married,tertiary,no,2098,no,no,cellular,20,nov,67
57,management,married,tertiary,no,320,no,no,cellular,7,aug,76
57,management,married,tertiary,no,3431,yes,no,unknown,16,may,73
34,admin.,married,secondary,no,50,yes,no,unknown,20,may,89
51,housemaid,divorced,tertiary,no,370,yes,no,cellular,19,aug,109
54,blue-collar,divorced,primary,no,-182,no,no,cellular,9,jul,98
52,self-employed,single,tertiary,no,1623,yes,no,unknown,5,jun,21
43,entrepreneur,married,tertiary,no,13342,yes,no,cellular,18,nov,465
49,services,married,tertiary,no,306,yes,no,cellular,18,aug,285
34,management,single,tertiary,no,-292,yes,no,cellular,19,aug,181
39,services,married,secondary,no,0,yes,no,unknown,20,may,793
29,management,single,tertiary,no,0,no,no,unknown,16,may,16
35,blue-collar,married,primary,no,46,no,no,cellular,8,jul,338
30,services,divorced,secondary,no,-94,yes,no,cellular,14,jul,41
34,blue-collar,married,secondary,no,103,yes,yes,unknown,8,may,956
38,admin.,single,secondary,no,883,yes,no,cellular,12,may,95
32,services,married,secondary,no,55,yes,no,unknown,15,may,546
37,management,divorced,secondary,no,1287,yes,no,cellular,14,may,432
30,technician,married,secondary,no,1211,yes,no,cellular,18,may,176
38,blue-collar,divorced,secondary,no,595,yes,no,cellular,7,may,245
44,blue-collar,married,secondary,no,16178,yes,no,cellular,21,nov,297
37,technician,single,tertiary,no,1661,no,no,cellular,19,aug,199
57,retired,married,secondary,no,107,no,no,cellular,14,jul,85
59,admin.,married,secondary,no,2381,no,no,cellular,30,apr,173
33,admin.,single,tertiary,no,490,yes,no,cellular,7,may,31
35,management,married,tertiary,no,2682,yes,no,cellular,9,jul,156
24,services,married,tertiary,no,0,yes,no,unknown,27,may,299
46,unemployed,divorced,primary,no,23,no,no,cellular,21,nov,344
54,blue-collar,married,secondary,no,2059,yes,no,cellular,25,aug,177
27,admin.,married,secondary,no,132,no,no,cellular,13,oct,123
34,management,married,secondary,no,0,no,no,cellular,2,feb,270
39,blue-collar,married,primary,no,385,yes,no,unknown,16,may,225
37,entrepreneur,married,tertiary,no,7944,no,no,cellular,21,nov,102
51,technician,married,tertiary,no,1315,no,no,telephone,5,jun,303
26,services,single,secondary,no,512,yes,yes,cellular,30,jan,206
61,management,married,secondary,no,1471,no,no,cellular,12,aug,331
35,management,single,tertiary,no,71,yes,no,unknown,21,may,836
30,management,single,tertiary,no,940,no,no,cellular,8,aug,131
25,technician,single,secondary,no,-80,yes,yes,unknown,3,jun,89
34,technician,married,secondary,no,0,yes,no,cellular,29,aug,116
45,admin.,married,secondary,no,194,no,no,cellular,31,jul,517
39,admin.,married,secondary,no,179,no,no,unknown,6,sep,36
32,management,single,tertiary,no,11797,yes,no,cellular,11,aug,95
50,blue-collar,married,secondary,no,181,yes,no,cellular,17,apr,599
30,services,married,secondary,no,1286,yes,yes,cellular,17,jul,544
33,services,married,secondary,no,804,yes,yes,unknown,8,may,266
30,student,single,secondary,no,4,no,no,cellular,4,feb,443
51,blue-collar,married,primary,no,0,yes,no,cellular,10,jul,324
36,services,single,secondary,no,417,yes,no,cellular,6,feb,15
48,blue-collar,married,primary,no,1678,no,no,cellular,28,jan,263
37,services,divorced,secondary,no,532,yes,no,unknown,11,jun,199
23,blue-collar,married,primary,no,1158,yes,no,cellular,16,apr,743
56,management,divorced,tertiary,no,659,no,yes,cellular,2,jun,56
41,entrepreneur,married,secondary,no,1249,yes,no,cellular,9,jul,391
33,admin.,divorced,secondary,no,661,yes,no,cellular,18,nov,411
26,services,single,secondary,no,0,no,no,cellular,29,jul,165
40,management,single,unknown,no,838,yes,no,unknown,12,may,619
34,management,married,tertiary,no,436,yes,no,cellular,17,apr,28
45,entrepreneur,married,secondary,no,68,yes,no,unknown,7,may,254
35,management,divorced,tertiary,no,321,yes,no,unknown,9,may,189
37,self-employed,married,secondary,no,215,yes,no,unknown,6,jun,61
32,blue-collar,divorced,secondary,no,739,yes,no,unknown,9,may,171
35,technician,single,secondary,no,2,no,no,cellular,11,aug,239
39,blue-collar,married,secondary,no,1439,yes,no,telephone,28,jul,73
42,blue-collar,divorced,secondary,no,1491,yes,no,cellular,6,may,203
32,technician,single,secondary,no,6402,yes,no,cellular,6,may,158
30,unemployed,married,secondary,no,1210,no,no,cellular,9,jul,100
26,management,single,tertiary,no,122,no,yes,cellular,8,jul,160
30,student,single,secondary,no,0,yes,no,cellular,19,nov,661
43,technician,married,secondary,no,0,yes,yes,cellular,4,feb,539
47,services,married,secondary,no,3333,yes,yes,cellular,29,jul,114
38,admin.,divorced,secondary,no,156,yes,no,unknown,17,jun,544
57,blue-collar,married,primary,no,23,yes,no,telephone,31,jul,25
35,admin.,married,secondary,no,0,yes,no,cellular,7,may,121
26,admin.,single,secondary,no,321,yes,no,cellular,22,jul,242
40,technician,married,secondary,no,-396,yes,no,unknown,26,may,127
54,management,divorced,tertiary,no,0,no,yes,cellular,10,jul,88
31,management,married,tertiary,no,1343,yes,yes,unknown,21,may,85
40,blue-collar,married,secondary,no,6767,yes,no,cellular,20,nov,97
44,unknown,married,secondary,no,2319,no,no,cellular,4,aug,251
36,management,single,secondary,no,0,no,no,cellular,13,aug,333
30,management,married,tertiary,no,877,no,no,cellular,13,aug,202
43,blue-collar,single,primary,no,30,yes,no,unknown,30,may,379
51,entrepreneur,married,secondary,yes,-2082,no,yes,cellular,28,jul,123
60,retired,married,secondary,no,89,no,no,cellular,30,apr,156
43,self-employed,married,secondary,no,104,no,no,unknown,17,jun,332
37,services,married,secondary,no,0,yes,yes,cellular,31,jul,187
30,student,single,secondary,no,25,no,no,telephone,30,apr,44
45,admin.,married,secondary,no,295,yes,no,cellular,23,jul,92
52,entrepreneur,married,primary,no,592,no,no,cellular,21,jul,122
40,technician,married,secondary,no,0,yes,yes,cellular,26,jul,105
36,services,married,secondary,no,3064,yes,no,telephone,11,may,1143
50,technician,married,secondary,no,0,no,no,cellular,7,jul,152
39,technician,married,secondary,no,626,yes,no,cellular,11,may,126
32,admin.,single,secondary,no,1649,no,no,cellular,27,may,204
31,housemaid,single,tertiary,no,287,yes,no,cellular,19,nov,182
41,technician,divorced,secondary,no,0,yes,no,cellular,17,nov,386
58,housemaid,married,primary,no,419,no,yes,unknown,5,jun,295
35,services,single,secondary,no,414,yes,no,cellular,20,apr,11
52,technician,married,secondary,no,118,no,no,cellular,28,aug,16
42,management,married,tertiary,no,251,no,no,cellular,20,aug,413
42,technician,divorced,secondary,no,1533,no,yes,cellular,5,aug,86
43,blue-collar,married,secondary,no,1335,yes,no,unknown,6,may,371
26,blue-collar,married,secondary,no,2770,yes,no,unknown,8,may,141
34,self-employed,married,tertiary,no,5498,no,no,cellular,19,nov,265
39,management,single,secondary,no,36,no,no,cellular,29,aug,70
38,admin.,married,secondary,no,4196,yes,no,cellular,12,may,193
47,management,married,tertiary,no,1890,no,no,cellular,8,jul,161
32,unemployed,married,secondary,no,2400,yes,yes,cellular,5,feb,450
46,blue-collar,married,secondary,no,519,yes,no,cellular,25,aug,217
39,technician,single,tertiary,no,1190,no,no,cellular,8,aug,136
53,services,divorced,secondary,no,4554,no,no,cellular,5,feb,8
26,student,single,secondary,no,203,no,no,cellular,16,nov,104
52,technician,married,secondary,no,1818,no,yes,cellular,17,nov,189
33,technician,divorced,tertiary,no,39,no,no,cellular,19,aug,123
58,management,married,secondary,no,139,no,no,cellular,27,may,188
33,management,married,tertiary,no,752,yes,no,cellular,11,aug,104
36,technician,single,tertiary,no,40,no,no,cellular,26,aug,359
39,management,married,tertiary,no,691,yes,yes,cellular,16,apr,517
28,blue-collar,married,secondary,no,64,yes,no,unknown,13,may,160
32,admin.,married,secondary,no,76,yes,no,unknown,21,may,189
36,admin.,married,secondary,no,957,yes,no,unknown,21,may,206
45,technician,married,secondary,no,118,yes,no,unknown,7,may,208
32,blue-collar,married,secondary,no,2,yes,no,cellular,15,may,16
35,housemaid,married,tertiary,no,20,yes,yes,cellular,17,jul,505
30,blue-collar,married,secondary,no,-28,yes,no,cellular,18,may,284
37,blue-collar,married,secondary,no,103,yes,no,cellular,12,may,153
25,student,single,tertiary,no,5,no,no,cellular,29,sep,138
42,blue-collar,married,primary,no,2519,yes,no,unknown,15,may,262
38,blue-collar,single,tertiary,no,14058,no,no,telephone,17,jul,293
42,management,divorced,tertiary,no,401,yes,no,cellular,24,jul,217
29,management,married,tertiary,no,581,yes,yes,cellular,14,jul,192
37,blue-collar,married,primary,no,11,no,no,telephone,30,jul,109
31,unemployed,married,secondary,no,3242,no,no,unknown,25,jun,292
59,technician,married,primary,no,3163,yes,no,unknown,29,may,240
50,unemployed,divorced,secondary,no,32,no,no,cellular,4,aug,282
35,blue-collar,married,secondary,no,5304,yes,no,cellular,20,nov,340
51,self-employed,divorced,secondary,no,1291,yes,no,unknown,3,jun,51
32,blue-collar,married,secondary,no,119,no,no,cellular,4,may,20
36,blue-collar,married,secondary,no,1554,yes,no,unknown,12,may,325
30,services,married,tertiary,no,1380,yes,no,unknown,21,may,294
32,technician,married,tertiary,no,3939,no,no,cellular,8,aug,209
44,unemployed,single,primary,no,4232,no,no,unknown,16,jun,227
31,housemaid,married,unknown,yes,-6,no,yes,telephone,7,jul,94
32,services,single,secondary,no,-402,yes,no,cellular,17,apr,135
28,admin.,single,secondary,no,1323,yes,no,unknown,3,jun,361
57,retired,married,primary,no,1623,yes,yes,cellular,18,jul,246
38,technician,married,tertiary,no,1042,yes,no,cellular,4,feb,419
31,management,married,tertiary,no,271,no,no,cellular,18,nov,89
32,technician,married,tertiary,no,-1053,yes,no,cellular,21,jul,357
32,management,married,tertiary,no,1667,yes,no,cellular,18,nov,164
59,admin.,divorced,secondary,no,975,yes,no,unknown,15,may,263
45,technician,married,secondary,no,2571,no,no,unknown,18,jun,146
50,admin.,divorced,secondary,no,769,no,no,cellular,28,jul,72
34,technician,married,secondary,no,-136,yes,yes,cellular,12,aug,131
30,management,married,tertiary,no,931,no,no,cellular,17,jul,1183
28,blue-collar,married,secondary,no,1137,no,no,cellular,6,feb,129
40,blue-collar,married,secondary,no,271,yes,no,unknown,29,may,483
26,self-employed,single,tertiary,no,1153,no,no,cellular,4,may,238
34,management,married,tertiary,no,-73,yes,no,cellular,11,jul,90
31,unknown,divorced,tertiary,no,137,no,no,cellular,22,aug,385
35,technician,married,secondary,no,700,yes,no,unknown,23,may,240
29,management,single,tertiary,no,4210,yes,no,cellular,18,may,119
36,management,single,tertiary,no,876,yes,no,unknown,23,may,241
58,retired,married,primary,no,4007,no,no,cellular,30,nov,598
50,entrepreneur,married,tertiary,no,433,yes,no,cellular,18,may,47
57,admin.,divorced,primary,no,179,yes,no,cellular,15,may,67
38,management,single,tertiary,no,1704,no,no,cellular,1,sep,222
38,self-employed,single,tertiary,no,917,yes,no,unknown,23,may,260
47,housemaid,married,primary,no,0,no,no,cellular,10,aug,1225
42,blue-collar,married,primary,no,505,yes,no,unknown,14,may,521
34,blue-collar,married,secondary,no,2542,yes,no,cellular,14,may,228
38,student,single,tertiary,no,807,no,no,cellular,27,feb,74
59,retired,married,secondary,no,9976,yes,no,unknown,29,may,57
32,admin.,married,secondary,no,0,no,no,cellular,30,jan,119
55,management,married,tertiary,no,540,no,no,cellular,19,nov,124
35,blue-collar,married,secondary,no,280,yes,yes,cellular,31,jul,65
55,blue-collar,married,secondary,no,471,yes,no,unknown,30,may,58
39,management,single,tertiary,no,3797,no,no,cellular,2,jun,96
42,unemployed,single,secondary,no,2613,yes,no,cellular,30,jul,174
42,student,married,unknown,no,-7,no,no,telephone,31,jul,41
55,retired,married,secondary,no,168,no,no,cellular,19,aug,79
53,retired,divorced,secondary,yes,-200,no,yes,unknown,6,jun,161
67,retired,married,primary,no,2301,no,no,cellular,16,apr,124
33,blue-collar,married,primary,no,191,yes,no,unknown,9,may,162
31,technician,single,unknown,no,694,yes,no,unknown,6,jun,431
44,technician,divorced,secondary,no,0,no,no,cellular,28,jul,264
30,management,single,tertiary,yes,35,no,no,cellular,30,jul,185
21,student,single,secondary,no,6844,no,no,cellular,14,aug,126
30,technician,single,secondary,no,175,no,no,cellular,25,aug,167
43,technician,single,tertiary,yes,0,no,no,cellular,29,aug,73
38,management,divorced,tertiary,no,4425,yes,no,unknown,30,may,162
49,housemaid,married,primary,no,249,yes,no,cellular,21,nov,450
59,blue-collar,divorced,secondary,no,3573,no,no,cellular,15,may,44
44,management,divorced,tertiary,no,476,yes,yes,unknown,26,may,127
35,blue-collar,married,secondary,no,1257,yes,no,cellular,20,apr,93
55,blue-collar,married,unknown,no,23,no,no,cellular,30,jan,143
39,management,single,tertiary,no,0,yes,no,cellular,16,apr,81
36,services,single,secondary,no,398,yes,yes,unknown,17,jun,77
33,blue-collar,married,secondary,no,745,yes,no,unknown,23,may,115
48,management,single,tertiary,no,8106,no,no,unknown,17,nov,125
33,management,single,tertiary,no,0,no,no,cellular,19,aug,53
37,services,divorced,primary,no,260,yes,no,cellular,17,apr,446
48,unemployed,divorced,secondary,no,1266,yes,no,telephone,3,feb,45
44,services,single,secondary,no,1378,yes,no,unknown,8,may,257
31,housemaid,married,primary,no,25,no,no,cellular,21,aug,169
30,student,single,tertiary,no,7513,no,no,cellular,11,aug,269
56,entrepreneur,divorced,primary,no,29,no,no,cellular,29,jan,52
26,blue-collar,married,primary,no,5116,yes,no,cellular,22,jul,246
44,management,married,secondary,no,-1746,yes,no,unknown,20,jun,218
34,technician,single,secondary,no,475,yes,no,cellular,29,jul,538
30,admin.,single,secondary,no,105,yes,no,cellular,21,nov,75
33,technician,married,secondary,no,1844,yes,no,unknown,29,may,241
56,admin.,divorced,primary,no,0,no,yes,cellular,10,jul,542
53,management,married,tertiary,no,1343,no,no,cellular,5,aug,129
58,retired,married,primary,no,1987,no,no,telephone,14,jul,185
60,management,married,secondary,no,725,yes,no,cellular,8,jul,266
34,blue-collar,married,unknown,no,41,yes,no,cellular,6,may,34
33,blue-collar,single,secondary,no,3975,yes,yes,cellular,17,apr,515
41,management,married,tertiary,no,251,no,yes,unknown,6,jun,85
42,admin.,married,secondary,no,529,yes,yes,cellular,19,nov,193
23,services,married,secondary,no,-19,yes,no,unknown,20,jun,13
47,management,single,tertiary,no,440,no,no,cellular,21,aug,71
49,unemployed,married,tertiary,no,377,no,no,cellular,22,may,158
35,management,married,tertiary,no,2793,no,no,cellular,20,nov,258
72,retired,married,primary,no,796,no,no,cellular,24,apr,173
47,management,married,tertiary,no,6637,yes,no,cellular,17,apr,174
44,blue-collar,married,secondary,no,1071,yes,no,cellular,11,may,143
54,entrepreneur,married,unknown,no,1956,no,no,cellular,19,nov,221
46,admin.,divorced,secondary,no,7378,no,no,cellular,18,nov,466
55,admin.,married,secondary,no,865,yes,no,cellular,17,apr,85
50,management,single,primary,no,766,no,no,unknown,17,jun,174
23,blue-collar,single,unknown,no,817,yes,no,cellular,18,may,123
34,student,married,unknown,no,1387,no,no,cellular,30,apr,121
40,blue-collar,married,secondary,no,0,yes,yes,unknown,29,may,245
53,technician,married,secondary,no,4541,yes,no,unknown,15,may,190
57,technician,married,secondary,no,0,no,no,unknown,13,may,44
28,blue-collar,married,secondary,no,4287,no,no,cellular,30,apr,171
32,services,married,secondary,no,180,yes,no,telephone,15,may,45
38,blue-collar,married,secondary,no,171,yes,yes,unknown,20,may,172
27,services,single,secondary,no,259,yes,no,unknown,23,may,78
45,blue-collar,married,secondary,no,827,yes,no,unknown,15,may,319
31,services,single,secondary,no,469,no,yes,cellular,2,feb,111
30,blue-collar,single,primary,no,71,yes,no,unknown,19,may,122
54,technician,married,secondary,no,0,no,no,telephone,14,aug,159
46,management,married,tertiary,no,477,yes,no,unknown,20,may,128
43,technician,single,secondary,no,593,yes,no,unknown,5,may,55
30,management,single,tertiary,no,775,yes,no,unknown,16,jun,124
30,management,married,secondary,no,-559,yes,yes,cellular,7,may,98
45,housemaid,married,primary,no,4994,no,no,unknown,20,jun,48
60,management,married,primary,no,4895,no,no,unknown,9,jun,313
35,blue-collar,single,secondary,no,376,yes,yes,unknown,6,may,207
38,management,married,tertiary,no,389,yes,no,unknown,6,may,262
46,management,divorced,tertiary,no,225,yes,no,cellular,14,may,201
36,admin.,single,secondary,no,1927,yes,no,cellular,18,nov,288
30,management,married,tertiary,no,562,no,no,cellular,21,aug,137
34,management,married,tertiary,no,2892,yes,yes,cellular,30,jul,1165
33,technician,divorced,secondary,no,0,yes,no,cellular,7,may,177
46,management,single,secondary,no,295,yes,no,unknown,23,may,141
48,admin.,married,secondary,no,292,yes,yes,cellular,29,jul,164
37,admin.,married,tertiary,no,0,yes,no,cellular,21,jul,115
32,technician,married,secondary,no,4,no,no,cellular,4,feb,145
45,blue-collar,married,primary,no,13117,no,no,unknown,11,jun,42
44,services,married,secondary,no,27,no,no,cellular,25,may,485
52,management,married,tertiary,no,-1224,yes,no,cellular,7,may,253
45,management,divorced,tertiary,no,959,no,no,unknown,18,jun,74
34,management,married,tertiary,no,0,no,no,cellular,20,aug,263
25,blue-collar,married,primary,yes,-589,yes,no,unknown,3,jun,233
26,management,single,tertiary,no,-8,no,no,cellular,13,aug,402
57,management,married,unknown,no,0,no,no,cellular,30,sep,585
48,management,married,primary,no,247,yes,yes,unknown,14,may,145
47,blue-collar,married,secondary,yes,-614,yes,no,unknown,26,may,118
32,blue-collar,married,primary,no,642,no,yes,cellular,8,jul,524
58,retired,married,secondary,no,11,no,no,cellular,11,aug,270
57,management,married,primary,no,-226,yes,no,unknown,4,jun,272
31,entrepreneur,married,tertiary,no,5191,no,no,cellular,20,nov,187
33,blue-collar,single,secondary,no,-320,no,no,cellular,18,may,268
53,entrepreneur,married,tertiary,no,2289,yes,yes,cellular,17,nov,183
36,admin.,married,secondary,no,725,yes,no,cellular,27,feb,123
32,technician,single,tertiary,no,705,yes,no,cellular,20,apr,20
33,technician,single,secondary,no,647,yes,yes,cellular,4,feb,124
42,admin.,married,unknown,no,642,yes,yes,unknown,16,may,509
41,services,married,secondary,no,171,no,no,cellular,21,jul,71
54,services,married,secondary,no,812,no,no,cellular,31,jul,113
28,technician,single,secondary,no,1453,yes,no,cellular,12,may,246
24,blue-collar,single,unknown,no,431,yes,no,unknown,3,jun,108
30,admin.,single,secondary,no,1009,yes,no,cellular,29,jan,253
32,self-employed,married,primary,no,286,yes,no,cellular,6,aug,175
53,entrepreneur,married,tertiary,no,22370,yes,no,unknown,15,may,106
42,blue-collar,married,primary,no,2111,yes,no,cellular,7,may,86
48,blue-collar,married,primary,no,5366,yes,no,unknown,21,may,248
33,technician,married,secondary,no,181,yes,yes,telephone,28,jul,265
50,blue-collar,married,secondary,no,2320,yes,no,cellular,7,apr,310
56,unemployed,divorced,primary,no,1770,no,no,cellular,5,feb,916
56,admin.,divorced,secondary,no,3337,yes,no,telephone,17,nov,99
37,admin.,single,secondary,no,-296,yes,no,cellular,20,apr,81
49,management,single,tertiary,no,588,no,no,cellular,28,aug,70
39,housemaid,single,primary,no,109,yes,no,unknown,6,may,699
44,services,single,secondary,no,5045,yes,no,cellular,21,nov,20
39,self-employed,married,tertiary,no,585,yes,no,cellular,18,nov,48
46,technician,single,secondary,no,834,yes,no,cellular,11,jul,196
38,blue-collar,married,primary,no,290,yes,no,cellular,16,apr,283
50,management,married,tertiary,no,1240,no,no,cellular,12,aug,474
27,admin.,single,tertiary,no,3672,yes,no,cellular,15,may,157
44,management,married,tertiary,no,13893,no,no,unknown,11,jun,29
46,blue-collar,married,primary,no,143,yes,no,unknown,7,may,279
29,blue-collar,married,secondary,no,228,yes,no,cellular,11,may,12
33,services,married,primary,no,6904,no,no,telephone,20,nov,114
40,management,married,tertiary,no,1734,yes,no,unknown,2,jun,169
52,management,married,tertiary,no,575,no,no,unknown,3,jun,315
51,blue-collar,married,secondary,no,397,yes,no,cellular,20,aug,293
33,blue-collar,married,secondary,no,640,yes,no,cellular,3,feb,439
54,services,married,secondary,no,158,yes,no,unknown,19,may,198
44,management,married,secondary,no,2984,yes,no,unknown,15,may,770
50,entrepreneur,married,secondary,no,1011,yes,no,telephone,30,jul,340
42,management,married,secondary,no,2416,yes,no,unknown,20,may,138
28,services,single,secondary,no,-427,yes,yes,unknown,21,may,965
56,admin.,married,secondary,no,2146,no,yes,unknown,9,jun,594
32,technician,single,secondary,no,0,no,no,cellular,21,aug,126
32,unemployed,married,secondary,no,10,yes,no,unknown,6,may,501
57,retired,married,primary,no,1238,yes,no,cellular,15,jul,274
49,admin.,single,secondary,no,981,yes,no,telephone,21,nov,10
56,entrepreneur,married,unknown,no,575,no,no,unknown,20,jun,18
48,admin.,divorced,unknown,no,-70,no,no,cellular,14,may,243
42,housemaid,divorced,tertiary,no,364,no,no,cellular,18,nov,52
28,blue-collar,single,secondary,no,43,no,no,unknown,19,may,190
40,management,married,secondary,no,99,no,no,cellular,9,feb,15
58,housemaid,married,primary,no,0,yes,no,telephone,9,jul,148
34,technician,married,secondary,no,351,yes,no,cellular,18,jul,467
44,blue-collar,married,primary,no,887,yes,no,cellular,12,may,165
39,services,married,secondary,no,-540,no,no,unknown,6,jun,29
32,management,single,tertiary,no,347,yes,no,cellular,18,may,213
59,self-employed,married,tertiary,no,3800,no,yes,cellular,9,jul,70
60,retired,married,primary,no,0,no,no,telephone,30,jul,130
74,retired,married,secondary,no,935,no,no,cellular,26,jan,100
30,services,married,secondary,no,699,yes,no,unknown,29,may,544
52,admin.,single,primary,no,0,no,no,unknown,19,may,182
24,blue-collar,married,secondary,no,-220,yes,no,cellular,2,apr,90
29,services,married,secondary,no,11417,yes,no,unknown,28,may,272
33,housemaid,married,primary,no,212,yes,no,cellular,11,jul,260
34,blue-collar,married,secondary,no,67,yes,yes,unknown,8,may,672
36,management,single,tertiary,no,678,no,yes,unknown,4,jul,85
45,technician,married,secondary,no,1673,no,no,cellular,23,oct,76
36,admin.,single,secondary,no,319,yes,no,cellular,18,may,120
36,management,married,tertiary,no,23,no,no,cellular,26,aug,133
45,blue-collar,married,primary,no,0,no,no,cellular,26,aug,454
32,technician,divorced,secondary,no,-399,yes,no,unknown,2,jun,180
34,management,married,tertiary,no,1310,no,no,telephone,30,jan,521
40,admin.,married,secondary,no,0,yes,yes,cellular,17,nov,57
48,blue-collar,married,secondary,no,1738,yes,no,cellular,15,apr,349
36,blue-collar,married,secondary,no,-206,yes,no,unknown,8,may,177
34,management,married,tertiary,no,697,no,no,cellular,5,aug,166
37,blue-collar,married,primary,no,403,yes,no,cellular,8,may,318
64,retired,divorced,tertiary,no,890,no,no,cellular,3,jul,531
45,technician,divorced,secondary,no,809,yes,no,cellular,13,may,155
57,housemaid,married,secondary,no,158,yes,no,telephone,10,jul,73
27,services,single,secondary,yes,-1,no,no,cellular,22,jul,60
58,housemaid,married,secondary,no,2705,no,no,telephone,14,aug,137
41,management,married,unknown,no,2457,yes,no,unknown,9,may,285
58,management,married,tertiary,no,541,yes,no,cellular,8,may,98
57,retired,married,tertiary,no,31,no,no,cellular,19,aug,260
32,management,married,tertiary,no,273,yes,yes,cellular,18,jul,97
28,management,single,tertiary,no,5549,no,no,cellular,28,jul,383
47,unknown,married,unknown,no,677,no,no,cellular,7,aug,384
41,self-employed,married,primary,no,340,no,no,unknown,6,jun,37
29,technician,married,secondary,no,0,yes,no,cellular,28,jul,83
35,technician,single,secondary,no,175,yes,no,cellular,29,jan,219
32,management,single,tertiary,no,2629,no,no,cellular,28,aug,77
59,housemaid,married,tertiary,no,0,no,yes,cellular,29,jul,376
48,services,married,secondary,yes,-20,no,no,cellular,20,aug,142
44,management,married,tertiary,no,1242,yes,no,cellular,6,aug,384
58,management,married,primary,no,2769,yes,no,cellular,11,jul,94
34,technician,single,tertiary,no,9851,yes,no,cellular,20,nov,128
26,housemaid,married,secondary,no,-759,yes,no,cellular,11,jul,191
32,technician,married,secondary,no,687,no,no,cellular,20,aug,161
31,management,married,secondary,no,1368,yes,no,cellular,12,aug,129
27,blue-collar,single,primary,no,-179,yes,no,cellular,15,may,54
60,admin.,married,secondary,no,-396,yes,no,cellular,11,may,443
51,admin.,married,secondary,no,2967,no,no,unknown,17,jun,83
52,self-employed,married,secondary,no,9,no,yes,unknown,6,jun,44
48,blue-collar,married,secondary,no,1159,yes,yes,cellular,15,may,1181
45,technician,married,primary,no,-322,no,no,unknown,9,jun,225
33,blue-collar,single,primary,no,92,yes,no,unknown,9,may,127
52,services,married,secondary,no,2072,no,no,cellular,10,jul,224
47,entrepreneur,married,tertiary,no,459,yes,no,cellular,29,jul,189
54,unknown,married,secondary,no,1157,no,no,cellular,26,may,98
34,blue-collar,married,secondary,no,8309,yes,yes,cellular,19,nov,50
39,technician,single,tertiary,no,1043,no,no,cellular,18,aug,195
37,management,married,tertiary,no,1689,yes,no,unknown,29,may,645
26,unemployed,single,secondary,no,461,no,no,cellular,28,jan,214
37,technician,single,secondary,no,61,yes,no,unknown,19,may,182
35,self-employed,single,secondary,no,1732,no,no,telephone,21,nov,1441
35,technician,married,secondary,no,1067,no,yes,cellular,12,aug,179
57,unemployed,married,primary,no,0,no,no,unknown,9,jun,540
58,retired,married,secondary,no,14412,no,no,cellular,18,nov,297
27,technician,married,secondary,no,7,yes,no,unknown,15,may,98
39,technician,married,secondary,no,994,no,no,cellular,5,feb,221
36,entrepreneur,married,tertiary,no,6,no,no,telephone,30,oct,246
42,technician,single,secondary,no,0,no,no,cellular,21,aug,656
23,blue-collar,single,primary,no,8627,yes,no,unknown,3,jun,281
34,management,married,tertiary,no,133,yes,no,unknown,8,may,65
57,retired,married,primary,no,-464,yes,no,cellular,4,feb,75
49,services,married,secondary,no,1114,no,no,cellular,17,nov,283
57,blue-collar,married,primary,no,1592,no,yes,unknown,20,jun,78
59,retired,married,unknown,no,0,no,no,unknown,8,may,425
57,admin.,married,tertiary,no,46,no,no,cellular,7,aug,238
34,blue-collar,married,secondary,no,1221,yes,no,cellular,6,may,182
35,blue-collar,divorced,secondary,no,0,yes,no,unknown,8,may,477
42,blue-collar,married,primary,no,-10,yes,no,unknown,9,may,291
57,services,married,tertiary,no,10,no,no,telephone,8,jul,320
45,blue-collar,married,secondary,no,784,yes,yes,unknown,3,jun,34
53,retired,married,secondary,no,6095,yes,yes,cellular,14,may,410
63,retired,married,tertiary,no,133,yes,no,cellular,13,feb,104
24,admin.,single,secondary,no,926,yes,yes,cellular,15,may,191
54,services,married,secondary,no,88,yes,no,unknown,13,may,190
45,admin.,married,secondary,no,0,no,no,cellular,19,aug,145
49,blue-collar,married,primary,no,1032,yes,no,unknown,2,jun,41
58,unemployed,married,secondary,no,610,yes,no,telephone,29,jul,246
48,management,single,tertiary,no,414,no,no,cellular,21,jul,761
37,self-employed,married,tertiary,no,0,no,no,unknown,6,jun,143
37,blue-collar,married,secondary,no,685,yes,no,unknown,6,jun,968
47,admin.,single,secondary,no,2540,no,no,cellular,18,nov,110
25,services,single,secondary,no,-352,no,no,cellular,15,jul,246
58,blue-collar,married,secondary,no,602,yes,no,cellular,13,may,201
52,management,married,secondary,no,-588,yes,no,cellular,22,jul,81
59,blue-collar,married,secondary,no,5314,yes,no,cellular,5,may,200
33,blue-collar,single,primary,no,1,yes,no,cellular,20,apr,257
34,technician,single,tertiary,no,632,no,no,cellular,22,aug,215
35,technician,single,secondary,no,5731,yes,no,cellular,4,may,164
41,technician,married,secondary,no,902,no,no,unknown,16,jun,35
31,blue-collar,married,unknown,no,-120,yes,no,cellular,17,jul,231
53,management,divorced,secondary,no,112,no,yes,cellular,11,aug,246
35,services,married,secondary,no,0,no,yes,telephone,9,jul,42
27,technician,single,tertiary,no,808,yes,no,cellular,15,may,578
35,self-employed,married,secondary,no,670,no,no,cellular,9,jul,378
32,technician,married,secondary,no,782,yes,no,unknown,26,may,116
59,housemaid,divorced,primary,no,195,no,no,unknown,5,may,366
54,services,married,unknown,no,7864,yes,no,unknown,15,may,145
55,technician,married,unknown,no,574,yes,no,cellular,29,jan,243
36,technician,divorced,tertiary,no,1174,yes,no,cellular,18,nov,192
56,admin.,married,secondary,no,1270,yes,no,cellular,17,nov,80
42,self-employed,married,tertiary,no,753,no,no,unknown,17,jun,31
46,blue-collar,married,primary,no,1291,yes,no,cellular,14,may,142
43,management,married,tertiary,no,2886,no,no,cellular,20,nov,230
40,technician,married,secondary,no,2715,yes,no,unknown,29,may,125
49,entrepreneur,married,secondary,no,1916,no,yes,telephone,14,jul,281
37,management,married,tertiary,no,547,yes,yes,unknown,21,may,143
37,services,married,secondary,no,1,no,no,unknown,15,may,395
28,admin.,single,secondary,no,775,no,no,cellular,29,jan,603
35,unknown,married,primary,no,634,no,no,cellular,7,jul,185
53,blue-collar,single,secondary,no,5715,no,no,cellular,28,jan,287
29,technician,married,tertiary,no,858,yes,no,cellular,12,jun,234
40,entrepreneur,married,secondary,no,1532,yes,yes,cellular,18,nov,173
57,retired,married,primary,no,75,no,no,cellular,28,aug,118
46,management,married,tertiary,no,1285,yes,no,unknown,27,may,89
52,admin.,married,secondary,no,693,no,no,unknown,12,jun,271
41,admin.,single,secondary,no,748,no,no,telephone,21,nov,94
47,technician,married,secondary,no,1990,yes,yes,cellular,25,aug,108
43,technician,married,tertiary,no,192,no,no,cellular,5,aug,203
37,technician,single,secondary,no,267,no,no,cellular,13,may,121
34,technician,single,tertiary,no,586,yes,no,unknown,16,may,489
30,blue-collar,single,secondary,no,648,yes,yes,unknown,8,may,287
57,entrepreneur,divorced,secondary,yes,25,yes,no,cellular,11,may,652
57,retired,married,secondary,no,49,yes,yes,cellular,25,aug,93
34,management,married,tertiary,no,1116,yes,no,cellular,25,jul,53
28,management,single,tertiary,no,2380,no,no,cellular,14,sep,394
38,blue-collar,married,secondary,no,376,yes,no,unknown,7,may,1521
45,technician,married,tertiary,no,265,no,no,cellular,28,aug,14
27,blue-collar,married,secondary,no,818,yes,no,unknown,3,jun,188
30,admin.,married,secondary,no,2678,yes,no,cellular,18,may,23
38,admin.,married,tertiary,no,1980,no,no,cellular,5,aug,176
36,management,married,tertiary,no,1582,no,no,telephone,3,feb,26
32,services,married,secondary,no,61,yes,no,cellular,8,jul,529
41,management,married,tertiary,no,437,yes,no,unknown,3,jun,14
37,management,married,tertiary,no,489,yes,no,cellular,7,aug,205
41,admin.,married,secondary,no,21515,yes,no,unknown,5,jun,87
33,technician,married,secondary,no,58,yes,no,telephone,29,aug,57
54,housemaid,divorced,secondary,no,1327,no,no,unknown,5,jun,115
55,services,married,secondary,no,557,no,no,unknown,19,jun,58
32,technician,single,tertiary,no,741,yes,no,cellular,11,aug,238
48,management,married,primary,no,3230,yes,no,telephone,20,nov,207
39,admin.,single,tertiary,no,2600,yes,no,unknown,17,jun,77
46,admin.,married,secondary,no,120,yes,no,unknown,14,may,20
47,blue-collar,married,primary,no,881,yes,no,cellular,14,may,143
42,services,married,secondary,no,96,yes,no,cellular,5,may,238
40,self-employed,married,secondary,no,167,yes,yes,cellular,8,may,380
43,entrepreneur,married,tertiary,no,1574,yes,no,cellular,19,nov,167
42,blue-collar,married,primary,no,260,yes,no,telephone,31,jul,175
32,services,single,secondary,no,48,yes,no,cellular,20,apr,8
31,technician,single,secondary,no,35,no,yes,cellular,16,jul,229
36,management,single,tertiary,no,0,no,no,cellular,11,aug,108
35,management,single,tertiary,no,2486,yes,no,cellular,25,may,265
34,management,single,tertiary,no,340,yes,no,unknown,3,jun,633
33,management,single,secondary,no,1558,yes,no,cellular,17,apr,97
30,admin.,married,tertiary,no,400,yes,no,cellular,7,may,223
31,management,single,tertiary,no,2590,no,no,cellular,23,sep,103
36,management,married,tertiary,no,0,yes,yes,unknown,3,jun,599
44,technician,single,tertiary,no,900,yes,no,cellular,29,jan,322
31,management,single,tertiary,no,385,yes,no,unknown,21,may,304
55,blue-collar,married,primary,no,1649,yes,no,cellular,12,may,52
36,admin.,married,secondary,no,0,yes,yes,cellular,9,feb,101
35,admin.,married,secondary,no,0,no,no,unknown,7,may,326
40,services,married,secondary,no,771,yes,no,cellular,15,may,173
49,services,married,secondary,no,280,yes,no,telephone,14,jul,162
31,technician,single,tertiary,no,614,no,no,cellular,11,aug,72
42,retired,single,tertiary,no,308,no,no,cellular,30,jan,114
35,management,divorced,tertiary,no,160,yes,no,unknown,4,jun,141
29,blue-collar,single,secondary,no,555,yes,no,cellular,15,may,133
29,technician,single,secondary,no,778,yes,no,unknown,6,jun,1994
35,services,married,secondary,no,128,yes,no,cellular,12,may,136
49,admin.,married,primary,no,169,yes,no,cellular,15,may,82
51,services,divorced,secondary,no,12,yes,no,cellular,17,nov,150
61,housemaid,married,primary,no,848,no,no,cellular,27,apr,605
43,management,married,secondary,no,481,yes,no,telephone,18,nov,164
42,services,married,tertiary,no,12223,yes,no,cellular,19,nov,36
24,blue-collar,married,secondary,no,-254,yes,yes,unknown,27,may,290
34,services,married,secondary,no,-315,yes,no,unknown,8,may,56
43,management,divorced,tertiary,no,497,no,no,cellular,13,may,66
26,services,single,secondary,no,50,yes,no,cellular,12,aug,153
51,blue-collar,married,unknown,no,1883,yes,no,unknown,5,may,57
38,technician,married,secondary,no,0,no,no,cellular,28,aug,82
31,admin.,single,secondary,no,68,yes,no,cellular,16,apr,570
31,services,married,secondary,no,440,yes,no,unknown,17,jun,117
28,services,single,secondary,no,2685,no,yes,unknown,24,aug,5
26,admin.,divorced,secondary,yes,-3,yes,no,unknown,13,may,181
49,management,married,tertiary,no,7007,no,no,cellular,17,nov,325
46,blue-collar,married,secondary,no,-1400,yes,no,telephone,6,may,309
80,retired,married,primary,no,1548,no,no,cellular,6,aug,331
40,blue-collar,married,secondary,no,326,yes,yes,cellular,7,jul,112
42,technician,divorced,secondary,no,0,yes,no,unknown,30,may,115
26,admin.,single,secondary,no,802,no,no,cellular,30,jan,77
40,student,married,secondary,no,260,no,no,cellular,19,nov,52
37,services,single,tertiary,no,223,yes,no,unknown,28,may,25
41,blue-collar,married,primary,no,293,yes,yes,cellular,7,may,102
37,technician,married,secondary,no,2707,yes,no,telephone,16,jul,109
39,management,married,tertiary,no,894,yes,no,cellular,20,apr,491
31,technician,divorced,secondary,no,202,yes,no,cellular,18,jul,146
34,management,single,tertiary,no,0,no,no,cellular,21,aug,191
44,technician,married,tertiary,no,1707,no,no,cellular,8,aug,406
35,technician,married,secondary,no,13658,yes,no,telephone,9,dec,220
39,admin.,married,secondary,no,406,no,no,cellular,30,jul,253
25,student,single,tertiary,no,1433,yes,no,cellular,15,may,520
28,blue-collar,married,secondary,no,225,yes,yes,unknown,7,may,866
56,blue-collar,married,primary,no,828,yes,no,cellular,14,may,214
37,blue-collar,married,primary,no,655,yes,no,cellular,5,feb,127
32,admin.,single,secondary,no,10218,yes,no,cellular,19,nov,149
29,admin.,single,tertiary,no,14,no,no,cellular,29,sep,87
32,services,married,secondary,no,132,yes,yes,unknown,19,may,343
24,blue-collar,married,secondary,no,9,yes,no,unknown,27,may,292
43,management,single,secondary,no,1029,yes,no,unknown,2,jun,145
38,management,married,tertiary,no,1198,yes,no,cellular,2,feb,63
39,admin.,married,secondary,no,260,yes,no,cellular,17,apr,146
51,admin.,married,secondary,no,423,yes,yes,cellular,16,oct,95
46,admin.,married,secondary,no,466,yes,no,cellular,29,jan,169
30,blue-collar,married,secondary,no,125,yes,no,unknown,29,may,238
32,technician,single,tertiary,no,930,no,no,cellular,27,aug,85
27,management,single,tertiary,no,0,yes,no,cellular,30,jan,323
58,blue-collar,married,primary,no,73,no,no,unknown,17,jun,116
58,blue-collar,married,primary,no,0,yes,no,unknown,29,may,535
33,management,single,tertiary,no,349,no,no,cellular,22,aug,182
39,services,married,primary,no,1601,yes,no,unknown,23,may,201
28,blue-collar,married,secondary,no,131,yes,no,unknown,12,may,147
48,blue-collar,married,unknown,no,439,yes,no,cellular,2,feb,212
33,blue-collar,married,secondary,no,625,yes,no,unknown,28,may,410
28,admin.,married,secondary,no,934,yes,no,unknown,4,jul,53
34,technician,married,secondary,no,1553,no,no,cellular,20,aug,200
33,blue-collar,divorced,secondary,no,-131,yes,no,unknown,16,may,145
36,admin.,single,secondary,no,47,no,yes,cellular,9,jul,36
34,technician,married,tertiary,no,544,yes,yes,cellular,18,nov,58
36,blue-collar,married,secondary,no,688,yes,no,unknown,6,may,174
27,student,single,tertiary,no,118,no,no,cellular,25,may,112
39,services,married,secondary,no,0,yes,no,cellular,8,may,503
40,self-employed,married,tertiary,no,1603,no,no,unknown,17,jun,279
46,blue-collar,married,primary,no,147,yes,no,cellular,6,may,116
52,technician,married,secondary,no,11,yes,no,unknown,13,may,420
32,blue-collar,married,secondary,no,736,yes,no,unknown,23,may,700
37,admin.,married,secondary,no,1123,no,yes,unknown,28,may,138
51,services,married,secondary,no,0,no,yes,unknown,26,jun,565
33,admin.,single,secondary,no,894,no,no,cellular,5,feb,509
35,management,married,tertiary,no,552,yes,yes,cellular,19,nov,314
30,services,single,primary,no,79,yes,no,cellular,15,may,317
31,services,married,tertiary,no,309,yes,yes,unknown,7,may,294
47,services,single,secondary,no,33,yes,no,cellular,5,may,298
59,blue-collar,married,secondary,no,681,yes,no,telephone,14,apr,427
32,blue-collar,married,secondary,no,1787,yes,no,cellular,12,may,87
41,blue-collar,married,primary,no,4,no,no,cellular,23,jul,74
35,blue-collar,married,primary,no,3587,yes,no,unknown,30,may,148
45,technician,married,secondary,no,49,no,no,cellular,29,jul,65
46,blue-collar,divorced,primary,no,1712,no,no,unknown,19,jun,110
46,blue-collar,married,secondary,no,4855,yes,no,cellular,10,aug,1529
30,services,single,secondary,no,334,no,no,cellular,29,jan,389
35,management,single,tertiary,no,252,yes,no,cellular,8,aug,89
26,entrepreneur,married,tertiary,no,37,yes,yes,cellular,6,may,207
60,admin.,married,secondary,no,3043,no,no,cellular,19,aug,235
48,technician,single,tertiary,no,-551,yes,no,cellular,11,may,168
59,technician,divorced,secondary,no,879,yes,no,unknown,26,may,228
38,entrepreneur,married,tertiary,no,1514,no,yes,cellular,21,nov,160
34,management,single,tertiary,no,178,yes,no,cellular,15,may,14
56,technician,married,secondary,no,359,yes,no,unknown,6,jun,220
44,blue-collar,divorced,secondary,no,221,no,no,cellular,30,jul,149
34,blue-collar,married,secondary,no,470,yes,yes,cellular,20,apr,217
53,retired,married,secondary,no,1278,yes,no,telephone,15,jul,174
45,technician,divorced,secondary,no,976,yes,no,cellular,17,apr,183
52,admin.,married,secondary,no,199,no,no,cellular,28,jan,978
20,student,single,secondary,no,502,no,no,cellular,30,apr,261
68,retired,divorced,secondary,no,4189,no,no,telephone,14,jul,897
30,unemployed,single,tertiary,no,302,no,no,cellular,11,feb,528
40,management,married,tertiary,no,-17,yes,yes,cellular,11,may,474
78,retired,divorced,primary,no,229,no,no,telephone,22,oct,97
32,blue-collar,married,secondary,no,2089,yes,no,cellular,14,nov,132
50,self-employed,divorced,tertiary,no,13,yes,no,cellular,20,apr,76
61,admin.,married,unknown,no,4629,yes,no,cellular,27,jan,181
45,blue-collar,divorced,primary,no,844,no,no,unknown,5,jun,1018
34,technician,married,tertiary,no,1539,yes,no,cellular,15,jun,441
37,management,married,tertiary,no,0,no,no,cellular,16,jul,268
80,housemaid,married,primary,no,0,no,no,cellular,23,feb,639
52,services,married,secondary,no,657,no,no,telephone,7,jul,398
37,management,married,tertiary,no,1315,no,no,cellular,30,jun,224
38,technician,single,secondary,no,-242,yes,no,cellular,18,may,1173
32,management,divorced,tertiary,no,883,yes,no,cellular,10,dec,798
56,unemployed,married,primary,no,3391,no,no,cellular,21,apr,243
47,admin.,married,secondary,no,3676,no,no,cellular,18,oct,567
25,student,single,secondary,no,331,no,no,telephone,26,aug,170
25,technician,single,secondary,no,505,no,yes,cellular,17,nov,386
32,management,single,tertiary,no,2,yes,no,cellular,11,sep,100
77,retired,divorced,tertiary,no,4659,no,no,cellular,14,apr,161
50,blue-collar,married,unknown,no,2284,yes,no,telephone,31,jul,1088
55,admin.,married,secondary,no,602,no,no,cellular,1,jun,324
36,management,married,tertiary,no,495,no,no,cellular,12,mar,213
52,blue-collar,married,secondary,no,2087,yes,no,cellular,31,aug,267
59,technician,married,secondary,no,2308,no,no,cellular,30,apr,815
30,technician,single,secondary,no,-522,yes,yes,cellular,5,may,670
33,admin.,married,secondary,no,0,yes,no,telephone,17,jul,1448
49,admin.,married,secondary,no,3608,yes,no,unknown,13,nov,231
29,blue-collar,single,secondary,no,482,no,yes,cellular,10,jul,1097
24,blue-collar,single,secondary,no,174,yes,yes,cellular,18,may,487
39,self-employed,married,tertiary,no,1047,no,no,unknown,6,jun,554
50,blue-collar,married,primary,no,4108,yes,no,cellular,7,aug,526
49,entrepreneur,divorced,unknown,yes,-701,yes,no,cellular,30,jul,988
45,management,single,tertiary,no,2048,yes,no,cellular,18,oct,310
38,entrepreneur,married,secondary,no,593,yes,yes,cellular,24,jul,1484
32,blue-collar,married,secondary,no,759,yes,no,cellular,9,apr,317
36,technician,single,tertiary,no,197,no,no,cellular,30,apr,260
39,admin.,married,secondary,no,607,yes,no,cellular,12,may,454
50,technician,divorced,secondary,no,-54,yes,yes,cellular,13,may,698
38,management,married,tertiary,no,1199,no,no,cellular,4,aug,178
35,entrepreneur,single,tertiary,no,145,yes,no,cellular,18,jul,799
35,unemployed,married,secondary,no,978,no,no,cellular,29,dec,1370
32,services,married,primary,no,228,yes,no,cellular,21,jul,1017
46,blue-collar,married,unknown,no,9328,yes,no,cellular,5,may,725
38,housemaid,divorced,secondary,no,70,no,no,cellular,27,oct,255
48,admin.,divorced,secondary,no,4099,no,no,cellular,2,apr,397
60,technician,single,primary,no,11262,no,no,cellular,26,aug,323
39,services,divorced,secondary,no,687,yes,no,cellular,9,jul,869
32,blue-collar,married,secondary,yes,-53,yes,no,cellular,16,apr,648
28,blue-collar,single,secondary,no,517,no,yes,cellular,8,jul,681
66,retired,married,tertiary,no,1948,no,no,cellular,28,jan,216
79,retired,married,primary,no,8556,no,no,telephone,18,jan,326
67,retired,married,tertiary,no,701,no,no,cellular,6,aug,254
30,management,married,tertiary,no,1221,yes,no,telephone,25,jul,279
41,management,married,primary,no,5310,yes,no,cellular,17,nov,984
30,technician,married,tertiary,no,569,no,no,cellular,27,aug,976
32,blue-collar,married,secondary,no,889,yes,no,cellular,10,sep,185
61,admin.,married,secondary,no,4608,no,no,cellular,12,mar,212
77,retired,married,tertiary,no,7802,no,no,telephone,4,may,421
53,admin.,married,secondary,no,1796,no,no,telephone,16,mar,295
46,admin.,married,secondary,no,22,no,no,cellular,26,aug,388
44,technician,single,secondary,no,244,yes,no,cellular,12,aug,1735
19,student,single,primary,no,103,no,no,cellular,10,jul,104
36,blue-collar,divorced,primary,no,-308,yes,no,cellular,12,may,725
52,technician,married,secondary,no,195,yes,no,cellular,18,feb,220
36,blue-collar,married,primary,no,1925,yes,no,cellular,20,apr,904
47,admin.,single,secondary,no,3696,no,no,cellular,12,jul,250
55,retired,divorced,secondary,no,1580,no,yes,unknown,19,jun,1007
41,blue-collar,married,secondary,yes,720,no,yes,cellular,24,jul,651
28,technician,single,secondary,no,227,no,no,cellular,30,apr,278
32,services,single,secondary,no,2881,no,no,cellular,2,jul,356
41,self-employed,married,tertiary,no,231,no,no,cellular,7,aug,352
73,retired,married,unknown,no,519,no,no,telephone,16,oct,434
30,management,single,tertiary,no,2,yes,yes,cellular,25,jul,1031
58,self-employed,divorced,tertiary,no,1382,no,no,unknown,9,jun,700
27,management,single,tertiary,no,703,yes,no,unknown,5,jun,590
39,management,married,tertiary,no,2763,yes,no,unknown,2,jun,526
46,self-employed,married,secondary,no,548,no,no,cellular,12,aug,1181
28,management,single,tertiary,no,0,yes,no,cellular,16,jul,767
38,technician,single,tertiary,no,25,yes,no,cellular,1,jun,232
28,services,single,secondary,no,168,no,no,cellular,1,jun,347
32,management,divorced,tertiary,no,874,no,no,cellular,12,aug,1282
59,retired,married,unknown,no,1033,no,no,unknown,11,jun,1199
35,self-employed,divorced,tertiary,no,1354,yes,no,unknown,23,may,736
50,management,married,tertiary,no,3463,no,yes,cellular,28,oct,96
36,technician,married,secondary,no,480,no,no,cellular,20,oct,213
30,admin.,single,tertiary,no,305,no,no,cellular,30,apr,633
55,retired,married,primary,no,3334,no,no,cellular,14,aug,632
48,management,married,tertiary,no,1167,yes,yes,cellular,1,jun,264
29,blue-collar,single,secondary,no,908,yes,no,unknown,20,jun,1663
34,management,married,tertiary,no,703,yes,no,cellular,14,apr,342
47,management,single,tertiary,no,4402,no,no,telephone,10,dec,805
47,blue-collar,married,secondary,no,1996,no,no,unknown,5,jun,761
32,admin.,single,secondary,no,678,yes,no,cellular,4,feb,1579
55,housemaid,divorced,primary,no,976,no,no,cellular,28,jun,345
46,management,divorced,tertiary,no,624,no,no,cellular,17,sep,336
41,admin.,single,secondary,no,1020,yes,no,unknown,19,may,882
72,retired,married,primary,no,763,no,no,cellular,24,apr,384
26,admin.,single,secondary,no,255,no,no,cellular,30,apr,457
35,management,married,tertiary,no,8,no,no,cellular,23,apr,93
27,student,single,tertiary,no,5291,no,no,cellular,12,nov,192
53,management,married,tertiary,no,15,no,no,cellular,20,aug,921
34,blue-collar,divorced,unknown,no,172,no,no,cellular,15,jun,177
33,technician,single,secondary,no,2085,no,no,cellular,9,feb,501
32,blue-collar,single,secondary,no,811,yes,no,cellular,14,may,563
47,blue-collar,divorced,primary,no,126,yes,no,unknown,3,jun,2456
33,management,single,tertiary,no,3143,no,no,cellular,29,jun,421
58,self-employed,married,primary,no,1013,yes,no,cellular,11,aug,206
34,blue-collar,single,secondary,no,215,no,no,cellular,3,mar,350
48,management,married,tertiary,no,1808,yes,no,cellular,26,feb,245
59,self-employed,married,tertiary,no,2013,no,no,cellular,19,feb,222
37,admin.,married,tertiary,no,3913,yes,no,cellular,27,apr,124
36,management,single,tertiary,no,2944,no,no,cellular,18,aug,882
49,blue-collar,married,secondary,no,-454,yes,no,cellular,14,may,558
27,management,married,tertiary,no,802,no,no,cellular,22,sep,569
42,technician,married,secondary,no,994,yes,no,cellular,11,aug,149
45,admin.,married,secondary,no,5346,yes,yes,unknown,21,oct,187
56,retired,married,secondary,no,1044,no,no,telephone,3,jul,353
55,blue-collar,divorced,secondary,no,1613,yes,no,cellular,3,apr,296
34,services,married,secondary,no,1337,no,no,cellular,17,dec,330
31,management,married,tertiary,no,1331,no,no,cellular,30,apr,297
48,management,married,tertiary,no,1147,no,no,cellular,5,aug,389
36,blue-collar,married,secondary,no,1049,yes,no,cellular,14,may,224
54,unknown,married,secondary,no,2206,no,no,cellular,12,nov,104
25,student,single,secondary,no,8,no,no,cellular,22,apr,107
33,blue-collar,married,secondary,no,661,yes,no,cellular,18,jul,968
28,student,single,secondary,no,153,no,no,cellular,23,jul,1124
38,management,single,tertiary,no,623,no,no,cellular,28,jun,297
46,admin.,married,secondary,no,556,yes,yes,unknown,15,may,646
57,retired,married,tertiary,no,0,yes,yes,unknown,28,may,648
60,management,divorced,tertiary,no,366,no,no,cellular,3,jun,593
44,admin.,married,secondary,no,205,no,no,cellular,3,nov,289
32,technician,single,tertiary,no,5514,no,no,cellular,22,apr,319
33,management,married,tertiary,no,273,yes,no,unknown,16,may,803
28,self-employed,single,tertiary,no,4579,no,no,cellular,12,jan,409
37,management,married,tertiary,no,5106,no,no,cellular,30,apr,244
31,technician,married,tertiary,no,636,yes,no,cellular,4,may,352
31,services,divorced,primary,no,459,yes,no,cellular,7,may,623
54,retired,divorced,tertiary,no,0,no,no,unknown,13,may,618
61,management,married,tertiary,no,6016,no,no,cellular,2,feb,670
49,technician,married,tertiary,no,3726,no,no,cellular,5,aug,875
75,retired,divorced,secondary,no,1341,no,no,cellular,18,dec,415
57,retired,married,secondary,no,1044,no,no,telephone,11,jan,585
54,unknown,married,unknown,no,895,no,no,cellular,7,oct,335
24,technician,married,secondary,no,556,yes,no,cellular,18,aug,460
41,management,divorced,tertiary,no,5037,no,no,cellular,23,apr,252
46,admin.,divorced,secondary,no,2232,no,no,cellular,13,feb,121
34,admin.,single,tertiary,no,18,yes,yes,cellular,30,apr,359
37,blue-collar,divorced,secondary,no,0,yes,no,cellular,21,apr,146
62,self-employed,divorced,tertiary,no,6,yes,no,cellular,13,oct,216
42,management,married,unknown,no,1519,no,no,cellular,19,oct,230
59,retired,married,primary,no,0,no,no,cellular,5,jun,493
49,management,married,secondary,no,1623,yes,no,cellular,19,nov,1081
73,retired,married,primary,no,279,no,no,cellular,28,jan,399
32,management,single,tertiary,no,311,no,no,unknown,12,may,757
27,admin.,married,secondary,no,710,yes,yes,cellular,6,may,653
47,technician,married,secondary,no,1233,yes,no,unknown,11,sep,91
29,blue-collar,single,secondary,no,-20,no,yes,cellular,21,jul,574
54,technician,married,tertiary,no,876,no,no,cellular,27,oct,269
46,admin.,married,secondary,no,368,no,no,cellular,20,aug,293
38,technician,married,tertiary,no,3234,no,no,cellular,18,nov,578
35,blue-collar,single,secondary,no,0,yes,no,cellular,16,apr,1174
38,services,single,secondary,no,2253,yes,no,cellular,13,may,937
71,retired,married,secondary,no,2850,no,no,cellular,17,feb,185
59,retired,single,secondary,no,351,yes,no,unknown,27,may,1063
32,services,married,secondary,no,38,yes,no,cellular,15,may,744
44,technician,single,secondary,no,1679,no,no,telephone,20,oct,718
56,housemaid,divorced,primary,yes,1238,no,no,unknown,5,jun,1558
32,technician,single,tertiary,no,4665,yes,no,unknown,21,may,860
31,management,married,tertiary,no,1224,yes,yes,cellular,24,jul,1441
45,services,single,primary,no,1893,yes,no,unknown,3,jun,1259
35,blue-collar,divorced,primary,no,1792,yes,no,cellular,31,jul,630
60,admin.,married,secondary,no,3735,no,no,cellular,22,dec,190
53,services,divorced,secondary,no,0,no,no,cellular,12,mar,80
59,technician,married,secondary,no,259,no,no,cellular,15,jun,415
43,technician,married,secondary,no,136,no,no,cellular,25,aug,363
46,technician,married,secondary,no,57,no,no,unknown,28,may,796
47,admin.,divorced,secondary,no,225,no,no,cellular,28,aug,1126
31,technician,single,secondary,no,2544,no,no,cellular,15,jul,252
33,technician,married,secondary,no,133,no,no,cellular,4,may,218
25,management,single,tertiary,no,808,no,no,cellular,18,sep,267
28,student,single,tertiary,no,1562,no,no,cellular,15,feb,659
32,blue-collar,married,primary,no,415,yes,no,unknown,2,jun,777
49,management,single,tertiary,no,151,yes,no,cellular,8,jul,97
33,admin.,married,secondary,no,95,yes,no,cellular,30,apr,335
39,self-employed,single,tertiary,no,426,no,no,unknown,18,jun,1029
53,blue-collar,married,primary,no,306,no,no,cellular,28,jul,388
52,blue-collar,divorced,primary,no,-191,yes,no,unknown,15,may,755
47,services,single,unknown,no,1784,no,no,cellular,19,oct,385
32,technician,single,secondary,no,0,no,no,cellular,18,aug,594
34,technician,single,secondary,no,16,no,no,cellular,13,aug,990
34,technician,divorced,tertiary,no,674,yes,no,cellular,7,aug,587
31,management,single,tertiary,no,3283,no,no,cellular,2,feb,258
35,management,single,tertiary,no,5958,yes,no,cellular,22,mar,215
53,entrepreneur,married,primary,no,27,yes,no,telephone,10,sep,230
32,blue-collar,single,secondary,no,118,yes,no,cellular,17,jul,1275
55,management,married,tertiary,no,-375,no,no,cellular,30,jul,814
48,management,married,secondary,no,4415,yes,no,cellular,8,apr,1032
34,technician,married,tertiary,no,197,no,no,cellular,20,aug,78
53,admin.,single,secondary,no,2398,yes,no,cellular,2,aug,317
40,admin.,single,secondary,no,100,yes,no,cellular,11,aug,221
49,housemaid,married,primary,no,889,no,no,telephone,7,jul,388
49,admin.,married,secondary,no,197,yes,no,cellular,13,apr,223
29,management,single,tertiary,no,1445,no,no,cellular,26,apr,328
36,technician,single,secondary,yes,12,no,no,cellular,12,aug,587
35,technician,married,secondary,no,0,yes,no,cellular,9,nov,524
57,blue-collar,married,secondary,no,2887,no,no,cellular,21,aug,819
52,management,single,tertiary,no,83,no,no,cellular,26,aug,1223
31,management,married,tertiary,no,156,no,no,cellular,13,aug,657
33,admin.,married,tertiary,no,79,yes,no,cellular,22,oct,249
54,management,married,tertiary,no,8295,no,no,cellular,5,jun,207
51,self-employed,married,secondary,no,95,yes,no,cellular,23,jul,1309
40,management,married,tertiary,no,0,no,no,cellular,10,nov,147
32,services,single,secondary,no,133,no,no,cellular,15,apr,171
34,admin.,married,secondary,no,247,no,no,cellular,8,oct,401
26,blue-collar,single,primary,no,-887,yes,no,cellular,18,may,827
39,technician,divorced,secondary,no,902,yes,no,cellular,10,feb,691
42,management,married,tertiary,no,1205,no,no,telephone,8,sep,376
40,management,single,tertiary,no,1361,no,no,cellular,29,jan,1473
28,student,single,tertiary,no,0,no,no,cellular,28,sep,294
43,technician,married,secondary,no,3285,yes,no,unknown,13,may,1721
48,housemaid,married,primary,no,7195,no,no,cellular,21,nov,609
50,unknown,married,primary,no,341,yes,yes,cellular,20,apr,670
28,self-employed,single,tertiary,no,442,no,no,cellular,19,jun,474
53,unemployed,married,primary,no,980,yes,no,cellular,3,dec,352
71,retired,married,primary,no,4657,no,no,cellular,16,feb,93
59,retired,married,secondary,no,0,no,no,unknown,5,jun,812
27,technician,single,secondary,no,489,yes,no,cellular,30,jul,356
27,student,single,secondary,no,213,no,no,cellular,27,mar,378
44,self-employed,single,tertiary,no,2734,yes,no,cellular,12,may,897
41,admin.,divorced,secondary,no,6046,yes,yes,telephone,15,mar,300
28,blue-collar,married,secondary,no,2788,yes,no,unknown,6,jun,369
44,technician,single,secondary,no,7138,no,no,cellular,8,aug,809
36,blue-collar,married,primary,no,1177,no,no,cellular,15,apr,330
44,management,married,primary,no,4758,yes,no,cellular,22,jul,712
74,retired,divorced,secondary,no,4079,no,no,cellular,19,oct,343
40,management,single,tertiary,no,0,yes,no,cellular,23,feb,228
34,technician,single,tertiary,no,925,yes,no,cellular,13,apr,709
59,management,married,primary,no,1727,no,no,telephone,25,may,500
51,retired,divorced,secondary,no,1679,no,no,cellular,12,aug,417
30,management,married,tertiary,no,1942,yes,yes,cellular,21,nov,436
33,self-employed,single,tertiary,no,61,no,no,cellular,19,aug,836
31,admin.,single,secondary,no,747,yes,no,unknown,26,may,543
48,technician,married,secondary,no,568,yes,no,cellular,2,sep,378
42,management,married,tertiary,no,2187,yes,no,cellular,17,nov,525
33,blue-collar,single,secondary,no,697,no,no,cellular,6,feb,860
28,admin.,single,secondary,no,4745,no,no,telephone,12,may,360
52,management,married,secondary,no,335,no,no,cellular,21,oct,411
33,management,married,tertiary,no,1412,yes,no,unknown,19,aug,480
62,retired,divorced,tertiary,no,0,no,no,cellular,13,nov,227
30,blue-collar,single,secondary,no,2145,yes,no,cellular,18,may,727
41,admin.,married,primary,no,-306,yes,no,unknown,15,may,500
61,self-employed,divorced,tertiary,no,6610,no,no,cellular,24,feb,481
47,housemaid,single,tertiary,no,3727,no,no,unknown,12,jun,993
49,technician,married,tertiary,no,523,yes,no,cellular,3,mar,152
62,management,married,tertiary,no,1859,no,no,telephone,6,aug,245
33,services,married,secondary,no,386,no,no,cellular,12,nov,253
40,services,married,secondary,no,1836,yes,no,cellular,12,may,750
28,blue-collar,single,secondary,no,-46,yes,no,cellular,1,sep,199
43,entrepreneur,married,secondary,no,104,yes,no,cellular,18,jul,635
23,entrepreneur,single,primary,no,4,yes,no,unknown,13,may,395
29,management,married,tertiary,no,199,yes,yes,unknown,7,may,1689
26,student,single,tertiary,no,294,no,no,cellular,5,mar,87
24,student,single,secondary,no,822,no,no,cellular,27,oct,184
48,blue-collar,married,secondary,no,480,yes,no,cellular,15,may,830
33,blue-collar,married,secondary,no,139,yes,yes,cellular,18,may,732
24,services,married,secondary,no,4500,yes,no,cellular,11,may,733
37,management,married,tertiary,no,238,no,no,cellular,3,feb,185
58,services,divorced,secondary,no,462,no,no,cellular,13,nov,495
35,admin.,single,secondary,no,0,yes,no,cellular,13,may,1073
32,blue-collar,married,secondary,no,1905,yes,no,cellular,16,jul,709
27,services,single,secondary,no,54,yes,no,unknown,28,may,543
69,retired,single,tertiary,no,2144,no,no,cellular,29,jul,417
37,technician,single,secondary,no,-242,yes,no,cellular,13,aug,1149
43,services,single,secondary,no,3403,yes,no,cellular,12,nov,707
26,unemployed,single,secondary,no,622,no,no,cellular,28,jan,1451
35,services,married,secondary,no,152,yes,no,unknown,2,jun,563
41,blue-collar,single,secondary,yes,-386,no,yes,cellular,20,nov,477
44,management,single,tertiary,no,5063,no,no,cellular,27,oct,418
32,services,single,secondary,no,152,yes,no,cellular,25,may,158
73,retired,married,primary,no,796,no,no,cellular,23,oct,427
51,technician,married,secondary,no,117,no,no,cellular,24,aug,467
60,self-employed,married,primary,no,362,no,yes,cellular,29,jul,816
74,retired,married,secondary,no,921,no,no,telephone,17,apr,394
23,technician,single,tertiary,no,1129,yes,no,unknown,28,may,806
22,student,single,secondary,no,2488,no,no,cellular,8,nov,449
53,unknown,married,primary,no,732,no,no,cellular,27,oct,759
27,admin.,married,secondary,no,897,no,no,cellular,5,jun,397
50,unknown,married,unknown,no,558,no,no,cellular,9,jul,464
37,management,married,tertiary,no,5355,no,no,telephone,17,feb,466
53,housemaid,married,primary,no,104,no,yes,unknown,5,jun,701
44,technician,divorced,secondary,no,14,no,no,cellular,13,nov,167
31,management,married,tertiary,no,4148,yes,no,cellular,21,nov,316
33,management,married,tertiary,no,1064,yes,no,cellular,13,may,562
60,services,married,tertiary,no,4256,yes,no,cellular,16,aug,239
61,retired,married,secondary,no,2917,no,no,cellular,6,oct,215
52,technician,married,tertiary,no,2557,no,no,cellular,28,jan,134
49,services,married,secondary,no,823,no,no,cellular,8,aug,780
50,management,single,tertiary,no,1200,no,no,cellular,14,aug,904
59,retired,divorced,secondary,no,1026,no,no,unknown,5,nov,669
45,blue-collar,single,secondary,no,0,yes,no,cellular,26,apr,1472
36,management,married,tertiary,no,1133,yes,no,cellular,4,aug,293
42,technician,married,secondary,no,4945,yes,no,cellular,2,mar,311
27,student,single,tertiary,no,3733,yes,no,cellular,22,may,198
34,management,married,tertiary,no,606,no,no,cellular,20,apr,97
29,management,single,tertiary,no,437,no,no,cellular,5,aug,504
45,admin.,divorced,secondary,no,0,no,no,cellular,29,oct,264
36,entrepreneur,married,tertiary,no,3057,no,no,unknown,16,jun,2769
25,management,single,tertiary,no,2506,no,no,cellular,17,feb,485
30,technician,married,secondary,no,-393,yes,yes,cellular,16,jul,435
38,unknown,single,tertiary,no,0,no,no,cellular,11,sep,260
32,technician,single,secondary,no,230,yes,no,cellular,18,may,442
53,blue-collar,married,secondary,no,25,no,no,cellular,22,aug,528
32,admin.,single,secondary,no,620,yes,no,unknown,26,may,1234
40,blue-collar,married,secondary,no,-839,yes,yes,cellular,16,jul,1018
61,management,married,secondary,no,985,no,no,cellular,18,aug,998
35,management,divorced,tertiary,no,0,yes,no,telephone,29,oct,171
29,management,single,tertiary,no,572,no,no,cellular,16,dec,314
46,technician,divorced,secondary,no,-90,no,yes,telephone,17,oct,270
38,entrepreneur,married,tertiary,no,170,yes,no,cellular,18,may,442
37,technician,single,secondary,no,3665,no,no,cellular,12,aug,664
39,management,married,tertiary,no,763,yes,no,cellular,11,may,877
49,services,married,secondary,no,320,no,no,telephone,9,feb,1971
43,blue-collar,married,secondary,no,699,yes,yes,cellular,20,nov,1258
25,student,married,tertiary,no,10,yes,no,cellular,21,jul,857
38,technician,married,secondary,no,6728,no,no,cellular,25,nov,232
32,technician,single,tertiary,no,1625,no,no,cellular,22,may,796
51,housemaid,divorced,secondary,no,9228,no,no,cellular,18,jul,655
45,admin.,divorced,secondary,no,59,yes,no,cellular,24,jul,873
35,technician,single,tertiary,no,470,yes,no,cellular,25,jul,743
32,management,single,tertiary,no,0,no,no,cellular,5,feb,550
34,housemaid,married,secondary,no,0,yes,no,unknown,30,oct,154
56,retired,divorced,primary,no,694,no,no,cellular,29,jan,144
34,management,married,tertiary,no,3050,yes,no,cellular,13,may,469
47,management,married,tertiary,no,0,no,no,cellular,27,oct,508
61,technician,married,secondary,no,1191,no,no,cellular,21,may,214
84,retired,divorced,primary,no,639,no,no,telephone,18,may,353
36,management,single,secondary,no,1511,yes,no,cellular,16,nov,270
31,blue-collar,married,secondary,no,92,yes,no,unknown,16,may,688
71,retired,married,tertiary,no,14220,yes,no,cellular,9,sep,397
31,management,single,tertiary,no,12569,no,no,cellular,9,sep,344
43,management,single,tertiary,no,1696,yes,no,cellular,26,aug,257
